ID_Column,Date,usd_idx,gold,silver,interest,vix,au_returns,ag_returns,au_vol,ag_vol,au_mean,ag_mean
0,2010-03-03,79.9800033569336,1142.699951171875,17.30900001525879,3.625,18.829999923706055,0.005088558812882546,0.015428325982542965,0.01454598124843938,0.024607414386918318,0.0016277212453685555,0.001839820251424261
1,2010-03-04,80.55999755859375,1132.5999755859375,17.1560001373291,3.6059999465942383,18.719999313354492,-0.008877987298245592,-0.008878623666452798,0.014523091700857109,0.024704694142606762,0.0006433939642808489,0.0011802801490433572
2,2010-03-05,80.43000030517578,1134.800048828125,17.36199951171875,3.681999921798706,17.420000076293945,0.0019406138387151374,0.011935907186694364,0.01445890974812581,0.024007617757661553,0.0009921887214231727,0.002976452283681709
3,2010-03-08,80.43000030517578,1123.5999755859375,17.25200080871582,3.7079999446868896,17.790000915527344,-0.009918672460992171,-0.0063557561838186154,0.010290228806466599,0.019187711482131928,0.002667012942827942,0.005584226421302831
4,2010-03-09,80.58999633789062,1122.0,17.31800079345703,3.7009999752044678,17.920000076293945,-0.0014249874190179776,0.003818343180268662,0.009949013753796282,0.016869425780881252,0.0030585544376991076,0.007407925876141965
5,2010-03-10,80.44999694824219,1107.800048828125,16.993999481201172,3.7200000286102295,18.56999969482422,-0.012736696406978158,-0.018886158789509604,0.010257486950429719,0.017646971248062117,0.0018449664888878054,0.005696360843310929
6,2010-03-11,80.31999969482422,1108.0,17.13599967956543,3.7200000286102295,18.059999465942383,0.00018047763156562316,0.008321184952900062,0.010077899814276071,0.017205233811884695,0.0013645631350168892,0.004990620844679395
7,2010-03-12,79.83000183105469,1101.5,17.02400016784668,3.7100000381469727,17.579999923706055,-0.0058837010648312765,-0.006557371987247579,0.01019255187976945,0.017138296557247742,0.0011242033816915267,0.005078122915117135
8,2010-03-15,80.25,1105.0999755859375,17.08300018310547,3.7039999961853027,18.0,0.0032629192601636168,0.003459704664849859,0.00954638232315074,0.01684975709051839,0.00047201659511115715,0.004348850713758279
9,2010-03-16,79.75,1122.199951171875,17.33300018310547,3.6530001163482666,17.690000534057617,0.01535519430323725,0.01452838183965494,0.010007388022704157,0.01669000482792798,0.0014081964486249597,0.005479424284884626
10,2010-03-17,79.63999938964844,1124.0,17.50200080871582,3.6419999599456787,16.90999984741211,0.001602750647837658,0.009702996797536721,0.008118376087668164,0.014175319976358573,0.0001995341873624011,0.0038283419177352943
11,2010-03-18,80.22000122070312,1127.4000244140625,17.406999588012695,3.671999931335449,16.6200008392334,0.0030203668490292684,-0.005442805818027951,0.008141660511840627,0.014238616662353997,0.00033485529827886846,0.003722732684354365
12,2010-03-19,80.72000122070312,1107.4000244140625,17.017000198364258,3.687000036239624,16.969999313354492,-0.017899170867508113,-0.022659544456533696,0.009061866433278028,0.015320137680853423,-0.00045363939428032555,0.0027562467038767715
13,2010-03-22,80.6500015258789,1099.300048828125,16.920000076293945,3.6630001068115234,16.8700008392334,-0.00734128943287008,-0.005716497358952884,0.00914653032589531,0.014780994934893656,-0.0009435767624067766,0.0014486975442684624
14,2010-03-23,80.9000015258789,1103.5,17.011999130249023,3.680000066757202,16.350000381469727,0.003813288694503739,0.005422567578476812,0.009062382627090373,0.014488528074008649,-0.0003910785714832885,0.0022643130044054252
15,2010-03-24,81.83999633789062,1088.5999755859375,16.625999450683594,3.8289999961853027,17.549999237060547,-0.013594502123719505,-0.022951224196357544,0.009334840275333545,0.014665934979689035,-0.0006128204243354301,0.002162077336123324
16,2010-03-25,82.12000274658203,1092.699951171875,16.726999282836914,3.9010000228881836,18.399999618530273,0.003759208317871616,0.006056435385996703,0.00930708798352188,0.014689054630994737,-0.00016531599842854866,0.002294880496094494
17,2010-03-26,81.68000030517578,1104.199951171875,16.893999099731445,3.8550000190734863,17.770000457763672,0.010469393738636968,0.009934338560763898,0.009319321211334582,0.014670699467420868,-0.00015500304981348745,0.0022627733781271503
18,2010-03-29,81.36000061035156,1110.300048828125,17.37299919128418,3.864000082015991,17.59000015258789,0.005509246408055013,0.027958754345552134,0.00915533684217521,0.014991753449526538,-0.0003418774123485932,0.002455088069289175
19,2010-03-30,81.47000122070312,1104.5,17.31599998474121,3.868000030517578,17.1299991607666,-0.0052375491774631945,-0.0032863016630694714,0.009217558324560058,0.01499533869763199,-0.0005699889360842595,0.002446013323169975
20,2010-03-31,81.06999969482422,1113.300048828125,17.511999130249023,3.8329999446868896,17.59000015258789,0.007935877733399111,0.011255381856023348,0.00854709779844723,0.0131376376218339,-0.0009988885721775487,0.0012899065814900156
21,2010-04-01,80.77999877929688,1125.0999755859375,17.875999450683594,3.8589999675750732,17.469999313354492,0.010543277283994743,0.020572689787374452,0.008819879073934785,0.013458493707272624,-0.0007391400735531582,0.0015348762864819915
22,2010-04-05,81.08999633789062,1132.9000244140625,18.104000091552734,3.99399995803833,17.020000457763672,0.006908839551936326,0.012673913046344867,0.008764098045220178,0.01344644675122834,1.2613585979313998e-05,0.0025611875585199754
23,2010-04-06,81.38999938964844,1135.0999755859375,17.91699981689453,3.9679999351501465,16.229999542236328,0.001939992823498996,-0.01038294079016992,0.008764091215456828,0.01355006120401884,1.2584013826164408e-05,0.0014983852739073903
24,2010-04-07,81.44000244140625,1152.300048828125,18.184999465942383,3.86299991607666,16.6200008392334,0.015039256141456733,0.014847076472811421,0.009037961876623707,0.013724386264832092,0.0012010568044189694,0.0025080439718421542
25,2010-04-08,81.52999877929688,1152.199951171875,18.115999221801758,3.8959999084472656,16.479999542236328,-8.687147434402314e-05,-0.0038015663333613864,0.009023226928777396,0.013788591224908463,0.0012647766113082052,0.0021451911378597708
26,2010-04-09,81.08999633789062,1161.0999755859375,18.34000015258789,3.888000011444092,16.139999389648438,0.007694694686179822,0.012288992410708112,0.008525833993638042,0.013070584350296649,0.0022376999966966806,0.0036297221473939483
27,2010-04-12,80.55999755859375,1161.5999755859375,18.402999877929688,3.8459999561309814,15.579999923706055,0.0004305334466219135,0.0034292130216136527,0.008522991303826489,0.013026308563534334,0.002249607416461266,0.0033967711030469757
28,2010-04-13,80.51000213623047,1152.800048828125,18.238000869750977,3.811000108718872,16.200000762939453,-0.007604536011493,-0.009006310969465277,0.00861289741652883,0.013130423051576535,0.00216766289519166,0.0032801549610366096
29,2010-04-14,80.19000244140625,1159.0,18.40399932861328,3.8550000190734863,15.59000015258789,0.005363756298329145,0.009060618612325797,0.008638417960623783,0.013190996723870837,0.002267702754151923,0.0035468651490116543
30,2010-04-15,80.4800033569336,1159.699951171875,18.423999786376953,3.8480000495910645,15.890000343322754,0.0006037445188048611,0.0010861551108161491,0.008104225636852978,0.01295551007486698,0.0015652527644170477,0.002906759114305045
31,2010-04-16,80.81999969482422,1136.300048828125,17.66900062561035,3.7699999809265137,18.360000610351562,-0.020383895963437555,-0.04184242388181684,0.009413590011883787,0.016103858021088786,0.0005182695924515612,0.000452215272431066
32,2010-04-19,81.0,1135.199951171875,17.725000381469727,3.806999921798706,17.34000015258789,-0.000968609062082012,0.0031643668980124544,0.00940081417961374,0.016055780227137984,0.00032831835858911925,0.0008620806398615614
33,2010-04-20,81.05000305175781,1138.5999755859375,17.815000534057617,3.805000066757202,15.729999542236328,0.0029906122417675506,0.005064735096018285,0.008430813855559846,0.015138618385530968,0.0013230699352212937,0.0021822844280783224
34,2010-04-21,81.16000366210938,1148.199951171875,18.072999954223633,3.73799991607666,16.31999969482422,0.008396040132929772,0.014378280284868795,0.008320861516413971,0.015249062787642034,0.002072466581211763,0.00313917860159364
35,2010-04-22,81.56999969482422,1142.300048828125,18.006000518798828,3.7720000743865967,16.469999313354492,-0.00515163972238596,-0.0037140448218046284,0.008455958957119989,0.0153108719480443,0.0016455652280265391,0.0027041018206278573
36,2010-04-23,81.3499984741211,1153.0999755859375,18.18899917602539,3.816999912261963,16.6200008392334,0.009410130119176331,0.010111905958154891,0.007851410792727106,0.014200493061148328,0.0027410239062596745,0.004278536589890354
37,2010-04-26,81.4800033569336,1153.5,18.333999633789062,3.815000057220459,17.469999313354492,0.00034685200928378336,0.007940269108175399,0.0078645848706336,0.014218224981726967,0.0025785307487078725,0.004368242957613149
38,2010-04-27,82.1500015258789,1161.699951171875,18.115999221801758,3.690000057220459,22.809999465942383,0.007083608874006646,-0.011961756827606964,0.007728253460907406,0.014587692547301054,0.0024173028980111907,0.0033255717486431087
39,2010-04-28,82.37999725341797,1171.300048828125,18.10700035095215,3.7730000019073486,21.079999923706055,0.008229877275134146,-0.0004968595169300601,0.007805099195831397,0.013463421898673741,0.0025468567488244826,0.0019705425170963376
40,2010-04-29,82.0,1168.4000244140625,18.548999786376953,3.7279999256134033,18.440000534057617,-0.002478972354068754,0.024117244507222326,0.0076898994883553866,0.01423438943568278,0.0026782175499385037,0.003275473287110232
41,2010-04-30,81.87000274658203,1180.0999755859375,18.611000061035156,3.6630001068115234,22.049999237060547,0.009963847534692136,0.0033369393134937806,0.007771527055430102,0.014116826648828655,0.0027747875404762665,0.0028984045946088242
42,2010-05-03,82.2699966430664,1182.699951171875,18.812999725341797,3.7049999237060547,20.190000534057617,0.0022007590281972016,0.010795298588262644,0.007565046461715357,0.013658558149026346,0.0023775247663906695,0.002432814537508262
43,2010-05-04,83.30000305175781,1168.5999755859375,17.81800079345703,3.61299991607666,23.84000015258789,-0.011993488743151995,-0.054338878799952604,0.00810425068644441,0.018214589953147068,0.0014774138951959873,-0.0007582707885059032
44,2010-05-05,84.08000183105469,1174.5999755859375,17.51099967956543,3.549999952316284,24.90999984741211,0.005121213074799913,-0.017379990238938287,0.00814296925108156,0.01846177356236385,0.0016289005738293646,-0.0010914636193996349
45,2010-05-06,84.88999938964844,1196.9000244140625,17.493000030517578,3.3980000019073486,32.79999923706055,0.01880725797365313,-0.0010284339380308702,0.00848746488497137,0.018097937808044653,0.0018083292325053834,-0.0018474403056302202
46,2010-05-07,84.44999694824219,1210.0,18.429000854492188,3.428999900817871,40.95000076293945,0.010885458313715984,0.0521247545639257,0.008700030852618442,0.02157654470942694,0.0023308211271749076,0.0008157178323358314
47,2010-05-10,84.16000366210938,1200.4000244140625,18.530000686645508,3.5390000343322754,28.84000015258789,-0.007965504686302246,0.005465520136536659,0.008886438373624567,0.02144611052357288,0.0015850973475329045,0.00049079058118481
48,2010-05-11,84.47000122070312,1219.9000244140625,19.27199935913086,3.5350000858306885,28.31999969482422,0.016114053263374287,0.03926215470552022,0.009427142439214404,0.023056620131850798,0.002331931624521113,0.0021971211375613133
49,2010-05-12,84.83000183105469,1242.699951171875,19.639999389648438,3.566999912261963,25.520000457763672,0.018517484352124334,0.01891503979068507,0.009767716438733049,0.023182970748612773,0.0035758373561219385,0.0035267092689970437
50,2010-05-13,85.20999908447266,1228.800048828125,19.47599983215332,3.563999891281128,26.68000030517578,-0.01124826939014631,-0.008385342147030413,0.010275169710378276,0.023287101648710305,0.002784788513813583,0.0026959492328372248
51,2010-05-14,86.0999984741211,1227.4000244140625,19.20199966430664,3.441999912261963,31.239999771118164,-0.0011399922839632573,-0.014168506909101677,0.010300690296307397,0.0235759616251062,0.0027017534279674825,0.0019695367556982805
52,2010-05-17,86.20999908447266,1227.699951171875,18.834999084472656,3.4719998836517334,30.84000015258789,0.0002443295688869575,-0.019297630256990408,0.008873874866759328,0.02193754840914298,0.0036840498818876974,0.0030430983568804915
53,2010-05-18,87.16000366210938,1214.300048828125,18.854999542236328,3.375999927520752,33.54999923706055,-0.010974641144063931,0.001061313895981578,0.009389822785944673,0.021941766971481546,0.003207572163698082,0.002942952975831402
54,2010-05-19,86.38999938964844,1192.5999755859375,18.090999603271484,3.3589999675750732,35.31999969482422,-0.018032042052982835,-0.04136355132269788,0.01047235466947672,0.02396324287164804,0.0022064933877575877,0.0007320821939877748
55,2010-05-20,85.56999969482422,1187.800048828125,17.694000244140625,3.2639999389648438,45.790000915527344,-0.004032879527918756,-0.02218894225039013,0.010456259930314816,0.02424893858300239,0.001614640070574324,-0.001009214117215031
56,2010-05-21,85.37000274658203,1175.699951171875,17.631000518798828,3.200000047683716,40.099998474121094,-0.010239224347209393,-0.0035668671351269813,0.010677467971296288,0.02424813899701879,0.0013723741360589226,-0.0010022056559446668
57,2010-05-24,86.20999908447266,1193.800048828125,17.98200035095215,3.2269999980926514,38.31999969482422,0.015277864293391445,0.0197125313554393,0.010971062032754221,0.02455670234947682,0.0016517900491167848,-0.0005450330179787423
58,2010-05-25,86.77999877929688,1197.800048828125,17.76300048828125,3.1579999923706055,34.61000061035156,0.0033450439592239783,-0.012253607373020767,0.010972739478016885,0.024603154543045045,0.0017945610943520326,-0.0015066461837499885
59,2010-05-26,87.12000274658203,1213.300048828125,18.29199981689453,3.2179999351501465,35.02000045776367,0.012857378706691411,0.029346126079250696,0.011182228515991308,0.025364970081515725,0.0020695025149560686,0.0004603958594337099
60,2010-05-27,86.18000030517578,1211.9000244140625,18.457000732421875,3.3380000591278076,29.68000030517578,-0.0011545641821727596,0.008979946222090883,0.011111020156997569,0.025431303432844686,0.0016226243503224067,0.0009116723231966119
61,2010-05-28,86.4800033569336,1212.199951171875,18.410999298095703,3.3010001182556152,32.06999969482422,0.00024745411687931155,-0.0024954680568723916,0.01107657303668209,0.024874091304868243,0.0017524541822723145,-0.00035559970366504134
62,2010-06-01,86.63999938964844,1224.800048828125,18.540000915527344,3.2960000038146973,35.540000915527344,0.010340754973076925,0.006982335568014426,0.01109083984579076,0.02491383752966914,0.001770402155528733,-0.00018200940583072486
63,2010-06-02,86.79000091552734,1220.5999755859375,18.304000854492188,3.3340001106262207,30.170000076293945,-0.003435084100971177,-0.012810947638157847,0.011147945862314395,0.024926330308948908,0.001502028673187382,-0.0013061163689936054
64,2010-06-03,87.13999938964844,1208.300048828125,17.920000076293945,3.378999948501587,29.459999084472656,-0.010128067664845416,-0.021202250076485407,0.011041961748070815,0.022313150452730277,0.0015908582483448379,0.0002718183321238802
65,2010-06-04,88.2300033569336,1216.199951171875,17.290000915527344,3.194999933242798,35.47999954223633,0.006516750094044506,-0.03578905915779798,0.011068438577717995,0.023377549487872188,0.00165731239211839,-0.000604803997345629
66,2010-06-07,88.4000015258789,1239.300048828125,18.152999877929688,3.184000015258789,36.56999969482422,0.018815539932685865,0.04870747693730737,0.011069080328989336,0.025733173742199064,0.0016577067711199486,0.001763572711003811
67,2010-06-08,88.38999938964844,1244.0,18.468000411987305,3.1679999828338623,33.70000076293945,0.0037852508285350526,0.017203697369144833,0.01087994764528925,0.023332384084519046,0.0013196016527779995,0.00010066522553805543
68,2010-06-09,87.9000015258789,1228.5,18.18000030517578,3.187000036239624,33.72999954223633,-0.012538081337890961,-0.015717421417234145,0.011118209731350305,0.02354576996125756,0.001101859907464251,-0.000908046277022459
69,2010-06-10,87.16999816894531,1220.800048828125,18.341999053955078,3.319000005722046,30.56999969482422,-0.006287491434216247,0.008871355023003917,0.010671531492010887,0.021824385808321797,3.5119683769463874e-05,-0.00235522721428514
70,2010-06-11,87.51000213623047,1228.9000244140625,18.222000122070312,3.2160000801086426,28.790000915527344,0.0066130586301318735,-0.006563798567954254,0.009931150020675638,0.021284326649091502,-0.0005317577315635104,-0.0035685052313632025
71,2010-06-14,86.51000213623047,1223.300048828125,18.402000427246094,3.2750000953674316,28.579999923706055,-0.004567315189193386,0.009829715586813042,0.00967437706842465,0.021448732103696435,-0.00021361705532765705,-0.00270112152975161
72,2010-06-15,85.9800033569336,1233.199951171875,18.569000244140625,3.309999942779541,25.8700008392334,0.008060212449386287,0.00903415918866942,0.009837273151824585,0.021426084215144064,0.00022448793197470227,-0.0015962326679529863
73,2010-06-16,86.08000183105469,1229.300048828125,18.43199920654297,3.2820000648498535,25.920000076293945,-0.003167436023780156,-0.007405295300530671,0.009865062906819055,0.02108934894546439,6.202290375245877e-05,-0.0010299310033596656
74,2010-06-17,85.69000244140625,1247.5,18.767000198364258,3.190000057220459,25.049999237060547,0.014696607232111584,0.01801177741329834,0.010018410196146613,0.02149388786769278,0.0012844633026179596,-0.00022276607396362928
75,2010-06-18,85.69999694824219,1257.199951171875,19.174999237060547,3.2230000495910645,23.950000762939453,0.007745438458949523,0.021507288586102406,0.00906737515650493,0.019787811329422686,0.0025119623746147385,0.002771083445503051
76,2010-06-21,85.93000030517578,1239.699951171875,18.802000045776367,3.243000030517578,24.8799991607666,-0.014017611627572136,-0.01964405787406833,0.009669514803587147,0.019634506385539364,0.0020364989412979106,0.002892268415804089
77,2010-06-22,86.11000061035156,1239.9000244140625,18.895999908447266,3.1659998893737793,27.049999237060547,0.00016137541909309116,0.004987005018907681,0.009267313436054424,0.01958246675506502,0.0025317655968361244,0.003299595661234311
78,2010-06-23,85.73999786376953,1234.0999755859375,18.45400047302246,3.115000009536743,26.90999984741211,-0.004688811199894869,-0.023669079821040682,0.008911653794492597,0.020047154088713246,0.0015809715257272526,0.001233804652830502
79,2010-06-24,85.7300033569336,1245.5,18.731000900268555,3.122999906539917,29.739999771118164,0.009195116025985885,0.014898778587900539,0.00905976001053342,0.02000934997633658,0.0018595463860492478,0.0025267754128743738
80,2010-06-25,85.30999755859375,1255.800048828125,19.104999542236328,3.11299991607666,28.530000686645508,0.00823580285986029,0.019770103561670194,0.008832531535027792,0.019469424552943714,0.0016394713457239562,0.002070774340608635
81,2010-06-28,85.6500015258789,1238.199951171875,18.67300033569336,3.0320000648498535,29.0,-0.01411418591172865,-0.02287140872403492,0.009467432714991347,0.02013359846745444,0.00102234650145939,0.0005540431526978829
82,2010-06-29,86.02999877929688,1242.0,18.5939998626709,2.9670000076293945,34.130001068115234,0.0030643108430572184,-0.004239707566417456,0.009475856062729151,0.02015039875223522,0.0011564825360392903,0.00047098412843383223
83,2010-06-30,86.0199966430664,1245.5,18.67099952697754,2.9509999752044678,34.540000915527344,0.0028140722088110495,0.004132552000592053,0.00925077305231172,0.02011391813176117,0.0007980690710742488,0.00033528014903276673
84,2010-07-01,84.72000122070312,1206.300048828125,17.760000228881836,2.927000045776367,32.86000061035156,-0.03197919165330109,-0.05002274219707598,0.011681538622017517,0.022790965563007068,-0.0005611741457033662,-0.001436710068058573
85,2010-07-02,84.43000030517578,1207.4000244140625,17.697999954223633,2.9790000915527344,30.1200008392334,0.000911443533751355,-0.003497114192883891,0.011476076574751226,0.022346368484498065,-3.548313624637705e-05,-0.0005936083593156438
86,2010-07-06,84.08000183105469,1194.800048828125,17.83300018310547,2.931999921798706,29.649999618530273,-0.010490459373536166,0.007599047479533735,0.011590098919122625,0.020887746839771907,-0.0008453502537502186,0.0014724919567477713
87,2010-07-07,83.81999969482422,1198.5999755859375,17.979000091552734,2.9800000190734863,26.84000015258789,0.0031753404461197904,0.008153731498197255,0.01073446513932928,0.017973786373911026,-0.0015901216578724125,-0.00045863877844794844
88,2010-07-08,83.81999969482422,1195.800048828125,17.851999282836914,3.0199999809265137,25.709999084472656,-0.0023387303754459944,-0.007088908642041671,0.010664086360558109,0.017557108005511666,-0.0018817398104429386,-0.001615429540885401
89,2010-07-09,83.94999694824219,1209.5999755859375,18.05299949645996,3.055999994277954,24.979999542236328,0.011474247961861998,0.011196341467881192,0.010751331993779601,0.01745826916474842,-0.0007382955580737501,-0.0003338217844513373
90,2010-07-12,84.19999694824219,1198.5,17.89699935913086,3.0460000038146973,24.43000030517578,-0.009218931367245903,-0.008678782835677502,0.010845600940000677,0.017415595486990895,-0.0008778879358370671,-0.0011695426348647382
91,2010-07-13,83.63999938964844,1213.300048828125,18.23699951171875,3.114000082015991,24.559999465942383,0.012273185427453303,0.01881940543396187,0.011108222342109583,0.01789670092961298,-0.0006083580883455705,3.918136522650569e-05
92,2010-07-14,83.43000030517578,1206.800048828125,18.27400016784668,3.049999952316284,24.889999389648438,-0.005371691556160925,0.002026823100942392,0.011123932006925697,0.017763776274551488,-0.0006466617248678341,-0.00033238494362447757
93,2010-07-15,82.55999755859375,1208.0999755859375,18.34600067138672,2.9779999256134033,25.139999389648438,0.0010765885711429397,0.003932309921844267,0.010953708894482609,0.017663876916114676,-0.0009792152428794222,-0.0005753301468066277
94,2010-07-16,82.48999786376953,1188.0,17.773000717163086,2.938999891281128,26.25,-0.016777636394284045,-0.03173111155415071,0.011479668409152339,0.018889291802369788,-0.0016273200224272263,-0.001733702349359963
95,2010-07-19,82.51000213623047,1181.699951171875,17.534000396728516,2.9639999866485596,25.969999313354492,-0.005317182597859029,-0.013538616336486932,0.010871353011585705,0.018490778265000164,-0.0025803576333782077,-0.00323610205173069
96,2010-07-20,82.75,1191.5,17.684999465942383,2.931999921798706,23.93000030517578,0.00825897921406558,0.008574916666469916,0.010896290483718474,0.017829018891937845,-0.0025559033117060147,-0.003851929285998904
97,2010-07-21,83.38999938964844,1191.5999755859375,17.79800033569336,2.8919999599456787,25.639999389648438,8.390381185885774e-05,0.00636931783686215,0.010584686042245037,0.01757887546868116,-0.0018844025764950148,-0.002613197109287929
98,2010-07-22,82.5999984741211,1195.5,18.114999771118164,2.931999921798706,24.6299991607666,0.003267586547723767,0.017654201416139097,0.010636282014736907,0.01806336177843626,-0.001736487760845935,-0.0020099972808483376
99,2010-07-23,82.45999908447266,1187.699951171875,18.09600067138672,2.99399995803833,23.469999313354492,-0.006545885229682703,-0.0010493552369541085,0.010669722975116811,0.01736828053279808,-0.0018249198575024988,-0.0009328675387489767
100,2010-07-26,82.08999633789062,1183.0,18.19499969482422,2.99399995803833,22.729999542236328,-0.003965037690309944,0.005455857816462993,0.010372443190462467,0.017057362097967526,-0.0024515938439927764,-0.0013825304326269552
101,2010-07-27,82.18000030517578,1158.0,17.621000289916992,3.046999931335449,23.190000534057617,-0.02135920584544627,-0.03205542525209666,0.010847398450385662,0.017584887375268553,-0.003860879972816898,-0.0038504127570920432
102,2010-07-28,82.18000030517578,1160.4000244140625,17.42300033569336,3.000999927520752,24.25,0.002070415153658784,-0.011300197331496798,0.010655744099396255,0.017134600124735132,-0.0030901846839889247,-0.0032994026907807042
103,2010-07-29,81.63999938964844,1168.4000244140625,17.60099983215332,2.999000072479248,24.1299991607666,0.006870518122281092,0.010164517367609456,0.01079709582274896,0.017381604238406064,-0.0029089367183115977,-0.0026134872177318038
104,2010-07-30,81.54000091552734,1181.699951171875,17.98699951171875,2.9070000648498535,23.5,0.011318725915850668,0.021693538523860367,0.011175363243437906,0.018128762531717107,-0.0025039532084525687,-0.0017772497642428362
105,2010-08-02,80.94000244140625,1183.4000244140625,18.402999877929688,2.9630000591278076,22.010000228881836,0.0014376335483021452,0.022864440570391335,0.008920050052630453,0.015165170323184004,-0.0009126758179000335,0.0016935684627794171
106,2010-08-03,80.5999984741211,1185.199951171875,18.406999588012695,2.9140000343322754,22.6299991607666,0.0015198236281605902,0.0002173164986025725,0.00892725566988784,0.015123205599796647,-0.0008837053372138791,0.001870446114754963
107,2010-08-04,80.88999938964844,1193.699951171875,18.26300048828125,2.9519999027252197,22.209999084472656,0.007146190694943367,-0.007853822722488855,0.008807086380961423,0.015206249494357612,-4.386485776247301e-05,0.001134595152753887
108,2010-08-05,80.81999969482422,1197.199951171875,18.308000564575195,2.9149999618530273,22.100000381469727,0.0029277699971361685,0.0024609716830213102,0.008802726346795983,0.01512538967826919,-5.565392676169312e-05,0.0008635113520312229
109,2010-08-06,80.41000366210938,1203.4000244140625,18.458999633789062,2.8239998817443848,21.739999771118164,0.005165447880548518,0.008213882958291239,0.008857555339976207,0.015091693123021522,0.0003016878949523313,0.0015922157139518379
110,2010-08-09,80.70999908447266,1200.699951171875,18.229000091552734,2.822000026702881,22.139999389648438,-0.002246224703532445,-0.012538299014157322,0.008490662934116351,0.015224636043036107,-0.0003516679462569279,0.0004619947386166705
111,2010-08-10,80.80000305175781,1196.199951171875,18.145999908447266,2.7809998989105225,22.3700008392334,-0.003754854579199012,-0.0045635918710543915,0.008286611910714023,0.015127271961721266,-9.14738134927902e-05,0.0006579562131225329
112,2010-08-11,82.29000091552734,1197.5,17.889999389648438,2.684999942779541,25.389999389648438,0.0010862254939798823,-0.014208282298382589,0.00779711961131647,0.014859188658550012,-0.0006241861912772388,-0.0009147908217510128
113,2010-08-12,82.63999938964844,1214.800048828125,18.05299949645996,2.734999895095825,25.729999542236328,0.014343444080896115,0.009069984658486616,0.008363264162397646,0.01500764839059186,0.0003146297914397631,-0.0005794021761536687
114,2010-08-13,82.94999694824219,1214.9000244140625,18.097000122070312,2.687999963760376,26.239999771118164,8.229459026243971e-05,0.002434337361196725,0.008361549109755312,0.01498867977981678,0.00026728245901688215,-0.0006507342028511708
115,2010-08-16,82.52999877929688,1224.5,18.417999267578125,2.575000047683716,26.100000381469727,0.0078708084359936,0.017582222109141638,0.00753877863096182,0.013681851187204434,0.0014410179271253415,0.0016975197811151313
116,2010-08-17,82.2300033569336,1226.5999755859375,18.586000442504883,2.6449999809265137,24.329999923706055,0.0017134968958107048,0.009080225411112815,0.007378044470710906,0.013307635140240722,0.0017758121887286623,0.002774607483381786
117,2010-08-18,82.22000122070312,1229.699951171875,18.389999389648438,2.6410000324249268,24.59000015258789,0.002524103183020322,-0.010601627516741815,0.007230743929530806,0.013545537485455885,0.001502722853916983,0.0018614387127526561
118,2010-08-19,82.44999694824219,1233.800048828125,18.31800079345703,2.5789999961853027,26.440000534057617,0.003328679879881066,-0.003922779130413979,0.007233577491521207,0.013560464155072479,0.0016572360000132787,0.0013713388571680786
119,2010-08-20,83.05999755859375,1227.199951171875,17.98200035095215,2.611999988555908,25.489999771118164,-0.005363765526181182,-0.01851294921705755,0.007381214228196151,0.013685189726636139,0.0012462192345892337,-0.0003509064110793807
120,2010-08-23,83.12000274658203,1226.9000244140625,17.982999801635742,2.6070001125335693,25.65999984741211,-0.0002444291286333748,5.5579072966028826e-05,0.007173774238326589,0.01368449418069991,0.00154628857273444,-0.0002982904915593742
121,2010-08-24,83.1500015258789,1231.800048828125,18.368999481201172,2.499000072479248,27.459999084472656,0.003985871196475256,0.021237576768349177,0.007077525173379049,0.014429363896549478,0.0019249032816289731,0.0004532199347209203
122,2010-08-25,83.26000213623047,1239.5,19.02199935913086,2.5380001068115234,26.700000762939453,0.0062315185826497385,0.034931737448494336,0.004700928316820847,0.014287069344048444,0.0032387473020144978,0.003643084825225253
123,2010-08-26,82.93000030517578,1235.4000244140625,18.97800064086914,2.499000072479248,27.3700008392334,-0.0033132484513755884,-0.0023157230486270065,0.004909979666856258,0.013947703882569667,0.002982382368441432,0.0040709169339333395
124,2010-08-27,82.91999816894531,1236.0,19.038999557495117,2.6519999504089355,24.450000762939453,0.000485534993766416,0.003209036412893851,0.004854551060411303,0.013878177105362335,0.002678335552797876,0.0037397035551373576
125,2010-08-30,83.16000366210938,1237.0999755859375,19.038000106811523,2.5450000762939453,27.209999084472656,0.0008895521162354205,-5.2496293964071916e-05,0.004442394105920469,0.01326951018707193,0.0021817082290066735,0.0027041780876219082
126,2010-08-31,83.19999694824219,1248.300048828125,19.398000717163086,2.4769999980926514,26.049999237060547,0.009012753638830398,0.018733017502779357,0.004680140728414243,0.012983205937959168,0.002542428233317543,0.0025074436558308617
127,2010-09-01,82.5199966430664,1246.300048828125,19.358999252319336,2.5820000171661377,23.889999389648438,-0.0016034637619032294,-0.002012615942383458,0.004763152972646106,0.0130119602568376,0.002393700262362123,0.002401256396736289
128,2010-09-02,82.45999908447266,1251.5,19.63800048828125,2.628000020980835,23.190000534057617,0.004163630861030291,0.014309100611253293,0.004657657194454732,0.01303737330596616,0.0022516736036043575,0.003456633698343058
129,2010-09-03,83.0999984741211,1249.199951171875,19.915000915527344,2.7060000896453857,21.309999465942383,-0.0018395245504221327,0.01400677299415273,0.004738533338990867,0.013235233787910385,0.002024659577530153,0.004006433760777887
130,2010-09-07,82.81999969482422,1257.300048828125,19.882999420166016,2.6089999675750732,23.799999237060547,0.006463296113427575,-0.0016081964917085433,0.004789732232736453,0.013252652090244028,0.0020864618743339177,0.0035387156917302785
131,2010-09-08,82.58999633789062,1255.5999755859375,19.97800064086914,2.6540000438690186,23.25,-0.0013530769111762683,0.00476663407505604,0.004753161921126626,0.01273073661739824,0.002128992721588973,0.004362760124549963
132,2010-09-09,82.66999816894531,1248.9000244140625,19.81399917602539,2.760999917984009,22.809999465942383,-0.005350343106166177,-0.008242983223338891,0.0048633864336784845,0.012884124803305651,0.00205301707744768,0.004187551012536415
133,2010-09-10,82.69999694824219,1244.5,19.802000045776367,2.7950000762939453,21.989999771118164,-0.003529340609845218,-0.0006057719533350602,0.005011307880318898,0.012238814954792206,0.0018332282153607706,0.004835289600395821
134,2010-09-13,81.91000366210938,1245.0999755859375,20.110000610351562,2.740999937057495,21.209999084472656,0.00048198554260612565,0.015434289123182557,0.004113605254600046,0.012426281018501243,0.0011731587611564852,0.005138351717762295
135,2010-09-14,81.08000183105469,1269.699951171875,20.400999069213867,2.6659998893737793,21.559999465942383,0.019564785269065393,0.014366639496846505,0.005733333518274156,0.012568450200006602,0.0021008964125280544,0.0057065565813646645
136,2010-09-15,81.48999786376953,1266.699951171875,20.54199981689453,2.7230000495910645,22.100000381469727,-0.002365558677237567,0.006887688197844365,0.005652830813845232,0.012276473664674116,0.0016134503595170466,0.0051972930617790805
137,2010-09-16,81.23999786376953,1271.9000244140625,20.7450008392334,2.759000062942505,21.719999313354492,0.004096809710312207,0.009833732409660949,0.005678804908580502,0.01228948428980235,0.0017269414459218798,0.005233174347424229
138,2010-09-17,81.4000015258789,1275.5999755859375,20.790000915527344,2.746000051498413,22.010000228881836,0.002904772344231728,0.0021668516672681743,0.005682083342204766,0.01177184424843603,0.0017450685488367087,0.00584119716571042
139,2010-09-20,81.33999633789062,1279.0,20.777000427246094,2.7060000896453857,21.5,0.0026618855822180053,-0.0006255196807650661,0.00567464967489011,0.011656525690315157,0.001713316439424182,0.005998209520455607
140,2010-09-21,80.44000244140625,1272.4000244140625,20.6200008392334,2.5940001010894775,22.350000381469727,-0.005173622516442275,-0.007585106937280949,0.005662932526757469,0.01071334412733809,0.0017223708684593682,0.00651858296234973
141,2010-09-22,79.83000183105469,1290.199951171875,21.035999298095703,2.5480000972747803,22.510000228881836,0.013892307190348036,0.01997370307149943,0.006229360340967206,0.010990661266982293,0.002395548788410864,0.007467065057517987
142,2010-09-23,80.01000213623047,1294.300048828125,21.194000244140625,2.555000066757202,23.8700008392334,0.0031728389211512858,0.007482911911688365,0.006221503767288892,0.010529142591132409,0.002356832965776389,0.006812081016724615
143,2010-09-24,79.38999938964844,1296.0,21.382999420166016,2.611999988555908,21.709999084472656,0.001312551738320187,0.008878052418938997,0.006160630306723182,0.008362076555170298,0.0021225964493797435,0.005571429348650551
144,2010-09-27,79.33999633789062,1296.699951171875,21.454999923706055,2.5169999599456787,22.540000915527344,0.0005399399869342691,0.0033615281965790294,0.006046969093289191,0.00818421700066162,0.0023060816131087844,0.005841774646041315
145,2010-09-28,79.01000213623047,1306.5999755859375,21.687999725341797,2.4560000896453857,22.600000381469727,0.00760578682231086,0.010801384644811422,0.00613870914688407,0.008229670827129295,0.0026451412239918534,0.006203315038037389
146,2010-09-29,78.69000244140625,1308.5,21.929000854492188,2.50600004196167,23.25,0.0014531182487354751,0.011050901188905896,0.006131878591942181,0.00816407624748508,0.0026719777064918558,0.006732048251507387
147,2010-09-30,78.72000122070312,1307.800048828125,21.79800033569336,2.5169999599456787,23.700000762939453,-0.0005350695069459966,-0.005991762853896489,0.005990565153706661,0.008129590084158122,0.0022173194614548844,0.005554677758332348
148,2010-10-01,78.08999633789062,1316.0999755859375,22.03700065612793,2.5260000228881836,22.5,0.006326425826713691,0.01090465077423099,0.005987609507290405,0.008016287989901213,0.0025949332513890235,0.00616978569721875
149,2010-10-04,78.44999694824219,1315.4000244140625,22.01300048828125,2.4790000915527344,23.530000686645508,-0.0005319788625364194,-0.001089678528852483,0.00601371839590625,0.007938442207104218,0.0023713327883620374,0.005436510500070856
150,2010-10-05,77.75,1338.9000244140625,22.714000701904297,2.4739999771118164,21.760000228881836,0.017707579110320042,0.03134829525860087,0.006791798671508801,0.00960215622641592,0.0033021472483973796,0.006262297274568386
151,2010-10-06,77.38999938964844,1346.4000244140625,23.020000457763672,2.3989999294281006,21.489999771118164,0.005585982471689191,0.013381917807923171,0.006774057032808063,0.009544821214682506,0.003260370408314598,0.006976112241217515
152,2010-10-07,77.38999938964844,1333.9000244140625,22.565000534057617,2.3959999084472656,21.559999465942383,-0.009327381559674712,-0.0199633662327275,0.007252228981613686,0.011211162801676606,0.0028806416155289583,0.0057984931789421094
153,2010-10-08,77.31999969482422,1344.199951171875,23.086999893188477,2.38100004196167,20.709999084472656,0.007692003761053769,0.022869626977222682,0.0070682263204650195,0.011318058579288172,0.0035017057520632415,0.007280046045635517
154,2010-10-12,77.36000061035156,1345.699951171875,23.128999710083008,2.421999931335449,18.93000030517578,0.0011152832521202918,0.0018175449548710147,0.0069080699271897835,0.01124575953761004,0.0037228783169187423,0.007395442088883425
155,2010-10-13,77.06999969482422,1369.5,23.913999557495117,2.430999994277954,19.06999969482422,0.017531422240192312,0.03337681411479947,0.007485850119310094,0.012498841110512441,0.004534756254899037,0.008249848040865183
156,2010-10-14,76.6500015258789,1376.699951171875,24.41699981689453,2.494999885559082,19.8799991607666,0.0052435858982510875,0.02081556052053783,0.006654296339583159,0.012733660443561143,0.003852794380098356,0.008556939518183818
157,2010-10-15,77.04000091552734,1371.0999755859375,24.27199935913086,2.5759999752044678,19.030000686645508,-0.004075976044961503,-0.0059562073113798636,0.0067440765504651135,0.013120426230754193,0.003771345934016264,0.007945325446315998
158,2010-10-18,76.93000030517578,1371.199951171875,24.39699935913086,2.490999937057495,19.09000015258789,7.291367731604025e-05,0.005136751449517115,0.006791365141318685,0.013126658262393651,0.0035797318372069223,0.007721659686309148
159,2010-10-19,78.18000030517578,1335.0999755859375,23.763999938964844,2.4749999046325684,20.6299991607666,-0.026680056124006982,-0.026288319726945994,0.00947621459323999,0.015055645055651497,0.0021709304815765076,0.006366651524679902
160,2010-10-20,77.16999816894531,1343.300048828125,23.847999572753906,2.4700000286102295,19.790000915527344,0.0061231323086174735,0.0035285105352779074,0.009515201615370499,0.014986313479686637,0.002335751754262196,0.006564462487348615
161,2010-10-21,77.41999816894531,1324.699951171875,23.12299919128418,2.5309998989105225,19.270000457763672,-0.013943327587894492,-0.03087258026307523,0.010039264627445326,0.016833433360838482,0.0019181467508597096,0.005455535186120317
162,2010-10-22,77.47000122070312,1324.4000244140625,23.125,2.562999963760376,18.780000686645508,-0.00022643672330835627,8.652520117874957e-05,0.009662978514047519,0.01653255170543594,0.0012458256121141674,0.004508526716105046
163,2010-10-25,77.0999984741211,1338.300048828125,23.54400062561035,2.553999900817871,19.850000381469727,0.010440643180368532,0.017956754104647633,0.009863516311074762,0.016782862234561057,0.0015919115292197508,0.005007281106245963
164,2010-10-26,77.70999908447266,1338.0,23.823999404907227,2.635999917984009,20.219999313354492,-0.00022422659934072804,0.0118224134598068,0.009871390314613484,0.01682905171441547,0.0015187316083787544,0.005147488774858716
165,2010-10-27,78.1500015258789,1322.199951171875,23.398000717163086,2.7119998931884766,20.709999084472656,-0.011878982718151439,-0.018042871686919277,0.010295832609312314,0.01757430824803405,0.0009273543367080067,0.004128231637549273
166,2010-10-28,77.30999755859375,1342.0999755859375,23.871000289916992,2.6610000133514404,20.8799991607666,0.01493855424279619,0.020013765932638247,0.01065184301749657,0.017861836558517283,0.0012765337376834985,0.004566916460779121
167,2010-10-29,77.2699966430664,1357.0999755859375,24.559999465942383,2.611999988555908,21.200000762939453,0.01111451888462898,0.028454736325262107,0.010866335800009461,0.0185675341468122,0.0017366004346308084,0.005395670514891322
168,2010-11-01,77.30000305175781,1350.199951171875,24.54800033569336,2.628000020980835,21.829999923706055,-0.005097358653302039,-0.0004886833320960076,0.01095923451031539,0.018437158644438408,0.0015193485705186159,0.005657721920691345
169,2010-11-02,76.72000122070312,1356.4000244140625,24.832000732421875,2.5940001010894775,21.56999969482422,0.004581455806499127,0.011502775294061218,0.010927533879634528,0.018446129307110596,0.001436254760032208,0.005686204040683261
170,2010-11-03,76.4800033569336,1337.0999755859375,24.43199920654297,2.61899995803833,19.559999465942383,-0.014331077888990441,-0.01623945749575278,0.011454011047996612,0.019011952100674485,0.0007791548063915403,0.004964785994640389
171,2010-11-04,75.87999725341797,1382.699951171875,26.038999557495117,2.4839999675750732,18.520000457763672,0.03353500271930994,0.0637016811511532,0.013035207102250318,0.022285841814962883,0.0015328416449148685,0.006505423418095263
172,2010-11-05,76.55000305175781,1397.300048828125,26.743999481201172,2.5360000133514404,18.260000228881836,0.01050376395006266,0.02671473256780743,0.01315528474416587,0.022678006922207495,0.0017670217153136051,0.007140319359042133
173,2010-11-08,77.02999877929688,1402.800048828125,27.42799949645996,2.562999963760376,18.290000915527344,0.003928436042612348,0.02525424134440733,0.012912104398487017,0.022115583788439922,0.0023982511249463225,0.009293538767477124
174,2010-11-09,77.44000244140625,1409.800048828125,28.902000427246094,2.6589999198913574,19.079999923706055,0.004977610900924006,0.05234644059521275,0.012869979071636785,0.023884982469829685,0.0022689943220830003,0.010697196558809983
175,2010-11-10,77.62999725341797,1399.0999755859375,26.861000061035156,2.6480000019073486,18.469999313354492,-0.007618729685157052,-0.07323538890248286,0.013049005211022676,0.030089402674384237,0.0018530889441174124,0.007123247327507419
176,2010-11-11,78.22000122070312,1403.0999755859375,27.400999069213867,2.6480000019073486,18.639999389648438,0.002854901710456582,0.01990405235312158,0.012550830806820333,0.02964194552311533,0.0011542070141299968,0.006481687243617995
177,2010-11-12,78.08000183105469,1365.4000244140625,25.937999725341797,2.75600004196167,20.610000610351562,-0.027236613135162596,-0.05487041078483442,0.01394551250207083,0.032294534639723954,-0.0003924691303182738,0.0028775933719336023
178,2010-11-15,78.5199966430664,1368.4000244140625,26.08799934387207,2.9110000133514404,20.200000762939453,0.0021947480800694587,0.005766349011931181,0.013929822994789948,0.03223546532680762,-9.386321960251379e-05,0.003435810339710319
179,2010-11-16,79.20999908447266,1338.300048828125,25.229000091552734,2.8469998836517334,22.579999923706055,-0.022242003657255125,-0.033481283194855604,0.014743811439502316,0.03322007397691252,-0.0011564783307725691,0.0015968563090259038
180,2010-11-17,79.08000183105469,1336.800048828125,25.506999969482422,2.864000082015991,21.760000228881836,-0.001121453480205418,0.010958792959342928,0.013537061994183846,0.032646182743047036,6.05979855989337e-05,0.003370528341706329
181,2010-11-18,78.62000274658203,1352.9000244140625,26.829999923706055,2.9019999504089355,18.75,0.011971719847731183,0.05056773849298653,0.013726857969460217,0.0342327697537463,0.0003391021541281579,0.005610491577787691
182,2010-11-19,78.5,1352.199951171875,27.174999237060547,2.875,18.040000915527344,-0.0005175951085987665,0.012776743338297017,0.013335470328923323,0.033216911583270635,0.0009784227483803354,0.007689030796900655
183,2010-11-22,78.68000030517578,1357.699951171875,27.457000732421875,2.812999963760376,18.3700008392334,0.004059196095939039,0.010323766296720943,0.013348895560358516,0.033174853061932366,0.0011825005016778303,0.00817651846811695
184,2010-11-23,79.68000030517578,1377.5,27.56800079345703,2.76200008392334,20.6299991607666,0.01447820638468904,0.004034537338441962,0.013516927463280067,0.033108677564746815,0.001374765416169283,0.007513555764964299
185,2010-11-24,79.87000274658203,1372.9000244140625,27.52400016784668,2.9140000343322754,19.559999465942383,-0.0033449533406694413,-0.0015973511289598186,0.013552493814426187,0.033150835022175876,0.0012261593808679157,0.006874519355975413
186,2010-11-26,80.36000061035156,1362.300048828125,26.69499969482422,2.864000082015991,22.219999313354492,-0.0077508250719684505,-0.0305820869182228,0.013381763268337211,0.0337299503381834,0.001422738316400439,0.006277413868770483
187,2010-11-29,80.83999633789062,1366.0,27.148000717163086,2.822000026702881,21.530000686645508,0.002712277516303644,0.016827134738100043,0.013025550298562524,0.033672181905446,0.0008405346627579367,0.006125669526173425
188,2010-11-30,81.19999694824219,1385.0,28.184999465942383,2.796999931335449,23.540000915527344,0.013813378490703599,0.037486497326941724,0.013144756154310622,0.03402744963047558,0.0009690517868567282,0.0065557533833962645
189,2010-12-01,80.70999908447266,1387.300048828125,28.38800048828125,2.9639999866485596,21.360000610351562,0.0016593076617551833,0.007176635277759948,0.013071330219622888,0.03398919682427727,0.0012907978018594532,0.006920768555294167
190,2010-12-02,80.30000305175781,1388.5,28.54199981689453,3.0,19.389999389648438,0.0008645804636602154,0.005410142399894327,0.013049691261582223,0.03397412956457292,0.0011138037379147428,0.006630643179381459
191,2010-12-03,79.37999725341797,1405.4000244140625,29.240999221801758,3.0169999599456787,18.010000228881836,0.012097949382854271,0.024195127147025233,0.012756830196263426,0.033758290948533935,0.0023723288460978246,0.008556099590942315
192,2010-12-06,79.56999969482422,1415.300048828125,29.704999923706055,2.940999984741211,18.020000457763672,0.007019580110278535,0.01574357182939186,0.010657719322785881,0.03137956809601415,0.001109689674239186,0.006272380099429871
193,2010-12-07,79.86000061035156,1408.300048828125,29.74799919128418,3.1649999618530273,17.989999771118164,-0.004958219364304296,0.001446496416183271,0.010509343668190006,0.031039121498718545,0.00037340475450742624,0.00506913075887634
194,2010-12-08,80.0,1382.5,28.224000930786133,3.2360000610351562,17.739999771118164,-0.01848988347919273,-0.052589162852586926,0.011243173598432334,0.033088539731112046,-0.0006941342703404346,0.0013623019875908986
195,2010-12-09,80.06999969482422,1392.0999755859375,28.788999557495117,3.2230000495910645,17.25,0.006919926460453495,0.019820641564560745,0.011300010247083941,0.031295350801868536,-0.0006016430532199827,-0.00018654558529729203
196,2010-12-10,80.06999969482422,1384.300048828125,28.576000213623047,3.2960000038146973,17.610000610351562,-0.005618748890463309,-0.007426142197775467,0.011246212707693404,0.02654997796793054,-0.0005064058725202807,0.0029472280673078217
197,2010-12-13,79.27999877929688,1397.300048828125,29.599000930786133,3.2829999923706055,17.549999237060547,0.009347206064547017,0.035173396252386316,0.0114309538999636,0.02723776432702747,-0.00019724852232549806,0.003674339681558524
198,2010-12-14,79.37000274658203,1403.5999755859375,29.759000778198242,3.4549999237060547,17.610000610351562,0.004498509284144025,0.005391024977716035,0.009634051702717125,0.023707013273668528,0.0013139477833557696,0.006543931860727594
199,2010-12-15,80.26000213623047,1385.5,29.225000381469727,3.5199999809265137,17.940000534057617,-0.012979262012137812,-0.01810711298881307,0.010121400021405163,0.024310881144108575,0.0005913758742030424,0.005407100336882629
200,2010-12-16,80.18000030517578,1370.4000244140625,28.756999969482422,3.4769999980926514,17.389999389648438,-0.010958399477841024,-0.016143305604003292,0.009096224529318403,0.023192863036417124,0.001128690358937047,0.006232718317399406
201,2010-12-17,80.37000274658203,1378.5999755859375,29.113000869750977,3.3299999237060547,16.110000610351562,0.005965787917043688,0.012303624884105892,0.00913993578355165,0.023208416489520788,0.001466178044520338,0.006296757932864309
202,2010-12-20,80.62999725341797,1385.5,29.334999084472656,3.3489999771118164,16.40999984741211,0.0049926115607974485,0.007596471477345555,0.008861485262093663,0.02088833581764614,0.0011338395546663506,0.004250507122595691
203,2010-12-21,80.72000122070312,1388.199951171875,29.375999450683594,3.3259999752044678,16.489999771118164,0.0019468234287534076,0.0013966845701469555,0.008854837434363534,0.020803523888858325,0.0012511928183497876,0.003708599562207593
204,2010-12-22,80.7300033569336,1386.800048828125,29.367000579833984,3.3459999561309814,15.449999809265137,-0.0010089387117141113,-0.0003063810467741605,0.008843537441275955,0.02076380361147781,0.0010098530656043993,0.0032024020696602073
205,2010-12-23,80.5,1380.0,29.309999465942383,3.3929998874664307,16.469999313354492,-0.004915470868822041,-0.001942878190011941,0.00836649803521895,0.020792776225861394,8.634462496101459e-05,0.0029177632349719263
206,2010-12-27,80.37000274658203,1382.4000244140625,29.235000610351562,3.3510000705718994,17.670000076293945,0.00173763755917607,-0.0025620939967371595,0.00833573218163812,0.020804313399769257,0.0003283727630488961,0.0028718230984111004
207,2010-12-28,80.36000061035156,1405.199951171875,30.297000885009766,3.4809999465942383,17.520000457763672,0.01635846993307731,0.035682084418604425,0.008813910143323757,0.020499568133346042,0.0014764344299558372,0.006027259828736207
208,2010-12-29,79.80000305175781,1413.0999755859375,30.679000854492188,3.3410000801086426,17.280000686645508,0.005606248668243366,0.01252968237273175,0.008856719158326991,0.020407609660092703,0.0016142425800482047,0.005822619239909145
209,2010-12-30,79.5199966430664,1405.5999755859375,30.488000869750977,3.36899995803833,17.520000457763672,-0.005321614807999368,-0.006245217197187943,0.008516692633236884,0.01921115884292755,0.0007030524229671113,0.003740156643522018
210,2010-12-31,79.02999877929688,1421.0999755859375,30.90999984741211,3.305000066757202,17.75,0.01096696191437432,0.013746559108294998,0.008806216918880009,0.019323089508252535,0.0011462740540442132,0.004053010159261782
211,2011-01-03,79.12999725341797,1422.5999755859375,31.09600067138672,3.3420000076293945,17.610000610351562,0.0010549637197134285,0.005999463933193077,0.008806010415494463,0.019325586794668413,0.0011553399233800803,0.004081073089418865
212,2011-01-04,79.44000244140625,1378.5,29.492000579833984,3.3459999561309814,17.3799991607666,-0.0314902146739841,-0.0529601553525712,0.010969127490039837,0.02240002170849268,-0.000920286936469366,0.00040701201800951114
213,2011-01-05,80.26000213623047,1373.4000244140625,29.17300033569336,3.4830000400543213,17.020000457763672,-0.003706516500908482,-0.010875424300633159,0.010829769649995161,0.022241359310088023,-0.0014310534417639857,-0.0008605592262773943
214,2011-01-06,80.79000091552734,1371.4000244140625,29.110000610351562,3.4189999103546143,17.399999618530273,-0.0014573013103875846,-0.002161856762884942,0.01079966287333351,0.022236582627084646,-0.0012643430582441424,-0.0010323855681377853
215,2011-01-07,81.01000213623047,1368.5,28.660999298095703,3.328000068664551,17.139999389648438,-0.0021168841718216167,-0.015544489587851497,0.01005956377249152,0.01920477027517432,-0.00048467642455980373,0.0007316464920877114
216,2011-01-10,80.87999725341797,1373.699951171875,28.85099983215332,3.303999900817871,17.540000915527344,0.0037925443054551873,0.006607359443991373,0.009967189172826435,0.01875937691859701,-0.0006335993843216278,0.0001024425815844079
217,2011-01-11,80.8499984741211,1384.0,29.489999771118164,3.3410000801086426,16.889999389648438,0.007470063391425878,0.02190656648510075,0.01004877326396285,0.019256236493617865,-1.0322608993571413e-05,0.001499238233149942
218,2011-01-12,80.02999877929688,1385.699951171875,29.531999588012695,3.3550000190734863,16.239999771118164,0.001227534689899489,0.0014231921805329527,0.00982442453995511,0.017646342418876255,-0.00039697362683392993,-0.00010791434170021806
219,2011-01-13,79.19000244140625,1386.9000244140625,29.25200080871582,3.3010001182556152,16.389999389648438,0.0008656663981080393,-0.00952643219116231,0.009765721691423035,0.017714036056611676,-0.0005699661452165959,-0.0008182694449801392
220,2011-01-14,79.16000366210938,1360.4000244140625,28.30900001525879,3.3329999446868896,15.460000038146973,-0.01929226618634375,-0.03276819922362784,0.010251883942589522,0.018691441594000702,-0.0008705853916073548,-0.0015164164085427472
221,2011-01-18,78.95999908447266,1368.0999755859375,28.900999069213867,3.364000082015991,15.869999885559082,0.005644106001557393,0.02069638855826412,0.010073663266785842,0.018976611633179805,-7.998989258838252e-05,0.0002378547420414149
222,2011-01-19,78.63999938964844,1370.199951171875,28.79199981689453,3.3369998931884766,17.309999465942383,0.0015337808521974678,-0.00377859997272002,0.009986719413589818,0.018788917994027737,-0.0002910378480572501,-0.0005279654892360095
223,2011-01-20,78.81999969482422,1346.5,27.458999633789062,3.4590001106262207,17.989999771118164,-0.017448045681379615,-0.04740359468302745,0.01057628742076891,0.021269389928267452,-0.0013596405738752055,-0.0031470162587775813
224,2011-01-21,78.20999908447266,1341.0,27.416000366210938,3.4159998893737793,18.469999313354492,-0.004093028969975036,-0.0015671718042364836,0.010563992346444515,0.021247554380216773,-0.0016472525928622743,-0.003288152276605364
225,2011-01-24,78.05000305175781,1344.5,27.31800079345703,3.4079999923706055,17.649999618530273,0.002606592427240802,-0.0035809433039612646,0.010604300918621168,0.02123659047752411,-0.0014750844433882308,-0.0034440838126618928
226,2011-01-25,78.0,1332.300048828125,26.81100082397461,3.319000005722046,17.59000015258789,-0.009115388093256592,-0.01873357282583782,0.010711493765271904,0.021491795228206576,-0.0016750805016946379,-0.004243640700082173
227,2011-01-26,77.9000015258789,1333.0,27.131999969482422,3.427999973297119,16.639999389648438,0.0005252325630460462,0.011901560158980185,0.010695435265146604,0.021778226946080524,-0.0017328140729389245,-0.0035548952640956327
228,2011-01-27,77.7300033569336,1318.4000244140625,27.045000076293945,3.384999990463257,16.149999618530273,-0.011013142505553696,-0.003211693814661061,0.010027462820929627,0.019842336077422237,-0.0030362241890642106,-0.005406979941870179
229,2011-01-28,78.12999725341797,1340.699951171875,27.93400001525879,3.3289999961853027,20.040000915527344,0.016772930514485924,0.032342437285433616,0.010776763518448392,0.021164791559218975,-0.002504477434481232,-0.00446351542221771
230,2011-01-31,77.73999786376953,1333.800048828125,28.173999786376953,3.378000020980835,19.530000686645508,-0.005159781381154873,0.00855497382601506,0.010774705953234943,0.021348119226937988,-0.0024967710808219703,-0.003758744421112805
231,2011-02-01,77.06999969482422,1339.5999755859375,28.52400016784668,3.443000078201294,17.6299991607666,0.004338995888673461,0.012346284794620164,0.010452869151259465,0.02129282371483645,-0.0028123885106172497,-0.003825424150335415
232,2011-02-02,77.16000366210938,1331.5,28.298999786376953,3.489000082015991,17.299999237060547,-0.006064917441172529,-0.007919383263417516,0.010436613585291054,0.02118807856694871,-0.003151430470659438,-0.004488226397793063
233,2011-02-03,77.75,1352.300048828125,28.732999801635742,3.5409998893737793,16.690000534057617,0.015500756332791596,0.01521982031542217,0.00899479121609511,0.0184339565754337,-0.0009137651846224996,-0.0012415608897933786
234,2011-02-04,78.04000091552734,1348.300048828125,29.06399917602539,3.6519999504089355,15.930000305175781,-0.0029623067321652447,0.011453985466085635,0.008984698295595058,0.01849437440876899,-0.0008783266242061551,-0.0001782556628067694
235,2011-02-07,78.02999877929688,1347.5999755859375,29.347999572753906,3.6440000534057617,16.280000686645508,-0.000519361438913788,0.009724119725269856,0.0089840075178407,0.018612136646624054,-0.0008336628208026409,0.00038774321758155435
236,2011-02-08,78.0,1363.4000244140625,30.270999908447266,3.7249999046325684,15.8100004196167,0.011656383419735038,0.03096576917894433,0.009379682692478925,0.019373180583182555,-0.0001777929354904192,0.0026025174445718315
237,2011-02-09,77.63999938964844,1364.800048828125,30.273000717163086,3.6419999599456787,15.869999885559082,0.0010263356787418307,6.609436759622295e-05,0.009340478894226869,0.019358150311770374,-0.00030951715581010287,0.0022910286314101577
238,2011-02-10,78.25,1361.9000244140625,30.090999603271484,3.7079999446868896,16.09000015258789,-0.002127132012792459,-0.006030139302486247,0.009174112387980835,0.018897178943985463,-0.0007665264607728808,0.0009607093081917294
239,2011-02-11,78.45999908447266,1359.9000244140625,29.992000579833984,3.6459999084472656,15.6899995803833,-0.0014696159336339732,-0.003295411771307736,0.009163673953533435,0.018919444849585184,-0.0008949622047506648,0.0007360138819136014
240,2011-02-14,78.61000061035156,1364.5999755859375,30.52899932861328,3.614000082015991,15.949999809265137,0.0034501419225704253,0.01774633078446546,0.009205760292476413,0.01911481327529682,-0.0007718919416810272,0.002034716880753019
241,2011-02-15,78.56999969482422,1373.5999755859375,30.69300079345703,3.615999937057495,16.3700008392334,0.006573685319166716,0.0053576118652815434,0.00828858942200583,0.017375417143022015,0.000459820034771852,0.003850231694510609
242,2011-02-16,78.22000122070312,1374.699951171875,30.6299991607666,3.621000051498413,16.719999313354492,0.000800477148773662,-0.0020547479706953926,0.008204073196584545,0.016977234618415507,0.00022917104178215049,0.0027668442407506317
243,2011-02-17,78.0,1384.699951171875,31.57200050354004,3.5739998817443848,16.59000015258789,0.007247984439805104,0.030290774349481856,0.008343090590645311,0.017922027376335532,0.0005012759745253712,0.004389195398950722
244,2011-02-18,77.66000366210938,1388.199951171875,32.29800033569336,3.5889999866485596,16.43000030517578,0.0025244343337210524,0.022734651405402897,0.007263136367370855,0.013863239291655505,0.0014523464514349267,0.007729111879352167
245,2011-02-22,77.7699966430664,1400.5,32.86399841308594,3.4609999656677246,20.799999237060547,0.00882140696837657,0.017372466258337306,0.0073166687465647555,0.01384427687381399,0.002067319591356432,0.008630999406141395
246,2011-02-23,77.41000366210938,1413.4000244140625,33.301998138427734,3.486999988555908,22.1299991607666,0.009168850829876523,0.013239613884370383,0.007479181544209489,0.013586601698374551,0.0023798080867200376,0.009431978319871474
247,2011-02-24,77.05999755859375,1415.300048828125,33.17900085449219,3.437999963760376,21.31999969482422,0.0013433907099470231,-0.003700227918816365,0.007008883282915799,0.01236994241966551,0.0028778451725868766,0.010147851886872493
248,2011-02-25,77.27999877929688,1408.699951171875,32.89799880981445,3.424999952316284,19.219999313354492,-0.004674298635559968,-0.00850534195247935,0.0071857553555256665,0.013010274981873666,0.002630248448843733,0.009176094643469659
249,2011-02-28,76.88999938964844,1409.300048828125,33.80400085449219,3.4140000343322754,18.350000381469727,0.0004259032401144668,0.027167334488164056,0.006500721441128695,0.013250708638429134,0.003174964912923169,0.010622715038842283
250,2011-03-01,77.05000305175781,1430.699951171875,34.41600036621094,3.4140000343322754,21.010000228881836,0.015070638998910936,0.017942419206013686,0.00633108200964421,0.01241688973239214,0.0030939034121815027,0.009936999892203239
251,2011-03-02,76.66999816894531,1437.199951171875,34.82500076293945,3.4639999866485596,20.700000762939453,0.004532941421429262,0.011813958407586433,0.0060461795789288775,0.012419118786717968,0.0035554616408759857,0.010092189634182827
252,2011-03-03,76.4800033569336,1416.0,34.3129997253418,3.572000026702881,18.600000381469727,-0.014860747011216433,-0.014811258465594624,0.007252981282278157,0.013536377713746751,0.0026411881694526577,0.008798973288458314
253,2011-03-04,76.4000015258789,1428.199951171875,35.31700134277344,3.492000102996826,19.059999465942383,0.008578880672767533,0.02884018932851624,0.007075885807482312,0.013642711091124271,0.0033385118891640893,0.010549429126169447
254,2011-03-07,76.5,1434.0999755859375,35.85499954223633,3.496999979019165,20.65999984741211,0.004122581784772878,0.01511854213085766,0.006511116943345169,0.013640995325974577,0.0027966940535441498,0.010544606355475898
255,2011-03-08,76.80000305175781,1426.9000244140625,35.65299987792969,3.5439999103546143,19.81999969482422,-0.005033181664813808,-0.005649723198882488,0.006617512845975984,0.014087288743435523,0.002698080961513266,0.009730144038096463
256,2011-03-09,76.72000122070312,1429.300048828125,36.042999267578125,3.4690001010894775,20.219999313354492,0.0016805720309420761,0.010879358429962226,0.006581346563986096,0.014089519489649748,0.002802839698173069,0.009785155404986578
257,2011-03-10,77.27999877929688,1412.199951171875,35.06399917602539,3.3929998874664307,21.8799991607666,-0.012036110571015474,-0.027537710181191354,0.007004860659437944,0.015413768866519162,0.0016746256986135213,0.0069992754354563065
258,2011-03-11,76.77999877929688,1421.5,35.93299865722656,3.3929998874664307,20.079999923706055,0.006563914584736259,0.024481116339756442,0.0070830293497881475,0.015781073759340476,0.0019383199322323035,0.008161895529368699
259,2011-03-14,76.3499984741211,1424.5999755859375,35.82500076293945,3.3469998836517334,21.1299991607666,0.0021784033157129074,-0.0030100609465809392,0.007021513695117991,0.01565856029698767,0.0021433454240658923,0.008305708784411808
260,2011-03-15,76.33000183105469,1392.5999755859375,34.11600112915039,3.322999954223633,24.31999969482422,-0.022718569429602507,-0.048879479456273946,0.008858875643995725,0.019925388332835255,0.001131490495686438,0.0061350388946515115
261,2011-03-16,76.68000030517578,1396.0,34.47100067138672,3.2119998931884766,29.399999618530273,0.0024385183451530695,0.010351894764551022,0.008848381203324195,0.019774703637630314,0.0010833179443808499,0.005782922893703205
262,2011-03-17,76.04000091552734,1404.0,34.2599983215332,3.247999906539917,26.3700008392334,0.005714301263438635,-0.0061399664148516254,0.008823671861422492,0.0199454976274701,0.0010423948941080843,0.005235419166077816
263,2011-03-18,75.72000122070312,1415.9000244140625,35.060001373291016,3.2769999504089355,24.440000534057617,0.00844008294795576,0.02308247475887876,0.008969480890125227,0.020238254428657853,0.0014061856464500889,0.006432429772248015
264,2011-03-21,75.4000015258789,1426.199951171875,36.00199890136719,3.322999954223633,20.610000610351562,0.007248141823970142,0.02651354328980382,0.008969486015383698,0.02003133789462669,0.0014061931409341383,0.00625256162654906
265,2011-03-22,75.43000030517578,1427.5,36.270999908447266,3.3320000171661377,20.209999084472656,0.0009111321724827245,0.0074440594332910205,0.008966337795935805,0.0196770385250018,0.0013293692284942179,0.0055244381993056375
266,2011-03-23,75.79000091552734,1437.9000244140625,37.20199966430664,3.3480000495910645,19.170000076293945,0.007259070282500972,0.025343992865308564,0.008907353033790557,0.019991410551683075,0.0012549722434525227,0.0059040347043995065
267,2011-03-24,75.66000366210938,1434.800048828125,37.38800048828125,3.4040000438690186,18.0,-0.0021582321232282782,0.004987296128946376,0.008745654902879,0.019920989824618505,0.0007155873409237228,0.005511067192236459
268,2011-03-25,76.22000122070312,1426.0999755859375,37.05799865722656,3.444000005722046,17.90999984741211,-0.006082072066177196,-0.008865593754327597,0.008868252462671686,0.020071729634227355,0.000361993875393998,0.005265097390545448
269,2011-03-28,76.12999725341797,1419.800048828125,37.09700012207031,3.447999954223633,19.440000534057617,-0.004427377627128477,0.001051890474868844,0.008861402170746853,0.019851024112446426,0.0003737520186526404,0.005720203696609648
270,2011-03-29,76.25,1416.0,36.97700119018555,3.490999937057495,18.15999984741211,-0.0026800557424672003,-0.003239977177754492,0.00888637330599245,0.019310023042144207,0.0002258492099582753,0.004272236474423051
271,2011-03-30,76.12000274658203,1423.800048828125,37.500999450683594,3.4549999237060547,17.709999084472656,0.005493392710337391,0.014071454716473385,0.008313735768684717,0.01919111387955528,-0.00023021013711665544,0.004087904832063988
272,2011-03-31,75.86000061035156,1438.9000244140625,37.87200164794922,3.4539999961853027,17.739999771118164,0.010549561772540324,0.009844511645848689,0.008585325043563663,0.019156250880508183,5.6295593888633315e-05,0.003994121652933619
273,2011-04-01,75.83000183105469,1428.0999755859375,37.73699951171875,3.4509999752044678,17.399999618530273,-0.007534077373140772,-0.0035710636994977286,0.008082993038172627,0.018757415039483673,0.0004051846242731886,0.004529369022747757
274,2011-04-04,75.91000366210938,1432.199951171875,38.48400115966797,3.430999994277954,17.5,0.0028668171163457267,0.019601568047000282,0.007887940662685389,0.018260480815052525,0.0001331815977769121,0.004089434676008901
275,2011-04-05,75.87999725341797,1451.800048828125,39.17499923706055,3.486999988555908,17.25,0.013592510003809817,0.01779616813413603,0.008382600762717025,0.01835047017026808,0.0005841305605881949,0.004216940676165014
276,2011-04-06,75.51000213623047,1457.699951171875,39.38399887084961,3.5450000762939453,16.899999618530273,0.004055618099718864,0.005320845018694061,0.008312410323133089,0.01821116627986411,0.001016930549375465,0.004739348686525803
277,2011-04-07,75.58999633789062,1458.5,39.54199981689453,3.555000066757202,17.110000610351562,0.0005486927244996201,0.004003779736414063,0.0083115616073874,0.018156984557626862,0.0009630315347829672,0.004411940177309223
278,2011-04-08,75.06999969482422,1473.4000244140625,40.599998474121094,3.569999933242798,17.8700008392334,0.01016416151081786,0.02640463550243088,0.007980774015489476,0.017201539845200165,0.002020187348203602,0.006980623305100759
279,2011-04-11,75.05999755859375,1467.4000244140625,40.604000091552734,3.569999933242798,16.59000015258789,-0.00408052790106732,9.855715249389467e-05,0.008015712417143104,0.016778922905604544,0.0015133091345939079,0.005819549058088257
280,2011-04-12,74.8499984741211,1452.9000244140625,40.05799865722656,3.5,17.09000015258789,-0.009930568036556555,-0.01353821581864665,0.008392170870863688,0.017207742346126178,0.0009366914511525048,0.00531820834989465
281,2011-04-13,74.9800033569336,1454.9000244140625,40.23500061035156,3.4660000801086426,16.920000076293945,0.0013756106209505382,0.00440890840945394,0.006409163981072796,0.011938056497298757,0.0020840333583216973,0.007855750629215027
282,2011-04-14,74.68000030517578,1471.699951171875,41.6609992980957,3.484999895095825,16.270000457763672,0.011480975490103636,0.03482814376959485,0.006729899330649695,0.013309949612266203,0.002514626555700296,0.009021286296121875
283,2011-04-15,74.83000183105469,1485.300048828125,42.566001892089844,3.4100000858306885,15.319999694824219,0.009198642917713178,0.021490434453984394,0.006854527448868095,0.013100299624547491,0.0026805475868562265,0.010337019670828352
284,2011-04-18,75.5,1492.300048828125,42.957000732421875,3.371000051498413,16.959999084472656,0.0047017817477303875,0.00914377541875303,0.006745141213019381,0.012771222403200768,0.0025025332439883516,0.009673272083203318
285,2011-04-19,75.02999877929688,1494.5,43.91899871826172,3.3559999465942383,15.829999923706055,0.0014731160665246179,0.022147366677518522,0.006659164209702616,0.012516355199193132,0.0022275320174433267,0.009465358911189733
286,2011-04-20,74.37000274658203,1498.300048828125,44.46500015258789,3.4000000953674316,15.069999694824219,0.0025394619141229586,0.012355367195629683,0.0066525464720345135,0.012522581262212342,0.0023050715289500046,0.009699230709396336
287,2011-04-21,74.0,1503.199951171875,46.0620002746582,3.4000000953674316,14.6899995803833,0.003264971978352718,0.03528595475336632,0.0065602863440507135,0.013306982946916995,0.0021148763716096115,0.010172657465970516
288,2011-04-25,73.98999786376953,1508.5999755859375,47.1510009765625,3.36299991607666,15.770000457763672,0.003585915619804356,0.023366917437076355,0.0064926128676921,0.013551070462650196,0.0023884072165159275,0.011047877528262418
289,2011-04-26,73.83999633789062,1503.0,45.05799865722656,3.319999933242798,15.619999885559082,-0.0037189414832981865,-0.045404719519735424,0.006357535696741802,0.01788770951088383,0.0025009372442720704,0.009307919158481094
290,2011-04-27,73.5199966430664,1516.699951171875,45.9640007019043,3.368000030517578,15.350000381469727,0.009073779110715677,0.019907977712176055,0.006304307445010399,0.017925779221250025,0.003143849469883697,0.01020582807454334
291,2011-04-28,73.12000274658203,1530.800048828125,47.52000045776367,3.312000036239624,14.619999885559082,0.009253616584985514,0.033292188021336176,0.006290928708094137,0.018323904077289663,0.003712119580714778,0.011945454988785756
292,2011-04-29,72.93000030517578,1556.0,48.58399963378906,3.2960000038146973,14.75,0.016327919289661246,0.022143566370124906,0.006862620829563425,0.018454928887285154,0.0042280494178254385,0.012329841258007256
293,2011-05-02,72.94999694824219,1556.699951171875,46.077999114990234,3.2860000133514404,15.989999771118164,0.0004497389370340432,-0.05295865759643282,0.006750436859981201,0.023324105946158823,0.0037471054732775197,0.009339214151231946
294,2011-05-03,73.13999938964844,1540.0999755859375,42.57600021362305,3.255000114440918,16.700000762939453,-0.010720831163209224,-0.07904487420836975,0.007046064396711628,0.030211006248375926,0.00359535529279807,0.005745223174618992
295,2011-05-04,73.02999877929688,1514.9000244140625,39.382999420166016,3.2230000495910645,17.079999923706055,-0.01649788723192742,-0.07795648286392957,0.00830147982521356,0.035081945139384806,0.0026732265143088723,0.001099601702669951
296,2011-05-05,74.19000244140625,1480.9000244140625,36.23099899291992,3.1679999828338623,18.200000762939453,-0.02269941875081384,-0.08341915822359697,0.009591956211021909,0.039364747933272104,0.0009450394307553649,-0.0037201757429363817
297,2011-05-06,74.83999633789062,1491.199951171875,35.28300094604492,3.1570000648498535,18.399999618530273,0.006931104657723253,-0.026513789815198044,0.009658871626393464,0.03961137282786275,0.0010819673620889073,-0.005236110735026482
298,2011-05-09,74.73999786376953,1502.9000244140625,37.11000061035156,3.1419999599456787,17.15999984741211,0.007815458997540218,0.05048520316953634,0.009768359594577962,0.04141124506640178,0.0014280038512813167,-0.0030227096191635158
299,2011-05-10,74.61000061035156,1516.5999755859375,38.47999954223633,3.194999933242798,15.90999984741211,0.009074379984259445,0.0362521223817629,0.009722414944809854,0.04181491981636783,0.0013761094928737732,-0.0025537816725286584
300,2011-05-11,75.33000183105469,1501.0999755859375,35.50899887084961,3.1570000648498535,16.950000762939453,-0.010272814766927731,-0.08035246022327212,0.009986500055929229,0.045114932092297055,0.0010812386897375628,-0.006384782499946088
301,2011-05-12,75.23999786376953,1506.5999755859375,34.792999267578125,3.2300000190734863,16.030000686645508,0.0036572837848377064,-0.02036995760704617,0.00967261054991047,0.04519365716505792,0.0017282792526610992,-0.0067101035374889225
302,2011-05-13,75.76000213623047,1493.4000244140625,35.01100158691406,3.187000036239624,17.06999969482422,-0.00880002423727948,0.006246147081402976,0.009942278539722006,0.04521802971545656,0.0012437252117930033,-0.006622615981681825
303,2011-05-16,75.47000122070312,1490.4000244140625,34.12900161743164,3.1489999294281006,18.239999771118164,-0.002010859281316099,-0.025514833007669532,0.009680136883686104,0.04436144754561963,0.0006012568893444444,-0.009496091066313463
304,2011-05-17,75.4000015258789,1479.800048828125,33.487998962402344,3.121000051498413,17.549999237060547,-0.007137580180372501,-0.018960375425295335,0.009610846360019146,0.04382365283537316,-0.00017665849627868316,-0.011422320108183927
305,2011-05-18,75.47000122070312,1495.5999755859375,35.09400177001953,3.1710000038146973,16.229999542236328,0.010620471291147961,0.04684309140599072,0.00984499377888499,0.04545022927891453,0.00010518386293167752,-0.009627114584982131
306,2011-05-19,75.12000274658203,1492.199951171875,34.926998138427734,3.1710000038146973,15.520000457763672,-0.002275939463858907,-0.004770110351925758,0.009852936755912929,0.04488537470750315,-7.334259089610942e-05,-0.01090889920543186
307,2011-05-20,75.43000030517578,1508.800048828125,35.082000732421875,3.1519999504089355,17.43000030517578,0.011063156926242958,0.004428083525469447,0.010137412006600477,0.04471294093036404,0.0003325476477762715,-0.011286388904010918
308,2011-05-23,76.0999984741211,1515.300048828125,34.9010009765625,3.134000062942505,18.270000457763672,0.004298806124103259,-0.005172689225070704,0.010154860023207455,0.04345997477832338,0.00038177784519296393,-0.013212990998222204
309,2011-05-24,75.87999725341797,1523.199951171875,36.12099838256836,3.122999906539917,17.81999969482422,0.005199881615300181,0.034358858806252966,0.010186381164765826,0.04398558052467627,0.00045863336878800324,-0.012689565218737606
310,2011-05-25,75.93000030517578,1526.5999755859375,37.63999938964844,3.128999948501587,17.06999969482422,0.0022296713911066253,0.04119292962147813,0.010147035580213844,0.044816607019656236,0.0007419006485215656,-0.00856586764058458
311,2011-05-26,75.55000305175781,1522.800048828125,37.32600021362305,3.061000108718872,16.09000015258789,-0.0024922467988857944,-0.008377158017567218,0.009984778394122627,0.04434058156498034,0.0001911375099691147,-0.009912778865810448
312,2011-05-27,74.94999694824219,1536.300048828125,37.856998443603516,3.063999891281128,15.979999542236328,0.00882618234650852,0.014125721742259467,0.00996579842244803,0.04359783870659176,0.00017078349861306737,-0.010825467736242673
313,2011-05-31,74.63999938964844,1535.9000244140625,38.303001403808594,3.049999952316284,15.449999809265137,-0.0002604156023607923,0.011712396524496257,0.009253032449878905,0.04326155771455953,-0.0006191372105308393,-0.011322190109844036
314,2011-06-01,74.68000030517578,1542.4000244140625,37.68899917602539,2.9660000801086426,18.299999237060547,0.004223116367711079,-0.016160005922942654,0.009311281050166684,0.0422235560210839,-0.0004394525709747898,-0.009569873363487363
315,2011-06-02,74.33000183105469,1532.0,36.20000076293945,3.0299999713897705,18.09000015258789,-0.006765589384363802,-0.04030911292052019,0.009131175739527124,0.03981409821234422,-0.0002511077243631031,-0.007725313302161194
316,2011-06-03,73.77999877929688,1541.699951171875,36.1870002746582,2.996999979019165,17.950000762939453,0.006311600694144013,-0.00035919400540647227,0.008431796406421242,0.03642688596683089,0.0008350583673545842,-0.004030204308898188
317,2011-06-06,73.94999694824219,1546.5,36.7760009765625,3.002000093460083,18.489999771118164,0.003108641130443788,0.01614553915627479,0.006486464475781738,0.03175748831795849,0.002064013599795424,0.0007109717568099907
318,2011-06-07,73.5199966430664,1543.300048828125,37.040000915527344,3.010999917984009,18.06999969482422,-0.002071300579561687,0.007152949436970226,0.006446074274869994,0.03115854532979367,0.0016353276361151885,0.002314149816437051
319,2011-06-08,73.93000030517578,1538.0999755859375,36.61899948120117,2.9619998931884766,18.790000915527344,-0.003375139960668886,-0.011431217271457579,0.0063717537745615754,0.02924297286726634,0.0011024419714385644,-0.0006342511569436117
320,2011-06-09,74.19000244140625,1542.0999755859375,37.42300033569336,2.997999906539917,17.770000457763672,0.0025972354470182937,0.02171828041041213,0.006118291240657818,0.028488595668702453,0.0007940065172842238,-0.001326338869865077
321,2011-06-10,74.79000091552734,1528.5999755859375,36.32600021362305,2.9709999561309814,18.860000610351562,-0.008792840194646422,-0.029751753426221886,0.005991654819303822,0.023100814584294676,0.0008644814969166672,0.0010832185966611247
322,2011-06-13,74.51000213623047,1515.0,34.736000061035156,2.990999937057495,19.610000610351562,-0.008936828893796012,-0.044757129314920756,0.006319460235512786,0.02478480456153255,0.00026476184555315676,-7.807529419004587e-05
323,2011-06-14,74.33000183105469,1523.800048828125,35.40999984741211,3.0989999771118164,18.260000228881836,0.0057918081390966525,0.01921764692158588,0.006070215502299067,0.025109806329823875,0.0009596110063329726,0.0005396151743900922
324,2011-06-15,75.5999984741211,1525.5999755859375,35.40599822998047,2.9730000495910645,21.31999969482422,0.0011805122007180974,-0.00011301450363029658,0.0060319583699888196,0.024393557376777807,0.0011115810769060294,0.0017492255793443415
325,2011-06-16,75.75,1529.300048828125,35.553001403808594,2.9089999198913574,22.729999542236328,0.0024223869992080686,0.00414333304836809,0.005731526585276403,0.023929415838448636,0.0015668176092670089,0.0028494021733283144
326,2011-06-17,74.98999786376953,1538.5999755859375,35.73899841308594,2.944000005722046,21.850000381469727,0.006062749874629463,0.00521790472309066,0.005450979360529364,0.021725556981262294,0.0013497832560994617,0.0008672504265235496
327,2011-06-20,75.02999877929688,1541.5,36.064998626708984,2.9630000591278076,19.989999771118164,0.00188307216908332,0.009080342794949132,0.005387849139246816,0.021756075668802725,0.0015478314290967104,0.001526795814469973
328,2011-06-21,74.54000091552734,1546.0,36.37300109863281,2.984999895095825,18.860000610351562,0.0029149818211622793,0.008503943489385865,0.004943402107559802,0.02180138597841689,0.0011598230907595352,0.0017208843841802787
329,2011-06-22,74.77999877929688,1552.9000244140625,36.73400115966797,2.993000030517578,18.520000457763672,0.004453216149369516,0.009876016908877495,0.004948416797018879,0.02181078799827708,0.0011671759491055475,0.002437489438177812
330,2011-06-23,75.44999694824219,1520.0999755859375,35.005001068115234,2.9089999198913574,19.290000915527344,-0.02134806020758979,-0.04821184933329872,0.006880581873918096,0.023168867271493396,-9.701175674635591e-05,-0.0014944490446579832
331,2011-06-24,75.66999816894531,1500.5,34.64099884033203,2.871000051498413,21.100000381469727,-0.012977720208725198,-0.010453020781297957,0.007403832543500242,0.021055827504131427,-0.0008211732615002522,-0.003953780016218749
332,2011-06-27,75.38999938964844,1496.0,33.58000183105469,2.927000045776367,20.559999465942383,-0.003003506345999306,-0.031107211983555864,0.007410439833776334,0.021863322479057784,-0.0008455189542199433,-0.005036163538408685
333,2011-06-28,75.05999755859375,1499.699951171875,33.632999420166016,3.0450000762939453,19.170000076293945,0.002470175994616231,0.0015770044220087727,0.007119763494545511,0.02148156762600254,-0.0011481859233576713,-0.00563372150603967
334,2011-06-29,74.69000244140625,1509.9000244140625,34.75,3.1080000400543213,17.270000457763672,0.0067783840907091756,0.032671861411266774,0.007326335198885095,0.022775717131738777,-0.0008130049855924348,-0.004635651749526788
335,2011-06-30,74.30000305175781,1502.300048828125,34.8120002746582,3.1579999923706055,16.520000457763672,-0.0050461400491239716,0.0017825908062226445,0.00728686927529097,0.022658021309193185,-0.0012543981482988657,-0.003781242381471298
336,2011-07-01,74.3499984741211,1482.300048828125,33.694000244140625,3.197000026702881,15.869999885559082,-0.013402331110025908,-0.03264237560719249,0.007671606345182573,0.022094794957783503,-0.00157043346856849,-0.0034161596522652173
337,2011-07-05,74.69000244140625,1512.300048828125,35.402000427246094,3.135999917984009,16.059999465942383,0.02003673458342358,0.04944854057755017,0.00886804286221982,0.024930700898915935,-0.000916855664317082,-0.0010443627673625197
338,2011-07-06,75.12000274658203,1528.699951171875,35.9109992980957,3.0950000286102295,16.34000015258789,0.010785966022019792,0.014275307913483857,0.009194531977476071,0.02486948930679525,-0.0005512687647182246,-0.001133421397971612
339,2011-07-07,74.95999908447266,1530.199951171875,36.52799987792969,3.1489999294281006,15.949999809265137,0.0009807448220736925,0.017035450744745807,0.009193425270481089,0.025126304227113226,-0.00040593326940225417,-0.0006628260976013461
340,2011-07-08,75.18000030517578,1541.199951171875,36.5359992980957,3.0160000324249268,15.949999809265137,0.007162888181999511,0.00021897022577998927,0.009310113148774514,0.02500497891853431,9.587759453433615e-05,-0.00010805526439955715
341,2011-07-11,75.98999786376953,1548.800048828125,35.68899917602539,2.9170000553131104,18.389999389648438,0.004919166978621315,-0.023455561702454508,0.009354984592504886,0.02497651045888733,0.00020644576270590855,-0.0022591906031074922
342,2011-07-12,75.80999755859375,1561.9000244140625,35.62900161743164,2.9079999923706055,19.8700008392334,0.008422575445943223,-0.0016825365848821112,0.009280946856593633,0.02416970714925361,0.001026227459876844,-0.0009225612297103601
343,2011-07-13,75.20999908447266,1585.199951171875,38.14799880981445,2.8910000324249268,19.90999984741211,0.014807507019099199,0.0683133421334511,0.009451278634479967,0.02640722397977433,0.0021569101223956636,0.004461746934497824
344,2011-07-14,75.25,1589.0,38.68899917602539,2.944000005722046,20.799999237060547,0.002394336022937679,0.014082000091546084,0.009414955087667898,0.02628724624853619,0.001995125735911903,0.004217192323543547
345,2011-07-15,75.12999725341797,1589.800048828125,39.0629997253418,2.9079999923706055,19.530000686645508,0.0005033653156717735,0.009620419774489006,0.009419043224589361,0.02629288788438627,0.0019628806461477926,0.004680689193930181
346,2011-07-18,75.4800033569336,1602.0999755859375,40.33300018310547,2.9089999198913574,20.950000762939453,0.007707000561492735,0.0319942765879721,0.009502161356800761,0.026958417482571325,0.002214528911018491,0.00600692460057799
347,2011-07-19,75.22000122070312,1600.9000244140625,40.21099853515625,2.8910000324249268,19.209999084472656,-0.0007492670796208777,-0.0030294433650377523,0.00948047202689825,0.02703046417361036,0.001890147151292284,0.005614193739238542
348,2011-07-20,74.79000091552734,1596.699951171875,39.54600143432617,2.933000087738037,19.09000015258789,-0.0026270175692549437,-0.01667596603802142,0.00953158724813862,0.027446463364263363,0.0016753809732761764,0.00438770284243042
349,2011-07-21,74.0199966430664,1586.800048828125,38.9370002746582,3.009999990463257,17.559999465942383,-0.00621952835338731,-0.015519625140809552,0.009679470010099854,0.027765124549919556,0.0012404042982976243,0.003243723383849686
350,2011-07-22,74.19999694824219,1601.300048828125,40.112998962402344,2.9639999866485596,17.520000457763672,0.009096389409616087,0.029755483006125964,0.009808696431742045,0.02833558732744666,0.0014615077868807944,0.004190364626575804
351,2011-07-25,74.05999755859375,1612.0,40.354000091552734,3.003999948501587,19.350000381469727,0.0066598142453403505,0.0059900792274560095,0.008347461221580706,0.02566657315878338,0.002795216094163182,0.0067714088437546005
352,2011-07-26,73.47000122070312,1616.5999755859375,40.691001892089844,2.9509999752044678,20.229999542236328,0.002849519131065562,0.008316459612275874,0.0075262572471973405,0.025361772300409223,0.003548894157962742,0.007665193624400973
353,2011-07-27,74.08999633789062,1615.0,40.553001403808594,2.9800000190734863,22.979999542236328,-0.0009902065408822639,-0.0033971890946673145,0.007451065118155818,0.023923735801484384,0.0036447655772540296,0.008984718523871857
354,2011-07-28,74.22000122070312,1613.4000244140625,39.77899932861328,2.9509999752044678,23.739999771118164,-0.0009911880218249835,-0.019270677207330868,0.007516346543468351,0.024667488102392655,0.003479938719328258,0.007991971779617588
355,2011-07-29,73.9000015258789,1628.300048828125,40.09199905395508,2.805000066757202,25.25,0.009192787122422025,0.007837671594265377,0.007587452189386947,0.024011724026136997,0.0035949102922669647,0.006809391312141331
356,2011-08-01,74.26000213623047,1619.0,39.29800033569336,2.740000009536743,23.65999984741211,-0.005727881079718918,-0.020003154028514773,0.00762762469758233,0.024700506866294217,0.0035624464336672054,0.005771974891439549
357,2011-08-02,74.51000213623047,1641.9000244140625,40.08100128173828,2.624000072479248,24.790000915527344,0.014045448009743734,0.019728803006606264,0.006891398805149806,0.02322802707133865,0.004869483534608617,0.00826584053971568
358,2011-08-03,74.04000091552734,1663.4000244140625,41.74700164794922,2.5989999771118164,23.3799991607666,0.013009592424413104,0.040725193358465125,0.006259760199103845,0.022521984791568528,0.0045348577175128805,0.007850443053092584
359,2011-08-04,75.12000274658203,1656.199951171875,39.417999267578125,2.4579999446868896,31.65999984741211,-0.004337922994214685,-0.057405085712922486,0.006373577632012621,0.026567960690081046,0.003814672526263619,0.004437090975644663
360,2011-08-05,74.5999984741211,1648.800048828125,38.196998596191406,2.558000087738037,32.0,-0.004478011926987636,-0.03146560444404908,0.006602152498433131,0.027509451825999016,0.0035547317286892706,0.002127516919035381
361,2011-08-08,74.79000091552734,1710.199951171875,39.374000549316406,2.3389999866485596,48.0,0.03656251398014516,0.030348772203788225,0.009764999478181817,0.02818241179063863,0.004954713909553349,0.0035622693941786306
362,2011-08-09,74.61000061035156,1740.0,37.87699890136719,2.181999921798706,35.060001373291016,0.01727481903784,-0.038761675238506814,0.010128223924646492,0.029099109716548596,0.005543078293325667,0.0028334068448428065
363,2011-08-10,74.63999938964844,1781.300048828125,39.32500076293945,2.13700008392334,42.9900016784668,0.023458349001375355,0.037516429634581745,0.010847853166208928,0.030037070909753202,0.006259067510251007,0.004700024283864894
364,2011-08-11,74.68000030517578,1748.800048828125,38.65599822998047,2.3359999656677246,39.0,-0.018413595866744945,-0.017158511821867367,0.011909299939168479,0.02657797582420828,0.004677110229972714,0.0006299360002783011
365,2011-08-12,74.61000061035156,1740.199951171875,39.10100173950195,2.236999988555908,36.36000061035156,-0.004929845270197219,0.011446130075896302,0.012085438713748021,0.02651742555007877,0.0043283396922043854,0.0005044183804854543
366,2011-08-15,73.83999633789062,1755.5,39.29800033569336,2.2850000858306885,31.8700008392334,0.008753695535478829,0.005025548938008094,0.012088979676840963,0.02645733444901793,0.004721212559814245,0.0002856150073196967
367,2011-08-16,74.01000213623047,1782.4000244140625,39.82099914550781,2.2139999866485596,32.849998474121094,0.015207067821775111,0.013220754333676834,0.012290704218338054,0.025636796242216184,0.005078358619827692,-0.0006083622428848396
368,2011-08-17,73.66999816894531,1791.199951171875,40.349998474121094,2.1649999618530273,31.579999923706055,0.004924974594275577,0.01319696702894375,0.012218341372009587,0.025804160507818218,0.005348560604298952,0.00016432396635237488
369,2011-08-18,74.23999786376953,1818.9000244140625,40.6870002746582,2.0829999446868896,42.66999816894531,0.015346177143689726,0.008317280957437832,0.012261152378961259,0.02556386463563436,0.006204427019201079,0.0013544785851837677
370,2011-08-19,73.98999786376953,1848.9000244140625,42.428001403808594,2.071000099182129,43.04999923706055,0.016358944672721858,0.04189991687275384,0.012106199077946043,0.026713686108775385,0.007279592401396753,0.0040887424905915485
371,2011-08-22,74.06999969482422,1888.699951171875,43.32099914550781,2.0880000591278076,42.439998626708984,0.021297855008082015,0.020828931437480633,0.012484636028740302,0.02635344230238373,0.007860614572752275,0.0036636686063703417
372,2011-08-23,73.87000274658203,1858.300048828125,42.28099822998047,2.13700008392334,36.27000045776367,-0.016226618293730788,-0.024299715463605084,0.013548308524681345,0.02703971889571543,0.006770784451844125,0.002221297430605528
373,2011-08-24,74.01000213623047,1754.0999755859375,39.15700149536133,2.259999990463257,35.900001525878906,-0.05770622662385005,-0.07675852657184658,0.019542802951955936,0.0319991676757406,0.003887177511133857,-0.0018298923876860175
374,2011-08-25,74.27999877929688,1759.800048828125,40.7400016784668,2.2219998836517334,39.7599983215332,0.0032443030264157724,0.03963120786604276,0.01951178297369933,0.03324705784300542,0.004088820823862336,0.0002190788961573192
375,2011-08-26,73.80999755859375,1794.0999755859375,40.946998596191406,2.187999963760376,35.59000015258789,0.019303295859500823,0.005068061260477389,0.01974873994297675,0.0329566312345083,0.005055224818211183,0.0013780664422434268
376,2011-08-29,73.72000122070312,1788.4000244140625,40.54100036621094,2.2709999084472656,32.279998779296875,-0.003182110806197841,-0.009964696510326474,0.019803656951000323,0.03301108221901377,0.00446594396446738,0.0005303346277390529
377,2011-08-30,73.94000244140625,1826.699951171875,41.39799880981445,2.1760001182556152,32.88999938964844,0.021189654541231392,0.020918724987477127,0.019981194209557098,0.03294613059575834,0.005747731374988824,0.002478995533262477
378,2011-08-31,74.12999725341797,1828.5,41.69900131225586,2.2179999351501465,31.6200008392334,0.0009849250370358045,0.007244637435816986,0.019913151354043618,0.03273124216395724,0.005125801709621779,0.0018845114584629876
379,2011-09-01,74.4800033569336,1826.0,41.481998443603516,2.1459999084472656,31.81999969482422,-0.001368176434522178,-0.005217618484700669,0.019875670695924025,0.03151826012748579,0.00444114604967248,-0.00030324148644966944
380,2011-09-02,74.75,1873.699951171875,43.02000045776367,1.996000051498413,33.91999816894531,0.02578727738981788,0.03640557379341887,0.020293121220618715,0.0296106926386373,0.005875679401293079,0.004163932775757061
381,2011-09-06,75.91999816894531,1869.9000244140625,41.81800079345703,1.9789999723434448,37.0,-0.0020300930054706666,-0.028338246657015433,0.020237628742970554,0.029429852517835194,0.005992246968984362,0.004312854575139617
382,2011-09-07,75.45999908447266,1814.199951171875,41.571998596191406,2.0360000133514404,33.380001068115234,-0.030240394272829024,-0.005900057865238974,0.020441366499712812,0.028884414995287683,0.002811156099795116,0.0025867198099478452
383,2011-09-08,76.23999786376953,1854.4000244140625,42.479000091552734,1.9859999418258667,34.31999969482422,0.021916634484533216,0.021583008364159145,0.020629814619594674,0.027535389908870507,0.003032194930590031,0.005460276171979557
384,2011-09-09,77.19000244140625,1856.4000244140625,41.573001861572266,1.9149999618530273,38.52000045776367,0.0010779347673495778,-0.021558875454774765,0.0200929400770598,0.027111073577780403,0.001966460919445946,0.0026471664058197236
385,2011-09-12,77.56999969482422,1809.9000244140625,40.16400146484375,1.9299999475479126,38.59000015258789,-0.025367532914311625,-0.03447985437868207,0.020498808010913205,0.027992918660095865,0.0016353210600380094,0.0018223405697809288
386,2011-09-13,76.91000366210938,1826.800048828125,41.12300109863281,1.99399995803833,36.90999984741211,0.009294220435614686,0.023596493911131302,0.020506030149353788,0.02832537402014023,0.0023126575222195286,0.002400929323839738
387,2011-09-14,76.83000183105469,1823.5,40.46900177001953,2.010999917984009,34.599998474121094,-0.001808097790882968,-0.016031309741209813,0.020469644755381912,0.02859919684636464,0.0018097149828689668,0.0013982217676865045
388,2011-09-15,76.23999786376953,1778.5,39.452999114990234,2.0850000381469727,31.969999313354492,-0.02498741886022498,-0.025426225062735553,0.021025925982361936,0.029040434389079037,-0.00010430819246437088,-0.0004421105845236094
389,2011-09-16,76.58000183105469,1812.0999755859375,40.78099822998047,2.0759999752044678,30.979999542236328,0.018716067856801296,0.03310617567109746,0.021402858767456352,0.029822411528090672,0.0005524105343225681,0.0005059469698646623
390,2011-09-19,77.38999938964844,1776.4000244140625,39.11000061035156,1.940000057220459,32.72999954223633,-0.01989752208380255,-0.04183803889358739,0.021565995212177093,0.031144608201898114,-0.0011258608574627783,-0.001882401594469872
391,2011-09-20,77.02999877929688,1806.5999755859375,40.08100128173828,1.9470000267028809,32.86000061035156,0.01685775404041713,0.024524234170415056,0.021586480864266813,0.030137828827960594,-0.0011021080304296701,-0.002709815056486004
392,2011-09-21,77.33999633789062,1805.5,40.41999816894531,1.875,37.31999969482422,-0.0006090504844132633,0.008422228130903393,0.02097040164982596,0.02977271780095011,-0.0021452940062627788,-0.003300610452037302
393,2011-09-22,78.37999725341797,1739.199951171875,36.53799819946289,1.715000033378601,41.349998474121094,-0.0374123524256167,-0.10097190103886756,0.022157688859603234,0.03643286882786814,-0.0031541384887335366,-0.006951666908002182
394,2011-09-23,78.30000305175781,1637.5,30.051000595092773,1.8079999685287476,41.25,-0.060254520782488684,-0.19545680753539885,0.02247607352436277,0.05316829450974954,-0.00327548582962109,-0.01260396600150467
395,2011-09-26,78.36000061035156,1592.5,29.927000045776367,1.9040000438690186,39.02000045776367,-0.027865580063088598,-0.004134873609091276,0.023042955336356096,0.05186007621797953,-0.004756908833883204,-0.014688065119368194
396,2011-09-27,77.51000213623047,1650.5999755859375,31.496999740600586,2.0160000324249268,37.709999084472656,0.03583373492124241,0.051131210473821034,0.024161178117579073,0.05367969069788587,-0.0039697450690383655,-0.01249458182349469
397,2011-09-28,77.8499984741211,1616.300048828125,30.084999084472656,2.002000093460083,41.08000183105469,-0.020999226741982634,-0.04586561672426888,0.02444331891368328,0.05416457997068161,-0.004818179161218595,-0.01420414945273004
398,2011-09-29,77.91999816894531,1615.5,30.472000122070312,1.9570000171661377,38.84000015258789,-0.0004951103610251582,0.012781554941327116,0.023737529822793285,0.05392934886273299,-0.005850787013707002,-0.014591633740641948
399,2011-09-30,78.55000305175781,1620.4000244140625,30.041000366210938,1.9240000247955322,42.959999084472656,0.003028541130671231,-0.014245105701976311,0.023771120163139463,0.05369767211450221,-0.005753471961629124,-0.015614954842441625
400,2011-10-03,79.44999694824219,1656.0,30.75,1.784999966621399,45.45000076293945,0.021732008549980777,0.023326866772217306,0.024507277991787254,0.054331556790829495,-0.004653463152843269,-0.014255693639731247
401,2011-10-04,79.5999984741211,1614.699951171875,29.795000076293945,1.781000018119812,40.81999969482422,-0.025255905297380518,-0.0315493974929555,0.023859891505131587,0.053174698157637285,-0.007084090899852717,-0.01749164465336812
402,2011-10-05,78.91000366210938,1640.300048828125,30.316999435424805,1.9049999713897705,37.810001373291016,0.015730031038416675,0.017367995905834877,0.024357554908389742,0.05364188530028505,-0.006238370707286652,-0.015315156912280012
403,2011-10-06,78.52999877929688,1651.9000244140625,31.969999313354492,1.9859999418258667,36.27000045776367,0.007046973654236468,0.05308934892853609,0.023874678870555166,0.05566590837948487,-0.004462781758378772,-0.012506137541147867
404,2011-10-07,78.72000122070312,1634.5,30.95800018310547,2.068000078201294,36.20000076293945,-0.010589208176212384,-0.03216648852761518,0.023120715405972735,0.055254300654918646,-0.0060106790279380855,-0.01506563739313712
405,2011-10-10,77.5999984741211,1669.5999755859375,31.944000244140625,2.0759999752044678,33.02000045776367,0.021247114976023947,0.03135292433736234,0.023837698374727347,0.05614265689995955,-0.005050241875144069,-0.012546027879225832
406,2011-10-11,77.58000183105469,1659.699951171875,31.96299934387207,2.1600000858306885,32.86000061035156,-0.005947228433466604,0.0005945858955562298,0.02338244010626958,0.05597899594032857,-0.004125465471294306,-0.010875816437595434
407,2011-10-12,76.98999786376953,1681.300048828125,32.75400161743164,2.2260000705718994,31.260000228881836,0.012930499019946673,0.024446178109622817,0.02349995576320307,0.05600545887168476,-0.0039523093482308775,-0.010835355285286317
408,2011-10-13,76.98999786376953,1667.300048828125,31.632999420166016,2.1689999103546143,30.700000762939453,-0.008361751874610192,-0.03482428025444754,0.02351356916905882,0.056242279983395344,-0.004264388114122651,-0.01173025864305954
409,2011-10-14,76.62000274658203,1681.800048828125,32.13999938964844,2.2320001125335693,28.239999771118164,0.008659096579891053,0.015900480164541937,0.023174794715653608,0.056461682129406686,-0.002662173093164744,-0.009762320298903468
410,2011-10-17,77.13999938964844,1675.5,31.791000366210938,2.1549999713897705,33.38999938964844,-0.0037530492546851966,-0.010918098938827045,0.02265120528391701,0.055601154047714034,-0.0037321310508545767,-0.011858714327947493
411,2011-10-18,77.12999725341797,1651.699951171875,31.801000595092773,2.1510000228881836,31.559999465942383,-0.0143065972126657,0.000314512165464084,0.022483942032543756,0.05522435280661153,-0.003465896533181394,-0.009851449991802184
412,2011-10-19,77.11000061035156,1646.0,31.25200080871582,2.1589999198913574,34.439998626708984,-0.0034569287276842464,-0.017414354533852504,0.02199755732343405,0.054674645946393055,-0.004433262379281459,-0.011848525644386354
413,2011-10-20,76.97000122070312,1611.9000244140625,30.266000747680664,2.180000066757202,34.779998779296875,-0.020934479687990067,-0.032058405043263793,0.02226639128008272,0.054637826408937405,-0.005401139960404164,-0.01377617484315622
414,2011-10-21,76.30000305175781,1635.0999755859375,31.17300033569336,2.203000068664551,31.31999969482422,0.014290327060280541,0.029527351338857,0.021391103399401895,0.051559183087495845,-0.002939107603932867,-0.0075619247299312424
415,2011-10-24,76.0199966430664,1651.5,31.6200008392334,2.2339999675750732,29.260000228881836,0.009980016221538872,0.014237512015205307,0.017027233675346923,0.028498969130796352,0.00040539415816368316,0.002423519058192765
416,2011-10-25,76.25,1699.5999755859375,33.034000396728516,2.128000020980835,32.220001220703125,0.028708949045218982,0.04374748778605488,0.01680470731919231,0.029832285815184618,0.0030994193537973776,0.004703631505580678
417,2011-10-26,76.19999694824219,1722.699951171875,33.29100036621094,2.203000068664551,29.860000610351562,0.013499884232308428,0.007749755078233736,0.01526572237485531,0.027895741270368604,0.002035902654324331,0.002637847915314616
418,2011-10-27,74.87000274658203,1746.699951171875,35.095001220703125,2.3949999809265137,25.459999084472656,0.013835466371475074,0.05277160377837116,0.014511503193156637,0.027623318912610804,0.003694697564488984,0.007334858415440333
419,2011-10-28,75.08999633789062,1746.199951171875,35.27000045776367,2.305999994277954,24.530000686645508,-0.00028629506564424703,0.004974052261594385,0.014508559945762427,0.027598876008499064,0.0037046411499833134,0.006963072573548296
420,2011-10-31,76.16999816894531,1724.199951171875,34.33700180053711,2.174999952316284,29.959999084472656,-0.012678823957671361,-0.02680921481384149,0.014943524379312106,0.028211010896443543,0.002956671383871761,0.006364781663459478
421,2011-11-01,77.26000213623047,1711.0,32.72200012207031,2.000999927520752,34.77000045776367,-0.007685151564337731,-0.04817590412154655,0.01446669531219798,0.030299123292286855,0.0015558542355708794,0.0029598878113754864
422,2011-11-02,77.01000213623047,1728.699951171875,33.92900085449219,2.00600004196167,32.7400016784668,0.010291657790972557,0.03622249281185469,0.013196545871174767,0.030047904995739828,0.0032485953350162643,0.0061871206830331135
423,2011-11-03,76.66999816894531,1764.199951171875,34.487998962402344,2.065999984741211,30.5,0.020327649464295328,0.016341276255807304,0.013449679801712184,0.030029632531497156,0.00346752954577239,0.0061382292711270395
424,2011-11-04,76.91000366210938,1755.300048828125,34.06999969482422,2.049999952316284,30.15999984741211,-0.005057491867623223,-0.012194184643515647,0.013547627566572542,0.028252696198959957,0.0028911264256838336,0.0030294895772198134
425,2011-11-07,76.95999908447266,1790.300048828125,34.8120002746582,1.99399995803833,29.850000381469727,0.01974342055110007,0.021544940101465244,0.013655094050667742,0.027323053321921743,0.004335537317460617,0.0055871766547950725
426,2011-11-08,76.66999816894531,1798.4000244140625,35.137001037597656,2.065000057220459,27.479999542236328,0.00451416344386881,0.009292573032984518,0.013095666043619761,0.02669987530166368,0.003538730101643705,0.004536683735538985
427,2011-11-09,77.93000030517578,1790.9000244140625,34.347999572753906,1.9550000429153442,36.15999984741211,-0.00417909386982646,-0.022710955478517474,0.013037181268633874,0.027348396961293833,0.0036229269856265698,0.0034268960510592857
428,2011-11-10,77.63999938964844,1758.9000244140625,34.095001220703125,2.055999994277954,32.810001373291016,-0.01802967288639984,-0.007392998595880048,0.01366733642681438,0.027005261728700113,0.002148633085324355,0.0019107447793686727
429,2011-11-11,76.94000244140625,1787.5,34.67100143432617,2.055999994277954,30.040000915527344,0.016129368049582097,0.016752862255424425,0.013770170371672715,0.025816499897913337,0.0033148768912382733,0.004366799184600671
430,2011-11-14,77.55999755859375,1777.800048828125,34.01300048828125,2.0429999828338623,31.1299991607666,-0.005441323295111503,-0.019160825196231912,0.013840149009716305,0.026164688788644943,0.002643428325761961,0.0026972132150400114
431,2011-11-15,77.87999725341797,1781.699951171875,34.448001861572266,2.056999921798706,31.219999313354492,0.002191265011515344,0.012708175827270515,0.013763359701562136,0.02605770561869174,0.002926490909866749,0.0038222739181875145
432,2011-11-16,78.16000366210938,1773.800048828125,33.81399917602539,2.0239999294281006,33.5099983215332,-0.004443771814802084,-0.018576101115153294,0.01330659741173187,0.026507046370472367,0.0033961492621459688,0.002922720904824782
433,2011-11-17,78.29000091552734,1719.800048828125,31.493000030517578,1.9579999446868896,34.5099983215332,-0.030916132101222654,-0.07110959366354466,0.015224607601302072,0.030807761103837216,0.00208856814912033,0.000365804755791822
434,2011-11-18,78.0199966430664,1724.699951171875,32.41299819946289,2.01200008392334,32.0,0.0028450606177295172,0.02879422145989886,0.01428173326921158,0.03046545013555846,0.0032209272112974537,0.0032635488749900438
435,2011-11-21,78.30000305175781,1678.300048828125,31.113000869750977,1.9620000123977661,32.90999984741211,-0.02727168857833799,-0.040933755112984076,0.015498982080777195,0.031297020543592353,0.0012417836094584754,-9.174190843095943e-05
436,2011-11-22,78.2300033569336,1702.199951171875,32.948001861572266,1.9390000104904175,31.969999313354492,0.014140097949622513,0.05730485134902172,0.015642177926793354,0.033608620688811985,0.0014398827393672202,0.0019590837741317265
437,2011-11-23,79.0,1695.699951171875,31.881999969482422,1.878999948501587,33.97999954223633,-0.003825897239736137,-0.03288903132506143,0.014365367264790424,0.03299941969946332,-0.000109395655154452,-0.0016902742787785739
438,2011-11-25,79.61000061035156,1685.5,31.011999130249023,1.9670000076293945,34.470001220703125,-0.006033350443704364,-0.027667387943165395,0.014069448029919475,0.03339550732802012,-0.0010395496873455373,-0.003376804898845199
439,2011-11-28,79.29000091552734,1710.800048828125,32.15999984741211,1.9579999446868896,32.130001068115234,0.014898870219744323,0.03634924125503173,0.014127456662075507,0.03218529988128152,-0.0009889114088565253,-0.004158822161861362
440,2011-11-29,79.0,1713.4000244140625,31.85300064086914,1.996000051498413,30.639999389648438,0.0015185888849821511,-0.009591850341340136,0.014137431518269973,0.03213555340194848,-0.0009029645540647922,-0.0048524365715249115
441,2011-11-30,78.38999938964844,1745.5,32.73099899291992,2.068000078201294,27.799999237060547,0.018561332766248943,0.027191021062662142,0.014475934717343403,0.032449730784262575,0.0005846619565980795,-0.0022809967678818813
442,2011-12-01,78.31999969482422,1735.300048828125,32.69499969482422,2.117000102996826,27.40999984741211,-0.005860710310486896,-0.0011004586082200094,0.014429220739035208,0.03069953033275899,0.0006715401115433574,-3.930888629490277e-05
443,2011-12-02,78.62999725341797,1747.0,32.62099838256836,2.0420000553131104,27.520000457763672,0.006719693899452695,-0.0022659484995275875,0.014330865561586699,0.02955395232179103,0.0005014465928995544,-0.001872091805884535
444,2011-12-05,78.61000061035156,1730.699951171875,32.305999755859375,2.053999900817871,27.84000015258789,-0.009374108416037587,-0.009703239245254965,0.013729372096295437,0.029296775634382426,-0.0009129228299734416,-0.0031123068297446424
445,2011-12-06,78.51000213623047,1727.9000244140625,32.672000885009766,2.0929999351501465,28.1299991607666,-0.0016191102696168865,0.011265505135531156,0.013697940423099141,0.029380312068969357,-0.0007491903729255208,-0.001995178745028129
446,2011-12-07,78.4800033569336,1740.9000244140625,32.55500030517578,2.0169999599456787,28.670000076293945,0.007495422440086814,-0.0035874930069824617,0.013026040220768255,0.028881114034908287,-0.0013324283782118662,-0.003191961274001829
447,2011-12-08,78.80999755859375,1709.800048828125,31.466999053955078,1.972000002861023,30.59000015258789,-0.018025801738556786,-0.03399162848007782,0.013442186757153083,0.029483822278467662,-0.002405760053565466,-0.005253113727004798
448,2011-12-09,78.62999725341797,1712.800048828125,32.17300033569336,2.052000045776367,26.3799991607666,0.0017530536333202377,0.022188254339114567,0.013465368510825786,0.0297810097784098,-0.0021232768391299087,-0.003115056116641367
449,2011-12-12,79.56999969482422,1664.199951171875,30.934999465942383,2.009000062942505,25.670000076293945,-0.0287849886572218,-0.03923939020293365,0.014280490195774596,0.030803037757064184,-0.0026354347329785735,-0.004631550955072491
450,2011-12-13,80.25,1659.9000244140625,31.19499969482422,1.9620000123977661,25.40999984741211,-0.0025871238457042395,0.008369604060818435,0.013619565386076175,0.03056544861829256,-0.003526696251801733,-0.005030753726244204
451,2011-12-14,80.52999877929688,1584.300048828125,28.881000518798828,1.9010000228881836,26.040000915527344,-0.04661467407933018,-0.07707385835264143,0.016556016004916123,0.034289774380379945,-0.005487332003431194,-0.007788517209882753
452,2011-12-15,80.23999786376953,1574.5999755859375,29.225000381469727,1.9129999876022339,25.110000610351562,-0.00614144395555923,0.011840562983723034,0.01646237216599127,0.03426435688846312,-0.0058841276685299825,-0.007829832107194536
453,2011-12-16,80.25,1595.5999755859375,29.614999771118164,1.8539999723434448,24.290000915527344,0.013248569484948212,0.01325646158936212,0.016984218790059416,0.03446869564487661,-0.0050416352256847305,-0.006313995787931899
454,2011-12-19,80.25,1594.4000244140625,28.82200050354004,1.812999963760376,24.920000076293945,-0.0007523205194177364,-0.0271419801134974,0.01592930622546165,0.03154766251618397,-0.0036052632455987822,-0.004220299904596316
455,2011-12-20,79.87999725341797,1615.5999755859375,29.496000289916992,1.9249999523162842,23.219999313354492,0.013208884366838008,0.023115668874017514,0.01629547500333491,0.03127368002886762,-0.0031117478289745685,-0.004490707170590665
456,2011-12-21,80.0199966430664,1611.9000244140625,29.197999954223633,1.9670000076293945,21.43000030517578,-0.002292767028780258,-0.010154458550873782,0.015326621227609596,0.030182553705465364,-0.0019222753742337239,-0.003025026381918746
457,2011-12-22,79.91999816894531,1608.9000244140625,29.000999450683594,1.9509999752044678,21.15999984741211,-0.0018628917176543866,-0.006769919000710973,0.014879373344359017,0.026831471641536066,-0.0026843225012469093,-0.006076205922382207
458,2011-12-23,80.01000213623047,1604.699951171875,29.04599952697754,2.0299999713897705,20.729999542236328,-0.002613938054252313,0.001550470691038587,0.014877074373847924,0.02615465162497639,-0.002626610159081013,-0.004436229635901254
459,2011-12-27,79.79000091552734,1594.199951171875,28.69700050354004,2.009000062942505,21.90999984741211,-0.006564780411902857,-0.01208815866829199,0.014883609601850943,0.02567939212821022,-0.002651916348042846,-0.0036943615751929967
460,2011-12-28,80.48999786376953,1562.9000244140625,27.191999435424805,1.9079999923706055,23.520000457763672,-0.019828926896066693,-0.05386981360076566,0.014764868369094615,0.02618693880168897,-0.004305620972605275,-0.007990507044516683
461,2011-12-29,80.4800033569336,1539.9000244140625,27.27400016784668,1.8969999551773071,22.649999618530273,-0.014825590380464937,0.00301108195846628,0.014872885587967807,0.02629260582096716,-0.005083915223340851,-0.007390367411192568
462,2011-12-30,80.16999816894531,1565.800048828125,27.875,1.871000051498413,23.399999618530273,0.016679411569268512,0.021796356190549645,0.014728256016794564,0.025962115662977125,-0.005173530518435157,-0.007647256214626495
463,2012-01-03,79.61000061035156,1599.699951171875,29.533000946044922,1.9600000381469727,22.969999313354492,0.021419174466295838,0.057778084450716895,0.01582670611431178,0.029625296202182096,-0.003874488386207408,-0.0048435160689628345
464,2012-01-04,80.08999633789062,1611.9000244140625,29.062999725341797,1.9950000047683716,22.219999313354492,0.007597541424776675,-0.016042436180783964,0.015857216972478126,0.029717753753091197,-0.003832686123096742,-0.005499539291879804
465,2012-01-05,80.94000244140625,1619.4000244140625,29.264999389648438,1.9930000305175781,21.479999542236328,0.004642102778981451,0.006926363836943633,0.015907209572040924,0.02982151990618556,-0.003165247494762502,-0.004707653430822728
466,2012-01-06,81.23999786376953,1616.0999755859375,28.652999877929688,1.9609999656677246,20.6299991607666,-0.0020399010801860334,-0.02113409642674692,0.015905429513138312,0.029791911556026188,-0.0031852851524086525,-0.006250491600455018
467,2012-01-09,81.05000305175781,1607.5,28.749000549316406,1.9600000381469727,21.06999969482422,-0.005335647136046096,0.0033448576766443553,0.015719988034203845,0.029861221172088812,-0.003796288465557838,-0.005920379663139454
468,2012-01-10,80.80000305175781,1631.0,29.783000946044922,1.972000002861023,20.690000534057617,0.01451314650923945,0.03533478956043254,0.01585039209552196,0.030429410266212754,-0.0022468147394723035,-0.0026191216612103906
469,2012-01-11,81.3499984741211,1639.199951171875,29.857999801635742,1.9040000438690186,21.049999237060547,0.00501496451589809,0.0025150112903207307,0.015907429731012276,0.029926161874676494,-0.002091485649825739,-0.003555942758772001
470,2012-01-12,80.7699966430664,1647.300048828125,30.091999053955078,1.9329999685287476,20.469999313354492,0.004929325457331257,0.007806520271744986,0.014736941119682169,0.028863388881952484,-0.00048604212056130763,-0.0013156613075968283
471,2012-01-13,81.43000030517578,1630.4000244140625,29.493000030517578,1.8530000448226929,20.90999984741211,-0.01031221515150508,-0.020106376171918475,0.01488765602724947,0.029053896083383362,-0.0008539036113137286,-0.002671660366298586
472,2012-01-17,81.18000030517578,1655.199951171875,30.106000900268555,1.850000023841858,22.200000762939453,0.015096419488760834,0.020571569253968573,0.010981495942981196,0.0239093164192593,0.002084719891928701,0.0019781219006828423
473,2012-01-18,80.5999984741211,1659.5,30.513999938964844,1.8969999551773071,20.889999389648438,0.002594534228530324,0.013461075349170685,0.01081855129875796,0.023945326953308872,0.0025007188530758225,0.0020552891561803495
474,2012-01-19,80.20999908447266,1654.0999755859375,30.48200035095215,1.972000002861023,19.8700008392334,-0.003259312671579746,-0.0010492357136954436,0.010596004056054303,0.023813861603097418,0.001714629226574491,0.0013740654750823704
475,2012-01-20,80.22000122070312,1663.699951171875,31.64699935913086,2.0280001163482666,18.280000686645508,0.005786968828130693,0.03750698014015115,0.01061594990486791,0.024119908285657857,0.0020260239574101304,0.004452587391922777
476,2012-01-23,79.69000244140625,1678.0,32.233001708984375,2.066999912261963,18.670000076293945,0.008558599710571272,0.018347488378512602,0.010417668303810303,0.023957331374945996,0.0018045818309212385,0.004225531177851115
477,2012-01-24,79.86000061035156,1664.199951171875,31.930999755859375,2.063999891281128,18.90999984741211,-0.008258109901121068,-0.009413508396110052,0.010614450565486022,0.02393563001561117,0.0015205178846192952,0.00426081451855415
478,2012-01-25,79.56999969482422,1699.800048828125,33.09199905395508,2.006999969482422,18.309999465942383,0.02116612766430104,0.035714215639974664,0.011407409120095632,0.024738612880675973,0.002617137855188601,0.00628386854906299
479,2012-01-26,79.41000366210938,1726.300048828125,33.70199966430664,1.930999994277954,18.56999969482422,0.015469792317014676,0.01826564007810566,0.01167226153141555,0.024847366586012398,0.0034782678728679816,0.007079828996066184
480,2012-01-27,78.9000015258789,1731.800048828125,33.74700164794922,1.8980000019073486,18.530000686645508,0.003180940101368302,0.0013344004935485424,0.011444510818142156,0.024499848400100572,0.00394234980207137,0.0077189984799633515
481,2012-01-30,79.16000366210938,1731.0,33.49700164794922,1.8370000123977661,19.399999618530273,-0.0004620820325050176,-0.007435641532170919,0.010139036646080558,0.02041893704943253,0.004864580509860021,0.009930149530848817
482,2012-01-31,79.27999877929688,1737.800048828125,33.233001708984375,1.7990000247955322,19.440000534057617,0.0039206973265626666,-0.007912522195664589,0.00908970550951619,0.02074061847426907,0.005757260876861335,0.00940997790446163
483,2012-02-01,78.91999816894531,1747.0999755859375,33.77799987792969,1.8459999561309814,18.549999237060547,0.005337283003577175,0.016266289798402108,0.008738455331448111,0.020610186160421592,0.005217159516590319,0.009146641409597462
484,2012-02-02,78.97000122070312,1756.800048828125,34.1510009765625,1.8250000476837158,17.979999542236328,0.005536743602649102,0.01098219737853861,0.007914533769328084,0.017363278309470154,0.004460853284988094,0.00691826583473183
485,2012-02-03,78.94000244140625,1737.9000244140625,33.724998474121094,1.9490000009536743,17.100000381469727,-0.010816498290285132,-0.012552539911291207,0.008544615372582276,0.01714789657962751,0.0035839942509375317,0.007084451371374342
486,2012-02-06,79.08999633789062,1722.800048828125,33.72200012207031,1.9010000228881836,17.760000228881836,-0.00872659929645173,-8.890987338683341e-05,0.008950222277732414,0.01721931435202279,0.002947389390202619,0.006750390718501463
487,2012-02-07,78.56999969482422,1746.4000244140625,34.165000915527344,1.965999960899353,17.649999618530273,0.01360563769312381,0.013051308054280482,0.009162964692939155,0.016025921280355983,0.003692415046074516,0.00837826712235991
488,2012-02-08,78.63999938964844,1729.300048828125,33.67300033569336,1.975000023841858,18.15999984741211,-0.009839809647734338,-0.014505415767850235,0.009433577177316,0.016762693436312093,0.003477931116946504,0.007528254101193502
489,2012-02-09,78.55999755859375,1739.0,33.88399887084961,2.046999931335449,18.6299991607666,0.005593504786632288,0.00624655398318426,0.009107026596463036,0.01550468554614169,0.00305318627301283,0.006143100026086441
490,2012-02-10,79.11000061035156,1723.300048828125,33.57600021362305,1.968999981880188,20.790000915527344,-0.009069149732669144,-0.009131360851641677,0.00946682444739188,0.015845492503079577,0.0023825141659381995,0.005588510876469184
491,2012-02-13,78.94000244140625,1723.0,33.69599914550781,1.9900000095367432,19.040000915527344,-0.0001741280936842106,0.00356757819904045,0.009463681167518436,0.01584282425495772,0.002139492568270796,0.005386656492054682
492,2012-02-14,79.58000183105469,1715.9000244140625,33.32600021362305,1.9240000247955322,19.540000915527344,-0.0041292190082160935,-0.011041231066170136,0.00914783169640004,0.01522492889815884,0.0024339209560464625,0.0058183300685188885
493,2012-02-15,79.66999816894531,1726.300048828125,33.38600158691406,1.930999994277954,21.139999389648438,0.006042679587632634,0.0017988184389826582,0.008724784872794938,0.014862176630334518,0.002002790484564167,0.0049243895535195596
494,2012-02-16,79.33999633789062,1726.800048828125,33.354000091552734,1.9930000305175781,19.219999313354492,0.000289594850629365,-0.0009589900212483471,0.008731464116257881,0.014780939096626174,0.001893031466568883,0.004237719773975796
495,2012-02-17,79.33000183105469,1724.5,33.20000076293945,2.009999990463257,17.780000686645508,-0.0013328595810797458,-0.004627809041721061,0.008684619480350193,0.014865327268488165,0.0019847673280212644,0.00406731152026029
496,2012-02-21,79.04000091552734,1757.0999755859375,34.41299819946289,2.0450000762939453,18.190000534057617,0.018727555492429694,0.035884448743269945,0.009397718611099665,0.014685966970807169,0.002600985740606931,0.003990048120408805
497,2012-02-22,79.20999908447266,1770.0,34.23899841308594,2.005000114440918,18.190000534057617,0.00731483769854934,-0.005069048754387752,0.009362146852985162,0.014428049954612422,0.002541758978129696,0.0028749749236040255
498,2012-02-23,78.80999755859375,1784.9000244140625,35.54399871826172,1.9839999675750732,16.799999237060547,0.008382858345699507,0.03740603068156916,0.009102995096167734,0.015969306888245324,0.003334186037502104,0.005104476784445892
499,2012-02-24,78.3499984741211,1775.0999755859375,35.332000732421875,1.9769999980926514,17.309999465942383,-0.005505659316442745,-0.005982239960409025,0.008317390453243196,0.014497489808952381,0.0020641009431809723,0.0031189312796657174
500,2012-02-27,78.55999755859375,1773.5999755859375,35.51599884033203,1.9220000505447388,18.190000534057617,-0.0008453800602883715,0.0051941769055041135,0.007744858709168634,0.014089520452707586,0.0012871879728332078,0.0024964806523989766
501,2012-02-28,78.2699966430664,1787.0,37.13999938964844,1.9290000200271606,17.959999084472656,0.007526870622585002,0.04471127297266061,0.007855267928768367,0.016824732133144973,0.0014941370452720986,0.00456204600854717
502,2012-02-29,78.7300033569336,1709.9000244140625,34.58300018310547,1.9769999980926514,18.43000030517578,-0.044103332626816365,-0.0713323023540564,0.012686043232817685,0.02354041374256788,-0.0005840177449332039,0.0015193478741716711
503,2012-03-01,78.77999877929688,1721.0999755859375,35.611000061035156,2.0369999408721924,17.260000228881836,0.0065287035581728,0.02929234347207697,0.012744976096974375,0.024186242280005325,-0.000459826971999388,0.0032910081440641263
504,2012-03-02,79.4000015258789,1708.800048828125,34.48099899291992,1.9859999418258667,17.290000915527344,-0.007172208750397793,-0.03224616212046726,0.012752815608976823,0.0251812920843945,-0.0010555170555220056,0.0009808913860227283
505,2012-03-05,79.31999969482422,1703.0,33.6510009765625,2.005000114440918,18.049999237060547,-0.0033999966776983195,-0.024365616136799464,0.012670678143735953,0.02565625681041992,-0.0014810761164909304,-0.0007023378289933704
506,2012-03-06,79.86000061035156,1671.4000244140625,32.74100112915039,1.944000005722046,20.8700008392334,-0.018729788488398846,-0.027414652710156667,0.013073461193012467,0.026198733307156157,-0.00185789945925825,-0.001410057486082202
507,2012-03-07,79.70999908447266,1683.300048828125,33.542999267578125,1.972000002861023,19.06999969482422,0.0070945682581275695,0.024200026356678006,0.013113649186186923,0.02678946670696878,-0.0011045105280878074,-0.00025344147512673334
508,2012-03-08,79.16000366210938,1698.0999755859375,33.78900146484375,2.0139999389648438,17.950000762939453,0.008753783142556369,0.007307173088321214,0.012882221115042877,0.026675912230715703,-0.0013355512209719713,-0.0005269717116009841
509,2012-03-09,80.04000091552734,1710.9000244140625,34.17499923706055,2.0380001068115234,17.110000610351562,0.0075095975253485605,0.011359011199173236,0.012865871981505515,0.026595215652031046,-0.0005093889746346904,0.0007046676677810859
510,2012-03-12,79.87000274658203,1699.199951171875,33.374000549316406,2.0309998989105225,15.640000343322754,-0.006862038788651917,-0.023717190101400207,0.012857558940754703,0.02708234750478972,-0.0011025100972672716,-0.0007221772886276982
511,2012-03-13,80.19000244140625,1693.699951171875,33.54399871826172,2.1070001125335693,14.800000190734863,-0.0032420672438592062,0.005080801473681098,0.01273936791301517,0.027039242557642236,-0.0008250299787525126,-4.540765408851846e-05
512,2012-03-14,80.55999755859375,1642.5,32.14699935913086,2.2739999294281006,15.3100004196167,-0.030695984709045214,-0.042538857860849,0.014306150826897781,0.028560307832715185,-0.0022784517223411317,-0.0022409522283689687
513,2012-03-15,80.1500015258789,1659.0999755859375,32.69300079345703,2.2809998989105225,15.420000076293945,0.010055800575299199,0.016841898182231477,0.01454724340487919,0.028778039903497483,-0.001602974599316594,-0.0009131841689212727
514,2012-03-16,79.77999877929688,1655.5,32.573001861572266,2.2980000972747803,14.470000267028809,-0.002172193946763881,-0.003677230479030269,0.01444143390650099,0.02877704697315425,-0.001994159053335476,-0.0011739484031123646
515,2012-03-19,79.44999694824219,1666.9000244140625,32.92599868774414,2.378999948501587,15.039999961853027,0.006862550608128275,0.010778797870973062,0.014564114663009955,0.028895181121041433,-0.0016811611601212418,-0.0006150061225303927
516,2012-03-20,79.58999633789062,1646.699951171875,31.80500030517578,2.371999979019165,15.579999923706055,-0.012192373023583716,-0.03463905964514753,0.014742824205345265,0.029830583448645153,-0.002198280847859526,-0.0020441132941221296
517,2012-03-21,79.62999725341797,1650.0,32.19900131225586,2.2939999103546143,15.130000114440918,0.002002032322780702,0.01231191719606791,0.013988295489409138,0.028756159139277534,-0.002994734332128526,-0.003166614796369846
518,2012-03-22,79.73999786376953,1642.300048828125,31.319000244140625,2.2750000953674316,15.569999694824219,-0.0046775598195612,-0.02771048699408819,0.013789750510954166,0.029251243562415163,-0.0035658008806099804,-0.004244778522069866
519,2012-03-23,79.33999633789062,1662.300048828125,32.24800109863281,2.236999988555908,14.819999694824219,0.012104486840182692,0.029231109955149336,0.01397367577719975,0.028718781182339132,-0.0033885804761107814,-0.004634060461423191
520,2012-03-26,78.93000030517578,1685.5,32.72600173950195,2.24399995803833,14.260000228881836,0.013860040758867789,0.014713862277107418,0.01445760460558171,0.02902369357614462,-0.0024664042820483744,-0.0036485317834462176
521,2012-03-27,79.04000091552734,1684.800048828125,32.60100173950195,2.187000036239624,15.59000015258789,-0.00041536431284905714,-0.003826906054076369,0.014460319599939101,0.028952943599338872,-0.0024459273416941214,-0.00407810716247386
522,2012-03-28,79.16000366210938,1657.9000244140625,31.81599998474121,2.196000099182129,15.470000267028809,-0.01609513538995114,-0.024373708680347,0.014564150594526397,0.026990455357269894,-0.0035707847708625097,-0.0073678681935694604
523,2012-03-29,79.18000030517578,1652.199951171875,31.97800064086914,2.1589999198913574,15.479999542236328,-0.0034440523963091448,0.005078878978372498,0.011226521185646826,0.022754268221476723,-0.001634628569409785,-0.0037292405110728464
524,2012-03-30,78.93000030517578,1669.300048828125,32.46900177001953,2.2160000801086426,15.5,0.01029670253699488,0.015237656091087834,0.011392401289215308,0.021926064639605173,-0.0014552000466087332,-0.004398511338738996
525,2012-04-02,78.81999969482422,1677.5,33.08300018310547,2.193000078201294,15.640000343322754,0.00490018373383596,0.01873371832115536,0.011394083399921194,0.021506853754112865,-0.0008803242140261738,-0.001970897984376013
526,2012-04-03,79.4800033569336,1670.0,33.25,2.2839999198913574,15.65999984741211,-0.004480963435036092,0.005035206285452622,0.01140846821800222,0.0209252179930278,-0.0009317988215184486,-0.0005708588214116281
527,2012-04-04,79.76000213623047,1612.300048828125,31.02899932861328,2.243000030517578,16.440000534057617,-0.0351618651563432,-0.06913253767548173,0.013124660334621216,0.025154059481774835,-0.0017142786628491324,-0.002557424772141393
528,2012-04-05,80.06999969482422,1628.5,31.715999603271484,2.174999952316284,16.700000762939453,0.009997584461830536,0.021899043474989503,0.013236889404401613,0.025036413177968696,-0.001576039796006134,-0.0026669953855551314
529,2012-04-09,79.7300033569336,1642.5,31.51300048828125,2.0369999408721924,18.809999465942383,0.008560125642477288,-0.0064210982990546344,0.013229398406718046,0.024942007140326305,-0.0015852615817241855,-0.0033207225944777907
530,2012-04-10,79.88999938964844,1659.5,31.670000076293945,1.9880000352859497,20.389999389648438,0.01029688080126366,0.004969688357261082,0.01333873783308965,0.024792505681779084,-0.001452533806680609,-0.003624976063140274
531,2012-04-11,79.77999877929688,1659.0,31.51099967956543,2.0280001163482666,20.020000457763672,-0.00030134096958485624,-0.005033181906104841,0.013282415791855363,0.024367015925283755,-0.001140119624820273,-0.0027352613871738283
532,2012-04-12,79.27999877929688,1679.5,32.51499938964844,2.0490000247955322,17.200000762939453,0.012281118861902968,0.03136482149625816,0.013588024350839464,0.02543998477879244,-0.00040092028645064557,-0.0014836413860987302
533,2012-04-13,79.87999725341797,1659.0999755859375,31.3799991607666,1.9980000257492065,19.549999237060547,-0.012220858118282624,-0.03553078198905729,0.012038177381208175,0.02491505044546296,0.000478847646442811,-0.0011499234874419821
534,2012-04-16,79.55000305175781,1648.699951171875,31.36400032043457,1.9739999771118164,19.549999237060547,-0.00628820298306942,-0.0005099719753619752,0.011915764626737874,0.024573930464826466,-0.000299438237289028,-0.0019762030187559557
535,2012-04-17,79.47000122070312,1650.300048828125,31.665000915527344,2.009000062942505,18.459999084472656,0.0009700501859497347,0.009551250295993258,0.011910800022671553,0.02469738535697575,-0.00014980756430266534,-0.0013462753628024546
536,2012-04-18,79.52999877929688,1638.800048828125,31.47800064086914,1.9819999933242798,18.639999389648438,-0.006992822669181386,-0.005923089392624461,0.011886663405773682,0.024555919059516443,-0.0008095872441745539,-0.00214160332773567
537,2012-04-19,79.55999755859375,1640.5999755859375,31.770999908447266,1.9520000219345093,18.360000610351562,0.0010977172197064945,0.009265011651175764,0.01160067789185189,0.023496915210169847,-0.0001767258040178773,-5.093326600598942e-05
538,2012-04-20,79.18000030517578,1642.0999755859375,31.643999099731445,1.9700000286102295,17.440000534057617,0.0009138819427355624,-0.004005392430603889,0.011592887054023672,0.023336901436834628,-0.00022854248878193152,-0.000827948010133218
539,2012-04-23,79.41999816894531,1631.9000244140625,30.524999618530273,1.9329999685287476,18.969999313354492,-0.006230900532803207,-0.036002521209444506,0.011627597029007732,0.023878363520697506,-0.00030251109417440806,-0.0012228067822930425
540,2012-04-24,79.22000122070312,1643.0,30.739999771118164,1.9609999656677246,18.100000381469727,0.006778843939865435,0.007018723164909051,0.011399301844489512,0.022935247864152863,-0.0005561131370466583,-0.002280539486590199
541,2012-04-25,79.01000213623047,1641.4000244140625,30.35099983215332,1.9839999675750732,16.81999969482422,-0.0009742879677306924,-0.012735270303039777,0.01091043562010424,0.02269925636795174,-0.0012625097430751574,-0.0035876410380257804
542,2012-04-26,78.91000366210938,1659.5999755859375,31.202999114990234,1.9589999914169312,16.239999771118164,0.01102704367836407,0.027684755314458145,0.011235730675610048,0.02370205194540938,-0.0007176331720650085,-0.0020870857347622313
543,2012-04-27,78.69999694824219,1664.0,31.347000122070312,1.9329999685287476,16.31999969482422,0.0026477476332526172,0.004604356938110994,0.01068401311504061,0.023177402906600916,0.00017488506713517045,-0.0007071778481689936
544,2012-04-30,78.79000091552734,1663.4000244140625,30.958999633789062,1.9149999618530273,17.149999618530273,-0.0003606272693620108,-0.012454835984870452,0.010652933988694227,0.02327415900621099,0.000321714835085034,-0.0015421166559424675
545,2012-05-01,78.86000061035156,1661.699951171875,30.87700080871582,1.9559999704360962,16.600000381469727,-0.001022569789065028,-0.002652140259731611,0.010406501665487743,0.022954477448499884,-0.00021729813282258067,-0.002394011720267203
546,2012-05-02,79.12999725341797,1653.4000244140625,30.591999053955078,1.9220000505447388,16.8799991607666,-0.005007356738177033,-0.009273090425239223,0.010387461970834204,0.022474151767755114,-0.0006890857743470089,-0.003727669279619326
547,2012-05-03,79.22000122070312,1634.199951171875,29.958999633789062,1.9240000247955322,17.559999465942383,-0.0116804305128595,-0.020908737913291685,0.010634731874541978,0.022680497419421245,-0.0010319175399576472,-0.004963095193845244
548,2012-05-04,79.47000122070312,1644.699951171875,30.3799991607666,1.8799999952316284,19.15999984741211,0.006404608987367541,0.013954701511977604,0.007314793903595066,0.017606145746840607,0.0009474383716476262,-0.0010065599944424194
549,2012-05-07,79.5999984741211,1638.5999755859375,30.07200050354004,1.8769999742507935,18.940000534057617,-0.003715763250686093,-0.010189946536732684,0.007074635888298456,0.016896984627062375,0.00029442181390873913,-0.0025346071378577616
550,2012-05-08,79.7300033569336,1604.0,29.413999557495117,1.8370000123977661,19.049999237060547,-0.021341694381911958,-0.022123786572258716,0.008240849578901715,0.017417019389250395,-0.0011294743777288442,-0.0032823541984865275
551,2012-05-09,80.08000183105469,1593.699951171875,29.19700050354004,1.8350000381469727,20.079999923706055,-0.006442183199088381,-0.0074047549176840715,0.007882108343477431,0.017332999617592815,-0.0019265726634598937,-0.003871613402055344
552,2012-05-10,80.11000061035156,1595.0999755859375,29.13599967956543,1.8839999437332153,18.829999923706055,0.0008780886453683303,-0.0020914695290546884,0.007898452839283813,0.01733502971742943,-0.0018704093484621226,-0.003731531860291051
553,2012-05-11,80.27999877929688,1583.5999755859375,28.857999801635742,1.840999960899353,19.889999389648438,-0.007235694057575699,-0.009587267986101189,0.007273559287232627,0.015383010244327157,-0.0027997813922468213,-0.0056816313594510205
554,2012-05-14,80.5999984741211,1560.5999755859375,28.319000244140625,1.7879999876022339,21.8700008392334,-0.014630373776526494,-0.018854277912552925,0.007446553090353954,0.0141457480796765,-0.002914520233115577,-0.004887512117712717
555,2012-05-15,81.22000122070312,1556.800048828125,28.054000854492188,1.7769999504089355,21.969999313354492,-0.0024378832424801207,-0.009401711332391009,0.007406627287424044,0.014141241114895684,-0.0027311716740398956,-0.005310928277571243
556,2012-05-16,81.37000274658203,1536.199951171875,27.170000076293945,1.7649999856948853,22.270000457763672,-0.013320661016581662,-0.03201782851003733,0.0077002461781311244,0.014848540358761158,-0.0034116817313032963,-0.007290408220715557
557,2012-05-17,81.37999725341797,1574.5,27.996000289916992,1.7020000219345093,24.489999771118164,0.024625958761503444,0.02994822693667289,0.009776383589837415,0.01693097092640882,-0.0019060254726992565,-0.005582250300272825
558,2012-05-18,81.29000091552734,1591.5999755859375,28.694000244140625,1.7020000219345093,25.100000381469727,0.01080202267237359,0.02462639700166802,0.01014776104595686,0.01790815449042383,-0.0014439156892389188,-0.004850755759773194
559,2012-05-21,81.08000183105469,1588.4000244140625,28.304000854492188,1.7350000143051147,22.010000228881836,-0.0020125485861335465,-0.013684882577386771,0.010133847762076039,0.018009588492668607,-0.0015832695239469713,-0.00531168386200095
560,2012-05-22,81.66999816894531,1576.300048828125,28.165000915527344,1.7929999828338623,22.479999542236328,-0.007646876018406951,-0.004923062754702586,0.010170960582640698,0.016581815771716663,-0.0016506969280233401,-0.0038317096498703823
561,2012-05-23,82.08999633789062,1548.0999755859375,27.507999420166016,1.7209999561309814,22.329999923706055,-0.018052002832832256,-0.023603254473680266,0.010577225387866962,0.016922856931746742,-0.0028331182029137066,-0.005289899061231778
562,2012-05-24,82.29000091552734,1557.300048828125,28.142000198364258,1.7589999437332153,21.540000915527344,0.005925227079559546,0.022786279035905573,0.010743696933954825,0.017889124034028942,-0.002504569867328457,-0.0035983967117581904
563,2012-05-25,82.4000015258789,1568.800048828125,28.3700008392334,1.7450000047683716,21.760000228881836,0.007357443151002155,0.008069148987724872,0.010540526493549272,0.01664269917908509,-0.002679312749583786,-0.0045324732035073945
564,2012-05-29,82.44000244140625,1548.5999755859375,27.767000198364258,1.7309999465942383,21.030000686645508,-0.012959745819266628,-0.02148400602404345,0.010695241932210324,0.016898301494104904,-0.0034225267235132744,-0.005774776201705224
565,2012-05-30,83.01000213623047,1563.4000244140625,27.961999893188477,1.625,24.139999389648438,0.009511671214859622,0.006998169367315322,0.011047717381851188,0.01704634394124838,-0.0029524172718836733,-0.004848442613505902
566,2012-05-31,83.04000091552734,1562.5999755859375,27.740999221801758,1.5809999704360962,24.059999465942383,-0.0005118674635913401,-0.007935006534418526,0.01105273888951111,0.017051291715732764,-0.0029280981135277827,-0.005100007674205279
567,2012-06-01,82.88999938964844,1620.5,28.496999740600586,1.4670000076293945,26.65999984741211,0.03638365864295839,0.026887374262130004,0.013969198116596986,0.018382659343113006,-0.0009570973810927629,-0.003378080784330554
568,2012-06-04,82.55000305175781,1612.199951171875,27.992000579833984,1.5269999504089355,26.1200008392334,-0.005135068018744437,-0.01788003369380136,0.013789843003665259,0.018249642705331387,-0.0006454134528015693,-0.0032338567738786337
569,2012-06-05,82.80000305175781,1615.199951171875,28.389999389648438,1.555999994277954,24.68000030517578,0.001859082205380155,0.014118173206395728,0.013709086744779855,0.01825737428193277,-0.0008618671090866829,-0.0032260724074777702
570,2012-06-06,82.31999969482422,1632.800048828125,29.47599983215332,1.6510000228881836,22.15999984741211,0.010837604631931995,0.03753941822434475,0.013923771695302388,0.020213217721510298,-0.00016884959086677402,-0.0009532455140931313
571,2012-06-07,82.05000305175781,1586.5999755859375,28.518999099731445,1.6540000438690186,21.719999313354492,-0.028703015919928014,-0.03300586695996283,0.014561519880882341,0.02091055130063028,-0.0005193887117246814,-0.0014714398182695176
572,2012-06-08,82.51000213623047,1590.0999755859375,28.461000442504883,1.6369999647140503,21.229999542236328,0.0022035454843187135,-0.0020357556238270826,0.014507812796240365,0.02086715680706528,-0.00010768734584815312,-0.0012157731852287087
573,2012-06-11,82.51000213623047,1595.5,28.606000900268555,1.600000023841858,23.559999465942383,0.0033902747537376044,0.005081772877414511,0.014526692843842526,0.02091077072835833,1.1940564074193261e-05,-0.0008741902134920801
574,2012-06-12,82.41000366210938,1612.699951171875,28.94300079345703,1.6610000133514404,22.09000015258789,0.010722595990918843,0.01171188849168809,0.01460706828927728,0.020983440765729642,0.0008670972330501238,0.00014005533306931414
575,2012-06-13,82.05000305175781,1618.0999755859375,28.934999465942383,1.5989999771118164,24.270000457763672,0.003342843608440202,-0.00027648942706251094,0.014173750209529962,0.020529307804177596,0.0017229647275723474,0.0010247119276164767
576,2012-06-14,81.9000015258789,1618.4000244140625,28.400999069213867,1.6109999418258667,21.68000030517578,0.0001854156211862676,-0.018627593526794887,0.014146779848456593,0.020859649086487363,0.0018478837210802708,0.0005853842040734349
577,2012-06-15,81.58999633789062,1627.0,28.733999252319336,1.5870000123977661,21.110000610351562,0.0052998062801940925,0.011656741525904254,0.013725793345910717,0.0195847809039831,0.0027345726399743545,0.0026651256343563677
578,2012-06-18,81.94000244140625,1625.699951171875,28.665000915527344,1.5839999914169312,18.31999969482422,-0.000799366013998755,-0.002404166268559115,0.012787534552135368,0.018577891681349264,0.001523842888759964,0.0011245354817262722
579,2012-06-19,81.37000274658203,1622.199951171875,28.36199951171875,1.6200000047683716,18.3799991607666,-0.0021552396687366127,-0.01062669447608596,0.012629087524593236,0.017929493962815964,0.0009068303963261447,-0.0005541831600715365
580,2012-06-20,81.48999786376953,1614.800048828125,28.382999420166016,1.6419999599456787,17.239999771118164,-0.004572082319639419,0.0007401501383816733,0.012670952573626923,0.017675811806840615,0.0007849478375877698,0.0001327231597269609
581,2012-06-21,82.31999969482422,1564.5,26.83300018310547,1.6180000305175781,20.079999923706055,-0.03164485610772617,-0.05615787381860608,0.014429541500288346,0.021525283410802634,-0.0003578131190464785,-0.0023070297480779676
582,2012-06-22,82.22000122070312,1566.0,26.656999588012695,1.6720000505447388,18.110000610351562,0.0009583134418115972,-0.006580715311254567,0.01384859568487844,0.020997253746748348,0.0005474400368889428,-0.0014964326451053149
583,2012-06-25,82.45999908447266,1587.5,27.51799964904785,1.6080000400543213,20.3799991607666,0.013635854216098234,0.031788558420438415,0.01409827455607633,0.02160101241249383,0.0009146127576764994,-0.0010677526744132752
584,2012-06-26,82.37000274658203,1574.0,27.03700065612793,1.628000020980835,19.719999313354492,-0.008540301789498156,-0.017634000710142105,0.014161703813314722,0.021784825834049202,0.00015757728431934172,-0.002291712183835512
585,2012-06-27,82.55999755859375,1577.5,26.94099998474121,1.621000051498413,19.450000762939453,0.002221165438019698,-0.0035570332901365713,0.013842501651976579,0.021341890721383212,0.0008804778203805953,-0.001438046815554232
586,2012-06-28,82.66999816894531,1549.699951171875,26.246999740600586,1.5770000219345093,19.709999084472656,-0.017779983130193897,-0.026097602342572288,0.014266296012912216,0.021902387255894263,-0.00041912476747909606,-0.003014035944596499
587,2012-06-29,81.6500015258789,1603.5,27.579999923706055,1.659000039100647,17.079999923706055,0.03412740784803537,0.04953918268965261,0.01613514988945309,0.02467247152620477,0.0012303645330745568,-0.00027716979106930204
588,2012-07-02,81.87000274658203,1597.199951171875,27.468000411987305,1.5800000429153442,16.799999237060547,-0.003936674515221323,-0.004069163841638305,0.014000695992557453,0.023880379091266935,-0.0006896513316006676,-0.0017512906531535074
589,2012-07-03,81.77999877929688,1621.300048828125,28.243000030517578,1.63100004196167,16.65999984741211,0.014976261054684985,0.027823934600704783,0.014364519801004366,0.02441366270201625,0.0002680310052293049,0.0004250887894420232
590,2012-07-05,82.80999755859375,1608.9000244140625,27.63800048828125,1.597000002861023,17.5,-0.007677595841302577,-0.021653985309626034,0.014462121656803762,0.02465723818260971,-0.00018609652080320613,-0.0012783473303685368
591,2012-07-06,83.29000091552734,1578.4000244140625,26.888999938964844,1.5440000295639038,17.100000381469727,-0.019139039655363514,-0.02747437627487698,0.014795203419446136,0.023598437475719613,-0.0016135557725791827,-0.004374242306521952
592,2012-07-09,83.16000366210938,1588.5999755859375,27.410999298095703,1.5130000114440918,17.979999542236328,0.0064414186547363285,0.019227088304486585,0.013509605603223073,0.02317871839646162,5.998873097626223e-05,-0.0018869587225005516
593,2012-07-10,83.36000061035156,1579.300048828125,26.85099983215332,1.4980000257492065,18.719999313354492,-0.005871368037160729,-0.02064130911977443,0.0135603651598928,0.02353750106059577,-0.00032453096052275884,-0.002772937460402806
594,2012-07-11,83.56999969482422,1575.199951171875,26.9950008392334,1.4980000257492065,17.950000762939453,-0.0025995244667151854,0.005348636800571996,0.01354130240726268,0.023542025429305703,-0.0006097594948300345,-0.0027602296545381644
595,2012-07-12,83.6500015258789,1564.9000244140625,27.13599967956543,1.4789999723434448,18.329999923706055,-0.006560277556704476,0.005209553042299777,0.013341851635338933,0.023384397691732402,-0.0014327534732882878,-0.003069864675937608
596,2012-07-13,83.30000305175781,1591.5999755859375,27.3439998626709,1.4989999532699585,16.739999771118164,0.016917844443290076,0.007635873549934521,0.013901911646713115,0.02349513756085853,-0.0007863248621049606,-0.0026930854865567966
597,2012-07-16,83.08999633789062,1591.199951171875,27.297000885009766,1.4639999866485596,17.110000610351562,-0.0002513663600440253,-0.0017202828867937158,0.013900711789332913,0.023209755850829576,-0.0008071240040683079,-0.0018879754560805508
598,2012-07-17,83.02999877929688,1589.0999755859375,27.29199981689453,1.5010000467300415,16.479999542236328,-0.0013206149982708804,-0.00018322622011470046,0.01383018022062854,0.023007201781774837,-0.0011223821601856875,-0.002451783443986215
599,2012-07-18,82.94999694824219,1570.4000244140625,27.070999145507812,1.4789999723434448,16.15999984741211,-0.011837423346489425,-0.008130599601617144,0.014025661523751584,0.023040520649987063,-0.0016480039379233383,-0.002724470745560407
600,2012-07-19,82.9000015258789,1580.0999755859375,27.194000244140625,1.5149999856948853,15.449999809265137,0.006157741197844146,0.004533357068798929,0.014127571000236504,0.023018034897155763,-0.0012521477061813975,-0.002002563529137317
601,2012-07-20,83.47000122070312,1582.5,27.27899932861328,1.4600000381469727,16.270000457763672,0.0015177543118384655,0.0031207810888000593,0.014118515561911483,0.023038071659731034,-0.0009621554856348317,-0.0018892001505459652
602,2012-07-23,83.70999908447266,1577.0999755859375,27.018999099731445,1.434999942779541,18.6200008392334,-0.0034181730051708655,-0.009576861895187966,0.012274594228543032,0.019526575163176213,0.000381972281153516,0.00032894327437870704
603,2012-07-24,84.01000213623047,1576.0,26.790000915527344,1.4040000438690186,20.469999313354492,-0.0006977105953359328,-0.008511571174108525,0.012276025872138656,0.01956524537600564,0.00030311399367030027,0.0002369977570999471
604,2012-07-25,83.5199966430664,1608.0,27.44499969482422,1.406000018119812,19.34000015258789,0.020101179321087303,0.024155273151575892,0.012700840831482154,0.019012870415691063,0.0006109866177173987,-0.0001264920176077921
605,2012-07-26,82.80999755859375,1615.0,27.430999755859375,1.4279999732971191,17.530000686645508,0.004343785917845313,-0.000510239062931647,0.012546932133498861,0.018586898907445987,0.0012245146037813735,0.0006889252036879441
606,2012-07-27,82.70999908447266,1617.9000244140625,27.47800064086914,1.5549999475479126,16.700000762939453,0.001794070444503943,0.0017119560053664037,0.01254558191959625,0.018562263650459467,0.0012041767469472898,0.0009398294558547523
607,2012-07-30,82.79000091552734,1619.699951171875,28.013999938964844,1.503999948501587,18.030000686645508,0.001111889644688937,0.01931867521337027,0.011769552520283598,0.017888112001897175,0.0021037897362274245,0.0031025093394710644
608,2012-07-31,82.63999938964844,1610.5,27.895000457763672,1.4919999837875366,18.93000030517578,-0.005696226974696493,-0.004256905330384789,0.00930122407065468,0.014421645085808964,0.0002074261732401934,0.0005407908623264266
609,2012-08-01,83.05999755859375,1603.699951171875,27.517000198364258,1.5390000343322754,18.959999084472656,-0.004231260703659929,-0.013643475003906554,0.009308006291617823,0.014722862390677173,0.00019339825950502173,8.487128317079568e-05
610,2012-08-02,83.33000183105469,1587.4000244140625,26.981000900268555,1.4780000448226929,17.56999969482422,-0.010215956030912727,-0.01967105475211146,0.008922947727428316,0.013872052315899648,-0.0010062311255234408,-0.002176794876487121
611,2012-08-03,82.37999725341797,1606.0,27.790000915527344,1.5770000219345093,15.640000343322754,0.011649142470026142,0.029543328747186168,0.009193053072688567,0.014749007806069648,-8.591025355540655e-05,0.00026117245955155555
612,2012-08-06,82.2699966430664,1612.9000244140625,27.851999282836914,1.5579999685287476,15.949999809265137,0.004287200553178683,0.002228474632329834,0.00812469709401512,0.013310262749873191,0.0010296249944704123,0.0016755939313233086
613,2012-08-07,82.20999908447266,1609.699951171875,28.075000762939453,1.628000020980835,15.989999771118164,-0.0019860201813826557,0.007974776468323381,0.00805182797777784,0.012784477643573074,0.0006283183832266513,0.0011397695581726798
614,2012-08-08,82.38999938964844,1612.9000244140625,28.066999435424805,1.6399999856948853,15.319999694824219,0.001986020181382777,-0.0002850389206138849,0.007916110709653224,0.011782910909541363,0.001002479726966818,0.002109115758132706
615,2012-08-09,82.63999938964844,1617.0999755859375,28.09000015258789,1.687999963760376,15.279999732971191,0.0026005904265769425,0.000819157669319475,0.007879048238838407,0.011762083838165582,0.0012501042456950146,0.0018934262756921097
616,2012-08-10,82.55000305175781,1619.699951171875,28.05500030517578,1.6490000486373901,14.739999771118164,0.0016065102594872518,-0.0012467664675561883,0.007673125061512529,0.011755448699939821,0.0016389989036089063,0.001585982489508492
617,2012-08-13,82.44000244140625,1609.5999755859375,27.760000228881836,1.6540000438690186,13.699999809265137,-0.006255231008312323,-0.010570736197076654,0.007003005386220978,0.01195661180646824,0.0005355191201992685,0.0007190010729841506
618,2012-08-14,82.4800033569336,1599.4000244140625,27.756000518798828,1.7259999513626099,14.850000381469727,-0.0063571115753349,-0.0001440921549124468,0.0071622469026996335,0.01194547579173351,0.0002447693480425602,0.0007940577745023062
619,2012-08-15,82.6500015258789,1603.699951171875,27.80500030517578,1.8049999475479126,14.630000114440918,0.002684854905291065,0.0017638198863851055,0.0071718031669872765,0.01194506732735627,0.00043550601011693854,0.0008867742557642017
620,2012-08-16,82.36000061035156,1616.0999755859375,28.204999923706055,1.8359999656677246,14.289999961853027,0.0077023951802267935,0.014283392871860628,0.006755356872468881,0.012099433529913954,0.001365973559008187,0.0019541072306917145
621,2012-08-17,82.5999984741211,1616.300048828125,27.9950008392334,1.815999984741211,13.449999809265137,0.00012379237775770355,-0.007473311708129264,0.006669127253804055,0.0122541518812657,0.0010786426628135945,0.0013823610984570387
622,2012-08-20,82.45999908447266,1620.0999755859375,28.586000442504883,1.8140000104904175,14.020000457763672,0.0023482440213155654,0.020891150187868756,0.0066743216570455625,0.012972698417889497,0.0011181897918363134,0.0022285691507936433
623,2012-08-21,81.91000366210938,1639.9000244140625,29.42099952697754,1.8049999475479126,15.020000457763672,0.012147418590037432,0.028791586033877967,0.007001639755596925,0.013895938163267724,0.0018594084392271847,0.004055638099796783
624,2012-08-22,81.48999786376953,1637.4000244140625,29.548999786376953,1.718999981880188,15.109999656677246,-0.0015256463843216833,0.004341206101914375,0.007019067893783233,0.013594525319926193,0.001819982925465959,0.004667675112940731
625,2012-08-23,81.36000061035156,1669.5999755859375,30.44700050354004,1.6660000085830688,15.960000038146973,0.01947442928768001,0.029937588570546902,0.006938317199245129,0.014059573733390694,0.001790137685779897,0.004943023466225064
626,2012-08-24,81.58999633789062,1669.800048828125,30.606000900268555,1.6779999732971191,15.180000305175781,0.00011982586151048442,0.0052086139105788345,0.006921792116511798,0.014003941129395117,0.0015889967307163336,0.005215349798296991
627,2012-08-27,81.66000366210938,1672.4000244140625,31.038999557495117,1.6490000486373901,16.350000381469727,0.0015558470788295134,0.014048366461177048,0.006921634428936443,0.014107991985604381,0.0015776527609223131,0.005802797915240356
628,2012-08-28,81.37000274658203,1666.5,30.868999481201172,1.6299999952316284,16.489999771118164,-0.0035341163328350606,-0.005492036771832645,0.007010940865921016,0.013957596826794988,0.0013564143810402183,0.004621335439754503
629,2012-08-29,81.55000305175781,1659.800048828125,30.83099937438965,1.6540000438690186,17.059999465942383,-0.004028476165369704,-0.0012317702535174237,0.006936103680520542,0.013876761307502029,0.0014358310862462558,0.004765389491033901
630,2012-08-30,81.68000030517578,1653.5,30.367000579833984,1.6200000047683716,17.829999923706055,-0.0038028891605771755,-0.015164145439266068,0.006919213133040749,0.013981201740426594,0.0014562297311549583,0.004692976613159639
631,2012-08-31,81.25,1684.5999755859375,31.3700008392334,1.562000036239624,17.469999313354492,0.01863387896691745,0.032495537375146155,0.00733726096377746,0.01406994695917155,0.0028300313977183,0.007177100047790953
632,2012-09-04,81.31999969482422,1692.9000244140625,32.347999572753906,1.5809999704360962,17.979999542236328,0.004914916675882987,0.030700133070445345,0.007075021135600178,0.014163843619227564,0.0025093539789495783,0.007232185967946152
633,2012-09-05,81.23999786376953,1690.800048828125,32.27199935913086,1.593999981880188,17.739999771118164,-0.0012412304933022203,-0.002352220672278846,0.007108337427594267,0.014279555079579571,0.0022460953576885828,0.007014057620107645
634,2012-09-06,81.08000183105469,1702.5999755859375,32.61899948120117,1.6729999780654907,15.600000381469727,0.006954661539328423,0.010694963425425858,0.007109931599771815,0.014301027234193495,0.0026718421062938724,0.0071435903323506175
635,2012-09-07,80.25,1737.5,33.632999420166016,1.6610000133514404,14.380000114440918,0.020290818328273095,0.030612785820617293,0.008077824620616115,0.015067424235324195,0.0035434991609076968,0.008614915320028295
636,2012-09-10,80.36000061035156,1728.699951171875,33.57400131225586,1.6829999685287476,16.280000686645508,-0.005077645755781251,-0.0017557136138343084,0.008293529643843141,0.015144315528273054,0.0031778688665096877,0.008492302401782876
637,2012-09-11,79.86000061035156,1731.800048828125,33.50899887084961,1.6950000524520874,16.40999984741211,0.001791705525548226,-0.0019379712169443188,0.00829187351205365,0.015167274394318022,0.003186687688703067,0.00845938788990725
638,2012-09-12,79.73999786376953,1730.5999755859375,33.233001708984375,1.7649999856948853,15.800000190734863,-0.0006932031433580678,-0.008270616185328225,0.008060812306450662,0.015030668204692722,0.0034515461584627934,0.008568917414276223
639,2012-09-13,79.26000213623047,1769.0999755859375,34.715999603271484,1.75600004196167,14.050000190734863,0.022002773808939204,0.043657254770741546,0.008686693808367563,0.01670678711164227,0.004802016891047275,0.010654695839307367
640,2012-09-14,78.8499984741211,1769.800048828125,34.60300064086914,1.8700000047683716,14.510000228881836,0.0003956445485829216,-0.0032602623262338076,0.008728852106357574,0.016875590546534446,0.004693006874061173,0.010415453829182655
641,2012-09-17,79.01000213623047,1767.699951171875,34.29800033569336,1.8380000591278076,14.59000015258789,-0.0011873345034459492,-0.008853348806430988,0.008790949818316017,0.01735878168605504,0.0042696864129339,0.009313704225454482
642,2012-09-18,79.25,1768.4000244140625,34.64400100708008,1.812000036239624,14.180000305175781,0.0003959578383912291,0.01003752631668737,0.00878473045274067,0.01692729252515928,0.0042826466729640675,0.010147553655207657
643,2012-09-19,79.05999755859375,1769.0,34.51900100708008,1.781999945640564,13.880000114440918,0.0003392184019618101,-0.003614653281695664,0.008817727304189046,0.016994177299295293,0.0041869787863281745,0.008980610632847446
644,2012-09-20,79.41000366210938,1767.699951171875,34.61800003051758,1.7769999504089355,14.069999694824219,-0.0007351762403530551,0.0028638526292631915,0.008683324213148786,0.01641488569059803,0.0035735218896429132,0.007745956661199123
645,2012-09-21,79.33000183105469,1775.5,34.56700134277344,1.7599999904632568,13.979999542236328,0.0044028344637102946,-0.001474270317810589,0.008605274454873774,0.01652389064178658,0.0038558305014539597,0.0074690292126407916
646,2012-09-24,79.5199966430664,1762.0999755859375,33.92100143432617,1.718000054359436,14.149999618530273,-0.007575807663552554,-0.018865174662419208,0.008163679027680889,0.016637335461798346,0.0025677239799666947,0.005145088106309072
647,2012-09-25,79.55000305175781,1763.800048828125,33.88600158691406,1.6820000410079956,15.430000305175781,0.0009643344179717454,-0.001032337338651646,0.008153090814459984,0.01669179504754208,0.0026079386731315164,0.004847899951583812
648,2012-09-26,79.88999938964844,1750.5999755859375,33.882999420166016,1.6180000305175781,16.809999465942383,-0.007512027785335529,-8.860000015930979e-05,0.008446446235788673,0.016586928644803833,0.0021761351081712767,0.004174711072472556
649,2012-09-27,79.55000305175781,1777.5999755859375,34.595001220703125,1.6399999856948853,14.84000015258789,0.01530555379885569,0.020795801669591385,0.00880261939527489,0.016811352580661843,0.0030732622572994077,0.005426512903016558
650,2012-09-28,79.94000244140625,1771.0999755859375,34.516998291015625,1.6369999647140503,15.729999542236328,-0.0036633174731842584,-0.002257291450390918,0.008788238255296909,0.016833136288169518,0.003090650766451095,0.005377678560308296
651,2012-10-01,79.81999969482422,1780.5,34.88100051879883,1.625,16.31999969482422,0.005293415039934949,0.010490376442054864,0.008654633959327076,0.016186293587757205,0.003523808109332625,0.006599322459418817
652,2012-10-02,79.73999786376953,1772.699951171875,34.604000091552734,1.6150000095367432,15.710000038146973,-0.004390443242588438,-0.007972998264119159,0.008084340204857803,0.015335701416993445,0.0024274118136418687,0.004672249333739516
653,2012-10-03,79.97000122070312,1777.300048828125,34.63100051879883,1.6230000257492065,15.430000305175781,0.002591605763905538,0.0007799647108214975,0.008064469521715117,0.014139916108063092,0.0023167779606905613,0.0032474794118526667
654,2012-10-04,79.3499984741211,1794.0999755859375,35.04100036621094,1.6649999618530273,14.550000190734863,0.009408103578217317,0.01176956525000275,0.008163762772706602,0.014195980832654833,0.0028238891069533967,0.00391994540815179
655,2012-10-05,79.33999633789062,1778.5999755859375,34.51599884033203,1.7319999933242798,14.329999923706055,-0.00867696557838865,-0.015095863876601147,0.008474996229688204,0.014687652912237796,0.002079525910871631,0.002691810774721932
656,2012-10-08,79.54000091552734,1773.5,33.981998443603516,1.746000051498413,15.109999656677246,-0.002871529025301445,-0.015592024185126542,0.0074290835439212045,0.013725158595815608,0.0009765569892728436,0.0004915817268293688
657,2012-10-09,79.94999694824219,1763.0,33.95100021362305,1.7200000286102295,16.3700008392334,-0.00593809181580629,-0.000912611918938298,0.00746642279702618,0.013719488227442662,0.0009355833673668894,0.0005317294265863217
658,2012-10-10,79.91999816894531,1763.199951171875,34.073001861572266,1.690999984741211,16.290000915527344,0.00011340886782257817,0.003587021493612792,0.007465782898777662,0.013722734668152138,0.0008556644789037632,0.0007948243175652318
659,2012-10-11,79.77999877929688,1768.800048828125,34.04600143432617,1.6749999523162842,15.59000015258789,0.0031710658827700197,-0.0007927429161822131,0.007473316879332405,0.013571927467617716,0.0010396772896717674,0.0011509135208578988
660,2012-10-12,79.69000244140625,1758.0,33.632999420166016,1.6629999876022339,16.139999389648438,-0.006124578903340515,-0.012204882921909103,0.005878821063000319,0.009764562415060104,-0.0002997204585320286,-0.0015091882740302274
661,2012-10-15,79.73999786376953,1736.0,32.707000732421875,1.6629999876022339,15.270000457763672,-0.012593183024826865,-0.027918565933741268,0.006456867037224317,0.011341006678061368,-0.000918236057265828,-0.0026833932077210587
662,2012-10-16,79.37000274658203,1744.699951171875,32.922000885009766,1.7200000286102295,15.220000267028809,0.0049989768790153375,0.006552009521116924,0.006583848537811765,0.01141992068126891,-0.0006236498009581477,-0.001949804715933063
663,2012-10-17,79.0199966430664,1751.5,33.196998596191406,1.8109999895095825,15.069999694824219,0.0038899705382307768,0.008318313919694802,0.0066546715205613016,0.011335539632403984,-0.0004572682438229311,-0.002031671972932709
664,2012-10-18,79.37000274658203,1743.300048828125,32.8380012512207,1.8259999752044678,15.029999732971191,-0.00469266687935207,-0.010873048613940457,0.006714877375967638,0.011495748148590688,-0.0006968818286474016,-0.002377309845896747
665,2012-10-19,79.63999938964844,1722.800048828125,32.073001861572266,1.7680000066757202,17.059999465942383,-0.011828994235928167,-0.023571806751468003,0.00714091525736309,0.012311586280925935,-0.0012251588760557402,-0.003636150768788709
666,2012-10-22,79.6500015258789,1725.0999755859375,32.22700119018555,1.7979999780654907,16.6200008392334,0.001334103125177968,0.004790034704709934,0.00705081730478541,0.012441787182548805,-0.0013712889397953748,-0.0033378505296210647
667,2012-10-23,79.9800033569336,1708.300048828125,31.76799964904785,1.7640000581741333,18.829999923706055,-0.009786253111552812,-0.014345164664304003,0.007163670123517737,0.012196416799939436,-0.0014765482468430062,-0.003122611958282245
668,2012-10-24,79.97000122070312,1700.5,31.594999313354492,1.774999976158142,18.329999923706055,-0.004576427088636116,-0.0054606242889110096,0.007171306808549981,0.012196751437137028,-0.0017403940328719518,-0.003333482765437453
669,2012-10-25,80.04000091552734,1712.0,32.04899978637695,1.8279999494552612,18.1200008392334,0.006739952254437173,0.014267116473655,0.0072714682615911104,0.012776253547885585,-0.0010617283166922992,-0.0026498772190653433
670,2012-10-26,80.06999969482422,1710.9000244140625,32.01100158691406,1.75,17.809999465942383,-0.000642715601365528,-0.001186331661092816,0.006235627014788313,0.011606216011528378,-0.0018211697167028335,-0.0036966454729074477
671,2012-10-31,79.91999816894531,1717.5,32.28799819946289,1.6859999895095825,18.600000381469727,0.0038501829961824258,0.008615945101042816,0.0063393351200589105,0.0119121435489524,-0.001463383980066325,-0.003178872303791556
672,2012-11-01,80.05000305175781,1714.0999755859375,32.22600173950195,1.715000033378601,16.690000534057617,-0.001981597826572658,-0.0019219542767056506,0.0061475089715691544,0.011500822332064033,-0.0018098131641857344,-0.00376993567135158
673,2012-11-02,80.58999633789062,1674.0999755859375,30.834999084472656,1.7259999513626099,17.59000015258789,-0.023612454431588336,-0.04412325537730883,0.007768327644761408,0.014480801832671872,-0.0027251470303285867,-0.005491376486265374
674,2012-11-05,80.75,1682.199951171875,31.113000869750977,1.684000015258789,18.420000076293945,0.004826738663643604,0.008975387478008781,0.007859591303116434,0.014765892526988154,-0.00261871213034106,-0.005101118259256456
675,2012-11-06,80.61000061035156,1714.0999755859375,32.01900100708008,1.7419999837875366,17.579999923706055,0.018785715767944633,0.028703741822224026,0.008788575385440532,0.0161324590586992,-0.0021721591689254738,-0.00429472889867449
676,2012-11-07,80.76000213623047,1713.199951171875,31.650999069213867,1.6319999694824219,19.079999923706055,-0.0005252090298398552,-0.011559793792635671,0.008666073922757086,0.01603222682297243,-0.0017839802856612454,-0.004126344608961849
677,2012-11-08,80.79000091552734,1725.4000244140625,32.23099899291992,1.6319999694824219,18.489999771118164,0.007095983552185002,0.018158976833926747,0.008873997761933356,0.016509959710273053,-0.001309336829590462,-0.0025191540842450255
678,2012-11-09,81.02999877929688,1730.300048828125,32.59000015258789,1.6130000352859497,18.610000610351562,0.002835910289781616,0.01107680643771098,0.008851690697298551,0.016773490248901762,-0.0008915272055148475,-0.0019482294005950598
679,2012-11-12,81.04000091552734,1730.300048828125,32.51300048828125,1.6109999418258667,16.68000030517578,0.0,-0.002365473156466698,0.008851081503985081,0.016725500508542802,-0.000896927627792113,-0.0022316815267893215
680,2012-11-13,81.08000183105469,1724.199951171875,32.47800064086914,1.5889999866485596,16.649999618530273,-0.003531685625527172,-0.0010770675997464408,0.008817842364138505,0.016724392492213122,-0.0012161062710443604,-0.0022452207974352372
681,2012-11-14,81.05999755859375,1729.5,32.87099838256836,1.5889999866485596,17.920000076293945,0.0030692029206921614,0.012027804110632772,0.008790143971339598,0.016838449229830143,-0.0007783071365666137,-0.0010912833196951475
682,2012-11-15,81.08000183105469,1713.300048828125,32.665000915527344,1.5889999866485596,17.989999771118164,-0.009410985538836835,-0.00628656456544573,0.00860169243889877,0.015741143988081786,-0.000626773922948041,-6.118801644297922e-05
683,2012-11-16,81.26000213623047,1714.300048828125,32.361000061035156,1.5740000009536743,16.40999984741211,0.0005834986578838031,-0.009350200373017386,0.008510785926165458,0.015789524584179263,-0.000837034790620971,-0.0008184361066398511
684,2012-11-19,80.87000274658203,1734.0,33.180999755859375,1.6109999418258667,15.239999771118164,0.011426015844216614,0.025023419640555208,0.008871310481457902,0.016669154809623443,-0.0004781754903359313,-2.2954881836974605e-05
685,2012-11-20,80.95999908447266,1723.199951171875,32.92300033569336,1.656000018119812,15.079999923706055,-0.006247879274090532,-0.0078059037227784485,0.008914637855090527,0.016582545386095722,-0.0005522332234187151,0.00012309963678978772
686,2012-11-21,80.93000030517578,1727.9000244140625,33.34400177001953,1.687000036239624,15.3100004196167,0.002723813382005552,0.012706387349249625,0.008552477833399222,0.015864795919194503,0.00014075761553050955,0.0018506326892049128
687,2012-11-23,80.19000244140625,1751.300048828125,34.111000061035156,1.6929999589920044,15.140000343322754,0.013451584711290317,0.022742015491493076,0.009032329493331444,0.016501967185395382,0.0007177805482025262,0.0027054889171469676
688,2012-11-26,80.25,1749.5,34.13800048828125,1.6640000343322754,15.5,-0.0010283643519497215,0.0007912329393077971,0.008719866427147933,0.016044201417955158,0.0011348228700883876,0.0034262697554141956
689,2012-11-27,80.4000015258789,1742.199951171875,33.981998443603516,1.6449999809265137,15.920000076293945,-0.004181378449656191,-0.004580220782348979,0.008707346320594141,0.016020952028138954,0.0011536347100398127,0.0034681937319171498
690,2012-11-28,80.33999633789062,1716.5,33.680999755859375,1.6169999837875366,15.510000228881836,-0.01486132046033978,-0.008897053966814972,0.009272026971615548,0.016037688931031583,0.00012500267600281496,0.002365137996656675
691,2012-11-29,80.19999694824219,1727.199951171875,34.347999572753906,1.6200000047683716,15.0600004196167,0.006214238032745709,0.019609907475354463,0.009363920481403215,0.016444336422109507,0.0004515242776271596,0.003355435098392259
692,2012-11-30,80.1500015258789,1710.9000244140625,33.20399856567383,1.6059999465942383,15.869999885559082,-0.009482009830170463,-0.03387347297609369,0.009571625238593763,0.018276588247946174,-0.00018334204743726364,0.0013321294756714738
693,2012-12-03,79.87999725341797,1719.5999755859375,33.680999755859375,1.628000020980835,16.639999389648438,0.0050721293242802536,0.014263565500739279,0.009628959343465122,0.018472725468072198,0.00015254972165097022,0.002102868512692661
694,2012-12-04,79.63999938964844,1694.4000244140625,32.73400115966797,1.6080000400543213,17.1200008392334,-0.014762981168783272,-0.028519544385427992,0.008684197145378363,0.0167542759924541,0.0005739532103559732,0.0028459023694488907
695,2012-12-05,79.7699966430664,1692.4000244140625,32.882999420166016,1.590999960899353,16.459999084472656,-0.0011810559842021378,0.004541460757742751,0.008635915503481103,0.016701023074492605,0.00028786775093474757,0.002634763001817176
696,2012-12-06,80.26000213623047,1700.300048828125,33.03900146484375,1.5809999704360962,16.579999923706055,0.004657080509181477,0.004732936919270925,0.007612472448443577,0.015613987689532266,-0.00038492440424445034,0.0014932961016765516
697,2012-12-07,80.41999816894531,1704.0,33.053001403808594,1.6269999742507935,15.899999618530273,0.0021736936084627303,0.0004236500201714325,0.007632741058064457,0.015329473219544932,-0.0002564052309919463,0.0020639362832387946
698,2012-12-10,80.33000183105469,1713.0,33.29999923706055,1.6160000562667847,16.049999237060547,0.005267790934858805,0.007444997867409607,0.007554716033928501,0.014940372013305918,-0.0003434620222931937,0.0015537468086427402
699,2012-12-11,80.05999755859375,1708.199951171875,32.941001892089844,1.6490000486373901,15.569999694824219,-0.002806063396621461,-0.010839234120783267,0.007536295114649471,0.01500719758954831,-0.0006121274359314356,0.0005101258296668237
700,2012-12-12,79.88999938964844,1716.5999755859375,33.707000732421875,1.6970000267028809,15.949999809265137,0.004905420134284793,0.022987412696599024,0.007631636941591529,0.015764946727003584,-0.000378536000965493,0.0017174061083842387
701,2012-12-13,79.93000030517578,1695.5999755859375,32.279998779296875,1.7280000448226929,16.559999465942383,-0.012308929981781139,-0.043257747065453475,0.008042266545691209,0.018575389569831388,-0.0007965000179299676,-0.00029119767569704854
702,2012-12-14,79.5999984741211,1695.800048828125,32.222999572753906,1.7079999446868896,17.0,0.00011798858346372233,-0.0017673355606873465,0.00799699602359607,0.018360638532974562,-0.0009370340339884648,-0.0009481090886170541
703,2012-12-17,79.56999969482422,1697.0,32.20600128173828,1.7630000114440918,16.34000015258789,0.0007073515707606638,-0.000527659631053704,0.007762279898091365,0.018319879001496713,-0.0004552084573409648,-0.0006738755203126721
704,2012-12-18,79.36000061035156,1669.5,31.594999313354492,1.8270000219345093,15.569999694824219,-0.016337805850517063,-0.019153951901232976,0.008492947026478329,0.01867353355320671,-0.0012609848625029108,-0.0011407208311800812
705,2012-12-19,79.25,1666.5,31.045000076293945,1.7999999523162842,17.360000610351562,-0.0017985616359148672,-0.017561091218307637,0.007979987207762957,0.017989898709633176,-0.0018907266472710767,-0.003168554681602121
706,2012-12-20,79.26000213623047,1644.9000244140625,29.61199951171875,1.7999999523162842,17.670000076293945,-0.013046011827404329,-0.04725809918283533,0.008297164665185285,0.020397296571004225,-0.0022144472450479243,-0.005047230655890544
707,2012-12-21,79.62000274658203,1659.0999755859375,30.142000198364258,1.753999948501587,17.84000015258789,0.008595665013674869,0.017739886486927967,0.008566472723863721,0.02064442954154896,-0.0019348352625874804,-0.004807540220763004
708,2012-12-24,79.63999938964844,1658.5999755859375,29.839000701904297,1.7740000486373901,17.84000015258789,-0.00030141363664231194,-0.010103268345751353,0.007824986716100542,0.0196742777585726,-0.0025897399458223672,-0.0063716013558698815
709,2012-12-26,79.62000274658203,1659.800048828125,29.982999801635742,1.7580000162124634,19.479999542236328,0.0007232842850021091,0.004814261530637036,0.00785175289255941,0.0197668797954977,-0.002506328105967518,-0.0061800285658065845
710,2012-12-27,79.62000274658203,1662.5999755859375,30.18400001525879,1.715000033378601,19.469999313354492,0.0016854848302958485,0.006681435404173066,0.007893436894346087,0.019964229670268743,-0.00222695366406504,-0.005643759223591249
711,2012-12-28,79.68000030517578,1654.9000244140625,29.920000076293945,1.7109999656677246,22.719999313354492,-0.00464202863523224,-0.008784827511327316,0.0073734633612944816,0.01996333027089344,-0.0017403207200123003,-0.005638415106663265
712,2012-12-31,79.7699966430664,1674.800048828125,30.17300033569336,1.75600004196167,18.020000457763672,0.011953185522100071,0.008420340223249848,0.0077782645527300475,0.019397035479763743,-0.001467037506233521,-0.0061712516424777715
713,2013-01-02,79.8499984741211,1687.9000244140625,30.95199966430664,1.8389999866485596,14.680000305175781,0.007791382859457663,0.02549011067314295,0.007801597450513324,0.019483476732118504,-0.0006444949972036103,-0.003344414325847454
714,2013-01-03,80.43000030517578,1673.699951171875,30.67099952697754,1.8990000486373901,14.5600004196167,-0.008448451813215838,-0.009120039228829173,0.00786389010251487,0.019091092740311184,-0.0012883321942272336,-0.0044579193129697615
715,2013-01-04,80.5,1648.0999755859375,29.895999908447266,1.9149999618530273,13.829999923706055,-0.015413620919155364,-0.02559287820296271,0.00792070959192736,0.01891654467858768,-0.0013193150394830476,-0.004318554256661891
716,2013-01-07,80.26000213623047,1645.5,30.031999588012695,1.902999997138977,13.789999961853027,-0.001578805043280168,0.004538777005066782,0.007920838007275314,0.018916481837569082,-0.0013382554708677157,-0.004318682054408366
717,2013-01-08,80.3499984741211,1661.5,30.415000915527344,1.871000051498413,13.619999885559082,0.009676519411254312,0.012672471747971115,0.00818222144694133,0.019183888395305042,-0.0010992345707690092,-0.003940608967327405
718,2013-01-09,80.55999755859375,1654.800048828125,30.201000213623047,1.8519999980926514,13.8100004196167,-0.0040406237004283535,-0.007060894385074228,0.008170299037672083,0.019168272432271483,-0.0013951544426209657,-0.004297015843767674
719,2013-01-10,79.73999786376953,1677.300048828125,30.875,1.8940000534057617,13.489999771118164,0.013505201717634268,0.022071751459368672,0.008687549460150044,0.01986920060463228,-0.0010028967862983243,-0.0036005037679600997
720,2013-01-11,79.55999755859375,1660.0,30.367000579833984,1.875,13.359999656677246,-0.010367784461265891,-0.016590283367962866,0.008919633357049064,0.02001307426518486,-0.001362978741757583,-0.0038743632559210327
721,2013-01-14,79.48999786376953,1668.9000244140625,31.079999923706055,1.8569999933242798,13.520000457763672,0.005347139027603056,0.023208011464508117,0.008935660997584449,0.02002793115467228,-0.0013419445087424276,-0.0038638585526872666
722,2013-01-15,79.77999877929688,1683.4000244140625,31.49799919128418,1.8309999704360962,13.550000190734863,0.008650830902112815,0.013359503032553762,0.008819245830707645,0.018185822475575143,-0.00034386065712843004,-0.0011677990242107315
723,2013-01-16,79.80000305175781,1682.699951171875,31.513999938964844,1.8240000009536743,13.420000076293945,-0.00041595511562870385,0.0005078635258502322,0.008818617401115109,0.018188849168811024,-0.0003692865475614026,-0.001059456210566085
724,2013-01-17,79.6500015258789,1690.4000244140625,31.785999298095703,1.875,13.569999694824219,0.004565584579943345,0.008594029589353134,0.008882131516199132,0.018310692926734998,-0.0001855611661717511,-0.0006250900572133784
725,2013-01-18,80.05000305175781,1686.5999755859375,31.902000427246094,1.843000054359436,12.460000038146973,-0.002250548079390936,0.003642797950267381,0.008098655223042409,0.017826635166516,0.0004852606324533026,0.00046046945952473394
726,2013-01-22,79.87000274658203,1692.800048828125,32.14699935913086,1.8350000381469727,12.430000305175781,0.0036693378433432255,0.0076503966542434965,0.008109448567149707,0.017396018587342615,0.0007456367981322594,0.0016610165010747878
727,2013-01-23,79.91999816894531,1686.300048828125,32.409000396728516,1.8329999446868896,12.460000038146973,-0.0038471828766571143,0.008117060447309716,0.007556844883369711,0.01333231119294899,0.0011836762719773647,0.004297928864415029
728,2013-01-24,79.94999694824219,1669.5,31.69499969482422,1.843999981880188,12.6899995803833,-0.010012628248205289,-0.022277244136649655,0.007733203636648102,0.014149749610047299,0.0002975670690306906,0.0023923512156732362
729,2013-01-25,79.75,1656.4000244140625,31.18000030517578,1.9470000267028809,12.890000343322754,-0.00787759297306593,-0.016382056690435156,0.007936592379472333,0.014489252689682633,-6.320337556091018e-05,0.0020933612944978174
730,2013-01-28,79.77999877929688,1652.4000244140625,30.756000518798828,1.9739999771118164,13.569999694824219,-0.002417796113123141,-0.013691759379030048,0.007950615347787722,0.014873176153144015,-0.00021277863261449356,0.0012121222035612895
731,2013-01-29,79.55999755859375,1660.699951171875,31.159000396728516,1.9880000352859497,13.3100004196167,0.005010379513052234,0.013018026755626863,0.0080230830733147,0.015052875729384454,-5.445031438799897e-05,0.0015138646488686133
732,2013-01-30,79.27999877929688,1679.9000244140625,32.152000427246094,2.00600004196167,14.319999694824219,0.011495111538641122,0.031371529641444545,0.008328695566797795,0.01618704909245043,0.000713984931986923,0.00342607213233394
733,2013-01-31,79.20999908447266,1660.5999755859375,31.334999084472656,1.9850000143051147,14.279999732971191,-0.011555314223236052,-0.02573901597598614,0.008322387947626719,0.017335665516754115,-0.0004054674368386066,0.0017994361228465122
734,2013-02-01,79.12999725341797,1669.4000244140625,31.941999435424805,2.009999990463257,12.899999618530273,0.00528532691511206,0.01918608609987209,0.00821626601902232,0.016955325268829022,-0.0005248034341883973,0.0014992444765002805
735,2013-02-04,79.55000305175781,1675.300048828125,31.700000762939453,1.9730000495910645,14.670000076293945,0.003527987804295923,-0.00760503560838138,0.008052798320945418,0.01691104747189627,4.550321426454371e-05,0.0015713875060454133
736,2013-02-05,79.48999786376953,1672.4000244140625,31.858999252319336,2.0160000324249268,13.720000267028809,-0.0017325477647560472,0.005003188250633163,0.007253327585284836,0.015730501180967284,0.0006969828882835588,0.003028343051454741
737,2013-02-06,79.72000122070312,1677.699951171875,31.861000061035156,1.968000054359436,13.40999984741211,0.0031640435915196957,6.280002316513589e-05,0.007252762325270423,0.015739333475716762,0.0009228328232740285,0.0028152012904118055
738,2013-02-07,80.19000244140625,1670.4000244140625,31.386999130249023,1.9509999752044678,13.5,-0.004360645368131427,-0.014988926486654121,0.00704966803371186,0.01602797194805665,0.000254396405208041,0.0014979918506677467
739,2013-02-08,80.25,1666.0,31.424999237060547,1.9539999961853027,13.020000457763672,-0.002637589577229781,0.0012099634603361918,0.007013483565975268,0.01590831330100515,0.00032120755393178255,0.0018918422242587187
740,2013-02-11,80.30999755859375,1648.199951171875,30.895000457763672,1.9459999799728394,12.9399995803833,-0.010741790022626579,-0.017009356868507075,0.0067244152864787445,0.01571430095147241,-0.000833411100366353,3.083706578844496e-05
741,2013-02-12,80.11000061035156,1648.699951171875,31.003999710083008,1.9819999933242798,12.640000343322754,0.00030331524683415996,0.003521845738611775,0.006361291521943507,0.015256881706200473,-0.0003252634952187315,0.0009885574994348565
742,2013-02-13,80.08999633789062,1644.199951171875,30.854000091552734,2.0190000534057617,12.979999542236328,-0.00273315493015603,-0.004849814511273714,0.006244330568293333,0.014419333455474371,-0.0007100393979691642,-0.00034752945179284983
743,2013-02-14,80.45999908447266,1634.699951171875,30.343000411987305,2.0,12.65999984741211,-0.005794642633454804,-0.016700542580048862,0.005950310220152015,0.014482494556204093,-0.0013979190901390508,-0.0017789601952501177
744,2013-02-15,80.58000183105469,1608.800048828125,29.839000701904297,2.006999969482422,12.460000038146973,-0.015970681578293237,-0.016749575744262744,0.0067379655019820465,0.014831656804693167,-0.002138620350265933,-0.0026007430176364496
745,2013-02-19,80.47000122070312,1603.5999755859375,29.413000106811523,2.0260000228881836,12.3100004196167,-0.003237503265273443,-0.014379529117285527,0.006562641712350296,0.01481189580918612,-0.002510195961942923,-0.003694722003666862
746,2013-02-20,81.08999633789062,1577.5999755859375,28.614999771118164,2.0209999084472656,14.680000305175781,-0.016346397170892382,-0.027505709253040307,0.007222453884119742,0.015580063637787054,-0.0031814268710620396,-0.005177984251443418
747,2013-02-21,81.45999908447266,1578.199951171875,28.69499969482422,1.9759999513626099,15.220000267028809,0.0003802367748848245,0.002791833062771231,0.007101105974469221,0.01541524280121303,-0.0033380507314648205,-0.005409344422465908
748,2013-02-22,81.4800033569336,1572.4000244140625,28.45599937438965,1.9670000076293945,14.170000076293945,-0.00368179607348202,-0.008363868264199163,0.007100604777121834,0.015108648948484625,-0.003330175169408864,-0.006194150551585378
749,2013-02-25,81.66999816894531,1586.199951171875,28.982999801635742,1.8949999809265137,18.989999771118164,0.008738057791808123,0.018350431698351877,0.0073912669250648785,0.015541228549398864,-0.0024372853579796537,-0.004259499321347209
750,2013-02-26,81.87000274658203,1615.199951171875,29.256000518798828,1.878999948501587,16.8700008392334,0.018117569902101203,0.009375254220831146,0.008524503396987581,0.015553059935323776,-0.001199420459162171,-0.003032960706525005
751,2013-02-27,81.5999984741211,1595.199951171875,28.94300079345703,1.902999997138977,14.729999542236328,-0.012459668170070734,-0.01075629258443947,0.008870879427039709,0.015465417875876861,-0.0016776048428263422,-0.0028931765734492632
752,2013-02-28,81.9800033569336,1577.699951171875,28.395000457763672,1.8880000114440918,15.510000228881836,-0.011031030283688134,-0.01911531654504185,0.0089564329127893,0.015401956538628876,-0.002441481499813979,-0.004423335778243011
753,2013-03-01,82.30999755859375,1571.9000244140625,28.451000213623047,1.8530000448226929,15.359999656677246,-0.003682965048724668,0.0019702273972820416,0.008368680527445747,0.013158356503868053,-0.003164247051593302,-0.005823397789869797
754,2013-03-04,82.22000122070312,1572.0999755859375,28.457000732421875,1.8769999742507935,14.010000228881836,0.00012719540212769093,0.0002108848921527218,0.008168906792940096,0.012390643842617061,-0.002607937069433124,-0.004587688224720328
755,2013-03-05,82.08999633789062,1574.5999755859375,28.562999725341797,1.8940000534057617,13.479999542236328,0.0015889665775550947,0.0037179626156822404,0.008028949261523075,0.011320245399658948,-0.002783954228364408,-0.005324265533491273
756,2013-03-06,82.45999908447266,1574.5999755859375,28.760000228881836,1.937999963760376,13.529999732971191,0.0,0.006873376455394901,0.007926530180040796,0.011611540726971176,-0.0029519536476165947,-0.004634817339978116
757,2013-03-07,82.08000183105469,1574.800048828125,28.767000198364258,1.9910000562667847,13.0600004196167,0.00012705483006648187,0.00024336292401773513,0.007951183194761853,0.011459459406656302,-0.002863401143101236,-0.004861475688864566
758,2013-03-08,82.69999694824219,1576.5999755859375,28.909000396728516,2.055999994277954,12.59000015258789,0.0011423030650432725,0.0049240753109275484,0.007886530353575009,0.011611992468407136,-0.0029596745015048756,-0.004629986389447308
759,2013-03-11,82.56999969482422,1577.800048828125,28.812000274658203,2.055999994277954,11.5600004196167,0.0007608884674092431,-0.0033610024862427376,0.007920157943476747,0.011368006765448172,-0.0027157919379077007,-0.004076275722761051
760,2013-03-12,82.58000183105469,1591.5,29.131000518798828,2.0230000019073486,12.270000457763672,0.008645465114191514,0.01101094050197983,0.008299360908234887,0.011789268594387768,-0.0021785036192685913,-0.003609562530301831
761,2013-03-13,82.88999938964844,1588.300048828125,28.922000885009766,2.0209999084472656,11.829999923706055,-0.0020126751386568497,-0.0072003352693862915,0.008064294776733297,0.011420364449092063,-0.0017628314819366996,-0.0031424662636770316
762,2013-03-14,82.61000061035156,1590.5999755859375,28.77199935913086,2.0329999923706055,11.300000190734863,0.001446995590579768,-0.005199912061427728,0.008082786482742655,0.011324072093553308,-0.0017083705131869086,-0.003557788063678913
763,2013-03-15,82.26000213623047,1592.5,28.816999435424805,1.996000051498413,11.300000190734863,0.0011938202722479318,0.0015628014514820162,0.008103292340278175,0.01137384083487637,-0.0015213716940248154,-0.003252425398785783
764,2013-03-18,82.69000244140625,1604.5999755859375,28.840999603271484,1.9559999704360962,13.359999656677246,0.0075693806581912625,0.0008325009411684775,0.008273884348223027,0.010973790175598365,-0.0008849896325178596,-0.0024175185644421
765,2013-03-19,82.98999786376953,1611.300048828125,28.809999465942383,1.9079999923706055,14.390000343322754,0.004166847778572508,-0.0010754415644979377,0.007575538672237116,0.010471809176743042,7.39403368566995e-05,-0.0016711312225485375
766,2013-03-20,82.77999877929688,1607.5,28.783000946044922,1.937000036239624,12.670000076293945,-0.0023611597713077293,-0.0009375626094152068,0.007558780347783564,0.010058842819199906,0.0001156709794264954,-0.0010310375793166175
767,2013-03-21,82.80000305175781,1613.800048828125,29.179000854492188,1.9320000410079956,13.989999771118164,0.00391149955924602,0.013664333794130432,0.006582438057629396,0.008537971372789756,0.001080332728480705,0.0009294406610248463
768,2013-03-22,82.52999877929688,1606.199951171875,28.666000366210938,1.9149999618530273,13.569999694824219,-0.0047205663164381455,-0.017737537467800345,0.006702578419919622,0.009441550142724508,0.0008374373431796112,-4.814841185951442e-05
769,2013-03-25,82.87000274658203,1604.5999755859375,28.78499984741211,1.9149999618530273,13.739999771118164,-0.0009966212500727048,0.004142648550700189,0.006637349277451752,0.009283912774645848,0.000965302810961007,0.0005474000078975975
770,2013-03-26,82.87999725341797,1595.800048828125,28.643999099731445,1.906000018119812,12.770000457763672,-0.005499280632432003,-0.0049104471116968385,0.0065299722847726605,0.00839909435622764,0.0002873343145686201,-0.000560260887819008
771,2013-03-27,83.20999908447266,1606.199951171875,28.57699966430664,1.8509999513626099,13.149999618530273,0.006495901882504646,-0.002341778979406849,0.005324510266349316,0.008089553452560792,-0.00026607844826931115,-0.001118214849735103
772,2013-03-28,82.98999786376953,1594.800048828125,28.29199981689453,1.8519999980926514,12.699999809265137,-0.007122743230299197,-0.010023114033961642,0.00481654487616328,0.008047349223941016,-1.1939165423047529e-05,-0.001083301585426635
773,2013-04-01,82.7300033569336,1600.0,27.913000106811523,1.840000033378601,13.579999923706055,0.0032552621035893824,-0.013486538747969387,0.004144377917187153,0.007491243549370614,0.000668360472066358,-0.0008152645474708035
774,2013-04-02,82.94000244140625,1575.0999755859375,27.216999053955078,1.8609999418258667,12.779999732971191,-0.015684882420190893,-0.025250790642332287,0.005409032036329441,0.009155396289949302,9.684059723463294e-05,-0.0021115035017381526
775,2013-04-03,82.72000122070312,1552.800048828125,26.773000717163086,1.812000036239624,14.210000038146973,-0.014258962507669856,-0.016447799526049547,0.006250541582027518,0.009652322710982557,-0.000588214541327155,-0.002904774188319213
776,2013-04-04,82.68000030517578,1551.800048828125,26.74799919128418,1.7589999437332153,13.890000343322754,-0.0006442053746879387,-0.0009342698283007575,0.00623061369296337,0.009545518024833798,-0.0006945560628625375,-0.003126309066604118
777,2013-04-05,82.5,1575.4000244140625,27.201000213623047,1.694000005722046,13.920000076293945,0.015093644840956136,0.016794071228424495,0.0071216126608614205,0.010282216328064999,2.4188929563945216e-05,-0.0026538950297931843
778,2013-04-08,82.75,1572.0,27.1200008392334,1.7319999933242798,13.1899995803833,-0.0021605297771282875,-0.0029822511681498417,0.0071374384751147,0.010260842338609638,-8.474367077866285e-05,-0.0028074957008487832
779,2013-04-09,82.30999755859375,1586.199951171875,27.865999221801758,1.746999979019165,12.84000015258789,0.008992493876984647,0.027135785747578616,0.007405459506706202,0.01208103324715643,0.00028907493931378355,-0.0017497952038653996
780,2013-04-10,82.52999877929688,1558.300048828125,27.638999938964844,1.8049999475479126,12.359999656677246,-0.017745673080341796,-0.008179463178350875,0.00838312876054176,0.012158672479909568,-0.0005921898962934088,-0.001979245713013406
781,2013-04-11,82.25,1564.300048828125,27.684999465942383,1.7910000085830688,12.239999771118164,0.003842955995970894,0.001662914397819391,0.008181610217820729,0.011825873124590384,-0.0008208808066848669,-0.002424389813211522
782,2013-04-12,82.30999755859375,1501.0,26.32200050354004,1.7209999561309814,12.0600004196167,-0.04130691814830361,-0.05048562044228733,0.012047713816698346,0.015803287525704784,-0.002692035235715665,-0.004485593869063952
783,2013-04-15,82.41999816894531,1360.5999755859375,23.354999542236328,1.7020000219345093,17.270000457763672,-0.09820579166610198,-0.11959403618831028,0.02401645771808348,0.029682635979163118,-0.007437406057462414,-0.009932933113201217
784,2013-04-16,81.75,1386.800048828125,23.621999740600586,1.718999981880188,13.960000038146973,0.01907320905271241,0.011367395854563214,0.024646396257870636,0.02994841569426959,-0.006586006591726011,-0.009466047665435446
785,2013-04-17,82.66000366210938,1382.199951171875,23.301000595092773,1.7039999961853027,16.510000228881836,-0.0033225726891608644,-0.013682166563405682,0.024447415726106713,0.02986623129636787,-0.007104671036838017,-0.010157222308510405
786,2013-04-18,82.55000305175781,1392.0,23.23900032043457,1.684999942779541,17.559999465942383,0.007065164563453464,-0.002664388058301682,0.02452229578036845,0.029844077330640883,-0.006966655951843686,-0.010232886427262963
787,2013-04-19,82.70999908447266,1395.300048828125,22.954999923706055,1.7029999494552612,14.970000267028809,0.0023679189985098153,-0.012296141209129662,0.024588329081084114,0.02977002630872,-0.006741461724709516,-0.01077377112248746
788,2013-04-22,82.68000030517578,1421.0,23.31999969482422,1.6979999542236328,14.390000343322754,0.018251368204225838,0.01577557401829703,0.025092909866829913,0.029860110373092517,-0.006058610836853336,-0.010673235873717624
789,2013-04-23,83.02999877929688,1408.5999755859375,22.812999725341797,1.6979999542236328,13.479999542236328,-0.008764563117937952,-0.02198081152466162,0.02509764487823572,0.02992459134320696,-0.006251182113115231,-0.01087529654309197
790,2013-04-24,82.93000030517578,1423.4000244140625,22.82900047302246,1.6979999542236328,13.609999656677246,0.010452107037941706,0.0007011414165294008,0.02534066242009587,0.02984755817777697,-0.005706004575590735,-0.01103917783519534
791,2013-04-25,82.73999786376953,1461.800048828125,24.139999389648438,1.7109999656677246,13.619999885559082,0.026620193431926197,0.055838512097839646,0.02630474965163591,0.03322413550737605,-0.004176505810621297,-0.008146370253788842
792,2013-04-26,82.4800033569336,1453.5999755859375,23.757999420166016,1.6629999876022339,13.609999656677246,-0.005625365162654407,-0.015950898924053002,0.02619160128564243,0.0332379764400934,-0.0047537090032479185,-0.008794423584486278
793,2013-04-29,82.1500015258789,1467.4000244140625,24.121999740600586,1.6679999828338623,13.710000038146973,0.009448922631150495,0.015204984945900609,0.02636572095754923,0.03364477374800018,-0.0039645820574646,-0.007593085537826172
794,2013-04-30,81.7300033569336,1472.199951171875,24.143999099731445,1.6749999523162842,13.520000457763672,0.003265703540304102,0.0009115883306207333,0.02636586401689769,0.03366536868998136,-0.003964084846192471,-0.006907460438845689
795,2013-05-01,81.63999938964844,1446.300048828125,23.30500030517578,1.6390000581741333,14.489999771118164,-0.01774924261742811,-0.035367921818460234,0.026415550584488176,0.034011606083843876,-0.004062387712727576,-0.0073892285900898766
796,2013-05-02,82.20999908447266,1467.699951171875,23.790000915527344,1.63100004196167,13.59000015258789,0.014687911508285616,0.020597419879003508,0.026611396818303112,0.034475811690988706,-0.0026839651405392204,-0.005625170523182589
797,2013-05-03,82.0999984741211,1464.300048828125,23.975000381469727,1.7519999742507935,12.850000381469727,-0.00231917044176605,0.007746273882077137,0.026607487359835227,0.03458672767723865,-0.002763725381828654,-0.00521181129887888
798,2013-05-06,82.31999969482422,1468.0999755859375,23.917999267578125,1.7710000276565552,12.65999984741211,0.0025916852087923934,-0.002380353756236609,0.026326336256805267,0.034227974935190766,-0.0033590567928840705,-0.0061248791552913125
799,2013-05-07,82.30000305175781,1449.0,23.770999908447266,1.7829999923706055,12.829999923706055,-0.013095367795032163,-0.00616493645273832,0.026409453853712968,0.034220409480852455,-0.003879763365165207,-0.006276435597414575
800,2013-05-08,81.9000015258789,1473.9000244140625,23.892000198364258,1.7599999904632568,12.65999984741211,0.017038302086289602,0.005077336700925457,0.026662682622241245,0.03347393752200564,-0.00349662964091259,-0.0073268379329694865
801,2013-05-09,82.79000091552734,1468.800048828125,23.878999710083008,1.812999963760376,13.130000114440918,-0.0034661912971972815,-0.0005442837130103552,0.026462453480926018,0.033505663654168044,-0.0028166543179057087,-0.00696325795842946
802,2013-05-10,83.13999938964844,1436.800048828125,23.631999969482422,1.899999976158142,12.59000015258789,-0.022027321577899984,-0.01039767496193068,0.026737668327251073,0.033453735027726264,-0.004048572297613845,-0.00753757173746518
803,2013-05-13,83.26000213623047,1434.5,23.670000076293945,1.9229999780654907,12.550000190734863,-0.001602096110455087,0.001606702251469192,0.02533849731535179,0.03201008519009859,-0.002157866486287726,-0.005056984942524393
804,2013-05-14,83.56999969482422,1424.699951171875,23.354999542236328,1.9520000219345093,12.770000457763672,-0.006855125470800369,-0.013397352395298092,0.012728454224103423,0.0185831935735325,0.002192165237298065,-1.982541115402065e-18
805,2013-05-15,83.83000183105469,1396.5,22.64299964904785,1.9429999589920044,12.8100004196167,-0.019992124565387674,-0.030960336462810233,0.012989943360229787,0.0195585152417624,0.0003319112554837756,-0.002015606300827309
806,2013-05-16,83.7699966430664,1387.0999755859375,22.64299964904785,1.8650000095367432,13.069999694824219,-0.006753887216782063,0.0,0.013059604117850366,0.01937749989529264,0.00016851532559705184,-0.0013640745597127528
807,2013-05-17,84.27999877929688,1364.9000244140625,22.339000701904297,1.9490000009536743,12.449999809265137,-0.01613403541922928,-0.013516676588653688,0.013423199834267261,0.0195577820397957,-0.0009362084831021267,-0.001880850204015229
808,2013-05-20,83.80999755859375,1384.300048828125,22.56800079345703,1.965000033378601,13.020000457763672,0.014113448217259888,0.010198947555830267,0.013806975377505503,0.01957483508690433,-0.00037689756792355183,-0.0008096555009218993
809,2013-05-21,83.86000061035156,1377.800048828125,22.441999435424805,1.944000005722046,13.369999885559082,-0.0047065723681885985,-0.005598830772600734,0.013151590682205403,0.01922185507488538,-0.0014701328332766203,-0.0018274843004884595
810,2013-05-22,84.25,1367.5999755859375,22.45800018310547,2.0260000228881836,13.819999694824219,-0.007430698684902042,0.000712728217993083,0.01311777736127561,0.018661948822749606,-0.001406615479322529,-0.0007468395508382355
811,2013-05-23,83.80000305175781,1392.0,22.493999481201172,2.0230000019073486,14.069999694824219,0.01768420098097557,0.001601677614366449,0.01353303551245395,0.018666476560735605,-0.0010622300534637742,-0.000703956874750757
812,2013-05-24,83.69999694824219,1386.800048828125,22.48200035095215,2.010999917984009,13.989999771118164,-0.0037425918742925827,-0.0005335792679868805,0.011957902896192103,0.013454368735271434,-0.0025080769728075256,-0.003388342177885353
813,2013-05-28,84.13999938964844,1379.0999755859375,22.18000030517578,2.134999990463257,14.479999542236328,-0.005567875242675551,-0.013524008968693543,0.011957160105776866,0.013351093970467198,-0.002505339357570437,-0.0032727759895349027
814,2013-05-29,83.63999938964844,1391.300048828125,22.44499969482422,2.124000072479248,14.829999923706055,0.008807502165758149,0.011876862956017805,0.011925875163068478,0.013138855862918231,-0.0025358831892557865,-0.0034312579890531316
815,2013-05-30,83.01000213623047,1411.5,22.673999786376953,2.124000072479248,14.529999732971191,0.01441437175038911,0.01015102553661773,0.012434355626935793,0.01344273721120416,-0.002004994226870786,-0.00299128478876756
816,2013-05-31,83.37999725341797,1392.5999755859375,22.22800064086914,2.1640000343322754,16.299999237060547,-0.013480482716379243,-0.019866099924619345,0.01219672445112173,0.01191472464913833,-0.001801719945868459,-0.002253102793822756
817,2013-06-03,82.68000030517578,1411.699951171875,22.71500015258789,2.134000062942505,16.280000686645508,0.013622131324814718,0.02167272167957176,0.012126695550276618,0.01201968572580239,-0.001852471383176597,-0.0022018979461766487
818,2013-06-04,82.7699966430664,1397.0999755859375,22.399999618530273,2.13700008392334,16.270000457763672,-0.010395975120352336,-0.013964564097765683,0.012269478655747885,0.012054885635691457,-0.002237081129775944,-0.003235747373788212
819,2013-06-05,82.56999969482422,1398.4000244140625,22.46500015258789,2.0999999046325684,17.5,0.0009301011782125091,0.0028976074832774137,0.012242109130990888,0.012128407107909814,-0.002316204178851177,-0.0029844158861923055
820,2013-06-06,81.5199966430664,1415.699951171875,22.701000213623047,2.075000047683716,16.6299991607666,0.012295330550164955,0.010450436476413461,0.012377382378028516,0.012448290056369635,-0.0011071233052703615,-0.0021932076514707926
821,2013-06-07,81.69000244140625,1383.0,21.73699951171875,2.1610000133514404,15.140000343322754,-0.023369021245246344,-0.04339313056319736,0.01255503373787218,0.015218238738633996,-0.0030312815591530253,-0.004501325140238545
822,2013-06-10,81.6500015258789,1386.199951171875,21.92099952697754,2.2149999141693115,15.4399995803833,0.0023111025946810702,0.008429204671093697,0.012608211566788456,0.015458980849948381,-0.002756172326206437,-0.0040740161695669245
823,2013-06-11,81.05999755859375,1377.0,21.645000457763672,2.194999933242798,17.06999969482422,-0.006658935530784299,-0.012670557856036354,0.011857376041125222,0.015513329183295718,-0.0020243444192009287,-0.004182248688333861
824,2013-06-12,80.95999908447266,1391.800048828125,21.79599952697754,2.2300000190734863,18.59000015258789,0.01069068876481086,0.006951942975945036,0.012178352250323753,0.015656253328485806,-0.0014389737108549312,-0.0039277134157397735
825,2013-06-13,80.62000274658203,1377.5999755859375,21.582000732421875,2.1740000247955322,16.40999984741211,-0.01025507154217024,-0.009866777140349513,0.012276163270777771,0.015568189059159694,-0.0016008759047296869,-0.0037595907845517453
826,2013-06-14,80.66999816894531,1387.300048828125,21.952999114990234,2.125999927520752,17.149999618530273,0.007016610331898619,0.01704409624970123,0.01165197404786887,0.014883797381585899,-0.00031474567152557756,-0.0014736654172892948
827,2013-06-17,80.56999969482422,1382.800048828125,21.756999969482422,2.1710000038146973,16.799999237060547,-0.0032489829246715824,-0.008968220694533522,0.01158000910927834,0.014967824169563744,-0.0001478454671393642,-0.0019007235456004147
828,2013-06-18,80.62000274658203,1366.5999755859375,21.676000595092773,2.181999921798706,16.610000610351562,-0.011784578876664325,-0.003729858275548429,0.011315667608195853,0.014738672832860008,5.927151107801469e-05,-0.0014346845783096882
829,2013-06-19,81.43000030517578,1373.5999755859375,21.621999740600586,2.311000108718872,16.639999389648438,0.005109127327628792,-0.0024943822842948024,0.01092018081786411,0.01449599718799189,-0.0003695056741425137,-0.0020391288564108817
830,2013-06-20,81.83999633789062,1285.9000244140625,19.82200050354004,2.4189999103546143,20.489999771118164,-0.06597613154712086,-0.08691884548596081,0.018016195833283323,0.02353685553962853,-0.003287103730282145,-0.0059115105094280284
831,2013-06-21,82.31999969482422,1291.5999755859375,19.95800018310547,2.5139999389648438,18.899999618530273,0.004422859719568829,0.0068376172490548365,0.018065505253221578,0.023660668524102462,-0.0027226485681644845,-0.005619849126996516
832,2013-06-24,82.43000030517578,1276.800048828125,19.493000030517578,2.5480000972747803,20.110000610351562,-0.011524755043811986,-0.02357464630708671,0.017532342051350444,0.02391295233690975,-0.0041135512360115116,-0.006818721694684762
833,2013-06-25,82.58000183105469,1274.800048828125,19.525999069213867,2.5889999866485596,18.469999313354492,-0.0015676440923652083,0.0016914348048412621,0.017541064864207038,0.023947097726696624,-0.00400998229401497,-0.006712768643597706
834,2013-06-26,82.94999694824219,1229.5999755859375,18.586999893188477,2.5390000343322754,17.209999084472656,-0.03610044847665988,-0.04928445725477079,0.018890153299702204,0.025665472690861557,-0.005463914352776128,-0.008415647133410909
835,2013-06-27,82.91000366210938,1211.4000244140625,18.533000946044922,2.4830000400543213,16.860000610351562,-0.014912157668658067,-0.002909428017965157,0.0187023558271658,0.02528087329403757,-0.006593421963938804,-0.009119756227410099
836,2013-06-28,83.16999816894531,1223.800048828125,19.451000213623047,2.4779999256134033,16.860000610351562,0.010184076226778084,0.048345515745501104,0.018486301897079234,0.0279677295896173,-0.006794864607920281,-0.007300970979368033
837,2013-07-01,82.9800033569336,1255.9000244140625,19.559999465942383,2.490000009536743,16.3700008392334,0.0258916545363587,0.005588143695931232,0.019729116567637088,0.027947514663101445,-0.0049200009292184755,-0.006088864140294195
838,2013-07-02,83.54000091552734,1243.5999755859375,19.29800033569336,2.4690001010894775,16.440000534057617,-0.009842086910742568,-0.013485156309678895,0.019285952757969176,0.02724555947974126,-0.0060373446547212035,-0.007763048806448988
839,2013-07-03,83.2300033569336,1252.0999755859375,19.68899917602539,2.500999927520752,16.200000762939453,0.006811742623575429,0.020058581316771573,0.01945631079588083,0.027862943084384507,-0.005217929524057976,-0.006142899024804358
840,2013-07-05,84.41999816894531,1212.9000244140625,18.72599983215332,2.7149999141693115,14.890000343322754,-0.031807915732905694,-0.050147138756803086,0.02023505948226239,0.029366244602316637,-0.0067768827103017,-0.008668839321951049
841,2013-07-08,84.19999694824219,1234.9000244140625,19.024999618530273,2.6449999809265137,14.779999732971191,0.017975808450345476,0.015840960143376766,0.02053845476510049,0.029564612547331292,-0.006506383762674057,-0.008412147718762319
842,2013-07-09,84.58000183105469,1245.9000244140625,19.125,2.630000114440918,14.350000381469727,0.008868165006491742,0.005242496015821444,0.020419479979578256,0.028575747750418948,-0.004971279655448434,-0.006096165500713805
843,2013-07-10,84.04000091552734,1247.4000244140625,19.150999069213867,2.680000066757202,14.210000038146973,0.0012032247636410058,0.0013585052693398615,0.020401147294959718,0.02843736294321802,-0.005024035742640817,-0.006432865472225892
844,2013-07-11,82.75,1280.0999755859375,19.94300079345703,2.5739998817443848,14.010000228881836,0.025876776126085747,0.0405233593753868,0.02147779700060502,0.030170273410441813,-0.0034747161399327196,-0.003899821794539075
845,2013-07-12,82.98999786376953,1277.800048828125,19.77899932861328,2.6010000705718994,13.84000015258789,-0.0017982934091746827,-0.008257509502476211,0.021237513521513412,0.030079163056955047,-0.004069429576789174,-0.004624081436368659
846,2013-07-15,83.04000091552734,1283.800048828125,19.826000213623047,2.555999994277954,13.789999961853027,0.004684580530843276,0.00237348353074962,0.021270145615577524,0.030091083883820518,-0.0033580175733123395,-0.004041211880602034
847,2013-07-16,82.43000030517578,1290.800048828125,19.92300033569336,2.5320000648498535,14.420000076293945,0.005437751093870546,0.0048806416906252426,0.02123440113099204,0.0297803883604082,-0.0034332013465517724,-0.004620424002462795
848,2013-07-17,82.70999908447266,1277.9000244140625,19.409000396728516,2.490999937057495,13.779999732971191,-0.010044094286119024,-0.026137963617194206,0.02128317064836027,0.0301392548798594,-0.003756778078049269,-0.00543803080830378
849,2013-07-18,82.81999969482422,1284.5999755859375,19.375999450683594,2.5339999198913574,13.770000457763672,0.005229242099017883,-0.0017017379986458655,0.021286128980193955,0.030148250243365666,-0.002946596126826307,-0.005341453652260801
850,2013-07-19,82.58000183105469,1293.300048828125,19.447999954223633,2.490999937057495,12.539999961853027,0.006749762357370308,0.0037090761996546266,0.02132015742356652,0.030207874479219483,-0.0028684706492195684,-0.005046050867310828
851,2013-07-22,82.22000122070312,1336.4000244140625,20.49799919128418,2.48799991607666,12.289999961853027,0.03278232057525459,0.052583046295929685,0.0171973031164653,0.026402242562853902,0.0018343127851792626,0.0015968963603982438
852,2013-07-23,82.01000213623047,1335.0999755859375,20.246000289916992,2.5160000324249268,12.65999984741211,-0.0009732726413989683,-0.012370023459692162,0.01719700565101139,0.026543934976475798,0.0015773541013236532,0.0006822468028388628
853,2013-07-24,82.30000305175781,1319.699951171875,20.013999938964844,2.5880000591278076,13.180000305175781,-0.011601776086361223,-0.011525231877635742,0.017199947664431406,0.02612022360196125,0.0015736864326308323,0.001256028442336528
854,2013-07-25,81.97000122070312,1329.0,20.14699935913086,2.6070001125335693,12.970000267028809,0.007022378689875025,0.0066233365054744545,0.017223632812715182,0.02614649285106587,0.001982735136547034,0.001490880904271442
855,2013-07-26,81.62000274658203,1321.699951171875,19.764999389648438,2.561000108718872,12.720000267028809,-0.005508029892910125,-0.019142696255890573,0.014990474896082425,0.02395530022587124,0.0034395169738684504,0.0029262028565990713
856,2013-07-29,81.66000366210938,1328.4000244140625,19.854000091552734,2.5850000381469727,13.390000343322754,0.0050564790608036815,0.004492836910604048,0.014389456956538685,0.02391957223411433,0.004390404437176153,0.003278691662721415
857,2013-07-30,81.83000183105469,1324.0,19.666000366210938,2.6029999256134033,13.390000343322754,-0.003317771384185275,-0.009514227799338582,0.01441925418438493,0.021698090019298073,0.0037474593128445643,0.0005234657796338105
858,2013-07-31,81.44999694824219,1312.4000244140625,19.617000579833984,2.5929999351501465,13.449999809265137,-0.008799916807399286,-0.0024947081745127467,0.013725995997295204,0.021675434886263452,0.0020954797250465652,0.0001385680715174305
859,2013-08-01,82.33999633789062,1311.0,19.614999771118164,2.7230000495910645,12.9399995803833,-0.001067335925854353,-0.00010199881217656763,0.013475701725117915,0.02145042256125317,0.002513325010041242,0.0007758612856842079
860,2013-08-02,81.91000366210938,1310.5999755859375,19.902999877929688,2.6019999980926514,11.979999542236328,-0.00030517578646048856,0.014575900011020116,0.013451665998228847,0.021236288422619477,0.0021744241333728647,0.0005147812235055672
861,2013-08-05,81.87999725341797,1302.5999755859375,19.711000442504883,2.640000104904175,11.84000015258789,-0.006122780607501365,-0.0096935900093878,0.011183861172575906,0.017998960456124206,0.0033975258060111664,0.0024411406876682
862,2013-08-06,81.5999984741211,1283.199951171875,19.514999389648438,2.6419999599456787,12.720000267028809,-0.01500532830933171,-0.009993508637877475,0.011348823405864721,0.01792000976321348,0.0018269954841217764,0.0012109278885608548
863,2013-08-07,81.29000091552734,1286.0999755859375,19.49799919128418,2.5999999046325684,12.979999542236328,0.002257444228614372,-0.0008715146263374251,0.0112348610179808,0.017900890997253584,0.0015121992566038064,0.0009197845246485278
864,2013-08-08,81.01000213623047,1310.699951171875,20.18400001525879,2.5869998931884766,12.729999542236328,0.01894694408300723,0.03457835736452232,0.011860279387652635,0.019350703619490824,0.002357138271811722,0.00250168224346674
865,2013-08-09,81.12999725341797,1312.9000244140625,20.39900016784668,2.5799999237060547,13.40999984741211,0.0016771411635599898,0.010595676174267953,0.010565809946722236,0.017415809835820667,0.001204774702167638,0.0010765544719848902
866,2013-08-12,81.33000183105469,1334.699951171875,21.332000732421875,2.6050000190734863,12.8100004196167,0.016468061360921795,0.04472243880376739,0.011047143839514167,0.01968551041118389,0.00207460111979128,0.0035994091532345856
867,2013-08-13,81.7300033569336,1321.199951171875,21.336000442504883,2.7149999141693115,12.3100004196167,-0.010166133337281825,0.00018748054676037776,0.011343079931558378,0.019698092818022615,0.0013674242689281798,0.0034953137730446217
868,2013-08-14,81.69999694824219,1334.0,21.7810001373291,2.7119998931884766,13.039999961853027,0.009641569916341188,0.020642228818549355,0.011455046146095986,0.020050641995210425,0.001567606117617258,0.004245865541041008
869,2013-08-15,81.12999725341797,1361.5999755859375,22.929000854492188,2.755000114440918,14.729999542236328,0.020478513413118613,0.05136448575764532,0.011838051273936707,0.02127383628008244,0.003021063627104765,0.007936458368414319
870,2013-08-16,81.26000213623047,1371.699951171875,23.316999435424805,2.8289999961853027,14.369999885559082,0.007390349998877117,0.016780161858095215,0.011867563716121299,0.021237434778850615,0.0031239735270980618,0.008816548837782942
871,2013-08-19,81.2300033569336,1366.199951171875,23.160999298095703,2.884000062942505,15.100000381469727,-0.004017683329916731,-0.00671288469369231,0.011935487919229302,0.021483106732825843,0.002611238018179631,0.0083202649857188
872,2013-08-20,80.91000366210938,1373.0999755859375,23.06599998474121,2.813999891281128,14.90999984741211,0.0050378119898069895,-0.004110128217914725,0.009767436574420045,0.019069275312879524,0.0012900709426821259,0.005620590008869068
873,2013-08-21,81.31999969482422,1370.5999755859375,22.95800018310547,2.8550000190734863,15.9399995803833,-0.001822357208414339,-0.004693203523243028,0.009779024743877004,0.018778513017554503,0.0012496383442528226,0.005986152862985693
874,2013-08-22,81.48999786376953,1371.199951171875,23.030000686645508,2.9010000228881836,14.760000228881836,0.00043765089469787415,0.003131276028879771,0.00933055382410595,0.01836290220535634,0.0018229443909699224,0.006684081810915002
875,2013-08-23,81.33999633789062,1395.699951171875,23.732999801635742,2.818000078201294,13.979999542236328,0.017709813296174264,0.030068732701350687,0.009902282747749078,0.0190585757637233,0.002331869848412743,0.007800529248813871
876,2013-08-26,81.37000274658203,1393.0,24.007999420166016,2.805000066757202,14.989999771118164,-0.0019363517501071658,0.011520607637159857,0.00979094042797933,0.01803845134367444,0.0025019497599747887,0.009260686577054368
877,2013-08-27,81.16999816894531,1420.5999755859375,24.64900016784668,2.7209999561309814,16.770000457763672,0.019619605598163514,0.026349254537584365,0.010472916359512105,0.018376960494818916,0.003195431976039543,0.010301468368815335
878,2013-08-28,81.41999816894531,1419.0,24.388999938964844,2.7820000648498535,16.489999771118164,-0.0011269022179265509,-0.010604130049235282,0.01041554542332254,0.018437162478412143,0.0032997590791947204,0.010249568261677397
879,2013-08-29,81.94999694824219,1412.9000244140625,24.09000015258789,2.750999927520752,16.809999465942383,-0.00430805110888191,-0.012335385513860063,0.010198498776455284,0.018896602052519633,0.0035136574457907853,0.009780964578851335
880,2013-08-30,82.08999633789062,1396.0999755859375,23.46299934387207,2.749000072479248,17.010000228881836,-0.011961729543889401,-0.026372138637638712,0.010707562391811143,0.020393801044117588,0.0029948767973129262,0.008530005539543615
881,2013-09-03,82.36000061035156,1412.0,24.381999969482422,2.8480000495910645,16.610000610351562,0.011324521545916155,0.038420469568093515,0.01082841173152136,0.021386859246003722,0.0035486719083784803,0.009665461232737585
882,2013-09-04,82.16999816894531,1389.9000244140625,23.368999481201172,2.8970000743865967,15.880000114440918,-0.015775319397137694,-0.04243481835794231,0.011446687119901402,0.023912940207523655,0.003089027204110084,0.008106355120901656
883,2013-09-05,82.62999725341797,1373.0999755859375,23.20599937438965,2.9790000915527344,15.770000457763672,-0.012160880108594587,-0.006999496567006423,0.011236773584424748,0.023808327337513303,0.0032244771184309,0.008248927124276469
884,2013-09-06,82.1500015258789,1386.699951171875,23.841999053955078,2.937999963760376,15.850000381469727,0.009855849000619287,0.027037852649683464,0.011326058958243082,0.024051484610778738,0.0035863059170978006,0.009577944613610796
885,2013-09-09,81.79000091552734,1386.800048828125,23.667999267578125,2.8970000743865967,15.630000114440918,7.218147199824732e-05,-0.007324797747258088,0.010781993074645347,0.023607781804089043,0.002687507697525944,0.007582556274954587
886,2013-09-10,81.81999969482422,1364.0999755859375,22.965999603271484,2.9590001106262207,14.529999732971191,-0.01650411741855866,-0.03010904978939224,0.011568457681045084,0.02497921807661567,0.0018217334793298179,0.005644235990970767
887,2013-09-11,81.5199966430664,1363.9000244140625,23.121000289916992,2.9200000762939453,13.819999694824219,-0.00014659176849926887,0.006726463923690638,0.011074291321214477,0.023328678336084558,0.0010305595207859579,0.0038349038538242554
888,2013-09-12,81.48999786376953,1330.4000244140625,22.099000930786133,2.9070000648498535,14.289999961853027,-0.02486859360337783,-0.04520890725299331,0.012222735623158865,0.025669438551441215,0.0003304423652575766,0.0016731711014550323
889,2013-09-13,81.44999694824219,1308.4000244140625,21.670000076293945,2.8980000019073486,14.15999984741211,-0.016674631905928796,-0.019603581681107367,0.012564638004562582,0.025684768633182514,-0.0009227101024695655,-0.0002432960651952878
890,2013-09-16,81.25,1317.9000244140625,21.96299934387207,2.874000072479248,14.380000114440918,0.0072345438511090335,0.013430370389390016,0.01174218565019318,0.023075126362160376,-0.0015533753197081168,-0.002049682511302683
891,2013-09-17,81.16999816894531,1309.5,21.735000610351562,2.8529999256134033,14.529999732971191,-0.006394194227050239,-0.01043529693611267,0.011601666933011486,0.022726321842404102,-0.0022097821876094193,-0.003345656739598297
892,2013-09-18,80.23999786376953,1307.800048828125,21.513999938964844,2.7079999446868896,13.59000015258789,-0.0012990114845119957,-0.010220009349445749,0.01159565122887302,0.022765156356551342,-0.002080321623542527,-0.003512662675586555
893,2013-09-19,80.36000061035156,1369.4000244140625,23.242000579833984,2.747999906539917,13.15999984741211,0.0460263320519995,0.0772571285755453,0.015608910998616892,0.028786438625190612,-0.00012848733486669377,0.0003619686002924932
894,2013-09-20,80.44000244140625,1332.5,21.875999450683594,2.7320001125335693,13.119999885559082,-0.02731582847525432,-0.06057089137429519,0.016700443021280858,0.03171100591250281,-0.001342462157097169,-0.002298873678329038
895,2013-09-23,80.44999694824219,1326.9000244140625,21.80500030517578,2.7139999866485596,14.3100004196167,-0.0042114640982854005,-0.0032508050836580014,0.016706479373045025,0.03168693579199616,-0.0015638485853344676,-0.002602782302735599
896,2013-09-24,80.55999755859375,1316.0,21.538999557495117,2.6530001163482666,14.079999923706055,-0.008248580056451694,-0.01227409043954679,0.016160527715265584,0.03083988279567195,-0.0027999625545071325,-0.004619107214206907
897,2013-09-25,80.33000183105469,1335.9000244140625,21.83799934387207,2.614000082015991,14.010000228881836,0.015008407385870412,0.013786316695773035,0.016622233190135165,0.03090306797183065,-0.001993069262317724,-0.0045112163066538995
898,2013-09-26,80.5199966430664,1323.5999755859375,21.719999313354492,2.6429998874664307,14.0600004196167,-0.009249961668872883,-0.00541807809441414,0.01592457112598367,0.030083542459234933,-0.003367810560748029,-0.006023946431987161
899,2013-09-27,80.2699966430664,1338.4000244140625,21.783000946044922,2.61899995803833,15.460000038146973,0.01111961031158416,0.0028964290444212456,0.016232007329755133,0.03012499482516641,-0.002784643297437995,-0.005381062665622565
900,2013-09-30,80.22000122070312,1326.5,21.6560001373291,2.615000009536743,16.600000381469727,-0.008930994336049873,-0.00584733384325407,0.016284963007882312,0.03008334801171935,-0.0030047834511126594,-0.005072107824165136
901,2013-10-01,80.0999984741211,1286.0,21.124000549316406,2.6459999084472656,15.539999961853027,-0.03100726878022965,-0.0248726978043273,0.01730699240969395,0.030032000882226337,-0.003911713890938385,-0.005000705879721736
902,2013-10-02,79.87999725341797,1320.5999755859375,21.84600067138672,2.625999927520752,16.600000381469727,0.026549534475807456,0.03360800830499705,0.01826929988178124,0.029700633854094115,-0.0031867132752292754,-0.005229870701773947
903,2013-10-03,79.7699966430664,1317.4000244140625,21.73900032043457,2.6059999465942383,17.670000076293945,-0.002426044534775406,-0.004909971938937424,0.018040185853353315,0.028452938494553676,-0.002551033519878691,-0.0034429732532499056
904,2013-10-04,80.12000274658203,1309.699951171875,21.704999923706055,2.6519999504089355,16.739999771118164,-0.005862049685155893,-0.0015652519786038298,0.01792441141396204,0.028443685520539885,-0.002251089214000658,-0.0031841997014212106
905,2013-10-07,79.94000244140625,1324.800048828125,22.339000701904297,2.634000062942505,19.40999984741211,0.011463475434532194,0.028791416065847644,0.01798204486654786,0.028539258966702178,-0.0021745355742905197,-0.0031006966816038693
906,2013-10-08,80.05999755859375,1324.199951171875,22.39699935913086,2.635999917984009,20.34000015258789,-0.00045307487090635477,0.00259293140390717,0.01797912859859696,0.02854792159199279,-0.002199547781095501,-0.0026284238648817144
907,2013-10-09,80.37000274658203,1306.9000244140625,21.84600067138672,2.6500000953674316,19.600000381469727,-0.013150527333180879,-0.024909123552213502,0.017860219753898683,0.028319281187282837,-0.0020398530151251306,-0.0023808083297779644
908,2013-10-10,80.41999816894531,1296.5999755859375,21.850000381469727,2.684999942779541,16.479999542236328,-0.007912504372284527,0.00018306984610966273,0.01789941439383348,0.02824997871261026,-0.0024096583772101427,-0.002692398523948487
909,2013-10-11,80.36000061035156,1268.0,21.21500015258789,2.681999921798706,15.720000267028809,-0.02230457891442995,-0.029492453153426607,0.017746650034239097,0.027258075064243215,-0.002287562439641196,-0.0019439959477786438
910,2013-10-14,80.26000213623047,1276.4000244140625,21.309999465942383,2.690999984741211,16.06999969482422,0.006602778534198821,0.004467935202422563,0.017528719778988754,0.02698306203418554,-0.0011791143234446428,-0.0007977332390391235
911,2013-10-15,80.4800033569336,1273.0,21.145999908447266,2.7200000286102295,18.65999984741211,-0.002667314973963524,-0.007725663068382327,0.01742394407629344,0.026819728547659894,-0.0016506314103528598,-0.0018051634036949493
912,2013-10-16,80.5,1282.0,21.31999969482422,2.6710000038146973,14.710000038146973,0.007045038923208838,0.008194827002801237,0.01748769455841696,0.026828109977608903,-0.0010106679270071896,-0.000918014644699049
913,2013-10-17,79.6500015258789,1322.699951171875,21.902999877929688,2.5869998931884766,13.479999542236328,0.03125370663589087,0.026978023185252248,0.018850510625408115,0.027405037263196277,0.0005394615072977086,0.0008533202379056175
914,2013-10-18,79.63999938964844,1314.4000244140625,21.868999481201172,2.5889999866485596,13.039999961853027,-0.00629475881914602,-0.0015535229856739098,0.01573869310604205,0.021086968430609587,-0.0019520190103758876,-0.0028995679316762496
915,2013-10-21,79.68000030517578,1315.699951171875,22.232999801635742,2.6089999675750732,13.15999984741211,0.0009884999625332028,0.016507577532105935,0.014630966729633241,0.016824017704031642,-0.0006041938466717195,0.0007708353495809466
916,2013-10-22,79.23999786376953,1342.5,22.753999710083008,2.51200008392334,13.329999923706055,0.020164741123126422,0.02316327866089373,0.015282906793809461,0.017482813515501256,0.0005565778305383672,0.002028648861226267
917,2013-10-23,79.26000213623047,1333.9000244140625,22.582000732421875,2.484999895095825,13.420000076293945,-0.006426546933253408,-0.00758778018395112,0.015235517617526185,0.017320272715138068,0.0006433413125954286,0.0022518064924451084
918,2013-10-24,79.19000244140625,1350.199951171875,22.785999298095703,2.5220000743865967,13.199999809265137,0.012145692994379134,0.008993120279522761,0.015112873101994195,0.01719177607117519,0.0005070215796672725,0.0020235590440522383
919,2013-10-25,79.18000030517578,1352.4000244140625,22.60300064086914,2.503000020980835,13.09000015258789,0.0016281164419827505,-0.008063612287003512,0.014947243750261237,0.017258596514727442,0.0010250252992318265,0.0018975812253575065
920,2013-10-28,79.25,1352.0,22.49799919128418,2.51200008392334,13.3100004196167,-0.0002958322832189576,-0.004656288760216004,0.01476827780031533,0.017315343237488543,0.0004814327947173923,0.0015379279965652567
921,2013-10-29,79.62999725341797,1345.199951171875,22.45199966430664,2.506999969482422,13.40999984741211,-0.005042313034836748,-0.0020466982961617718,0.014668398821133246,0.01725404566005064,0.0006666080947751602,0.0017189106416648896
922,2013-10-30,79.75,1349.0,22.945999145507812,2.5269999504089355,13.649999618530273,0.0028209126396832006,0.02176391000933382,0.012747847605345869,0.016651066093286964,0.0022774738766757723,0.003939701489934467
923,2013-10-31,80.19999694824219,1323.5999755859375,21.832000732421875,2.5420000553131104,13.75,-0.01900829860549579,-0.04976677518355935,0.012278577794669888,0.018997789827081623,0.00010805325375656997,-3.052629523488545e-05
924,2013-11-01,80.7300033569336,1313.0999755859375,21.804000854492188,2.619999885559082,13.279999732971191,-0.007964543329991858,-0.0012833385623934029,0.012394663981714734,0.018967675934320135,-0.00015568478411088013,0.00014217053221959175
925,2013-11-04,80.55000305175781,1314.5999755859375,21.67799949645996,2.6019999980926514,12.930000305175781,0.0011416829857313268,-0.005795580226333723,0.012327486858023045,0.019009134678265555,0.000177826295455178,-5.927367005326029e-05
926,2013-11-05,80.70999908447266,1308.0,21.61400032043457,2.6619999408721924,13.270000457763672,-0.005033165240855487,-0.0029566304590999013,0.012095801324597675,0.017825514484887745,-0.0006077280224204258,-0.0015710854093364767
927,2013-11-06,80.4800033569336,1317.699951171875,21.746000289916992,2.640000104904175,12.670000076293945,0.00738850247849152,0.006088578201227827,0.012221202614929495,0.01788257372479799,-0.00023431957721100323,-0.0014046260380354931
928,2013-11-07,80.81999969482422,1308.4000244140625,21.638999938964844,2.61299991607666,13.90999984741211,-0.007082720171927727,-0.004932606538489988,0.01196970088057043,0.017083195233422804,5.4623620943908774e-05,-0.00045336332309627817
929,2013-11-08,81.20999908447266,1284.5,21.30699920654297,2.746000051498413,12.899999618530273,-0.01843549777376958,-0.015461619385073193,0.012527192873025901,0.01739238170658167,-0.0004464713029363318,-0.001198348524581176
930,2013-11-11,81.08999633789062,1281.0,21.27199935913086,2.750999927520752,12.529999732971191,-0.0027285146532040625,-0.0016439961706019844,0.011506071002925321,0.01614405581230932,0.00048572223331252003,0.00012776847460094887
931,2013-11-12,81.19000244140625,1271.0999755859375,20.76799964904785,2.7679998874664307,12.819999694824219,-0.007758374803146492,-0.023978300190379182,0.011551015268135845,0.01693567755376517,-0.00019814221132297109,-0.0012268141631515152
932,2013-11-13,80.93000030517578,1268.300048828125,20.43199920654297,2.7249999046325684,12.520000457763672,-0.002205188521328236,-0.016311063166835577,0.011546515330800481,0.017201937475349382,-0.00017613618976890976,-0.0016356427392683363
933,2013-11-14,80.9800033569336,1286.199951171875,20.711999893188477,2.7019999027252197,12.369999885559082,0.01401463716541343,0.013610976836102821,0.011860353904050594,0.01739620280659826,0.0001557494408122612,-0.0013777308424444514
934,2013-11-15,80.83999633789062,1287.300048828125,20.716999053955078,2.7090001106262207,12.1899995803833,0.0008549428585643364,0.00024133630635117653,0.00949410813176687,0.016150989965444913,-0.0012918107390604307,-0.002650906408106408
935,2013-11-18,80.83000183105469,1272.199951171875,20.349000930786133,2.677999973297119,13.100000381469727,-0.011799392732390238,-0.01792275722542509,0.009712617231486205,0.01648689646864369,-0.0015539361635006316,-0.0034303937528564637
936,2013-11-19,80.69999694824219,1273.4000244140625,20.326000213623047,2.7119998931884766,13.390000343322754,0.0009428608914212821,-0.0011309511477585945,0.00971202498091635,0.015857655426330233,-0.001556109452601199,-0.00427032368999287
937,2013-11-20,81.11000061035156,1257.9000244140625,20.049999237060547,2.7920000553131104,13.399999618530273,-0.012246824501854306,-0.013671749524682126,0.008599245191054873,0.014663694178578716,-0.003099517339505044,-0.006024372651210768
938,2013-11-21,81.05000305175781,1243.5,19.92799949645996,2.7839999198913574,12.65999984741211,-0.01151369900995485,-0.006103363008822054,0.008767660307956008,0.014659358115754011,-0.0033417626764908263,-0.0059536861190617645
939,2013-11-22,80.70999908447266,1244.0,19.856000900268555,2.752000093460083,12.260000228881836,0.00040201005566548926,-0.0036194788897871357,0.008077823218718198,0.01426955146917505,-0.0039009856735724283,-0.006554286079505092
940,2013-11-25,80.91999816894531,1241.0999755859375,19.8799991607666,2.740999937057495,12.789999961853027,-0.002333930834959181,0.001207885211342223,0.00798799641508318,0.014363637866389369,-0.004089654591522045,-0.0061127861986314865
941,2013-11-26,80.61000061035156,1241.4000244140625,19.84600067138672,2.696000099182129,12.8100004196167,0.00024173118194246732,-0.0017116496915926289,0.008001611677873863,0.014392910707943941,-0.004064056331276262,-0.005972565290601801
942,2013-11-27,80.73999786376953,1237.800048828125,19.632999420166016,2.7360000610351562,12.979999542236328,-0.0029041448933399953,-0.010790714938904758,0.008002145006919955,0.014400136906302803,-0.003962238800728797,-0.006388947035494325
943,2013-11-29,80.68000030517578,1250.5999755859375,19.981000900268555,2.740999937057495,13.699999809265137,0.010287766858549853,0.017570072691255687,0.008470782324775104,0.014014086820320846,-0.0036066743141161006,-0.006588653574450427
944,2013-12-02,80.91000366210938,1222.300048828125,19.232999801635742,2.8010001182556152,14.229999542236328,-0.022889046880359587,-0.038154323714740764,0.008857103849799132,0.012356197941773159,-0.003791471851014376,-0.0060356796949828755
945,2013-12-03,80.62000274658203,1221.699951171875,19.01099967956543,2.7750000953674316,14.550000190734863,-0.0004910782883059409,-0.0116098012052145,0.008831149961378085,0.012363091723341827,-0.0034355925633150464,-0.0065274160113076895
946,2013-12-04,80.62999725341797,1248.199951171875,19.77400016784668,2.8410000801086426,14.699999809265137,0.02145918293845848,0.039350209808921996,0.010341482987174135,0.015912396595869065,-0.0024680925655661346,-0.004377616485819321
947,2013-12-05,80.2699966430664,1233.199951171875,19.513999938964844,2.861999988555908,15.079999923706055,-0.012090096963768365,-0.013235798405196515,0.010541720296352516,0.016024206694776937,-0.002804136933323891,-0.004867100673728684
948,2013-12-06,80.2699966430664,1230.300048828125,19.46500015258789,2.882999897003174,13.789999961853027,-0.0023542956632373094,-0.0025141646564865888,0.010281900831984532,0.015839017110568305,-0.0032680797019776445,-0.005276755095524608
949,2013-12-09,80.12999725341797,1235.300048828125,19.643999099731445,2.8570001125335693,13.489999771118164,0.004055813316003699,0.009153913446300526,0.010362262476009505,0.016149560314660107,-0.0027376733454094813,-0.004605968429582203
950,2013-12-10,79.97000122070312,1262.4000244140625,20.256000518798828,2.796999931335449,13.90999984741211,0.021700795360903954,0.030679169226061967,0.011003717918651987,0.017666326884791823,-0.0008264212913774085,-0.0024087880195281484
951,2013-12-11,79.88999938964844,1258.5,20.29800033569336,2.8440001010894775,15.420000076293945,-0.003094154855642138,0.0020713039910025466,0.01100716687141803,0.01769295215963436,-0.0008438327295887454,-0.0022318689642136466
952,2013-12-12,80.19999694824219,1226.0,19.402000427246094,2.877000093460083,15.539999961853027,-0.026163698079213905,-0.04514620000505846,0.012248077207100952,0.019504110487336,-0.0017202766951157653,-0.0032398641934840884
953,2013-12-13,80.20999908447266,1235.699951171875,19.55900001525879,2.868000030517578,15.760000228881836,0.00788073409944081,0.008059363775706289,0.012424588699095468,0.019412291251239635,-0.0012399946655553345,-0.002079367672410666
954,2013-12-16,80.06999969482422,1245.5,20.048999786376953,2.877000093460083,16.030000686645508,0.007899484106637614,0.02474372720647295,0.01211704099163909,0.020005162739643034,-0.0015311924302589446,-0.0015492367023930407
955,2013-12-17,80.05999755859375,1231.199951171875,19.79199981689453,2.8429999351501465,16.209999084472656,-0.01154779183653739,-0.012901460143352122,0.012295867466852049,0.020151392215554398,-0.0021217988443114075,-0.0021750841523789123
956,2013-12-18,80.11000061035156,1236.0999755859375,20.013999938964844,2.884999990463257,13.800000190734863,0.0039719782771997425,0.01115421921999813,0.012156070197907145,0.02001373626145307,-0.0013707811771880751,-0.0007904662264063779
957,2013-12-19,80.62999725341797,1195.0,19.14299964904785,2.924999952316284,14.149999618530273,-0.03381505677728644,-0.04449493039750627,0.01404483846442107,0.022171392076288588,-0.003025920113793205,-0.0028554176192515054
958,2013-12-20,80.58000183105469,1205.0999755859375,19.417999267578125,2.88700008392334,13.789999961853027,0.008416345408783462,0.014263338008109219,0.014090277445763917,0.02232746162943893,-0.002041959641858073,-0.0015251753557852508
959,2013-12-23,80.44999694824219,1198.4000244140625,19.378000259399414,2.928999900817871,13.039999961853027,-0.005575176639224595,-0.0020620178801478506,0.013949567753247476,0.022303431930201737,-0.0017591728622994897,-0.0013327303496579077
960,2013-12-24,80.52999877929688,1205.0999755859375,19.452999114990234,2.9830000400543213,12.479999542236328,0.005575176639224665,0.0038628389718123636,0.014035056851772313,0.022324829543328067,-0.0015128315964157192,-0.0009764294991055506
961,2013-12-26,80.4800033569336,1214.0999755859375,19.885000228881836,2.990000009536743,12.329999923706055,0.00744051066676095,0.021964435849021184,0.014167912761818892,0.022878982092084027,-0.001047382001095713,1.1977674117257206e-05
962,2013-12-27,80.38999938964844,1216.0999755859375,20.01300048828125,3.00600004196167,12.460000038146973,0.0016459554700952177,0.006416396623761582,0.01417761157078962,0.022917085507634424,-0.000980514177850344,0.00039902749865793383
963,2013-12-30,80.0,1203.0999755859375,19.58099937438965,2.9760000705718994,13.5600004196167,-0.010747458164401412,-0.021822410422369206,0.014333277414788046,0.02330948623774369,-0.001354005285996126,-0.00012629133388799226
964,2013-12-31,80.04000091552734,1201.9000244140625,19.339000701904297,3.0260000228881836,13.720000267028809,-0.00099788047521617,-0.0124358576964049,0.014084366786269703,0.02308910241778298,-0.0018914170637945081,-0.00155514516187183
965,2014-01-02,80.62999725341797,1225.0,20.097999572753906,2.984999895095825,14.229999542236328,0.01903718570719433,0.038496467693709686,0.01392980351972054,0.023072696584333745,0.00010507020227948806,0.0020948925242448586
966,2014-01-03,80.79000091552734,1238.4000244140625,20.18199920654297,2.994999885559082,13.760000228881836,0.010879399570832903,0.004170792358625119,0.014125088923540308,0.022860029361795493,0.0006465215289051473,0.0028463493606181735
967,2014-01-06,80.6500015258789,1237.800048828125,20.07699966430664,2.9609999656677246,13.550000190734863,-0.00048459379689215666,-0.005216214176105549,0.01329576120506424,0.02131843405514705,-0.00039842022039726405,0.0007241386946644811
968,2014-01-07,80.83000183105469,1229.4000244140625,19.764999389648438,2.937000036239624,12.920000076293945,-0.0068093844213407955,-0.015662198682921118,0.013112251096146213,0.021404280491107736,-0.00014695771837690356,0.000608595824296643
969,2014-01-08,81.04000091552734,1225.300048828125,19.51799964904785,2.993000030517578,12.869999885559082,-0.003340513526092547,-0.012575567129904307,0.013122314427252698,0.021589481725806322,-0.00019392047375096252,0.00012948142080056107
970,2014-01-09,81.01000213623047,1229.300048828125,19.663000106811523,2.9630000591278076,12.890000343322754,0.003259189588227405,0.0074016038712062015,0.013110561068994211,0.0215562190525296,-0.00023185493697840508,4.603810770083133e-05
971,2014-01-10,80.66000366210938,1246.699951171875,20.201000213623047,2.859999895095825,12.140000343322754,0.014055079791468316,0.026993416097672134,0.012565882222604846,0.021307905998867383,-0.0005959366307610546,-0.00012947394603201793
972,2014-01-13,80.51000213623047,1250.9000244140625,20.361000061035156,2.8269999027252197,13.279999732971191,0.003363290552862509,0.00788919068018194,0.012580692863597722,0.02137566480805648,-0.0002884392303560714,0.00014756827726223888
973,2014-01-14,80.61000061035156,1245.199951171875,20.250999450683594,2.86899995803833,12.279999732971191,-0.004567191383518946,-0.005417161463466785,0.011162538691633113,0.01876520710429739,0.0007399658503913077,0.0020394272554332712
974,2014-01-15,81.0,1238.0999755859375,20.10300064086914,2.884000062942505,12.279999732971191,-0.005718193646703116,-0.007335058385492809,0.011121952219527555,0.018818894952523976,9.239786247969217e-05,0.0013063595334714092
975,2014-01-16,80.9000015258789,1240.0,20.024999618530273,2.8429999351501465,12.529999732971191,0.0015334528914116494,-0.00388761563367307,0.010984426796806024,0.01805775100113998,-0.0002107464811024966,-5.703774463078226e-05
976,2014-01-17,81.26000213623047,1251.699951171875,20.267000198364258,2.8269999027252197,12.4399995803833,0.009391208725447459,0.01201248341997667,0.010853440489480807,0.017989975288521913,0.0007863487837539247,0.0011293405202896364
977,2014-01-21,81.0999984741211,1242.300048828125,19.83799934387207,2.825000047683716,12.869999885559082,-0.007538048800282925,-0.02139470007522216,0.010974475302193368,0.01847859475117924,0.0002382522562547501,-0.0004206080175779965
978,2014-01-22,81.16999816894531,1239.0,19.80900001525879,2.859999895095825,12.84000015258789,-0.0026599368951044466,-0.0014628765986633898,0.00778245714355966,0.015491176156444209,0.001721829393501512,0.0016285374014145216
979,2014-01-23,80.44000244140625,1262.5999755859375,19.986000061035156,2.7730000019073486,13.770000457763672,0.01886846496804298,0.008895650842653455,0.008530302227783173,0.015315566464348082,0.0022195493725138695,0.0013729332506785328
980,2014-01-24,80.45999908447266,1264.5,19.743000030517578,2.734999895095825,18.139999389648438,0.001503719512834403,-0.012233031805659711,0.008344727537669192,0.015588022245458022,0.0025566396654690604,0.0008885992542255872
981,2014-01-27,80.5,1263.5999755859375,19.770999908447266,2.7660000324249268,17.420000076293945,-0.0007120165031270044,0.0014172132742522067,0.00834379942696846,0.015573819807305544,0.002257249515833266,0.0007721408876751036
982,2014-01-28,80.56999969482422,1251.0,19.482999801635742,2.746000051498413,15.800000190734863,-0.01002153913998171,-0.01467393267973771,0.008665339233555808,0.015126834942363526,0.0014257233345598063,-0.0009725433279800819
983,2014-01-29,80.51000213623047,1262.199951171875,19.533000946044922,2.674999952316284,17.350000381469727,0.008912959998292218,0.002563111073645911,0.008818326258808084,0.015055929209714047,0.0017717711692358542,-0.001156033116080828
984,2014-01-30,81.08999633789062,1242.199951171875,19.111000061035156,2.693000078201294,17.290000915527344,-0.01597222964778212,-0.02184130265543115,0.00925223244944604,0.015057226330423699,0.001522972527170106,-0.001156932746226635
985,2014-01-31,81.2699966430664,1240.0999755859375,19.104999542236328,2.6679999828338623,18.40999984741211,-0.0016919599958672418,-0.0003140317621118231,0.009262921399147873,0.014833914773437519,0.0014899211214248168,-0.0005797029398317265
986,2014-02-03,81.01000213623047,1260.4000244140625,19.388999938964844,2.5810000896453857,21.440000534057617,0.01623714843165623,0.014755834862490085,0.009014530305453867,0.012414292615438723,0.0013565860130658597,-0.001710209265127898
987,2014-02-04,81.12000274658203,1251.699951171875,19.402000427246094,2.624000072479248,19.110000610351562,-0.006926561928680318,0.0006702837588748865,0.008910847230838185,0.012354736514581294,0.0005086830845176112,-0.0018769001508302902
988,2014-02-05,81.02999877929688,1257.300048828125,19.78499984741211,2.6670000553131104,19.950000762939453,0.004464015110304407,0.019547891565269995,0.00894861969773065,0.013174706955439123,0.0007443311277174476,-0.0006976570202885974
989,2014-02-06,80.88999938964844,1257.5999755859375,19.908000946044922,2.7019999027252197,17.229999542236328,0.00023851982688990092,0.006197641392062803,0.00878176445138561,0.012791229053840851,0.0010799456157284332,0.0003432877451868274
990,2014-02-07,80.69000244140625,1263.300048828125,19.920000076293945,2.674999952316284,15.289999961853027,0.004522260225517396,0.0006025474693208592,0.008751436584952213,0.012444299027842675,0.0014543634134241447,0.0009708170118165973
991,2014-02-10,80.66999816894531,1274.800048828125,20.099000930786133,2.677999973297119,15.260000228881836,0.009061958358515669,0.008945852907215933,0.008901593999933953,0.012488683250055472,0.0017306857358188239,0.001044352680198013
992,2014-02-11,80.62999725341797,1290.0999755859375,20.14299964904785,2.7190001010894775,14.510000228881836,0.011930373961170424,0.0021867071795686577,0.008765544750946656,0.010995434963988268,0.0016295092677094006,-0.00013691917304500963
993,2014-02-12,80.68000030517578,1295.300048828125,20.33099937438965,2.763000011444092,14.300000190734863,0.00402265042566476,0.009289967977577638,0.008773243186057347,0.01105066994783272,0.0016609073568904598,-7.021549221664298e-05
994,2014-02-13,80.29000091552734,1300.4000244140625,20.385000228881836,2.7360000610351562,14.140000343322754,0.00392956197142871,0.0026525634483385496,0.008666936169771492,0.010995610136698563,0.002065514659507015,0.0003140571226312301
995,2014-02-14,80.12999725341797,1319.0,21.410999298095703,2.746000051498413,13.569999694824219,0.014201945513293054,0.04910542837545375,0.008860380024090314,0.015146725637451498,0.003014092714744928,0.0030016993493429713
996,2014-02-18,80.01000213623047,1324.699951171875,21.891000747680664,2.7109999656677246,13.869999885559082,0.0043121081131398545,0.022170851731673814,0.008857910504250778,0.01561429517708082,0.0031464096300653187,0.004242578747692823
997,2014-02-19,80.16999816894531,1320.5999755859375,21.8439998626709,2.7339999675750732,15.5,-0.003099821557082314,-0.0021493496032017924,0.008836966834104655,0.015567689695535765,0.0025515986642305677,0.003568205746589086
998,2014-02-20,80.29000091552734,1317.0999755859375,21.67799949645996,2.753999948501587,14.789999961853027,-0.002653828804596897,-0.00762837983769767,0.00861974235266781,0.01473134710437918,0.002784180568787045,0.004223744805518824
999,2014-02-21,80.23999786376953,1323.9000244140625,21.777000427246094,2.7339999675750732,14.680000305175781,0.005149612915852933,0.004556488424558245,0.008541228771114176,0.014673614817447582,0.003156063893118349,0.004510381235196045
1000,2014-02-24,80.20999908447266,1338.300048828125,22.047000885009766,2.75,14.229999542236328,0.01081824390288644,0.012322191766844964,0.007961768743671287,0.014743700564190618,0.0027727200328727993,0.004673549850633736
1001,2014-02-25,80.1500015258789,1343.0,21.959999084472656,2.7009999752044678,13.670000076293945,0.003505729235722994,-0.003954003406153382,0.007957799040998892,0.014375104136744933,0.0028680538292008275,0.005067789298229275
1002,2014-02-26,80.41000366210938,1328.199951171875,21.253999710083008,2.6730000972747803,14.350000381469727,-0.011081312179254801,-0.032677475640730085,0.008494642755319514,0.01656637564636026,0.0023742778446233133,0.003444232683230118
1003,2014-02-27,80.29000091552734,1331.5999755859375,21.31399917602539,2.6419999599456787,14.039999961853027,0.0025566030225053498,0.0028189958300009173,0.008006317134672506,0.016041270984918383,0.002973236995217935,0.004277229278931958
1004,2014-02-28,79.77999877929688,1321.4000244140625,21.20400047302246,2.6579999923706055,14.0,-0.007689409294796711,-0.005174229706188714,0.008207643836701731,0.016170943987579522,0.0021826479812613194,0.003908784479892214
1005,2014-03-03,80.06999969482422,1350.0999755859375,21.447999954223633,2.6070001125335693,16.0,0.021486846608357726,0.011441533365632145,0.008134932822941624,0.01511772807315602,0.003966413517267979,0.005493681433276181
1006,2014-03-04,80.16000366210938,1337.800048828125,21.187999725341797,2.690999984741211,14.100000381469727,-0.009152135496919298,-0.012196428079995764,0.008546846135322904,0.01556181397951282,0.0036111670648369286,0.004927853037186469
1007,2014-03-05,80.11000061035156,1340.199951171875,21.23900032043457,2.697999954223633,13.890000343322754,0.0017923099224785807,0.0024041586538261247,0.008046516447451467,0.015404408371268894,0.0029233176120189454,0.004339677979631041
1008,2014-03-06,79.68000030517578,1351.699951171875,21.54199981689453,2.736999988555908,14.210000038146973,0.008544203260680507,0.014165380055456275,0.007804182873789465,0.015524695882528335,0.0036600207162742226,0.004982301612801584
1009,2014-03-07,79.72000122070312,1338.0999755859375,20.89699935913086,2.7899999618530273,14.109999656677246,-0.010112344300665708,-0.030398932098686406,0.008357689293691354,0.016942851590169346,0.0029659083633708835,0.00260388143832747
1010,2014-03-10,79.75,1341.4000244140625,20.878999710083008,2.7839999198913574,14.199999809265137,0.002463183800447852,-0.0008617220683031252,0.008335459847865346,0.016938014376552676,0.0030718447430641196,0.00226772127354814
1011,2014-03-11,79.7699966430664,1346.5,20.784000396728516,2.7660000324249268,14.800000190734863,0.0037947703855826624,-0.00456037624524693,0.008330640827528662,0.017000746173941577,0.0030372023697338942,0.0020218677633306267
1012,2014-03-12,79.61000061035156,1370.300048828125,21.327999114990234,2.7260000705718994,14.470000267028809,0.017521096333665432,0.025837242924732277,0.008826294677444153,0.017728721487282422,0.0034400184637886446,0.0028262196689266424
1013,2014-03-13,79.62000274658203,1372.199951171875,21.16900062561035,2.6530001163482666,16.219999313354492,0.0013855260876456438,-0.007482845012566097,0.008616581147595781,0.017871159388095127,0.0029378828507636554,0.0023657648026345116
1014,2014-03-14,79.44000244140625,1379.0,21.384000778198242,2.6449999809265137,17.81999969482422,0.00494334312033724,0.010105138299650483,0.008624715062497255,0.01788782886074902,0.0029817253600337734,0.0024045824370189325
1015,2014-03-17,79.38999938964844,1372.9000244140625,21.249000549316406,2.6989998817443848,15.640000343322754,-0.004433290106901672,-0.006333153937234424,0.008770598357418101,0.01798878825694316,0.0025834943086847076,0.001976691132944029
1016,2014-03-18,79.41000366210938,1359.0,20.836000442504883,2.680999994277954,14.520000457763672,-0.010176173535256404,-0.019627580170534467,0.008769233074251068,0.014987650847616957,0.0014226314968490191,-0.0012963092740077907
1017,2014-03-19,79.98999786376953,1341.4000244140625,20.799999237060547,2.7720000743865967,15.119999885559082,-0.013035272285072756,-0.0017293310929705976,0.009285313145913304,0.013990840804781532,0.0005965657636007995,-0.002434413218038477
1018,2014-03-20,80.20999908447266,1330.5,20.40399932861328,2.7750000953674316,14.520000457763672,-0.00815905144832706,-0.019222022871472462,0.009450183886924965,0.014461561615826754,0.0003556500544939068,-0.0032473976593846996
1019,2014-03-21,80.11000061035156,1336.0,20.285999298095703,2.75,15.0,0.0041252636788470624,-0.005799968802643154,0.009458023441333115,0.014439353703242511,0.0006784639822769525,-0.0031603304672392462
1020,2014-03-24,79.93000030517578,1311.199951171875,20.042999267578125,2.7330000400543213,15.09000015258789,-0.01873736390623739,-0.012051029284452681,0.010292950274612809,0.014450363570518498,-0.0004590111044892534,-0.0039511646438588136
1021,2014-03-25,79.94000244140625,1311.4000244140625,19.954999923706055,2.734999895095825,14.020000457763672,0.00015257625595839624,-0.004400194391524436,0.009966637073563975,0.01396123837727457,-0.0009669000400572555,-0.00474746874663831
1022,2014-03-26,79.9800033569336,1303.4000244140625,19.759000778198242,2.7009999752044678,14.930000305175781,-0.006119033816973001,-0.009870611541222674,0.009971975530969667,0.014004059377580962,-0.0014252220901856362,-0.005029211991165418
1023,2014-03-27,80.11000061035156,1294.699951171875,19.690000534057617,2.671999931335449,14.619999885559082,-0.006697283278590711,-0.0034982033618491514,0.009804196165198837,0.012489289017370018,-0.0012164588092016318,-0.003639722835028231
1024,2014-03-28,80.18000030517578,1293.800048828125,19.77199935913086,2.7119998931884766,14.40999984741211,-0.0006953080007765745,0.004155843257421816,0.009767234213485519,0.012527205403019624,-0.0013713117150721999,-0.003576063433722474
1025,2014-03-31,80.0999984741211,1283.4000244140625,19.733999252319336,2.7230000495910645,13.880000114440918,-0.008070837010600324,-0.001923764484716095,0.009779917274248505,0.01252655247938038,-0.0013894749396342766,-0.0034212793755571116
1026,2014-04-01,80.08000183105469,1279.5999755859375,19.66900062561035,2.759000062942505,13.100000381469727,-0.002965315343457258,-0.0032991744723541395,0.008257181731795656,0.012056232781256969,-0.0025538636040064186,-0.004123217844032649
1027,2014-04-02,80.22000122070312,1290.5,20.0310001373291,2.802999973297119,13.09000015258789,0.00848223016275437,0.01823725632499279,0.00844710317468058,0.01284087976272674,-0.0017141319059267202,-0.002673994777128432
1028,2014-04-03,80.47000122070312,1284.4000244140625,19.785999298095703,2.7899999618530273,13.369999885559082,-0.004738037935164071,-0.012306498973434903,0.008431753017208037,0.012950784590812779,-0.0020251008515287513,-0.0033745022831884815
1029,2014-04-04,80.41999816894531,1303.199951171875,19.927000045776367,2.7260000705718994,13.960000038146973,0.014531038596462558,0.007101016921415111,0.008895442573495454,0.012558202540866556,-0.0017400134545867488,-0.003710900527666632
1030,2014-04-07,80.22000122070312,1298.0,19.891000747680664,2.694999933242798,15.569999694824219,-0.003998122555931841,-0.0018081926358346355,0.008705747894163882,0.010969532882031818,-0.0014488600381708503,-0.0023494367437213092
1031,2014-04-08,79.75,1308.699951171875,20.04199981689453,2.680999994277954,14.890000343322754,0.008209622486995482,0.007562656788233734,0.008922473509362951,0.011178707002251471,-0.0011752201007162015,-0.0019482758457909828
1032,2014-04-09,79.4800033569336,1305.5,19.7549991607666,2.684000015258789,13.819999694824219,-0.0024481316118472782,-0.01442348111877158,0.008852328146712949,0.01149661920328066,-0.001472501148212865,-0.0024179475064350134
1033,2014-04-10,79.37999725341797,1320.0999755859375,20.077999114990234,2.628000020980835,15.890000343322754,0.011121363653429275,0.016218062809474132,0.008255824139430403,0.01045940732366343,-0.0017772503234622058,-0.0028760037023996873
1034,2014-04-11,79.44999694824219,1318.699951171875,19.933000564575195,2.61899995803833,17.030000686645508,-0.001061107006430417,-0.007247966126479916,0.008226169530182747,0.010454359073550704,-0.0018937566612753517,-0.0028648189935384406
1035,2014-04-14,79.7300033569336,1327.199951171875,19.999000549316406,2.6389999389648438,16.110000610351562,0.006425057299722357,0.0033056217068704015,0.008293821461065488,0.010132930048400234,-0.0018231988432093939,-0.0031886054979565395
1036,2014-04-15,79.80000305175781,1300.0,19.47800064086914,2.628000020980835,15.609999656677246,-0.020707158636276726,-0.026396643329931104,0.009254538017482277,0.011320515711015335,-0.0025981449636558246,-0.004144009754751619
1037,2014-04-16,79.81999969482422,1303.0999755859375,19.62299919128418,2.63700008392334,14.180000305175781,0.002381757965860534,0.007416649993323573,0.009145470989567315,0.0110049109643793,-0.0020001482255073994,-0.0028561892707583796
1038,2014-04-17,79.83000183105469,1293.4000244140625,19.586000442504883,2.7209999561309814,13.359999656677246,-0.00747159352711696,-0.0018872585430150502,0.00888673595386408,0.01100415634296919,-0.0017352111417952185,-0.002863709625522401
1039,2014-04-21,79.94999694824219,1288.0,19.340999603271484,2.7209999561309814,13.25,-0.004183801224072822,-0.012587873407233658,0.00878481326476606,0.010598816629196468,-0.001545913512068826,-0.002547797746272934
1040,2014-04-22,79.91000366210938,1280.5999755859375,19.35099983215332,2.7260000705718994,13.1899995803833,-0.005761928644147067,0.0005169145689252966,0.008730453424481121,0.01059153902930306,-0.0020167321941161657,-0.002246993776198246
1041,2014-04-23,79.86000061035156,1284.199951171875,19.43000030517578,2.686000108718872,13.270000457763672,0.002807219317583231,0.004074190042559271,0.007893047682627578,0.010428495096498631,-0.0009907996596485171,-0.001479126189197677
1042,2014-04-24,79.80000305175781,1290.5,19.68199920654297,2.687999963760376,13.319999694824219,0.004893821820933538,0.012886193067180578,0.007994545164730164,0.010859720236142125,-0.0007650260613163675,-0.0006559648816402954
1043,2014-04-25,79.7699966430664,1300.699951171875,19.684999465942383,2.6659998893737793,14.0600004196167,0.007872803371143546,0.00015242510256800702,0.008108265206928558,0.010652770493532764,-9.874809997748432e-05,-0.00017867742241216771
1044,2014-04-28,79.68000030517578,1298.9000244140625,19.584999084472656,2.677000045776367,13.970000267028809,-0.0013847723206215161,-0.005092976894079754,0.007973858989079033,0.010683258774699212,0.00015422861230676306,-0.0002546190191850535
1045,2014-04-29,79.80999755859375,1296.0,19.488000869750977,2.694999933242798,13.710000038146973,-0.0022351732969705007,-0.004964984213875131,0.007989127483661089,0.010680389316998029,8.090169344038566e-05,-0.0006889441368658605
1046,2014-04-30,79.48999786376953,1295.5999755859375,19.118999481201172,2.6480000019073486,13.40999984741211,-0.0003087084588731185,-0.01911635829254715,0.007769668696594694,0.011413552560037938,0.0004505268625702526,-0.0015076390800959104
1047,2014-05-01,79.52999877929688,1283.0999755859375,18.98900032043457,2.6059999465942383,13.25,-0.009694883579778804,-0.0068226968469907,0.008051272819043246,0.01146698016119782,0.00013007123226922655,-0.0016754258598405088
1048,2014-05-02,79.5199966430664,1302.5999755859375,19.492000579833984,2.5910000801086426,12.90999984741211,0.015083242496169847,0.02614427371051279,0.008509476276757003,0.012256174496723239,0.0004444051529080588,-0.0012989012224347944
1049,2014-05-05,79.48999786376953,1309.0,19.520000457763672,2.6110000610351562,13.289999961853027,0.004901238540161963,0.0014354497074145168,0.008475862265181194,0.012003318909283241,0.0009034183183997747,-0.0006445227138229174
1050,2014-05-06,79.13999938964844,1308.300048828125,19.597999572753906,2.5950000286102295,13.800000190734863,-0.0005348650712594445,0.003987893977177926,0.007881474502901801,0.01192182388579012,0.00018599433422253648,-0.0007927666635484975
1051,2014-05-07,79.22000122070312,1288.5999755859375,19.29800033569336,2.5899999141693115,13.399999618530273,-0.01517228308029027,-0.015426017419699041,0.008528706979279703,0.012342746678812464,-0.00034610854788976966,-0.0014412345103991834
1052,2014-05-08,79.43000030517578,1287.4000244140625,19.0939998626709,2.6019999980926514,13.430000305175781,-0.0009316391759833921,-0.010627338609856053,0.0083004216544389,0.012317520782944796,-0.0007814067223173351,-0.002307424767451078
1053,2014-05-09,79.9000015258789,1287.300048828125,19.07699966430664,2.622999906539917,12.920000076293945,-7.765998612940965e-05,-0.0008907390269547953,0.008292736890041355,0.012001903645445134,-0.0006685271210926747,-0.0016630084773645644
1054,2014-05-12,79.9000015258789,1295.5999755859375,19.5,2.6559998989105225,12.229999542236328,0.006426849857109392,0.0219310622130792,0.008017740024691498,0.01248260204434258,-0.0008920753971079072,-0.0013909608867167043
1055,2014-05-13,80.13999938964844,1294.5999755859375,19.503999710083008,2.618000030517578,12.130000114440918,-0.0007721412003201519,0.0002050923047256154,0.008017683388448384,0.01241351039129171,-0.0008783151206264659,-0.0010360533423735836
1056,2014-05-14,80.06999969482422,1305.699951171875,19.735000610351562,2.5429999828338623,12.170000076293945,0.008537509764836878,0.011774182167749038,0.00812641049306028,0.01269594762922787,-0.0007777221460972031,-0.00063278855852222
1057,2014-05-15,80.0,1293.5,19.44700050354004,2.502000093460083,13.170000076293945,-0.00938753539177984,-0.014700897626489007,0.0070413627319851,0.011728945759017185,-0.0002386924677878275,-7.58482869297392e-05
1058,2014-05-16,80.04000091552734,1293.300048828125,19.29199981689453,2.5179998874664307,12.4399995803833,-0.00015459345020791813,-0.008002349700225477,0.007015873992474562,0.011719074301740443,-0.00035947110664823,-0.000810086367574932
1059,2014-05-19,79.98999786376953,1293.699951171875,19.32200050354004,2.5360000133514404,12.420000076293945,0.0003091630049750172,0.0015538764403076539,0.006824337617943947,0.011727314682804356,1.1041109165673695e-05,-0.0006462227969405176
1060,2014-05-20,80.04000091552734,1294.5,19.367000579833984,2.509000062942505,12.960000038146973,0.0006182280107413695,0.002326247529102998,0.006756869029006643,0.011415425531693937,0.0002397091679663495,6.397343812313267e-05
1061,2014-05-21,80.0999984741211,1288.0,19.30699920654297,2.5369999408721924,11.90999984741211,-0.005033892527293426,-0.0031029333280505837,0.006726334663388164,0.011435556343224558,0.0002743775544831895,-0.00010840027125667114
1062,2014-05-22,80.25,1294.9000244140625,19.489999771118164,2.555000066757202,12.029999732971191,0.005342863264509177,0.009433818419095755,0.006796468398633805,0.011592305566388487,0.000395122504336806,0.0001468201276260185
1063,2014-05-23,80.38999938964844,1291.5999755859375,19.38800048828125,2.5360000133514404,11.359999656677246,-0.0025517499468733613,-0.005247158608072955,0.006744055087212137,0.011266712762612567,4.057146777457273e-05,-0.0007166728092908163
1064,2014-05-27,80.3499984741211,1265.4000244140625,19.038999557495117,2.5179998874664307,11.510000228881836,-0.020493443975597544,-0.018164859434328183,0.007847391711967206,0.01188798328831241,-0.0013102022154035744,-0.0015889244539049208
1065,2014-05-28,80.56999969482422,1259.300048828125,19.03499984741211,2.437999963760376,11.680000305175781,-0.004832247220515854,-0.0002101019152300851,0.007884999738732761,0.011863748028620013,-0.0014743676868271144,-0.0013564065977692222
1066,2014-05-29,80.48999786376953,1256.300048828125,18.982999801635742,2.447000026702881,11.569999694824219,-0.0023851179088375395,-0.002735550459454609,0.00788579098045758,0.011839792790826347,-0.0014815079064398305,-0.0012502430856539592
1067,2014-05-30,80.37000274658203,1245.5999755859375,18.652999877929688,2.4570000171661377,11.399999618530273,-0.008553609957438202,-0.017536846840677918,0.008028437238727855,0.011725080923375902,-0.0018741222635143583,-0.0011750282546125672
1068,2014-06-02,80.63999938964844,1243.699951171875,18.708999633789062,2.5339999198913574,11.579999923706055,-0.0015265535202231989,0.002997687411076182,0.007825903674916625,0.01168433453446149,-0.001485154165440282,-0.0007073909089903347
1069,2014-06-03,80.55000305175781,1244.300048828125,18.73200035095215,2.5929999351501465,11.869999885559082,0.00048239362370347506,0.0012286381274996397,0.006870601088645152,0.009959037126730609,-0.002180432683176776,-0.001893849746276675
1070,2014-06-04,80.66999816894531,1244.0,18.766000747680664,2.6059999465942383,12.079999923706055,-0.0002411677239009352,0.001813451653431288,0.006694978018122627,0.009965694794086974,-0.002425309171941676,-0.00187584965360921
1071,2014-06-05,80.37000274658203,1253.0,19.05500030517578,2.5840001106262207,11.680000305175781,0.007208681596943642,0.01528278863118541,0.007010132861233082,0.010583623788409515,-0.002056568854408195,-0.0013379975272279014
1072,2014-06-06,80.41000366210938,1252.0999755859375,18.96299934387207,2.5969998836517334,10.729999542236328,-0.0007185537196589837,-0.004839872783503829,0.006335059077566915,0.010121057695960693,-0.0013682960277114676,-0.000833895401694796
1073,2014-06-09,80.6500015258789,1253.5,19.045000076293945,2.61299991607666,11.149999618530273,0.0011175164219387021,0.004314926378708326,0.006357861709851101,0.009921398711113224,-0.0012707171897151774,-0.00012235897366792074
1074,2014-06-10,80.81999969482422,1259.800048828125,19.14699935913086,2.634999990463257,10.989999771118164,0.005013378348112051,0.005341407983522261,0.0065010782152866145,0.009990234936446822,-0.0010282867928465365,0.00017440993159289147
1075,2014-06-11,80.79000091552734,1260.800048828125,19.15399932861328,2.640000104904175,11.600000381469727,0.0007934618850447873,0.0003655241273173074,0.0062909016510590415,0.008662084568729491,-0.0012965433629448509,-0.0008525204534433891
1076,2014-06-12,80.58000183105469,1273.5999755859375,19.514999389648438,2.5859999656677246,12.5600004196167,0.010101038089280463,0.01867183330916622,0.0067657554129130154,0.009655249748397054,-0.0007787729205829168,2.684816581568719e-05
1077,2014-06-13,80.58000183105469,1273.699951171875,19.636999130249023,2.6040000915527344,12.180000305175781,7.849533927167437e-05,0.006232128120097604,0.006426676180415938,0.009390207688115798,-0.001181583131324117,-0.00023705916978676198
1078,2014-06-16,80.47000122070312,1274.9000244140625,19.70199966430664,2.5969998836517334,12.649999618530273,0.0009417510338054537,0.0033046389182911314,0.006156839919313406,0.008807448401372042,-0.0006897123491533886,0.0006203473323456256
1079,2014-06-17,80.62999725341797,1271.699951171875,19.72100067138672,2.6549999713897705,12.0600004196167,-0.002513213663108635,0.0009639554772395444,0.006168093107404872,0.008583011690699834,-0.0008020275973867562,0.0010473142455582458
1080,2014-06-18,80.58000183105469,1272.4000244140625,19.767000198364258,2.61299991607666,10.609999656677246,0.0005503504316463269,0.0023297987627299652,0.006170489702387803,0.00858697061141551,-0.0007905424818309796,0.0010842629275783558
1081,2014-06-19,80.31999969482422,1313.699951171875,20.636999130249023,2.621999979019165,10.619999885559082,0.03194264624466289,0.04307164843184789,0.009445239940048334,0.012563961844235886,0.0007010964816890929,0.0030245201134233503
1082,2014-06-20,80.37000274658203,1316.199951171875,20.941999435424805,2.624000072479248,10.850000381469727,0.0019012136171542553,0.014671145839516307,0.009355509236301567,0.012728152341433544,0.0010313396314246969,0.003870904835688441
1083,2014-06-23,80.26000213623047,1318.0,20.909000396728516,2.622999906539917,10.979999542236328,0.0013666761382348776,-0.0015769776429378167,0.009303981448152046,0.012714317590863663,0.0008419973873163968,0.003346581213686841
1084,2014-06-24,80.33000183105469,1320.9000244140625,21.038000106811523,2.5859999656677246,12.130000114440918,0.0021979048502651474,0.006150624130817379,0.009275042132590366,0.012571598077080927,0.0010681714252753734,0.003889332772681619
1085,2014-06-25,80.22000122070312,1322.199951171875,21.111000061035156,2.559000015258789,11.59000015258789,0.0009836380573048382,0.003463903149517526,0.007853874890506662,0.011516116553982495,0.002090889617318344,0.004919273848102844
1086,2014-06-26,80.2300033569336,1316.0999755859375,21.10300064086914,2.5250000953674316,11.630000114440918,-0.004624179680054175,-0.00037899370487315225,0.00784483042002541,0.011519936186310102,0.002100797595435567,0.004911231381929364
1087,2014-06-27,80.04000091552734,1319.0,21.07699966430664,2.5320000648498535,11.260000228881836,0.002201074427346385,-0.001232858210891684,0.007777249915156908,0.011474640803351534,0.0023191877066824204,0.004982788155670456
1088,2014-06-30,79.77999877929688,1321.800048828125,21.006999969482422,2.5160000324249268,11.569999694824219,0.002120607259667431,-0.003326668567101307,0.0073692210153854,0.01045381525420082,0.0028274837646398315,0.005659463311555057
1089,2014-07-01,79.81999969482422,1326.4000244140625,21.066999435424805,2.562999963760376,11.149999618530273,0.0034740428103078387,0.002852094284491736,0.0073019792016246685,0.010455716923986981,0.0030656073994270237,0.005652530305527226
1090,2014-07-02,79.95999908447266,1330.699951171875,21.253999710083008,2.628000020980835,10.819999694824219,0.0032365590688427795,0.008837290964616875,0.007277956531395338,0.010426541765087125,0.0031967581349098477,0.006014847107294713
1091,2014-07-03,80.20999908447266,1320.4000244140625,21.089000701904297,2.6480000019073486,10.319999694824219,-0.0077703433871958525,-0.0077934884973337995,0.007632599672853191,0.010823305763466065,0.002838225960467233,0.00555737376678209
1092,2014-07-07,80.22000122070312,1316.5,20.965999603271484,2.617000102996826,11.329999923706055,-0.0029580395325725975,-0.005849551704674312,0.007663893775719362,0.010856214102407273,0.0023540963828712212,0.004551071846026865
1093,2014-07-08,80.18000030517578,1316.0,20.966999053955078,2.565000057220459,11.979999542236328,-0.00037986705110162953,4.766893452822458e-05,0.007657458035140657,0.010696029549873177,0.0023702243194691905,0.004783811927837915
1094,2014-07-09,79.98999786376953,1323.800048828125,21.02199935913086,2.546999931335449,11.649999618530273,0.005909592684379478,0.002619749873082939,0.007689595564715642,0.010706137105289264,0.0025984184272044657,0.004703089237093849
1095,2014-07-10,80.12999725341797,1338.699951171875,21.458999633789062,2.5320000648498535,12.59000015258789,0.011192531747924712,0.020574642813224266,0.007901918007243389,0.01125361303695559,0.0028926638271955444,0.005428481371841563
1096,2014-07-11,80.19000244140625,1337.0,21.410999298095703,2.5199999809265137,12.079999923706055,-0.0012706592156233906,-0.00223934485412169,0.007942071166606885,0.011326330030374072,0.0027943723462113454,0.005304439991773041
1097,2014-07-14,80.19000244140625,1306.300048828125,20.86400032043457,2.5490000247955322,11.819999694824219,-0.023229547230474292,-0.025879574772129633,0.009572057210299178,0.012776844278993824,0.0012072016166992147,0.0031829443688541894
1098,2014-07-15,80.38999938964844,1296.9000244140625,20.841999053955078,2.5490000247955322,11.960000038146973,-0.007221930704834938,-0.0010550649235331084,0.009746086299945432,0.012788841763100762,0.0008595622812655663,0.0028359351763003466
1099,2014-07-16,80.55999755859375,1299.5999755859375,20.726999282836914,2.5380001068115234,11.0,0.002079685842482741,-0.005532972604623055,0.009749728837605344,0.012917409180310509,0.0009137496531073419,0.002415096532352052
1100,2014-07-17,80.5199966430664,1316.699951171875,21.086000442504883,2.4749999046325684,14.539999961853027,0.01307206326946756,0.01717217056613902,0.010063940711968783,0.013304782601622638,0.0016559056975157323,0.003186916298490122
1101,2014-07-18,80.5199966430664,1309.199951171875,20.83799934387207,2.4839999675750732,12.0600004196167,-0.005712342947713596,-0.011831122637573284,0.010190336614728302,0.013703288868397584,0.0013576822032604977,0.0025125867079994913
1102,2014-07-21,80.55999755859375,1313.699951171875,20.965999603271484,2.4739999771118164,12.8100004196167,0.0034313199761926566,0.006123847605006226,0.007439791107157659,0.010145441260894346,1.0201826156339795e-17,0.0007531676210070314
1103,2014-07-22,80.77999877929688,1306.0999755859375,20.96500015258789,2.4660000801086426,12.239999771118164,-0.0058019674159257234,-4.7671206963979684e-05,0.00753071172090485,0.00963123676371979,-0.00036681814443236975,5.2271571174636764e-05
1104,2014-07-23,80.80999755859375,1304.5,20.95199966430664,2.4639999866485596,11.520000457763672,-0.0012257533143543188,-0.0006202967175555137,0.007522117769571939,0.009625405820788165,-0.0004902671659842362,9.782780571665118e-05
1105,2014-07-24,80.87000274658203,1290.5999755859375,20.375999450683594,2.509000062942505,11.84000015258789,-0.010712617991875206,-0.02787638046522656,0.007813379817193366,0.01127775162012054,-0.0011050539679909196,-0.0015225057464759175
1106,2014-07-25,81.02999877929688,1303.0999755859375,20.58799934387207,2.4690001010894775,12.6899995803833,0.009638814830580787,0.010350639202908333,0.008150088722207677,0.011527364170716948,-0.0006929026930730174,-0.0011945659344096884
1107,2014-07-28,81.02999877929688,1303.300048828125,20.525999069213867,2.490999937057495,12.5600004196167,0.0001535245861774135,-0.0030160200442396223,0.008101399415516755,0.011532397610703255,-0.0004653929661096083,-0.0013201386172366633
1108,2014-07-29,81.20999908447266,1298.300048828125,20.54599952697754,2.4619998931884766,13.279999732971191,-0.0038437930261815355,0.0009739218946328985,0.008109306284386242,0.011543281790324655,-0.0007532437972299856,-0.001215053850306921
1109,2014-07-30,81.41999816894531,1294.9000244140625,20.558000564575195,2.553999900817871,13.329999923706055,-0.00262226304667648,0.0005839352818185702,0.008091291613495338,0.011539056082195447,-0.0009790947641987434,-0.0010288346194059748
1110,2014-07-31,81.45999908447266,1281.300048828125,20.37299919128418,2.555999994277954,16.950000762939453,-0.010558265305009366,-0.009039731948991632,0.008282311310736227,0.011630509660621837,-0.0016472999125471816,-0.0015951120590956586
1111,2014-08-01,81.30000305175781,1293.5999755859375,20.332000732421875,2.505000114440918,17.030000686645508,0.009553784766137139,-0.002014419496527213,0.008578011083111913,0.011382241177037828,-0.00134647964124745,-0.0021118601762929964
1112,2014-08-04,81.33000183105469,1287.699951171875,20.194000244140625,2.490999937057495,15.119999885559082,-0.004571367029065324,-0.006810492935875714,0.008486141788077025,0.011359706246927575,-0.001194147433717425,-0.0020650508638426113
1113,2014-08-05,81.5199966430664,1284.0,19.79400062561035,2.4830000400543213,16.8700008392334,-0.0028774381109639563,-0.020006649591330878,0.008485322303110398,0.011997693666295727,-0.0011903092707836803,-0.0027391983822548285
1114,2014-08-06,81.44000244140625,1306.699951171875,19.985000610351562,2.4739999771118164,16.3700008392334,0.017524632377683456,0.00960312962321106,0.009418972411045952,0.012286398074948163,-0.0003377140598891522,-0.0022841764446985035
1115,2014-08-07,81.5199966430664,1310.800048828125,19.951000213623047,2.4240000247955322,16.65999984741211,0.003132837447698335,-0.0017027446034603591,0.009346094241316718,0.012236240048454555,-0.00046994049973111154,-0.002490009515010089
1116,2014-08-08,81.38999938964844,1308.9000244140625,19.902000427246094,2.4149999618530273,15.770000457763672,-0.001450566625263597,-0.0024590274398440166,0.008956355602373763,0.01103917999507102,-0.001071992803216269,-0.003586850955632388
1117,2014-08-11,81.47000122070312,1308.5,20.059999465942383,2.4200000762939453,14.229999542236328,-0.0003056654798241421,0.007907505250311751,0.00895776076727517,0.01131961033397415,-0.001026040720559162,-0.0031036676173260332
1118,2014-08-12,81.5,1308.800048828125,19.8700008392334,2.441999912261963,14.130000114440918,0.00022928118583408113,-0.009516657110847442,0.007372937464763566,0.010179160781550045,9.10463468840938e-05,-0.0023244810620268817
1119,2014-08-13,81.5999984741211,1312.800048828125,19.809999465942383,2.4130001068115234,12.899999618530273,0.003051573813725291,-0.0030242650484619544,0.007202302684988534,0.01017595182257503,0.0005802608477679142,-0.002418252496547303
1120,2014-08-14,81.58999633789062,1313.9000244140625,19.871000289916992,2.4000000953674316,12.420000076293945,0.0008375342593867656,0.003074563262165958,0.007194469126550029,0.010217488374877093,0.0005211107723823915,-0.0020083698362240165
1121,2014-08-15,81.41999816894531,1304.5,19.489999771118164,2.3450000286102295,13.149999618530273,-0.0071800066523635036,-0.019359895237716973,0.006772952618145395,0.009893360615715567,-0.00044327350960956375,-0.0037479920173600165
1122,2014-08-18,81.58000183105469,1297.699951171875,19.600000381469727,2.38700008392334,12.319999694824219,-0.005226396460265441,0.005628083923295557,0.006754856293136588,0.009913702793008659,-0.0004201332006834611,-0.0029166012287472143
1123,2014-08-19,81.87999725341797,1295.0999755859375,19.386999130249023,2.4049999713897705,12.210000038146973,-0.002005535738078625,-0.010926892204730252,0.006703856688397754,0.00983417747002697,-0.0006790310918392365,-0.003728541219687047
1124,2014-08-20,82.25,1293.4000244140625,19.472000122070312,2.4260001182556152,11.779999732971191,-0.0013134644900673704,0.004374849019706793,0.006603152862218309,0.009963447429482637,-0.00046529285727455296,-0.00351794501841701
1125,2014-08-21,82.1500015258789,1273.699951171875,19.389999389648438,2.4070000648498535,11.760000228881836,-0.015348416628314576,-0.004220104737275429,0.007360244651522139,0.009942045260306094,-0.0011378006341298031,-0.003689364447927482
1126,2014-08-22,82.33999633789062,1278.5999755859375,19.361000061035156,2.4030001163482666,11.470000267028809,0.0038396979781984645,-0.001496701217405861,0.007093934418395583,0.008256948008997506,-0.00044483320698343804,-0.0024331892456503058
1127,2014-08-25,82.55000305175781,1277.300048828125,19.33799934387207,2.38700008392334,11.699999809265137,-0.0010171969619160782,-0.001188698427614185,0.006707155068833536,0.007730865149685893,-0.0009522623399594792,-0.002982681513770425
1128,2014-08-26,82.6500015258789,1283.800048828125,19.3700008392334,2.3910000324249268,11.630000114440918,0.00507595463539659,0.0016534826134631702,0.006832574159408834,0.0077967304934475614,-0.0007178609090442803,-0.002760324244356007
1129,2014-08-27,82.43000030517578,1281.9000244140625,19.395000457763672,2.3610000610351562,11.779999732971191,-0.0014810965484312367,0.0012898037487220017,0.006797891748392934,0.007804595821662411,-0.0006053515529609329,-0.002745282251304145
1130,2014-08-28,82.4800033569336,1288.699951171875,19.534000396728516,2.3340001106262207,12.050000190734863,0.005290549041596959,0.0071412328408467195,0.0068990535733355176,0.008071078859302087,-0.00022855097732886427,-0.002433029986588519
1131,2014-08-29,82.75,1285.800048828125,19.398000717163086,2.3429999351501465,12.09000015258789,-0.0022527897224173666,-0.006986552392594314,0.006504031605953504,0.007999161188036764,0.0001669478599374214,-0.0023352595315219798
1132,2014-09-02,82.98999786376953,1263.699951171875,19.070999145507812,2.4189999103546143,12.25,-0.01733724355686652,-0.01700119312579147,0.00717599440627868,0.00861400854677445,-0.0011135772983008481,-0.0030489154186298015
1133,2014-09-03,82.87000274658203,1268.9000244140625,19.107999801635742,2.4100000858306885,12.359999656677246,0.004106515517586824,0.0019382733299605083,0.007216664709006585,0.008634525597216879,-0.0007003447960793174,-0.002632307501209029
1134,2014-09-04,83.81999969482422,1265.0999755859375,19.06399917602539,2.447999954223633,12.640000343322754,-0.0029992515207097046,-0.0023053885715567184,0.0072185508264321855,0.007662959811582313,-0.0007061454346386386,-0.001789390309791212
1135,2014-09-05,83.76000213623047,1265.800048828125,19.082000732421875,2.4609999656677246,12.09000015258789,0.000553220793622331,0.0009438241375771364,0.005906177302859473,0.007240612425784042,-0.001514307891022502,-0.002201738190059494
1136,2014-09-08,84.2300033569336,1252.699951171875,18.886999130249023,2.4690001010894775,12.65999984741211,-0.010403189044278704,-0.01027171204905782,0.0061088047194383585,0.007449524535209071,-0.0021588805811166463,-0.002609784258897468
1137,2014-09-09,84.27999877929688,1246.800048828125,18.8439998626709,2.5,13.5,-0.004720874815900667,-0.0022792551133515673,0.006131487283300354,0.0074498097256056345,-0.0023146095425755544,-0.0026012236719216374
1138,2014-09-10,84.25,1243.5,18.856000900268555,2.5339999198913574,12.880000114440918,-0.002650323812478543,0.0006366598281251346,0.006114400182749108,0.007097627824855634,-0.002426259939368621,-0.002947454406311476
1139,2014-09-11,84.30000305175781,1237.4000244140625,18.533000946044922,2.5309998989105225,12.800000190734863,-0.004917560416441411,-0.01727823551655749,0.006105780227574736,0.00763830677068641,-0.002671347634715073,-0.0033170533780119546
1140,2014-09-12,84.23999786376953,1229.9000244140625,18.54599952697754,2.614000082015991,13.3100004196167,-0.006079538728208173,0.000701129010991662,0.006002102284793562,0.007688542733559328,-0.0031061625176642856,-0.003139653660895116
1141,2014-09-15,84.26000213623047,1233.5999755859375,18.555999755859375,2.5910000801086426,14.119999885559082,0.0030038189193483684,0.0005390668598620016,0.006091224423217735,0.0076055379475965445,-0.0030030061052851616,-0.003260391584814352
1142,2014-09-16,84.06999969482422,1235.199951171875,18.6560001373291,2.5889999866485596,12.729999542236328,0.0012961567218112305,0.005374643796671161,0.006081424833017882,0.006867025400713503,-0.002599379277943508,-0.0020825563927006313
1143,2014-09-17,84.69999694824219,1234.4000244140625,18.663000106811523,2.5999999046325684,12.649999618530273,-0.0006478189129380086,0.00037514239495819307,0.006064584374664345,0.006664807180830089,-0.002381351775689821,-0.002332696465478601
1144,2014-09-18,84.31999969482422,1225.699951171875,18.45199966430664,2.628999948501587,12.029999732971191,-0.007072972316842551,-0.011370212421378523,0.006149109419065086,0.006694028050045835,-0.0026226582794404837,-0.0023538069519856617
1145,2014-09-19,84.80000305175781,1215.300048828125,17.7810001373291,2.5869998931884766,12.109999656677246,-0.008521069455598274,-0.037042268305611165,0.006272297864265693,0.00993108786240091,-0.002965877563513384,-0.004326050634143659
1146,2014-09-22,84.66999816894531,1216.800048828125,17.698999404907227,2.565999984741211,13.6899995803833,0.0012335020187995553,-0.004622372011517039,0.005648223572832881,0.009931261246124281,-0.0021762623898412825,-0.004345206218631355
1147,2014-09-23,84.66000366210938,1221.0,17.71299934387207,2.5350000858306885,14.930000305175781,0.003445693037314456,0.0007906890426347024,0.005627858393178188,0.00997650562062691,-0.002195024529883378,-0.004236282872915139
1148,2014-09-24,85.05000305175781,1218.5999755859375,17.64299964904785,2.569000005722046,13.270000457763672,-0.0019675563308279276,-0.00395971197422574,0.005621731304340707,0.009952477995092792,-0.0022402797379267995,-0.004368235898944259
1149,2014-09-25,85.19999694824219,1221.199951171875,17.378999710083008,2.510999917984009,15.640000343322754,0.0021313030971201394,-0.015076520153497842,0.0054646491414423026,0.010114628972304793,-0.0023805012397494878,-0.005164902697370975
1150,2014-09-26,85.63999938964844,1214.0999755859375,17.476999282836914,2.5350000858306885,14.850000381469727,-0.005830900435841579,0.005623125648977029,0.005511093994894258,0.010295480877716083,-0.002587634758197599,-0.004958554035454068
1151,2014-09-29,85.58999633789062,1217.5,17.516000747680664,2.490999937057495,15.979999542236328,0.0027965345155895093,0.0022291018751893726,0.005357566815056439,0.010059938080445582,-0.0027063973546741444,-0.005192465033818703
1152,2014-09-30,85.94000244140625,1210.5,17.006000518798828,2.507999897003174,16.309999465942383,-0.005766078578631628,-0.02954853815432228,0.005397400121830793,0.01137938152887803,-0.0028736968240176803,-0.006266845308186702
1153,2014-10-01,85.97000122070312,1214.5999755859375,17.209999084472656,2.4030001163482666,16.709999084472656,0.0033812869848655067,0.011924303555630018,0.004427913538867343,0.011759370819081284,-0.0018871001315542506,-0.0048894407043094884
1154,2014-10-02,85.5999984741211,1214.199951171875,17.000999450683594,2.437999963760376,16.15999984741211,-0.00032940088088161584,-0.012218423481279224,0.004229032677152418,0.011754167174191215,-0.0020983342457670338,-0.005563569123892333
1155,2014-10-03,86.69000244140625,1192.199951171875,16.780000686645508,2.447000026702881,14.550000190734863,-0.01828508465259203,-0.013084391585231718,0.005512563265947208,0.011839812581607904,-0.002826231061570954,-0.006076854981686379
1156,2014-10-06,85.70999908447266,1206.699951171875,17.18000030517578,2.424999952316284,15.460000038146973,0.012089021785870069,0.023558192360011818,0.006373673419586634,0.0134317096724879,-0.002276907204797252,-0.004999980304427587
1157,2014-10-07,85.66999816894531,1211.699951171875,17.19099998474121,2.3499999046325684,17.200000762939453,0.004134971324894569,0.0006400558522108227,0.006234923075618715,0.0134286363882127,-0.001584613853884239,-0.00448037230912908
1158,2014-10-08,85.30000305175781,1205.300048828125,17.014999389648438,2.3299999237060547,15.109999656677246,-0.005295752834792832,-0.010290718090266575,0.006250623958946002,0.013476691632448204,-0.0016119889976410088,-0.004861870546125031
1159,2014-10-09,85.5199966430664,1224.5999755859375,17.367000579833984,2.3269999027252197,18.760000228881836,0.01588570100202032,0.02047661507060281,0.007314833766123178,0.0145352766959807,-0.0007293211493315391,-0.003917110772673714
1160,2014-10-10,85.91000366210938,1221.0,17.25200080871582,2.306999921798706,21.239999771118164,-0.0029440449967924726,-0.006643761489852164,0.007270880445902652,0.014228518909485536,-0.0006353442245863516,-0.0034107072475925084
1161,2014-10-13,85.43000030517578,1229.300048828125,17.29400062561035,2.2860000133514404,24.639999389648438,0.006774746282857514,0.002431531050994979,0.007330470706596057,0.014258500925370158,-2.323541453560447e-05,-0.0033283071504494927
1162,2014-10-14,85.81999969482422,1233.5999755859375,17.35300064086914,2.2060000896453857,22.790000915527344,0.0034917626245959963,0.003405782326450806,0.007341310616319847,0.014311004535056772,-3.1390234327199367e-18,-0.0031917968901357405
1163,2014-10-15,85.1500015258789,1244.0999755859375,17.415000915527344,2.0899999141693115,25.270000457763672,0.008475653278412215,0.003566517349474336,0.007568351787579045,0.01426224428237857,0.00034188078840956753,-0.0032778981495260656
1164,2014-10-16,85.0,1240.5,17.38800048828125,2.1530001163482666,25.200000762939453,-0.0028978331647147772,-0.0015516151811045108,0.007598928023503401,0.01424375443197739,0.00023473725261067378,-0.0033696485102909565
1165,2014-10-17,85.19000244140625,1238.300048828125,17.281999588012695,2.1989998817443848,21.989999771118164,-0.001775013479223972,-0.00611486762794406,0.0074302558234401765,0.01414196386242201,0.00048702100678298707,-0.003119393996317886
1166,2014-10-20,84.94999694824219,1244.0,17.304000854492188,2.180999994277954,18.56999969482422,0.0045924836464930644,0.0012722644518422862,0.007182250131837988,0.011829038793283644,0.0011114759164063842,-0.0012948924364391506
1167,2014-10-21,85.30999755859375,1251.0,17.503999710083008,2.2079999446868896,16.079999923706055,0.005611237167786386,0.011491671644720316,0.007249188581284483,0.01212143225821113,0.0013199394949295663,-0.000527557024237372
1168,2014-10-22,85.73999786376953,1244.800048828125,17.18600082397461,2.2290000915527344,17.8700008392334,-0.004968317817105904,-0.018334262841115768,0.007357536393415138,0.0127210574955268,0.0009192723113857401,-0.00143826901870168
1169,2014-10-23,85.83999633789062,1228.5,17.11400032043457,2.2750000953674316,16.530000686645508,-0.013181000688571457,-0.004198286116157862,0.0079597835149067,0.012723528177214342,0.00038529877054080993,-0.001449629692127019
1170,2014-10-24,85.7300033569336,1231.199951171875,17.13599967956543,2.2730000019073486,16.110000610351562,0.0021953509044639477,0.0012846342864988515,0.007960498207912524,0.012342609982389082,0.0003883486661286103,-0.0006705270997462241
1171,2014-10-27,85.5,1229.0999755859375,17.114999771118164,2.256999969482422,16.040000915527344,-0.001707089508128366,-0.0012262363969196826,0.007849498822614145,0.012258191511917016,0.0005847206150673348,-0.000996687197169877
1172,2014-10-28,85.41000366210938,1229.199951171875,17.184999465942383,2.2839999198913574,14.390000343322754,8.133717526033627e-05,0.0040816206158566,0.007833590644585133,0.012289192930559942,0.0004554255036230884,-0.0009084720190428663
1173,2014-10-29,85.94999694824219,1224.300048828125,17.2189998626709,2.322999954223633,15.149999618530273,-0.003994219570477067,0.0019765381037756113,0.007772533617566646,0.010395263089859804,0.0005397997421066389,0.0005927220884856049
1174,2014-10-30,86.1500015258789,1198.0999755859375,16.391000747680664,2.305000066757202,14.520000457763672,-0.021632343693815777,-0.04928096800606954,0.009115868318241177,0.014734016944706113,-0.0006513255283067556,-0.002321814652547708
1175,2014-10-31,86.87999725341797,1171.0999755859375,16.07699966430664,2.3350000381469727,14.029999732971191,-0.02279349106756589,-0.019342791022064796,0.01031533496435515,0.015051875124441953,-0.0017210441086250544,-0.0026610702497279733
1176,2014-11-03,87.30999755859375,1169.4000244140625,16.174999237060547,2.3480000495910645,14.729999542236328,-0.0014526395819748322,0.006077134918671006,0.00959253706832549,0.014968977073389157,-0.0009194991052623306,-0.001748616606684986
1177,2014-11-04,86.9800033569336,1167.4000244140625,15.927000045776367,2.3420000076293945,14.890000343322754,-0.0017117429361120766,-0.015451008075365046,0.009117762351961328,0.014064607523589063,-0.0015766783777376712,-0.0036061975797981698
1178,2014-11-05,87.44000244140625,1145.4000244140625,15.418000221252441,2.3499999046325684,14.170000076293945,-0.019025132408248453,-0.03248011275644132,0.00976973646428443,0.015361804096526733,-0.0026795404602682907,-0.005183348465924462
1179,2014-11-06,88.01000213623047,1142.300048828125,15.392000198364258,2.375,13.670000076293945,-0.002710125789287498,-0.001687765576497578,0.009751392270653667,0.015333476536376418,-0.002556415362863275,-0.004773684060506891
1180,2014-11-07,87.63999938964844,1169.5999755859375,15.699000358581543,2.312000036239624,13.119999885559082,0.023617972636309083,0.019749132088382356,0.010592291788481985,0.015274285184574648,-0.0021882119517066677,-0.004808326107279294
1181,2014-11-10,87.80999755859375,1159.5999755859375,15.656999588012695,2.3589999675750732,12.670000076293945,-0.008586692128022691,-0.002678963883136136,0.010683599595976692,0.015274967373281101,-0.0024569094341462014,-0.004619526221245197
1182,2014-11-11,87.52999877929688,1162.800048828125,15.663999557495117,2.359999895095825,12.920000076293945,0.0027558346829369487,0.000446982522265437,0.010545060725961126,0.015235250445702656,-0.002648286176999562,-0.00471402853213708
1183,2014-11-12,87.81999969482422,1158.9000244140625,15.619000434875488,2.3589999675750732,13.020000457763672,-0.003359631269643953,-0.0028769078200452888,0.010451164080222196,0.01512914600802235,-0.002974543029106226,-0.0050132042533988
1184,2014-11-13,87.66999816894531,1161.0999755859375,15.616999626159668,2.3469998836517334,13.789999961853027,0.0018965101993661689,-0.00012810915063686396,0.0101860089837579,0.01504563673860884,-0.0032878355566798474,-0.00518913884864219
1185,2014-11-14,87.52999877929688,1185.0,16.309999465942383,2.319999933242798,13.3100004196167,0.020374963962937753,0.043418343321068406,0.011421646081132747,0.018412739579870233,-0.002179607122029727,-0.003047712253300622
1186,2014-11-17,87.93000030517578,1183.0,16.05299949645996,2.3399999141693115,13.989999771118164,-0.001689189590844829,-0.015882667258810726,0.011421813443238076,0.01861634345889885,-0.0021755202702021486,-0.0035128455690561777
1187,2014-11-18,87.58000183105469,1196.699951171875,16.170000076293945,2.322000026702881,13.859999656677246,0.011514142798772496,0.007261961677327117,0.011722789868915545,0.018738804211327283,-0.0018459174534269374,-0.0032276218916521375
1188,2014-11-19,87.6500015258789,1193.5999755859375,16.290000915527344,2.3510000705718994,13.960000038146973,-0.0025937977818038796,0.00739380050849786,0.011597888553807792,0.01859867338261789,-0.0022366334034074264,-0.0034227586124246354
1189,2014-11-20,87.58999633789062,1190.699951171875,16.132999420166016,2.3350000381469727,13.579999923706055,-0.0024326015461423,-0.009684651072612883,0.011581214310772527,0.01834599236116409,-0.0021158850095520164,-0.0030108723377340225
1190,2014-11-21,88.30999755859375,1197.5,16.391000747680664,2.315000057220459,12.899999618530273,0.005694721835857317,0.015865621579398494,0.011410725138951252,0.018797940369842687,-0.0012170410798173132,-0.0020554481617551484
1191,2014-11-24,88.1500015258789,1195.5,16.37700080871582,2.309999942779541,12.619999885559082,-0.0016715423866908656,-0.0008544884736157378,0.011384074567543192,0.018784727172542797,-0.00140117885558659,-0.002157311150332034
1192,2014-11-25,87.91999816894531,1197.0999755859375,16.554000854492188,2.259999990463257,12.25,0.001337436964606127,0.010749855232751323,0.011399359900413651,0.018995022632990775,-0.0012562014045039952,-0.0015870210727286524
1193,2014-11-26,87.61000061035156,1196.5999755859375,16.54800033569336,2.2339999675750732,12.069999694824219,-0.00041776330991452246,-0.0003625471964718263,0.011396951850830292,0.018953420572766246,-0.0012799680942742265,-0.0017986481114109585
1194,2014-11-28,88.36000061035156,1175.199951171875,15.48900032043457,2.194000005722046,13.329999923706055,-0.018045877242183227,-0.06613515363170173,0.011962726363546195,0.023546403687795408,-0.0019490946500697577,-0.005042062003576546
1195,2014-12-01,87.94999694824219,1218.0,16.648000717163086,2.2179999351501465,14.15999984741211,0.035771864958954666,0.07216001691586349,0.013676001975011879,0.026822994943665496,0.0007844390953002634,0.0007408420403250265
1196,2014-12-02,88.6500015258789,1199.199951171875,16.408000946044922,2.2850000858306885,12.850000381469727,-0.015555542198704184,-0.014521053741746764,0.013132482888332537,0.02666263977782037,0.0011291033271508208,0.0009704485774830279
1197,2014-12-03,88.95999908447266,1208.5,16.358999252319336,2.2869999408721924,12.5,0.007725294072399523,-0.002990919520130712,0.013194838587664475,0.026649226719060032,0.001566147786882933,0.000538636461349613
1198,2014-12-04,88.69999694824219,1207.5,16.520000457763672,2.256999969482422,12.380000114440918,-0.000827814616809933,0.009793636895009545,0.013185265619874516,0.026460597831730766,0.0016082396116116067,0.0017407624123198316
1199,2014-12-05,89.33000183105469,1190.0999755859375,16.195999145507812,2.306999921798706,11.890000343322754,-0.014514789852628834,-0.01980755039204205,0.012865208712251545,0.025776810231373567,0.001823017828545874,0.0023442177630055108
1200,2014-12-08,89.04000091552734,1194.699951171875,16.215999603271484,2.256999969482422,14.210000038146973,0.0038577502784623457,0.0012341392739923089,0.012829280000471708,0.02576183975353506,0.0021357738317720567,0.002483356089219315
1201,2014-12-09,88.69000244140625,1231.5,17.08099937438965,2.2200000286102295,15.350000381469727,0.030337871608031437,0.051968313345379394,0.01346018503730859,0.027726043307829084,0.0024557690209016927,0.004017602815742984
1202,2014-12-10,88.2699966430664,1228.9000244140625,17.132999420166016,2.1689999103546143,18.530000686645508,-0.0021134584034431018,0.003039696477899354,0.01326740017208135,0.02768503617123927,0.002764018245881673,0.004289919975792293
1203,2014-12-11,88.66000366210938,1225.0999755859375,17.05900001525879,2.177999973297119,20.079999923706055,-0.003097026785244945,-0.004328469914872199,0.01332891347956665,0.027737742411995052,0.002485310556920631,0.004062517478785739
1204,2014-12-12,88.36000061035156,1222.0,17.018999099731445,2.1029999256134033,21.079999923706055,-0.002533592640363915,-0.0023476104781682307,0.013312010071531306,0.027731361180515255,0.00252464572974349,0.0040877221141132165
1205,2014-12-15,88.45999908447266,1207.199951171875,16.527000427246094,2.115999937057495,20.420000076293945,-0.012185272725321912,-0.029334881104596602,0.013694408884414812,0.02866988340726124,0.0018540846380916767,0.002696923449638944
1206,2014-12-16,88.12999725341797,1193.9000244140625,15.71500015258789,2.071000099182129,23.56999969482422,-0.011078308205875124,-0.05037975305086115,0.013281284928601218,0.029308008731361093,0.00035630977291011066,-0.0017696525680719868
1207,2014-12-17,89.12999725341797,1194.300048828125,15.890999794006348,2.1480000019073486,19.440000534057617,0.0003350007583413977,0.011137218308358076,0.01327304008465913,0.02925049761051122,0.00045269978953802625,-0.00048299135058775815
1208,2014-12-18,89.23999786376953,1194.699951171875,15.894000053405762,2.2039999961853027,16.809999465942383,0.000334786393876181,0.00018878461052246106,0.013029157513265967,0.029197531421122573,-7.96505154570364e-05,-0.0008198093061498848
1209,2014-12-19,89.5999984741211,1195.9000244140625,15.991000175476074,2.1760001182556152,16.489999771118164,0.0010039934370030211,0.006084392072623553,0.01301809485304142,0.029180507009800703,9.167287591472079e-05,-0.0008821620888105659
1210,2014-12-22,89.7699966430664,1179.699951171875,15.64900016784668,2.1619999408721924,15.25,-0.013638932932058225,-0.021619047043984475,0.01335214094786158,0.029475237064816986,-0.0004419619519860376,-0.0014504666588758797
1211,2014-12-23,90.05999755859375,1177.9000244140625,15.729999542236328,2.256999969482422,14.800000190734863,-0.001526914765997342,0.005162660062124153,0.013278983700343618,0.02925254143710324,-0.0007858494092172119,-0.0019601314930318007
1212,2014-12-24,89.97000122070312,1173.5,15.67300033569336,2.2639999389648438,14.369999885559082,-0.0037424764004305444,-0.0036301798783638403,0.01329357199243648,0.029253566745383437,-0.0008844653146333871,-0.002092307274210282
1213,2014-12-26,90.02999877929688,1195.300048828125,16.11199951171875,2.25,14.5,0.018406504442956564,0.027624797580257997,0.013942223343777312,0.029849663611510615,-7.165257756908045e-05,-0.0012887385909956782
1214,2014-12-29,90.19000244140625,1181.699951171875,15.744000434875488,2.2070000171661377,15.0600004196167,-0.011443202409303596,-0.023104937739204124,0.014161771785741389,0.03022458247871141,-0.0005966734870637983,-0.002371709569221026
1215,2014-12-30,89.98999786376953,1200.199951171875,16.239999771118164,2.190000057220459,15.920000076293945,0.01553413054735682,0.031017952708260868,0.013987758371837694,0.02726732231287266,0.001002374502914299,0.0022546288279200505
1216,2014-12-31,90.2699966430664,1183.9000244140625,15.5649995803833,2.1700000762939453,19.200000762939453,-0.013674074832770782,-0.04245254370524283,0.011838928432465097,0.023829162433158222,-0.0013521940585964367,-0.0032031121540373932
1217,2015-01-02,91.08000183105469,1186.0,15.734000205993652,2.122999906539917,17.790000915527344,0.0017722065183534792,0.010799212064732857,0.011395028846856475,0.023868409666723243,-0.0005270631673079764,-0.001997385210871697
1218,2015-01-05,91.37999725341797,1203.9000244140625,16.179000854492188,2.0390000343322754,19.920000076293945,0.01498000666245465,0.027890168838780646,0.011761792448279202,0.024739529978748308,-0.00018160066301963688,-0.0005268571937806799
1219,2015-01-06,91.5,1219.300048828125,16.60300064086914,1.9630000591278076,21.1200008392334,0.01271065639212335,0.02586928268715414,0.012091029374702444,0.025316816995137895,0.00046308843264385266,0.00023864974870239588
1220,2015-01-07,91.88999938964844,1210.5999755859375,16.510000228881836,1.9539999961853027,19.309999465942383,-0.00716087932157311,-0.005617168729986427,0.0117368493112234,0.024941607830860066,0.0008132746484084111,0.0009143822088002826
1221,2015-01-08,92.37000274658203,1208.4000244140625,16.35099983215332,2.0160000324249268,17.010000228881836,-0.0018188935745322122,-0.009677224508035827,0.01172859246243259,0.02504804033267558,0.0005429582744562891,0.0003947934572751332
1222,2015-01-09,91.94000244140625,1216.0,16.38599967956543,1.9709999561309814,17.549999237060547,0.006269592809968894,0.002138244877010599,0.009666101195136128,0.02210549520254074,-0.0006031502397371652,-0.0019780669459805236
1223,2015-01-12,91.9800033569336,1232.699951171875,16.53499984741211,1.9119999408721924,19.600000381469727,0.013640062420648448,0.009052045041344294,0.010142584829828688,0.022212409183121482,0.00014701741855290863,-0.0016917646334355266
1224,2015-01-13,92.30999755859375,1234.300048828125,17.125,1.8899999856948853,20.559999465942383,0.0012972013624871278,0.035060046942708915,0.010117608791722386,0.02359839724625326,0.0003562663779687216,0.00018387902644928842
1225,2015-01-14,92.16000366210938,1234.4000244140625,16.95599937438965,1.8370000123977661,21.479999542236328,8.099451778340471e-05,-0.009917667554003686,0.010096333779509255,0.0236966147478216,0.00048077052835668923,-0.0001765998819238286
1226,2015-01-15,92.3499984741211,1264.699951171875,17.072999954223633,1.774999976158142,22.389999389648438,0.0242498594504341,0.006876549013597243,0.010908814941541665,0.02276806012590776,0.002215776822440309,0.0015477539332282592
1227,2015-01-16,92.5199966430664,1276.9000244140625,17.73900032043457,1.815000057220459,20.950000762939453,0.009600383272961813,0.038267357962766146,0.010577056029814326,0.020791042932579242,0.0032004764166706397,0.005769044933877178
1228,2015-01-20,93.05000305175781,1294.199951171875,17.94700050354004,1.8070000410079956,19.889999389648438,0.013457421344314642,0.011657374533549321,0.010784888392115104,0.02079806671382517,0.00382535358743127,0.005793814277933904
1229,2015-01-21,92.9000015258789,1293.699951171875,18.179000854492188,1.8530000448226929,18.850000381469727,-0.0003864137138910775,0.012844130636081563,0.010797700007407535,0.0208108813157148,0.0037910107251566383,0.006396449802960527
1230,2015-01-22,94.23999786376953,1300.699951171875,18.34600067138672,1.8960000276565552,16.399999618530273,0.005396251348961029,0.009144474942993022,0.010783545747532656,0.020819298709386355,0.004000165863821305,0.006542168034882884
1231,2015-01-23,95.0,1292.5999755859375,18.284000396728516,1.8170000314712524,16.65999984741211,-0.00624686858857903,-0.003385221515649931,0.01028824342932861,0.01994809638142159,0.004352168927796505,0.007410445440994052
1232,2015-01-26,94.80000305175781,1279.4000244140625,17.966999053955078,1.8279999494552612,15.520000457763672,-0.010264437842764765,-0.017489692871773568,0.010706085144250246,0.02067493726108966,0.00393609640033139,0.006331761967951303
1233,2015-01-27,94.0199966430664,1291.699951171875,18.06800079345703,1.8250000476837158,17.219999313354492,0.009567905338056997,0.005605772411552533,0.010622442010445007,0.020550286313931482,0.00456992410216413,0.0067715692198520834
1234,2015-01-28,94.47000122070312,1285.9000244140625,18.06800079345703,1.7239999771118164,20.440000534057617,-0.004500261174159382,0.0,0.010301835099375779,0.020026161478341336,0.0034791257394443226,0.0054561026684112265
1235,2015-01-29,94.77999877929688,1254.5999755859375,16.757999420166016,1.7510000467300415,18.760000228881836,-0.024642104059361822,-0.07526674011673623,0.011580993165918799,0.026068968843090717,0.0028506066132510744,0.0029722073171001735
1236,2015-01-30,94.80000305175781,1278.5,17.191999435424805,1.6749999523162842,20.969999313354492,0.018870738528237115,0.025568404910130058,0.011784801145452764,0.025801582191699785,0.0030094927075787073,0.0027127050409987063
1237,2015-02-02,94.5,1276.199951171875,17.235000610351562,1.6729999780654907,19.43000030517578,-0.0018006415575542159,0.00249810888152631,0.011215421232715315,0.023641448803560568,0.003574894292112829,0.004853212307035332
1238,2015-02-03,93.5999984741211,1259.699951171875,17.30500030517578,1.7799999713897705,17.329999923706055,-0.013013315577139663,0.004053259340107347,0.011783934853818477,0.023602415131126927,0.002870821811375061,0.004531976463005545
1239,2015-02-04,93.98999786376953,1263.800048828125,17.378999710083008,1.7970000505447388,18.329999923706055,0.003249535378765735,0.004267069378137827,0.011454651696211331,0.022988444027578762,0.0023122279407232077,0.0034070669648796977
1240,2015-02-05,94.69999694824219,1262.0,17.18000030517578,1.815000057220459,16.850000381469727,-0.0014253298741546375,-0.011516629781024725,0.011226102183865829,0.022606392144193212,0.0016390857375671126,0.0016267854187759418
1241,2015-02-06,94.69999694824219,1233.9000244140625,16.67799949645996,1.937999963760376,17.290000915527344,-0.022517859410575658,-0.029655478846621026,0.012278834824825977,0.023579194530457682,0.0009078009714241343,0.0004821039846504846
1242,2015-02-09,94.44999694824219,1240.800048828125,17.054000854492188,1.9479999542236328,18.549999237060547,0.005576467523877212,0.022294374952024347,0.012302749543469943,0.02392013389834037,0.001259961023729345,0.0020045611017962075
1243,2015-02-10,94.76000213623047,1231.5999755859375,16.85700035095215,1.9910000562667847,17.229999542236328,-0.007442254987160046,-0.011618808807403206,0.012387154627207993,0.024103964648055663,0.000607015890532729,0.0013494633073003117
1244,2015-02-11,94.98999786376953,1219.0,16.7450008392334,1.9880000352859497,16.959999084472656,-0.010283266746028365,-0.006666265252928441,0.01222766605996639,0.02409686635313163,-0.0005321902602614051,0.0006009723409063721
1245,2015-02-12,94.08999633789062,1220.0999755859375,16.777999877929688,1.9859999418258667,15.34000015258789,0.0009019520901303559,0.001968740783871234,0.012225013286108592,0.022776608424931177,-0.0005510116541831561,-0.0009748041428478032
1246,2015-02-13,94.19999694824219,1226.5,17.277999877929688,2.0209999084472656,14.6899995803833,0.005231782127142109,0.02936551172313521,0.012289826903791014,0.02360355226331657,-0.00030573605373750346,0.0008958234417778587
1247,2015-02-17,94.05999755859375,1208.0999755859375,16.36199951171875,2.1449999809265137,15.800000190734863,-0.015115727381669742,-0.05447246562250839,0.011321136535772457,0.026451094551001454,-0.00218028780764721,-0.002025558207560505
1248,2015-02-18,94.19999694824219,1199.699951171875,16.25,2.065999984741211,15.449999809265137,-0.006977372496271956,-0.006868634473365601,0.0110329137093922,0.024795293985259606,-0.0029697047490392942,-0.004174891180709635
1249,2015-02-19,94.4000015258789,1207.0999755859375,16.371000289916992,2.11299991607666,15.289999961853027,0.0061492836610937025,0.007418585805638219,0.010595437453183924,0.02467693716829336,-0.003317711305383149,-0.0043767382629911165
1250,2015-02-20,94.25,1204.4000244140625,16.26300048828125,2.132999897003174,14.300000190734863,-0.002239230603391369,-0.006618875611016762,0.010577506886464088,0.02436129605446381,-0.003405940681073638,-0.005303548084281513
1251,2015-02-23,94.56999969482422,1200.300048828125,16.246999740600586,2.059000015258789,14.5600004196167,-0.0034099716670723044,-0.0009843585887433584,0.010383885674465345,0.024160380319666042,-0.003825284634218083,-0.0057858734905546745
1252,2015-02-24,94.48999786376953,1196.9000244140625,16.18199920654297,1.9880000352859497,13.6899995803833,-0.0028366649341615255,-0.00400879602928853,0.010370779018188227,0.02415766534847686,-0.0036628939840077255,-0.005815567515013655
1253,2015-02-25,94.20999908447266,1201.0,16.423999786376953,1.968999981880188,13.84000015258789,0.00341964180291274,0.014844202357535021,0.010365148869868144,0.024405544442851878,-0.0030112711437373686,-0.004275858218379913
1254,2015-02-26,95.29000091552734,1209.5999755859375,16.58300018310547,2.0160000324249268,13.90999984741211,0.007135163161701397,0.009634418563848198,0.010230246451954904,0.02450274302056203,-0.0031271160092781114,-0.004084017925413453
1255,2015-02-27,95.25,1212.5999755859375,16.51300048828125,2.002000093460083,13.34000015258789,0.0024770882622964334,-0.0042301062233627475,0.010296509529544272,0.024484871210973525,-0.002794861274208787,-0.0042854515550973925
1256,2015-03-02,95.45999908447266,1207.699951171875,16.406999588012695,2.0840001106262207,13.039999961853027,-0.0040491106533266635,-0.006439931128070849,0.009012323282362407,0.018345161785911675,-0.0018142425405880647,-0.0010079844603990413
1257,2015-03-03,95.37999725341797,1204.0,16.257999420166016,2.121999979019165,13.859999656677246,-0.0030683369818883667,-0.009122988262439262,0.007665584079111988,0.017368274028669244,-0.0028589604220226115,-0.002659955563854723
1258,2015-03-04,95.97000122070312,1200.5999755859375,16.131999969482422,2.122999906539917,14.229999542236328,-0.0028279353859085,-0.007780184540466555,0.007661769558264204,0.017360471388429676,-0.0029078791757537682,-0.0031493981077591452
1259,2015-03-05,96.37999725341797,1195.9000244140625,16.131999969482422,2.111999988555908,14.039999961853027,-0.003922351093293688,0.0,0.007311046632485637,0.017298811290940016,-0.0024749761050944356,-0.0033424104572880664
1260,2015-03-06,97.62000274658203,1164.0999755859375,15.784000396728516,2.240000009536743,15.199999809265137,-0.02695082510784794,-0.021808081264213276,0.008921585332494177,0.017657402731072126,-0.0039130885092188965,-0.004584084297400024
1261,2015-03-09,97.58999633789062,1166.4000244140625,15.755000114440918,2.194999933242798,15.0600004196167,0.0019738679038005798,-0.0018390113821446662,0.008999474410286345,0.01759359661761163,-0.0037512219483638856,-0.004123245326024784
1262,2015-03-10,98.62000274658203,1160.0999755859375,15.61299991607666,2.125999927520752,16.690000534057617,-0.0054159159489475485,-0.009053887288860626,0.007926120951465603,0.016647670075459715,-0.002936843688286357,-0.003142217156607621
1263,2015-03-11,99.80000305175781,1150.699951171875,15.345000267028809,2.1089999675750732,16.8700008392334,-0.008135776840567531,-0.017314189710780012,0.00775263407721796,0.01584616101234164,-0.003589807705640868,-0.005028339283407829
1264,2015-03-12,99.1500015258789,1152.0999755859375,15.493000030517578,2.0959999561309814,15.420000076293945,0.0012159324570827387,0.009598605510539157,0.007767724141865581,0.01607963389275331,-0.0031775130654388313,-0.004017986220648669
1265,2015-03-13,100.33000183105469,1152.5999755859375,15.47700023651123,2.111999988555908,16.0,0.0004338959677507792,-0.0010332447718331636,0.007628341557334381,0.016080231382049465,-0.0026671719838303005,-0.003749747150120322
1266,2015-03-16,99.5999984741211,1153.300048828125,15.60099983215332,2.0980000495910645,15.609999656677246,0.0006072017488049268,0.007979937794312263,0.007621714498576989,0.016239828417617747,-0.002681207714369607,-0.0034634996734326544
1267,2015-03-17,99.58999633789062,1148.300048828125,15.562000274658203,2.058000087738037,15.65999984741211,-0.004344810265399723,-0.0025029411623742693,0.007408088845625405,0.014403918565358744,-0.0031372359235382658,-0.004981045048933105
1268,2015-03-18,98.55000305175781,1151.4000244140625,15.524999618530273,1.9509999752044678,13.970000267028809,0.0026959841412746766,-0.0023804595958019314,0.006975063892921387,0.008881446330136081,-0.002289059184350436,-0.002500473333375655
1269,2015-03-19,99.0999984741211,1169.0999755859375,16.097999572753906,1.9769999980926514,14.069999694824219,0.015255586684473977,0.03624341088299703,0.00785915496372199,0.012188319083146583,-0.0012303468424101536,-0.00044751879259648177
1270,2015-03-20,97.91000366210938,1184.800048828125,16.867000579833984,1.9299999475479126,13.020000457763672,0.013339824035723362,0.04666407052148621,0.008338750442470984,0.015898719203357302,-0.0008879401579039793,0.001421313812920089
1271,2015-03-23,97.02999877929688,1188.0,16.871999740600586,1.9149999618530273,13.40999984741211,0.0026971957568776507,0.0002963431492165503,0.00836827938410694,0.015795140398837306,-0.0006528722359864068,0.0017506099443597707
1272,2015-03-24,97.19000244140625,1191.699951171875,16.96299934387207,1.878000020980835,13.619999885559082,0.0031095972006652695,0.005379035031715735,0.008381803323092463,0.01580108602687765,-0.00034241657561795094,0.0020536286881911565
1273,2015-03-25,96.9800033569336,1197.300048828125,16.979999542236328,1.9199999570846558,15.4399995803833,0.0046882443814050614,0.001001691090570898,0.00843054689918537,0.015742687979718926,1.591243940902937e-05,0.002292223312946367
1274,2015-03-26,97.44000244140625,1205.0999755859375,17.121999740600586,2.006999969482422,15.800000190734863,0.006493468269733933,0.008328017246019106,0.008518819906821398,0.0155459016953209,0.00016228512830527664,0.0019819287838265614
1275,2015-03-27,97.29000091552734,1199.800048828125,17.052000045776367,1.9479999542236328,15.069999694824219,-0.004407613858515569,-0.0040966695827487805,0.008418207183158615,0.015496631441995576,-0.00038737092027648365,0.0013280674435124195
1276,2015-03-30,97.9800033569336,1184.800048828125,16.656999588012695,1.9630000591278076,14.510000228881836,-0.012580891750166273,-0.023436977826093296,0.00879489565887052,0.01638255022958295,-0.0011044175875366126,0.00041345451004906044
1277,2015-03-31,98.36000061035156,1183.0999755859375,16.58099937438965,1.934000015258789,15.289999961853027,-0.0014359335417667746,-0.004573099972707984,0.008769598915145647,0.016348531916094537,-0.000979980582224237,0.0005023512317330062
1278,2015-04-01,98.19000244140625,1208.0999755859375,17.04400062561035,1.8680000305175781,15.109999656677246,0.0209107656929285,0.02754084855459235,0.009963884824134987,0.017204522386488282,0.00016188144990989965,0.002248248223020226
1279,2015-04-02,97.44000244140625,1200.9000244140625,16.68600082397461,1.9040000438690186,14.670000076293945,-0.005977561320432106,-0.021228178482195187,0.010034593616096496,0.01783518029458728,1.1899262551632745e-05,0.0016078675591283864
1280,2015-04-06,97.11000061035156,1218.5999755859375,17.094999313354492,1.9040000438690186,14.739999771118164,0.014631342783434479,0.024215889063735282,0.010477878659275304,0.01849660275495925,0.0008954084947767836,0.0027610051335919712
1281,2015-04-07,97.83000183105469,1210.5999755859375,16.825000762939453,1.8930000066757202,14.779999732971191,-0.006586554489201088,-0.01592006204843653,0.008533868060991736,0.01814686975804485,0.0018651356670933,0.003041387001009911
1282,2015-04-08,98.06999969482422,1203.0999755859375,16.440000534057617,1.8949999809265137,13.979999542236328,-0.006214545543826507,-0.023148498763084762,0.008713824202983656,0.019008742636529755,0.001475211217206296,0.0020266495066794308
1283,2015-04-09,99.16000366210938,1193.5999755859375,16.163999557495117,1.9579999446868896,13.09000015258789,-0.007927608751493799,-0.01693090227301466,0.008829608216095937,0.019313598538086438,0.0013556067980374272,0.0016515535550530478
1284,2015-04-10,99.38999938964844,1204.5999755859375,16.3700008392334,1.9509999752044678,12.579999923706055,0.009173611346904613,0.012663922809315444,0.008706339872846828,0.01894608138740236,0.0021798633783932436,0.003079082722676641
1285,2015-04-13,99.48999786376953,1199.300048828125,16.280000686645508,1.9390000104904175,13.9399995803833,-0.004409447390731536,-0.005513039897954877,0.008823236462025012,0.01897304142697737,0.0019119881475449445,0.0023594805603674015
1286,2015-04-14,98.76000213623047,1192.800048828125,16.150999069213867,1.9040000438690186,13.670000076293945,-0.005434568565282116,-0.007955493125509177,0.008964198865107654,0.01909467508231261,0.0016325374554957593,0.0020298496863828293
1287,2015-04-15,98.33000183105469,1201.5,16.268999099731445,1.899999976158142,12.84000015258789,0.00726725079027736,0.0072794915644644135,0.00904357148581993,0.01908437077590759,0.0019496826479468274,0.0019964951040091225
1288,2015-04-16,97.41999816894531,1198.0,16.275999069213867,1.878000020980835,12.600000381469727,-0.002917276501128989,0.00043017176120459174,0.008999148054407753,0.01906051275079978,0.0020176604462454335,0.002136167147989068
1289,2015-04-17,97.5199966430664,1202.9000244140625,16.22100067138672,1.850000023841858,13.890000343322754,0.004081828620635487,-0.00338483249384787,0.0090094465031086,0.019073668249639048,0.002083653040500711,0.0020883398671297376
1290,2015-04-20,97.94000244140625,1193.5,15.883000373840332,1.8949999809265137,13.300000190734863,-0.007845161517145325,-0.02105736206779377,0.008726604157334584,0.01801235644067522,0.0009836174118521724,-0.0006402683686222054
1291,2015-04-21,97.9800033569336,1202.9000244140625,16.00200080871582,1.9160000085830688,13.25,0.007845161517145236,0.0074643865761986564,0.008414391439758997,0.014566592757852763,0.0007219668157294045,-0.00250691998506447
1292,2015-04-22,98.0199966430664,1186.9000244140625,15.791000366210938,1.972000002861023,12.710000038146973,-0.013390441663967216,-0.013273584290729041,0.008941403203919519,0.014736021438207975,-4.4111156691779626e-05,-0.00315310700601426
1293,2015-04-23,97.27999877929688,1194.4000244140625,15.824000358581543,1.9470000267028809,12.479999542236328,0.006299101033358327,0.002087616865345868,0.009024355556282497,0.014658032640334863,0.00010776997819836597,-0.003309841204412825
1294,2015-04-24,96.91999816894531,1175.199951171875,15.630999565124512,1.9170000553131104,12.289999961853027,-0.016205683354533523,-0.01227170344898332,0.009625849278779658,0.0147487192919789,-0.0008871789616082332,-0.003941907611058264
1295,2015-04-27,96.7699966430664,1203.300048828125,16.389999389648438,1.9240000247955322,13.119999885559082,0.023629518711741584,0.047415261424486134,0.01092188385693397,0.018391233219566944,-7.117655960786882e-05,-0.0020806102692265006
1296,2015-04-28,96.08999633789062,1214.0,16.586999893188477,1.9730000495910645,12.40999984741211,0.008852869596814293,0.011947894067961538,0.011041312190220877,0.018634947207115324,0.0005602750335030769,-0.0013165834287164858
1297,2015-04-29,95.12000274658203,1209.800048828125,16.670000076293945,2.0350000858306885,13.390000343322754,-0.0034655955861370943,0.004991451754990435,0.010671860817818724,0.017968333332615626,0.0009943367555997045,3.715131323988247e-05
1298,2015-04-30,94.5999984741211,1182.4000244140625,16.124000549316406,2.0460000038146973,14.550000190734863,-0.022908805191481592,-0.03330182201625869,0.0118770153158142,0.019375436641852962,-2.8180942005762915e-05,-0.0013308830697863418
1299,2015-05-01,95.30000305175781,1174.5,16.111000061035156,2.117000102996826,12.699999809265137,-0.006703766742857445,-0.0008066070259005813,0.01093407819738153,0.018216178591095325,-0.001343158677043189,-0.0026807619069526716
1300,2015-05-04,95.4800033569336,1186.800048828125,16.417999267578125,2.134999990463257,12.850000381469727,0.010418125460371878,0.018875977017901426,0.011169446168304693,0.018276599526546755,-0.0005624116874810943,-0.0007710402164718807
1301,2015-05-05,95.12999725341797,1193.199951171875,16.55699920654297,2.1760001182556152,14.3100004196167,0.005378082159257571,0.008430675887553024,0.010713292137879454,0.01750591524409681,-0.0010030431457752327,-0.0015227170343853219
1302,2015-05-06,94.12999725341797,1190.300048828125,16.483999252319336,2.240000009536743,15.149999618530273,-0.002433315523067671,-0.004418757084112378,0.010643169755932871,0.01721038324211676,-0.0008052698616736415,-0.0009750358456079808
1303,2015-05-07,94.62000274658203,1182.4000244140625,16.27199935913086,2.184000015258789,15.130000114440918,-0.006659125353704526,-0.012944368197183444,0.010654903091595622,0.016689203077025493,-0.0008264403288106901,-0.0004891248662793467
1304,2015-05-08,94.79000091552734,1189.0999755859375,16.441999435424805,2.1500000953674316,12.859999656677246,0.005650406070161,0.010393202471138127,0.010614336950819795,0.016405990203134203,-0.0001798681944461758,0.00081202297868031
1305,2015-05-11,95.01000213623047,1183.199951171875,16.29800033569336,2.2739999294281006,13.850000381469727,-0.004974106783250917,-0.008796580897321807,0.010438507537737613,0.016298860273151375,-0.0008535690577869152,-0.00020990576925479732
1306,2015-05-12,94.52999877929688,1192.5999755859375,16.510000228881836,2.259999990463257,13.859999656677246,0.007913186088978619,0.0129238503000212,0.010574094982029492,0.016494306026214326,-0.0002667769873245269,0.0006680413830297777
1307,2015-05-13,93.62000274658203,1218.4000244140625,17.207000732421875,2.2820000648498535,13.760000228881836,0.02140276540104405,0.04135004854110273,0.011499555273289191,0.018582437064017666,0.0010111912967862428,0.0030159243195351064
1308,2015-05-14,93.36000061035156,1225.4000244140625,17.448999404907227,2.239000082015991,12.739999771118164,0.005728798596137671,0.013965985975036517,0.011462548280111125,0.018715950656445053,0.0009379316684938766,0.0033343288152766354
1309,2015-05-15,93.13999938964844,1225.5,17.545000076293945,2.1410000324249268,12.380000114440918,8.158275327200206e-05,0.005486707072250461,0.011430753954459479,0.018709245352882303,0.001080734490132019,0.0035751162110407245
1310,2015-05-18,94.19000244140625,1227.800048828125,17.711999893188477,2.2279999256134033,12.729999542236328,0.0018750657940217385,0.009473356552169571,0.011411913117979932,0.01868046116322836,0.0009756505460075548,0.004187410927517745
1311,2015-05-19,95.2699966430664,1206.9000244140625,17.049999237060547,2.26200008392334,12.850000381469727,-0.01716888090960008,-0.038092210953477375,0.011941341862856685,0.02014403393518137,0.000531663908271614,0.0033762276472470974
1312,2015-05-20,95.44999694824219,1208.9000244140625,17.091999053955078,2.250999927520752,12.880000114440918,0.0016557665506276972,0.002460303449274924,0.0118276478000944,0.020122842140229972,0.00023693081462792178,0.0031379379745364437
1313,2015-05-21,95.26000213623047,1204.4000244140625,17.111000061035156,2.184999942779541,12.109999656677246,-0.003729337524911823,0.0011110726852283732,0.011453048584692281,0.019778134872615434,0.0006969833926781785,0.0038229216400582256
1314,2015-05-22,96.01000213623047,1204.300048828125,17.030000686645508,2.2149999141693115,12.130000114440918,-8.301206705275282e-05,-0.0047450001224903825,0.011381413619557603,0.019864122561354766,0.00039307324503955567,0.003497558926351737
1315,2015-05-26,97.30000305175781,1187.199951171875,16.733999252319336,2.13700008392334,14.0600004196167,-0.01430097352694823,-0.017534001801281215,0.011249344539576054,0.020104732722732124,0.0004837737130198077,0.003246973290528027
1316,2015-05-27,97.37000274658203,1185.9000244140625,16.63800048828125,2.134999990463257,13.270000457763672,-0.0010955517266055808,-0.005753267984026602,0.009921221947892288,0.017434962423055998,-0.0006936105935681525,0.000715138556789326
1317,2015-05-28,96.97000122070312,1188.0999755859375,16.652999877929688,2.130000114440918,13.3100004196167,0.0018533713577155101,0.0009011078368563186,0.009699566312427424,0.01724471956704761,-0.0010269200335252375,0.00018910111721288705
1318,2015-05-29,96.91000366210938,1189.4000244140625,16.68400001525879,2.0950000286102295,13.84000015258789,0.0010936268834478497,0.0018598042033705652,0.00969327467879846,0.017214628555057555,-0.0008098142016402402,3.99750433262266e-05
1319,2015-06-01,97.38999938964844,1188.300048828125,16.663999557495117,2.191999912261963,13.970000267028809,-0.0009252434121427846,-0.0011994998451461455,0.008269903902638164,0.015439649203084096,0.00023702207356636972,0.0015686570514744428
1320,2015-06-02,95.83999633789062,1194.0999755859375,16.783000946044922,2.2660000324249268,14.239999771118164,0.004868987707043961,0.007115848291149848,0.008169238681978129,0.015475457954083213,0.00078810561879977,0.0019459168284768442
1321,2015-06-03,95.47000122070312,1184.699951171875,16.464000701904297,2.365999937057495,13.65999984741211,-0.007903206348653132,-0.019190303970914684,0.008067051789865179,0.015621950712730833,-8.433875305856378e-05,0.000133236781390363
1322,2015-06-04,95.45999908447266,1174.9000244140625,16.089000701904297,2.306999921798706,14.710000038146973,-0.008306478391888725,-0.023040369429120116,0.008155962677790595,0.01628175702224208,-0.0007359844935893397,-0.001365384424165501
1323,2015-06-05,96.30999755859375,1167.800048828125,15.970999717712402,2.4019999504089355,14.210000038146973,-0.00606137969172326,-0.007361292296082481,0.008231787907436847,0.016321960285255534,-0.0009087494540015107,-0.0015055051485450294
1324,2015-06-08,95.30000305175781,1173.199951171875,15.951000213623047,2.38100004196167,15.289999961853027,0.004613337822188803,-0.0012530234163955242,0.00820555418764451,0.01611029946903535,-0.00037196549324468547,-0.0009487744446979856
1325,2015-06-09,95.16999816894531,1177.300048828125,15.949000358581543,2.4170000553131104,14.470000267028809,0.0034887060751304954,-0.00012538275913803724,0.008139519933506817,0.01590220725476513,-0.00047490358824613815,-0.0014496594556635172
1326,2015-06-10,94.6500015258789,1186.0999755859375,15.95199966430664,2.4779999256134033,13.220000267028809,0.007446870892935644,0.00018803835188766364,0.008246819620756652,0.01581528491726828,0.00011657153919131727,-0.0010218204437963997
1327,2015-06-11,94.9800033569336,1179.9000244140625,15.95300006866455,2.382999897003174,12.850000381469727,-0.005240883654242222,6.271144752312097e-05,0.008123657742784743,0.015494003038729623,-0.0005098127342953894,-0.001634255627248689
1328,2015-06-12,94.97000122070312,1178.800048828125,15.817999839782715,2.384999990463257,13.779999732971191,-0.0009326965120805852,-0.008498381654608402,0.006388028655883524,0.01200504367447048,-0.0015734061587298956,-0.004007990398473028
1329,2015-06-15,94.80999755859375,1185.300048828125,16.076000213623047,2.3580000400543213,15.390000343322754,0.0054989349947638985,0.016178967906845348,0.006375074514138824,0.012179157867489254,-0.0015843520445095996,-0.003902610306482132
1330,2015-06-16,95.0,1180.5,15.958000183105469,2.318000078201294,14.8100004196167,-0.004057870754626063,-0.007367207514974749,0.006384976512511693,0.012005444832603487,-0.001781468878219031,-0.00451470147730238
1331,2015-06-17,94.30000305175781,1176.4000244140625,15.9399995803833,2.305999994277954,14.5,-0.0034791290925295453,-0.001128635322993649,0.0063383956616697,0.01160401073317839,-0.0020364305394833778,-0.005019558233262533
1332,2015-06-18,94.04000091552734,1201.5,16.148000717163086,2.3510000705718994,13.1899995803833,0.021111827743485453,0.012964600365269351,0.007213093800891863,0.009483031338184239,-0.00021353965124120945,-0.0025882815037984036
1333,2015-06-19,94.08999633789062,1201.5,16.104000091552734,2.2669999599456787,13.960000038146973,0.0,-0.0027285533799932486,0.007200677699018105,0.009412244756041728,-0.00029238567746157603,-0.0028353699242397454
1334,2015-06-22,94.33000183105469,1183.699951171875,16.136999130249023,2.359999895095825,12.739999771118164,-0.014925691467098958,0.002047024038695682,0.007852855346929682,0.00943405711762288,-0.0008255453889942967,-0.002790800812169874
1335,2015-06-23,95.43000030517578,1176.199951171875,15.732000350952148,2.4089999198913574,12.109999656677246,-0.006356223197024235,-0.02541784118354481,0.007942008003101601,0.010648572571158367,-0.0011242697285167482,-0.003775221815077227
1336,2015-06-24,95.26000213623047,1172.5999755859375,15.847999572753906,2.371000051498413,13.260000228881836,-0.0030653768027383383,0.007346405559524277,0.007367634737813524,0.010422933088545031,-0.000589241313078182,-0.002590440512181728
1337,2015-06-25,95.19000244140625,1171.5,15.805000305175781,2.3929998874664307,14.010000228881836,-0.0009385057618116827,-0.002716917460864778,0.007367174809815991,0.010397894455016762,-0.0005817629338022821,-0.0024458523920311646
1338,2015-06-26,95.47000122070312,1172.9000244140625,15.734999656677246,2.4760000705718994,14.020000457763672,0.0011943563947357445,-0.004438856279073578,0.007357680794355281,0.010377225631662455,-0.0006131445987060805,-0.0027001363975516354
1339,2015-06-29,94.79000091552734,1178.5,15.663999557495117,2.3310000896453857,18.850000381469727,0.004763108033599618,-0.00452245115896666,0.007443316337673858,0.010330354141095878,-0.0004384074010798058,-0.0030040533195676935
1340,2015-06-30,95.48999786376953,1171.5,15.550999641418457,2.3350000381469727,18.229999542236328,-0.005957464428335503,-0.00724013535757634,0.0075401467964912984,0.010361647375687942,-0.000678036973279459,-0.003291702629683418
1341,2015-07-01,96.30999755859375,1169.0,15.552000045776367,2.4179999828338623,16.09000015258789,-0.0021362964757819457,6.432848074556846e-05,0.00743672123577908,0.010118924718412626,-0.0010116219343664068,-0.003627489287321717
1342,2015-07-02,96.11000061035156,1163.0,15.536999702453613,2.3929998874664307,16.790000915527344,-0.005145808953403949,-0.0009649937024848026,0.007332571043898739,0.00947872142229889,-0.0008803172964973983,-0.0027596173697774363
1343,2015-07-06,96.30000305175781,1172.9000244140625,15.72599983215332,2.2780001163482666,17.010000228881836,0.008476461823921842,0.012091125937090497,0.007397028764868666,0.008795983157389966,-8.112966717308551e-05,-0.0010866890190055027
1344,2015-07-07,96.87000274658203,1152.4000244140625,14.949999809265137,2.2309999465942383,16.09000015258789,-0.01763258994680646,-0.0506040958176177,0.00824692429289277,0.013912125213794126,-0.0006321396793199046,-0.0031458701390786083
1345,2015-07-08,96.29000091552734,1163.300048828125,15.147000312805176,2.2060000896453857,19.65999984741211,0.009414090400743112,0.01309122611767323,0.008463301434832638,0.01435480234883659,-0.0004035324136744612,-0.0024628106374562867
1346,2015-07-09,96.61000061035156,1159.0,15.345000267028809,2.3010001182556152,19.969999313354492,-0.003703271456771109,0.012987192277197341,0.008443414911821089,0.014741537282985313,-0.0007460075342412043,-0.0018384023023926967
1347,2015-07-10,96.02999877929688,1157.699951171875,15.468000411987305,2.4170000553131104,16.829999923706055,-0.001122328304907492,0.007983694906483181,0.008232091912901815,0.014892500871197136,-0.0011540646389004013,-0.0014671805616976723
1348,2015-07-13,96.86000061035156,1155.199951171875,15.435999870300293,2.430000066757202,13.899999618530273,-0.002161789164397025,-0.002070965106908966,0.008182935587392616,0.014888819363658705,-0.0010074410917649157,-0.0015687842071468196
1349,2015-07-14,96.63999938964844,1153.300048828125,15.295000076293945,2.3989999294281006,13.369999885559082,-0.0016460063008068057,-0.009176452681926147,0.008184090194499382,0.01490532496360041,-0.0010414082245614024,-0.0016010733036857596
1350,2015-07-15,97.12999725341797,1147.199951171875,15.027999877929688,2.3499999046325684,13.229999542236328,-0.005303292287155819,-0.01761086300216496,0.00809140789881891,0.014712560231404099,-0.0015557999998909128,-0.0032101128707814884
1351,2015-07-16,97.66000366210938,1143.800048828125,14.96399974822998,2.3519999980926514,12.109999656677246,-0.0029680531118790564,-0.004267819928012739,0.008078041777653667,0.0146842916773915,-0.0015039039216648647,-0.003062522985688059
1352,2015-07-17,97.86000061035156,1131.800048828125,14.819999694824219,2.3489999771118164,11.949999809265137,-0.010546766320174742,-0.009669700385068822,0.008308394497276042,0.014746202076113213,-0.0018404580753622554,-0.003469240369596401
1353,2015-07-20,98.02999877929688,1106.699951171875,14.744999885559082,2.371999979019165,12.25,-0.022426758700162933,-0.0050735647698803244,0.007704899933388003,0.014258362777925013,-0.003913724096488369,-0.004328200614127338
1354,2015-07-21,97.33000183105469,1103.4000244140625,14.769000053405762,2.3399999141693115,12.220000267028809,-0.002986226185725619,0.00162635855434263,0.00765646142370688,0.01431435115231176,-0.004055925343427684,-0.004120823855349439
1355,2015-07-22,97.5999984741211,1091.4000244140625,14.71399974822998,2.322000026702881,12.119999885559082,-0.010935045842920037,-0.0037309886610883487,0.007419030154138811,0.014245232219327454,-0.003865894599419164,-0.004395967317243917
1356,2015-07-23,97.12000274658203,1094.0,14.682999610900879,2.2769999504089355,12.640000343322754,0.0023794058603042695,-0.002109068918330492,0.00751667593583208,0.013408900343777324,-0.003449912263355901,-0.0032860257808051394
1357,2015-07-24,97.23999786376953,1085.5999755859375,14.47700023651123,2.2709999084472656,13.739999771118164,-0.007707896950271182,-0.014129135971886376,0.0075728613335536,0.013376349949395556,-0.0036709846513336567,-0.004308670615634218
1358,2015-07-27,96.5,1096.5,14.593999862670898,2.2279999256134033,15.600000381469727,0.009990481826287456,0.008049276424518644,0.008125410912821492,0.013644046995270729,-0.0031505566709479826,-0.003795994716330246
1359,2015-07-28,96.7699966430664,1096.300048828125,14.630999565124512,2.25,13.4399995803833,-0.0001823706384319658,0.0025320597396842597,0.008094095541677912,0.013712252524840964,-0.0032161151010988267,-0.003464046334484635
1360,2015-07-29,96.9800033569336,1092.699951171875,14.734000205993652,2.2790000438690186,12.5,-0.003289265328567696,0.007015226568316023,0.007885230969031444,0.013897613775696569,-0.0035995614516782216,-0.002914633109375935
1361,2015-07-30,97.55999755859375,1088.4000244140625,14.690999984741211,2.2679998874664307,12.130000114440918,-0.003942902550703331,-0.0029227018918174543,0.007867344740709572,0.013862315532572911,-0.0035036299336957378,-0.002709041039577893
1362,2015-07-31,97.37000274658203,1094.9000244140625,14.746000289916992,2.2049999237060547,12.119999885559082,0.0059543068371229295,0.0037368188785384866,0.0081313227445264,0.013922088785704582,-0.0031183631092716966,-0.002534160544444897
1363,2015-08-03,97.48999786376953,1089.4000244140625,14.515999794006348,2.1500000953674316,12.5600004196167,-0.005035948817230393,-0.015720404068155818,0.008129988361256606,0.014208339340176979,-0.0031131316742158124,-0.003236799133286374
1364,2015-08-04,97.93000030517578,1090.699951171875,14.550000190734863,2.2109999656677246,13.0,0.0011925388068687703,0.002339531566402964,0.0077576667945274715,0.013836834982934546,-0.0034599851512183396,-0.0037011607699857806
1365,2015-08-05,97.95999908447266,1085.699951171875,14.545999526977539,2.2679998874664307,12.510000228881836,-0.004594751903060489,-0.0002749975131530419,0.007056763835006154,0.008718926006781254,-0.0028391357205637697,-0.0013045370412017492
1366,2015-08-06,97.83000183105469,1090.199951171875,14.670000076293945,2.2339999675750732,13.770000457763672,0.004136225578011975,0.008488588142294614,0.006682611622493522,0.008390625552079808,-0.0030904626168842997,-0.0015237102781245405
1367,2015-08-07,97.55999755859375,1094.0999755859375,14.815999984741211,2.174999952316284,13.390000343322754,0.0035709643265033203,0.009903079518369511,0.0068360269813599345,0.008147405214666354,-0.0027440704367283747,-0.001670572790449675
1368,2015-08-10,97.16000366210938,1104.199951171875,15.288999557495117,2.23799991607666,12.229999542236328,0.00918896146112403,0.031425909761842355,0.0073120773894168375,0.010732213326740105,-0.002253056638345921,-0.000554276844956381
1369,2015-08-11,97.29000091552734,1107.5999755859375,15.281000137329102,2.13700008392334,13.710000038146973,0.003074443624916577,-0.0005233510257413643,0.007404045579477125,0.010726589901058004,-0.0020037122198071785,-0.0004805809363293524
1370,2015-08-12,96.26000213623047,1123.199951171875,15.472999572753906,2.130000114440918,13.609999656677246,0.01398622054471554,0.01248630628513342,0.008186303544274189,0.010888916755888383,-0.0012593204652584951,0.000550979014483008
1371,2015-08-13,96.44999694824219,1115.699951171875,15.395999908447266,2.188999891281128,13.489999771118164,-0.006699743964643952,-0.004988812420199716,0.008226369045068035,0.010160266881788487,-0.0013258181641865017,0.0011520290421956386
1372,2015-08-14,96.56999969482422,1112.9000244140625,15.210000038146973,2.196000099182129,12.829999923706055,-0.0025127239178519196,-0.012154620695751626,0.00822242327527039,0.010510353572465485,-0.0013041358216137808,0.0007764671008747394
1373,2015-08-17,96.81999969482422,1118.5999755859375,15.295000076293945,2.1500000953674316,13.020000457763672,0.0051086386452189395,0.005572873811808477,0.008050438853347889,0.010276599934473309,-0.0005586403470712245,0.001502303967392706
1374,2015-08-18,96.97000122070312,1117.0999755859375,14.786999702453613,2.196000099182129,13.789999961853027,-0.0013418618399914416,-0.03377758632183957,0.006314348791833105,0.01279524209831386,0.0004454023605559893,0.00013544579825179
1375,2015-08-19,96.45999908447266,1128.0999755859375,15.175999641418457,2.128999948501587,15.25,0.009798760247176764,0.025966812735324377,0.006577786973335649,0.013984256920173601,0.0010542112383132459,0.0012945150449652065
1376,2015-08-20,95.75,1153.0,15.517000198364258,2.0840001106262207,19.139999389648438,0.02183246129993839,0.022221000880505954,0.007423644639345999,0.014648855332757706,0.0026145687213065044,0.002530324070755411
1377,2015-08-21,94.83000183105469,1159.5999755859375,15.300999641418457,2.053999900817871,28.030000686645508,0.005707855724575729,-0.014018047580514385,0.007453843190536401,0.015062121987311912,0.0027730663338908597,0.0019632298487466545
1378,2015-08-24,93.30999755859375,1153.4000244140625,14.76200008392334,1.996999979019165,40.7400016784668,-0.0053609736452838765,-0.03586184527155229,0.00730494795721839,0.016862134298279534,0.0028848245865093027,0.0009283389297149444
1379,2015-08-25,94.52999877929688,1138.199951171875,14.609999656677246,2.132999897003174,36.02000045776367,-0.01326609907875266,-0.010350114769507352,0.00791154731418071,0.016951410547481498,0.0017773683529359635,5.2177444285134865e-05
1380,2015-08-26,95.0999984741211,1124.5999755859375,14.045000076293945,2.171999931335449,30.31999969482422,-0.012020629120604693,-0.039439736275131865,0.008460857622954935,0.018995500259363588,0.0012136417585467863,-0.0019464795088013473
1381,2015-08-27,95.61000061035156,1122.4000244140625,14.420999526977539,2.1679999828338623,26.100000381469727,-0.0019581236090830427,0.026418978790671243,0.008430367072723452,0.01990344042205553,0.0012770294594746268,-0.0010224913077368132
1382,2015-08-28,96.11000061035156,1133.0999755859375,14.53499984741211,2.186000108718872,26.049999237060547,0.009487946300354527,0.00787407873389075,0.008523506773262456,0.019991155539483708,0.0019165936904773817,-0.0005083588969888033
1383,2015-08-31,95.94999694824219,1131.5999755859375,14.57699966430664,2.200000047683716,28.43000030517578,-0.0013246789876694932,0.0028853975500246357,0.008499067728803234,0.019982977161367103,0.0015699753178682187,-0.0005489027697751771
1384,2015-09-01,95.44999694824219,1138.699951171875,14.61299991607666,2.171999931335449,31.399999618530273,0.006254679083375538,0.002466616686554071,0.008417009167924575,0.0196844552713332,0.0021076242655161206,0.0003171458375919605
1385,2015-09-02,95.83000183105469,1132.5,14.66100025177002,2.193000078201294,26.09000015258789,-0.005459639578781788,0.0032793863794449065,0.00857682853433473,0.019690350870896454,0.0017908538661994273,0.00036190082868919584
1386,2015-09-03,96.41000366210938,1123.699951171875,14.70199966430664,2.1679999828338623,25.610000610351562,-0.007800809896323428,0.002792591989819252,0.00872345785740863,0.019696767333940907,0.001638184437948811,0.0005079765193069241
1387,2015-09-04,96.2300033569336,1120.5999755859375,14.543999671936035,2.128000020980835,27.799999237060547,-0.0027625341162804407,-0.010805001240249724,0.008754524904823265,0.019755784386326115,0.001309672071553934,-0.00041076583224280625
1388,2015-09-08,95.87999725341797,1120.4000244140625,14.75,2.194000005722046,24.899999618530273,-0.00017844816814424258,0.014064567907359313,0.008744328883106701,0.019884863023610623,0.0011311286194278596,-0.00021259971848138713
1389,2015-09-09,96.01000213623047,1102.199951171875,14.567999839782715,2.180999994277954,26.229999542236328,-0.016377648027910367,-0.012415751358413682,0.009326757418864233,0.018660853440309478,-8.632897528806403e-05,-0.002300297867065008
1390,2015-09-10,95.45999908447266,1109.5,14.633999824523926,2.2219998836517334,24.3700008392334,0.0066013252241179255,0.004520245043438113,0.009417828799650464,0.018717237992292454,8.161776753104783e-05,-0.002060126625675509
1391,2015-09-11,95.19000244140625,1103.5,14.489999771118164,2.183000087738037,23.200000762939453,-0.005422516675857549,-0.009888835934110139,0.00892448724610516,0.01848316748745237,-0.0008426078144010042,-0.0031256095884966313
1392,2015-09-14,95.25,1107.699951171875,14.357000350952148,2.180000066757202,24.25,0.0037988027454549534,-0.009221087946514928,0.008873887404654907,0.01852752004342403,-0.0003426770186820085,-0.0033271465183211646
1393,2015-09-15,95.61000061035156,1102.800048828125,14.319000244140625,2.2809998989105225,22.540000915527344,-0.004433305016104712,-0.0026503088482420036,0.00890720505587295,0.018416856771636823,-0.00043413326145595103,-0.0028745602398683257
1394,2015-09-16,95.41999816894531,1119.199951171875,14.878000259399414,2.302999973297119,21.350000381469727,0.014761656297426292,0.03829628546226321,0.009440652942180886,0.02044052366331842,2.553424579201803e-05,-0.001316302542227624
1395,2015-09-17,94.55000305175781,1117.300048828125,14.975000381469727,2.2170000076293945,21.139999389648438,-0.0016989964683834105,0.00649854027103486,0.00944356055745041,0.019087156622205042,8.527834916209984e-06,0.0006016082479092536
1396,2015-09-18,94.86000061035156,1138.0999755859375,15.154000282287598,2.130000114440918,22.280000686645508,0.0184450795810628,0.011882372661823883,0.010060105777225057,0.018385873307865692,0.0004202573270060213,-6.907937463838902e-05
1397,2015-09-21,95.88999938964844,1133.0999755859375,15.215999603271484,2.2139999866485596,20.139999389648438,-0.004402965995982146,0.004082937592811456,0.008820769498382033,0.017699621682306564,-0.0008290487347044804,-0.0009327966740524127
1398,2015-09-22,96.27999877929688,1125.0,14.75,2.125,22.440000534057617,-0.007174182201744282,-0.031104396944090437,0.008791322017447489,0.01869589762749341,-0.0014424791121482904,-0.001746432358032225
1399,2015-09-23,96.06999969482422,1131.5999755859375,14.779999732971191,2.1440000534057617,22.1299991607666,0.005849503214074751,0.0020318146673250154,0.008881387136174191,0.01698936126047108,-0.0009086468807502605,5.802763905717066e-05
1400,2015-09-24,95.98999786376953,1153.800048828125,15.125,2.119999885559082,23.469999313354492,0.019428346289593987,0.023074106463751333,0.009454010105370425,0.017522812841486664,0.0006482314701233893,0.0016496572215932987
1401,2015-09-25,96.2699966430664,1146.0,15.105999946594238,2.1679999828338623,23.6200008392334,-0.006783266867504336,-0.0012569915610495242,0.009167843507586362,0.01481834148938385,0.0008976296726519778,0.0034678831603591246
1402,2015-09-28,96.02999877929688,1132.0,14.538000106811523,2.0950000286102295,27.6299991607666,-0.012291638511556624,-0.03832609394635436,0.009596102660057854,0.016449974425487072,0.0004055575344389501,0.00038478445859600025
1403,2015-09-29,95.88999938964844,1127.0999755859375,14.569000244140625,2.053999900817871,26.829999923706055,-0.004338039176050699,0.0021300820198991814,0.009414384986233607,0.016366762947899627,-0.00025282272634225114,0.00011126080554878287
1404,2015-09-30,96.3499984741211,1115.5,14.512999534606934,2.059999942779541,24.5,-0.010345205714490345,-0.0038512330084986284,0.009668105953743969,0.016375687853761135,-0.000682371618095625,-0.00020953112580946782
1405,2015-10-01,96.19000244140625,1114.199951171875,14.505999565124512,2.0420000553131104,22.549999237060547,-0.0011661201093563032,-0.0004824404586894141,0.00953659922796852,0.016364231766508024,-0.0010357430082257129,-0.0003499624184401099
1406,2015-10-02,95.83000183105469,1137.0999755859375,15.256999969482422,1.9889999628067017,20.940000534057617,0.020344525396983844,0.05047608516861817,0.010546971449866487,0.019773471858714017,0.0001930267525250316,0.0018974994286633789
1407,2015-10-05,96.11000061035156,1138.0999755859375,15.70199966430664,2.055999994277954,19.540000915527344,0.0008790436760322062,0.028749659266213888,0.01038689972477192,0.020625174944511302,0.0006063531131133951,0.003133550251348838
1408,2015-10-06,95.45999908447266,1146.800048828125,15.979000091552734,2.0350000858306885,19.399999618530273,0.007615313750683251,0.017487294489773108,0.01046518343725125,0.020593186650904642,0.001100536344873571,0.004480802428968972
1409,2015-10-07,95.5,1149.0,16.08799934387207,2.062000036239624,18.399999618530273,0.001916501261825459,0.006798245799847432,0.010462366591184909,0.020484865697520508,0.001200295841538795,0.004134787090516026
1410,2015-10-08,95.31999969482422,1144.699951171875,15.760000228881836,2.1080000400543213,17.420000076293945,-0.003749447580152806,-0.02059851273397271,0.009739466783717765,0.020889257758234896,0.0018016387200034407,0.0037451317869179775
1411,2015-10-09,94.80999755859375,1156.300048828125,15.809000015258789,2.0989999771118164,17.079999923706055,0.010082743094216015,0.0031043001265548416,0.009854204199246581,0.020888915944858283,0.001967420523341445,0.003677705838494964
1412,2015-10-12,94.83999633789062,1164.9000244140625,15.854999542236328,2.0899999141693115,16.170000076293945,0.007409973000988005,0.002905480039182309,0.009770556412461965,0.020658759022316918,0.0025784914603340903,0.004286958980080319
1413,2015-10-13,94.76000213623047,1165.800048828125,15.897000312805176,2.055000066757202,17.670000076293945,0.0007723211314338696,0.0026455527372994127,0.009773976603226403,0.020431847432898796,0.002434373288237848,0.004852037107881002
1414,2015-10-14,93.93000030517578,1180.0999755859375,16.101999282836914,1.9809999465942383,18.030000686645508,0.012191571448331816,0.01281301148330116,0.00986278110046974,0.02042659212216516,0.0032260340722586357,0.005588385695097344
1415,2015-10-15,94.37000274658203,1187.9000244140625,16.152000427246094,2.0230000019073486,16.049999237060547,0.006587902904208858,0.0031004641230970246,0.00954080489901469,0.0190030372098055,0.0028368077202006623,0.003912394202756096
1416,2015-10-16,94.54000091552734,1183.5999755859375,16.101999282836914,2.0230000019073486,15.050000190734863,-0.0036264419486807366,-0.003100464123097075,0.009595734292148272,0.01905310057857974,0.0027450246020912657,0.0034552987554164797
1417,2015-10-19,94.95999908447266,1173.300048828125,15.829000473022461,2.0280001163482666,14.979999542236328,-0.008740287853461832,-0.01709971275214752,0.00919725618566577,0.01945752759300613,0.0014504832956853308,0.00207519944998927
1418,2015-10-20,94.8499984741211,1178.0,15.904999732971191,2.071000099182129,15.75,0.003997752165893153,0.004789777825239842,0.009112232334692452,0.019461785288585765,0.001850517493869869,0.002108858508676336
1419,2015-10-21,95.05000305175781,1167.5999755859375,15.696000099182129,2.0299999713897705,16.700000762939453,-0.008867746141184144,-0.013227599270171987,0.009203137927336284,0.018292198120469682,0.00176987159199178,0.0029601345883867388
1420,2015-10-22,96.33999633789062,1166.5999755859375,15.822999954223633,2.0250000953674316,14.449999809265137,-0.0008568246783460413,0.008058665701868972,0.009170794498198633,0.01832415594197276,0.0014505226447336472,0.0032471274947935935
1421,2015-10-23,97.06999969482422,1163.300048828125,15.817999839782715,2.0829999446868896,14.460000038146973,-0.002832678595479044,-0.0003160528753889651,0.00822683211089145,0.01776095242282865,0.0003904738406825505,0.0021333103834059604
1422,2015-10-26,96.86000061035156,1167.0,15.899999618530273,2.058000087738037,15.289999961853027,0.0031755174900332073,0.005170563265948717,0.008078324428170221,0.01775498812932348,0.0008647016672319573,0.0024393844227868287
1423,2015-10-27,96.91000366210938,1166.800048828125,15.857999801635742,2.0280001163482666,15.430000305175781,-0.00017135244509453186,-0.0026449928929533108,0.007503916747020177,0.01517925059889746,0.001441858146587295,0.004138484472948784
1424,2015-10-28,97.77999877929688,1177.0999755859375,16.288000106811523,2.0920000076293945,14.329999923706055,0.008788764836116568,0.026754554584368616,0.007544997599729327,0.015947995821818568,0.0020669440519285936,0.005311078404590185
1425,2015-10-29,97.27999877929688,1147.199951171875,15.543999671936035,2.1730000972747803,14.609999656677246,-0.02572961739509339,-0.04675395595616016,0.009343063362774474,0.019526829709713183,0.0013343530195189246,0.003268091597558684
1426,2015-10-30,96.94999694824219,1141.5,15.565999984741211,2.1510000228881836,15.069999694824219,-0.004980961312634337,0.0014143565872983587,0.00943078599222688,0.01951299578147574,0.001152693914600923,0.0033584152664152445
1427,2015-11-02,96.93000030517578,1135.800048828125,15.413000106811523,2.187000036239624,14.149999618530273,-0.0050058955364459265,-0.009877731462386463,0.008419602809252469,0.016426814220314594,-5.446898699097091e-05,0.00048442399827216685
1428,2015-11-03,97.16000366210938,1114.199951171875,15.244000434875488,2.2200000286102295,14.539999961853027,-0.01920067667017338,-0.011025304555283071,0.009392284818152425,0.015256177811298215,-0.001010646146334094,-0.0014096218979895933
1429,2015-11-04,97.94999694824219,1106.5,15.062999725341797,2.2300000190734863,15.510000228881836,-0.006934734272126623,-0.0119446240525491,0.009259877915255038,0.014777791833012414,-0.0017035055759917071,-0.002811141828576365
1430,2015-11-05,97.94000244140625,1104.4000244140625,14.98799991607666,2.244999885559082,15.050000190734863,-0.001899657328927695,-0.004991512154641608,0.009222655059040762,0.014617553390162543,-0.001885227413646619,-0.003372558874028224
1431,2015-11-06,99.16000366210938,1087.5999755859375,14.696000099182129,2.3329999446868896,14.329999923706055,-0.015328811851509786,-0.019674520670327583,0.009674753564590775,0.01456440379659688,-0.002436625712282666,-0.003328559251949885
1432,2015-11-09,98.9800033569336,1087.9000244140625,14.418000221252441,2.3420000076293945,16.520000457763672,0.0002758435578281864,-0.01909791333378688,0.00926838780417591,0.01487658353895778,-0.002903620928301134,-0.004385807511966157
1433,2015-11-10,99.29000091552734,1088.199951171875,14.355999946594238,2.322000026702881,15.289999961853027,0.0002756553127857822,-0.004309471762697236,0.008998261192822954,0.014782792148451889,-0.0032433503420250492,-0.004729376645388993
1434,2015-11-11,99.01000213623047,1084.699951171875,14.26200008392334,2.3380000591278076,16.059999465942383,-0.0032215041504368553,-0.006569306074746699,0.00895122727745949,0.014689402855695626,-0.0034335324983046076,-0.005168179445962617
1435,2015-11-12,98.6500015258789,1080.800048828125,14.223999977111816,2.319000005722046,18.3700008392334,-0.003601853207094119,-0.002667986328089215,0.008205169490004764,0.014119288971112073,-0.004185600339039176,-0.005905369817933588
1436,2015-11-13,98.98999786376953,1080.800048828125,14.20300006866455,2.2799999713897705,20.079999923706055,0.0,-0.001477462428923088,0.007892655815585552,0.014008193616399362,-0.004499310001144359,-0.006123366320410735
1437,2015-11-16,99.44000244140625,1083.699951171875,14.220999717712402,2.2730000019073486,18.15999984741211,0.002679514048333107,0.0012665108070050318,0.008045993901547624,0.014087501546643141,-0.004199026382238938,-0.005915415133263016
1438,2015-11-17,99.62999725341797,1068.699951171875,14.170000076293945,2.260999917984009,18.84000015258789,-0.013938156030505203,-0.0035926664537293696,0.008269526541243051,0.013857801072707272,-0.004446543914479099,-0.005272222452385961
1439,2015-11-18,99.6500015258789,1068.800048828125,14.079999923706055,2.2690000534057617,16.850000381469727,9.365862579947371e-05,-0.006371713775484856,0.008112591694921656,0.013665294937679888,-0.004632453130674036,-0.005803722052420471
1440,2015-11-19,98.98999786376953,1078.0,14.241999626159668,2.247999906539917,16.989999771118164,0.008570903001564972,0.011439973999494882,0.008538713384640746,0.014050019822854294,-0.003802041266733602,-0.0046290757062458585
1441,2015-11-20,99.56999969482422,1076.4000244140625,14.105999946594238,2.26200008392334,15.470000267028809,-0.0014853099349744917,-0.009595084310831142,0.008528970217403871,0.013778430409247033,-0.003831969136096862,-0.005469730468755387
1442,2015-11-23,99.80000305175781,1066.800048828125,14.041999816894531,2.25,15.619999885559082,-0.008958603455463966,-0.004547409444741334,0.008597567851931923,0.013730150371965724,-0.004123679843715191,-0.005671223638724548
1443,2015-11-24,99.52999877929688,1074.300048828125,14.168999671936035,2.243000030517578,15.930000305175781,0.007005773045099333,0.009003630873232218,0.00879844101813306,0.013905840423999125,-0.003941286722045376,-0.005488696609806286
1444,2015-11-25,99.80000305175781,1070.5,14.168000221252441,2.2320001125335693,15.1899995803833,-0.00354350309386584,-7.054033156476162e-05,0.00875687050011488,0.01394346103873009,-0.004101865324367819,-0.005366103630692546
1445,2015-11-27,100.0199966430664,1056.199951171875,14.008000373840332,2.2249999046325684,15.119999885559082,-0.013448313986904855,-0.01135729442570077,0.008459599114791959,0.011881482462987833,-0.005160773839749791,-0.007180953583552992
1446,2015-11-30,100.16999816894531,1065.800048828125,14.050000190734863,2.2179999351501465,16.1299991607666,0.009048221633438932,0.0029937876840085693,0.007591177193917712,0.007883672764019667,-0.0035046862669625384,-0.004812013410211625
1447,2015-12-01,99.80000305175781,1063.800048828125,14.055000305175781,2.1549999713897705,14.670000076293945,-0.00187828746833272,0.0003558167162743287,0.007591201486003622,0.007845162051905946,-0.0033569398934243655,-0.004862420070736577
1448,2015-12-02,99.98999786376953,1054.199951171875,13.979000091552734,2.177999973297119,15.90999984741211,-0.009065310104538793,-0.0054220160331677125,0.00768637928023952,0.007762556768552215,-0.003550245349047835,-0.004650243145535685
1449,2015-12-03,97.62000274658203,1061.699951171875,14.053000450134277,2.3299999237060547,18.110000610351562,0.007089211925615804,0.005279718111498416,0.007130772335798874,0.007907113162313482,-0.0022983458921054935,-0.003873813494736567
1450,2015-12-04,98.3499984741211,1084.5,14.505000114440918,2.2750000953674316,14.8100004196167,0.021247700237913326,0.03165749731332889,0.008694990117914258,0.010856459188465653,-0.0009563252011512102,-0.0017975220011233288
1451,2015-12-07,98.66000366210938,1076.4000244140625,14.307000160217285,2.2249999046325684,15.84000015258789,-0.00749688873296108,-0.013744486280402726,0.008810375422503442,0.011149291888755393,-0.001222860029914705,-0.0022143302928262394
1452,2015-12-08,98.47000122070312,1076.300048828125,14.090999603271484,2.23799991607666,17.600000381469727,-9.28838970668577e-05,-0.015212671624498977,0.00819664350437446,0.010838092122589568,-0.0004973396511317082,-0.002001861290643925
1453,2015-12-09,97.3499984741211,1077.5999755859375,14.163999557495117,2.2079999446868896,19.610000610351562,0.001207044803292825,0.005167235449915222,0.008203551415914088,0.01019894062188175,-0.0004529967346810111,-0.000846378015229539
1454,2015-12-10,97.94000244140625,1073.0999755859375,14.085000038146973,2.239000082015991,19.34000015258789,-0.00418469025807936,-0.005593098971461092,0.008241396585465875,0.010224548097245727,-0.0006653941428174466,-0.0009075031204087702
1455,2015-12-11,97.56999969482422,1076.9000244140625,13.859000205993652,2.1389999389648438,24.389999389648438,0.0035349328234069743,-0.016175548086481573,0.008268456987086155,0.010694602797635825,-0.0003436590488248833,-0.001364943216205669
1456,2015-12-14,97.5999984741211,1064.699951171875,13.666000366210938,2.2249999046325684,22.729999542236328,-0.011393542545885472,-0.014023832794378995,0.008590520189602891,0.011045133357827155,-0.0007146918744816143,-0.0019056978098385155
1457,2015-12-15,98.22000122070312,1062.9000244140625,13.739999771118164,2.2679998874664307,20.950000762939453,-0.0016919789508065548,0.005400246980320874,0.008591416427599011,0.01115983947725945,-0.000795262300710498,-0.0015781878379697559
1458,2015-12-16,97.87000274658203,1078.0,14.218000411987305,2.2869999408721924,17.860000610351562,0.014106427960112739,0.03419752634761425,0.009165198306260646,0.013621690785477897,-0.0002511235430067059,-1.0044240797888301e-05
1459,2015-12-17,99.2699966430664,1050.800048828125,13.682999610900879,2.23799991607666,18.940000534057617,-0.025555647189986472,-0.03835463852276011,0.010311581598778851,0.01598583642004373,-0.0008043374077439093,-0.001665376244085066
1460,2015-12-18,98.69999694824219,1066.199951171875,14.079999923706055,2.1989998817443848,20.700000762939453,0.01454905431330043,0.028601187350301673,0.010843302400003616,0.017243276285410353,-0.00011598523214862572,6.7736821442903894e-18
1461,2015-12-21,98.45999908447266,1081.9000244140625,14.300999641418457,2.197000026702881,18.700000762939453,0.01461789766718511,0.01557409450562673,0.0111611562391385,0.01740327138900432,0.0001719668947856667,0.0001968628812443804
1462,2015-12-22,98.23999786376953,1074.800048828125,14.302000045776367,2.239000082015991,16.600000381469727,-0.006584134088142776,6.995100998214728e-05,0.011254084826234129,0.017258567066669953,-7.0834255365204e-05,0.0006571026584259657
1463,2015-12-23,98.33999633789062,1069.4000244140625,14.277000427246094,2.2639999389648438,15.569999694824219,-0.005036876826985434,-0.0017495100943373289,0.01113109443160717,0.017227151257875464,0.00011591463170520227,0.0007903359608261564
1464,2015-12-24,97.9800033569336,1077.199951171875,14.369000434875488,2.243000030517578,15.739999771118164,0.007267270264383618,0.0064232577793455195,0.011139330651136942,0.01717476250348182,0.00012836688024254916,0.0006674610515934566
1465,2015-12-28,97.91999816894531,1070.5,13.873000144958496,2.2249999046325684,16.90999984741211,-0.006239207578959481,-0.03512862296435552,0.011199131848761973,0.018870263939726555,-5.204170427930421e-18,-0.0010019714547299127
1466,2015-12-29,98.0999984741211,1077.5,13.916999816894531,2.306999921798706,16.079999923706055,0.0065177139481654685,0.003166585733198406,0.010842166674676032,0.018737444421552358,0.0009507632350033435,-0.000310358113829952
1467,2015-12-30,98.2699966430664,1060.0999755859375,13.814000129699707,2.302999973297119,17.290000915527344,-0.01628032272881288,-0.007428521224966627,0.011295671210019158,0.018783523017934615,-0.00025535792510388575,-0.0008066585380668662
1468,2015-12-31,98.62999725341797,1060.300048828125,13.774999618530273,2.2690000534057617,18.209999084472656,0.00018871273389700527,-0.0028272527097098193,0.011289826411969453,0.018786516066705596,-0.00015692934404532737,-0.00095823327263754
1469,2016-01-04,98.87000274658203,1075.0999755859375,13.817000389099121,2.244999885559082,20.700000762939453,0.01386172479955186,0.0030444188893538203,0.011492032289955241,0.01877677585233823,0.0009348342228161322,-0.0005550697048984193
1470,2016-01-05,99.4000015258789,1078.4000244140625,13.949000358581543,2.247999906539917,19.34000015258789,0.0030648260146564294,0.009508100581281048,0.011417585997577544,0.018864937694274508,0.0007431967984847334,-0.0003537181587182939
1471,2016-01-06,99.18000030517578,1091.9000244140625,13.956999778747559,2.177000045776367,20.59000015258789,0.012440836582072724,0.0005733118573610504,0.010770172101137473,0.017389433807698005,0.00032382233868279994,-0.001833917466145334
1472,2016-01-07,98.22000122070312,1107.699951171875,14.335000038146973,2.1530001163482666,24.989999771118164,0.01436642906297819,0.026722943322368815,0.011029962141373218,0.018225667679077972,0.0013649327099180032,9.310299112950122e-05
1473,2016-01-08,98.54000091552734,1097.800048828125,13.907999992370605,2.130000114440918,27.010000228881836,-0.008977527848297442,-0.03023988839938707,0.011256739443617178,0.019129257271234126,0.0009418544265260706,-0.0006224787600556461
1474,2016-01-11,98.7300033569336,1096.5,13.854999542236328,2.1579999923706055,24.299999237060547,-0.0011849327360058722,-0.003818068321713202,0.011266019928649998,0.019093737351053124,0.0008279507341785137,-0.0010503503682284282
1475,2016-01-12,98.97000122070312,1085.5999755859375,13.739999771118164,2.1019999980926514,22.469999313354492,-0.009990481826287485,-0.008334875139203737,0.011464665081221839,0.019135681185261565,0.0005514844690257458,-0.001180911138120935
1476,2016-01-13,98.93000030517578,1087.5,14.145000457763672,2.065999984741211,25.219999313354492,0.0017486769311837599,0.02904996697961851,0.01144803755152635,0.019893661373290353,0.0004664246646341643,0.0009726848174076402
1477,2016-01-14,99.08999633789062,1073.9000244140625,13.737000465393066,2.0980000495910645,23.950000762939453,-0.012584579364650109,-0.029268280893888048,0.01151250105031546,0.020728855950846458,0.0004097086256453721,0.0002467587174310187
1478,2016-01-15,98.95999908447266,1091.5,13.883999824523926,2.0329999923706055,27.020000457763672,0.01625599239180944,0.010644129138946693,0.012004377782398228,0.020825401326461542,0.0012643739276747051,0.0004964673916512957
1479,2016-01-19,98.98999786376953,1089.9000244140625,14.109999656677246,2.0350000858306885,26.049999237060547,-0.0014669256944553847,0.016146656172034007,0.011647090512916021,0.019707356420383768,0.0005227856584095564,-0.00036309785480490616
1480,2016-01-20,99.08999633789062,1107.0999755859375,14.147000312805176,1.9839999675750732,27.59000015258789,0.0156579905176128,0.002618868055010238,0.010443179874465804,0.01768217845458752,0.002485339834961902,0.0015880215060413007
1481,2016-01-21,99.05999755859375,1099.0999755859375,14.083000183105469,2.0190000534057617,26.690000534057617,-0.007252320951077914,-0.004534200370065042,0.010266098618235435,0.016596197832331832,0.0014471791080867434,1.0145900309552533e-05
1482,2016-01-22,99.56999969482422,1097.199951171875,14.043000221252441,2.0480000972747803,22.34000015258789,-0.0017302053011144954,-0.002844342476395207,0.00982791145673489,0.01621485896937884,0.0006686980143581908,-0.0008669225274057777
1483,2016-01-25,99.36000061035156,1106.199951171875,14.239999771118164,2.0220000743865967,24.149999618530273,0.008169238859200036,0.01393082316926949,0.00981082706429276,0.016533874050459016,0.001371239583279277,-0.00020688099601114235
1484,2016-01-26,99.36000061035156,1121.699951171875,14.543999671936035,1.99399995803833,22.5,0.013914673700546146,0.021123624967802648,0.010060361374574904,0.01716839720895134,0.00227369437030459,0.0008823159117098087
1485,2016-01-27,98.9000015258789,1116.0999755859375,14.4399995803833,2.000999927520752,23.110000610351562,-0.005004904333480651,-0.007176410473117975,0.010112091503514956,0.017205393194127755,0.001689305103739625,0.00023471266159249963
1486,2016-01-28,98.51000213623047,1115.5999755859375,14.215999603271484,1.9850000143051147,22.420000076293945,-0.0004480889181392674,-0.015634041460184905,0.00996292634901718,0.015658329841877004,0.001965072659016778,0.001163026066553005
1487,2016-01-29,99.61000061035156,1116.4000244140625,14.229000091552734,1.930999994277954,20.200000762939453,0.0007168896616390326,0.0009140790526230749,0.009910668712785384,0.015651632475790878,0.0016888429310869483,0.0010557638436684655
1488,2016-02-01,99.0,1127.9000244140625,14.329000473022461,1.965999960899353,19.979999542236328,0.01024827376073344,0.00700334674822289,0.009168662228161165,0.015577138045388373,0.002952109430589154,0.0017429956519155855
1489,2016-02-02,98.87000274658203,1127.300048828125,14.276000022888184,1.8639999628067017,21.979999542236328,-0.0005320819267533649,-0.0037056815148354956,0.009180865506470792,0.015591197455383784,0.0029177858753200885,0.0017011657088143628
1490,2016-02-03,97.29000091552734,1141.300048828125,14.720000267028809,1.88100004196167,21.649999618530273,0.012342569977745608,0.03062732421009716,0.009095913061441639,0.016823194870988666,0.002845445169519791,0.0030146373907545218
1491,2016-02-04,96.47000122070312,1157.5999755859375,14.836000442504883,1.8639999628067017,21.84000015258789,0.01418086888457877,0.007849558012497539,0.00942674990798107,0.01679505599547258,0.0033747805442779976,0.002935659173193402
1492,2016-02-05,97.02999877929688,1157.800048828125,14.763999938964844,1.8480000495910645,23.3799991607666,0.00017281959106493736,-0.004864908420072432,0.009214566158544853,0.016875037763846655,0.0027905892589919126,0.002676696302839427
1493,2016-02-08,96.56999969482422,1197.9000244140625,15.416000366210938,1.7350000143051147,26.0,0.03404834929990521,0.04321417383361589,0.011231129762261155,0.018367706131561176,0.003727823555988437,0.003461992993851192
1494,2016-02-09,96.06999969482422,1198.699951171875,15.444000244140625,1.7289999723434448,26.540000915527344,0.0006675513608169836,0.0018146393427958794,0.010877212287308044,0.01668145873295173,0.004187113042136743,0.004988399076812285
1495,2016-02-10,95.88999938964844,1194.699951171875,15.277000427246094,1.7050000429153442,26.290000915527344,-0.003342528526259136,-0.010872136859903066,0.010940497913819618,0.016936727138244078,0.0040843703854580166,0.0046524910511841966
1496,2016-02-11,95.55999755859375,1247.9000244140625,15.788999557495117,1.6440000534057617,28.139999389648438,0.043567091125364873,0.032965009663393184,0.013450060482214312,0.017732397853203522,0.0066347310022033664,0.00661915223226024
1497,2016-02-12,95.9800033569336,1239.0999755859375,15.78499984741211,1.7480000257492065,25.399999618530273,-0.007076868158539852,-0.0002533546702848238,0.013745013472755982,0.017017577424064095,0.006214466950311766,0.005223755963217225
1498,2016-02-16,96.87000274658203,1207.9000244140625,15.329000473022461,1.777999997138977,24.110000610351562,-0.025501955096164056,-0.029313622301334767,0.014871263471851403,0.0170221746857149,0.0055993538202396735,0.005221596848576905
1499,2016-02-17,96.79000091552734,1211.0999755859375,15.371999740600586,1.819000005722046,22.309999465942383,0.0026456825451971347,0.002801165785816497,0.014678945458589837,0.016983247781741914,0.0049512438275438496,0.004848122403189752
1500,2016-02-18,96.94999694824219,1226.0999755859375,15.427000045776367,1.7589999437332153,21.639999389648438,0.012309362957954846,0.0035715681692932368,0.01468560584030052,0.016785494771604393,0.005607257572896717,0.004249308688773525
1501,2016-02-19,96.5999984741211,1230.4000244140625,15.368000030517578,1.7480000257492065,20.530000686645508,0.003500959267383596,-0.0038317965450487216,0.01450813884753459,0.016875605381714644,0.0050283513228858035,0.0039421341840088124
1502,2016-02-22,97.37999725341797,1209.5,15.178999900817871,1.7660000324249268,19.3799991607666,-0.017132288543675846,-0.012374540341488115,0.015075398220136099,0.01715689303589285,0.004557876675619236,0.0035687846615600947
1503,2016-02-23,97.4800033569336,1222.300048828125,15.234999656677246,1.7450000047683716,20.979999542236328,0.010527318680876351,0.003682502791984254,0.015057045325716474,0.017093910827321025,0.0051415682938092755,0.0038795868171972118
1504,2016-02-24,97.45999908447266,1238.699951171875,15.291999816894531,1.7419999837875366,20.719999313354492,0.013328033410348807,0.0037344139576886647,0.015150703626356626,0.01693823879904308,0.005387225177197312,0.0033940435214076486
1505,2016-02-25,97.29000091552734,1238.199951171875,15.164999961853027,1.6970000267028809,19.110000610351562,-0.0004037304909403373,-0.008339665235144737,0.015069723781099961,0.01661337282413467,0.004705396406174146,0.0019910297022196783
1506,2016-02-26,98.1500015258789,1219.800048828125,14.689000129699707,1.7619999647140503,19.809999465942383,-0.0149717217583961,-0.031891215446088646,0.015540431430367261,0.018103813088214026,0.004230786052606744,0.0008141342273163127
1507,2016-02-29,98.20999908447266,1233.9000244140625,14.895999908447266,1.7400000095367432,20.549999237060547,0.011492953798612126,0.013993791209588066,0.015579084475012255,0.017911339199109894,0.004799407134356811,0.0022249834020674065
1508,2016-03-01,98.3499984741211,1230.300048828125,14.732999801635742,1.8339999914169312,17.700000762939453,-0.0029218229364777115,-0.011002852127307347,0.015646848595436292,0.018142238099302387,0.00462613510587506,0.0016575104887373861
1509,2016-03-02,98.20999908447266,1241.0999755859375,15.003000259399414,1.8480000495910645,17.09000015258789,0.008739981710060525,0.018160336133437437,0.015623194902913492,0.01846707043705958,0.0045543116748906366,0.002188795697557127
1510,2016-03-03,97.56999969482422,1257.4000244140625,15.130999565124512,1.8300000429153442,16.700000762939453,0.013048052901100447,0.008495392334023638,0.01568307162504185,0.018464280710687647,0.005200984761931294,0.0027697992141694668
1511,2016-03-04,97.33999633789062,1269.9000244140625,15.680999755859375,1.8830000162124634,16.860000610351562,0.009892060054906658,0.035704182100958284,0.015636324228548364,0.018875907612639485,0.005084293813224677,0.00301155435182952
1512,2016-03-07,97.06999969482422,1263.199951171875,15.623000144958496,1.9019999504089355,17.350000381469727,-0.005290031133051419,-0.0037055761213968933,0.015647233792768195,0.018896233986682696,0.00415710809809943,0.0024613098692631186
1513,2016-03-08,97.20999908447266,1262.0999755859375,15.383999824523926,1.8320000171661377,18.670000076293945,-0.0008711643665365201,-0.015416199828219932,0.015662176694608964,0.019237962001554514,0.004107394576308884,0.0019588674212560947
1514,2016-03-09,97.16999816894531,1256.5999755859375,15.354999542236328,1.8919999599456787,18.34000015258789,-0.004367339380404757,-0.0018868727993190367,0.014161852618596017,0.01675993874615019,0.002278076067722696,-0.00018880146602652092
1515,2016-03-10,96.06999969482422,1272.0,15.545999526977539,1.9290000200271606,18.049999237060547,0.012180823359887589,0.012362216299991291,0.014318379521585392,0.0169795870424408,0.0028263271152974864,0.0003134641033637368
1516,2016-03-11,96.16999816894531,1258.699951171875,15.607000350952148,1.9769999980926514,16.5,-0.010511061395113142,0.003916213666508983,0.01455627691704807,0.016798177870976518,0.0024849684072568196,0.00101767127128812
1517,2016-03-14,96.62000274658203,1244.4000244140625,15.517999649047852,1.9630000591278076,16.920000076293945,-0.011425897862328808,-0.00571893619131189,0.01140057991950894,0.015160912955286954,-0.00013374535406192727,-0.0008244213884597405
1518,2016-03-15,96.62999725341797,1230.4000244140625,15.255000114440918,1.9589999914169312,16.84000015258789,-0.011314166048867756,-0.017093292185450897,0.011565907481163009,0.015569058572359877,-0.00033552144407754175,-0.0016263231748962202
1519,2016-03-16,95.88999938964844,1229.300048828125,15.21399974822998,1.937999963760376,14.989999771118164,-0.0008943982001956458,-0.0026912856439615163,0.010033774034270205,0.014227981876296926,0.0008362669795400015,-0.00035859285787844626
1520,2016-03-17,94.76000213623047,1264.5,16.02199935913086,1.902999997138977,14.4399995803833,0.02823184571645773,0.0517466977670677,0.011682470381727738,0.018220328360581215,0.0020546557019809823,0.001972146760276373
1521,2016-03-18,94.98999786376953,1253.800048828125,15.805999755859375,1.871000051498413,14.020000457763672,-0.00849780832604257,-0.013573138456891235,0.011651569952956966,0.018526613109475464,0.0010638380217906289,0.0011557321590294934
1522,2016-03-21,95.29000091552734,1243.800048828125,15.840999603271484,1.9229999780654907,13.789999961853027,-0.008007729856973357,0.002211891325591421,0.011800907363172087,0.018492172066412224,0.0005158052063450598,0.0014435268195361669
1523,2016-03-22,95.6500015258789,1248.199951171875,15.876999855041504,1.934999942779541,14.170000076293945,0.0035312254541069133,0.0022700213029785044,0.011096245803391311,0.018219138474534605,0.001499782063382334,0.002140886897844101
1524,2016-03-23,96.05000305175781,1223.699951171875,15.262999534606934,1.875,14.9399995803833,-0.019823458291528016,-0.039439943523881665,0.011814931989646003,0.02034303226446154,5.450696945831667e-05,8.743707327905716e-05
1525,2016-03-24,96.13999938964844,1221.4000244140625,15.190999984741211,1.899999976158142,14.739999771118164,-0.0018812543119597132,-0.004728422220335986,0.011420152520889324,0.020350996090656322,-0.0006697448268420889,-0.0003155551256744977
1526,2016-03-28,95.94000244140625,1219.9000244140625,15.194000244140625,1.8700000047683716,15.239999771118164,-0.0012288536097643887,0.00019748292819240696,0.011420610952622241,0.020267791059223984,-0.0007090364039289486,9.09757392463187e-05
1527,2016-03-29,95.16000366210938,1235.5999755859375,15.237000465393066,1.8140000104904175,13.819999694824219,0.01278775411769549,0.0028260818815768144,0.011293032278727013,0.018898270481921147,0.0006128433996944604,0.0017441803738970547
1528,2016-03-30,94.83999633789062,1226.9000244140625,15.206000328063965,1.8300000429153442,13.5600004196167,-0.007065979589434121,-0.0020366026499485258,0.01112393244702759,0.01870146660581947,-0.00027091533306964656,0.0009808282853476934
1529,2016-03-31,94.58999633789062,1234.199951171875,15.460000038146973,1.7860000133514404,13.949999809265137,0.005932264628274546,0.016565937245854628,0.01118605494208249,0.01878562189083936,0.00015070788429950854,0.0022936277793077875
1530,2016-04-01,94.62000274658203,1222.199951171875,15.041999816894531,1.7920000553131104,13.100000381469727,-0.009770473814590914,-0.027409769395474244,0.011204674646999677,0.019480302626298567,-0.0007307423787791314,0.00012362275412151688
1531,2016-04-04,94.51000213623047,1218.0,14.942000389099121,1.7790000438690186,14.119999885559082,-0.0034423042399615686,-0.0066702106370232815,0.010759746535551964,0.019435484670034347,-0.0015159974807344655,-0.0005985488159283365
1532,2016-04-05,94.62999725341797,1228.4000244140625,15.11400032043457,1.7269999980926514,15.420000076293945,0.008502360171509305,0.011445422205462678,0.01069012314817222,0.017824010550506385,-0.0015821736656581491,-0.0017537278585709843
1533,2016-04-06,94.43000030517578,1222.5,15.052000045776367,1.7549999952316284,14.09000015258789,-0.004814587092324561,-0.004110612027297862,0.010682378442742925,0.017826447236249387,-0.0015595334732425841,-0.0017730152826615068
1534,2016-04-07,94.4800033569336,1236.199951171875,15.156000137329102,1.690999984741211,16.15999984741211,0.0111441763775809,0.006885626444987266,0.011036983033156506,0.017636319993628993,-0.0009873743901893737,-0.000711023555365926
1535,2016-04-08,94.23999786376953,1242.5,15.381999969482422,1.7200000286102295,15.359999656677246,0.005083360244175877,0.014801490433489288,0.011084846447885648,0.01795381457034389,-0.0005373410747331533,8.366040810113732e-05
1536,2016-04-11,93.94999694824219,1256.699951171875,15.973999977111816,1.7239999771118164,16.260000228881836,0.011363719796072987,0.03776440641147522,0.011039311947488856,0.019602471316306123,-0.0005762507682481343,0.0012932885086479912
1537,2016-04-12,93.95999908447266,1259.4000244140625,16.219999313354492,1.781000018119812,14.850000381469727,0.0021462376732565664,0.015282607291646731,0.010812980004091744,0.01983407018172646,2.6477758817089924e-05,0.0018345453479402649
1538,2016-04-13,94.73999786376953,1246.800048828125,16.322999954223633,1.7619999647140503,13.84000015258789,-0.010055128384175412,0.006330147013484934,0.010744308097348838,0.019778838183490643,9.17524958720135e-05,0.002408311214835352
1539,2016-04-14,94.9000015258789,1225.0,16.16900062561035,1.781000018119812,13.720000267028809,-0.01763946407711058,-0.009479285917849169,0.01116064286641056,0.019470863623346355,-0.0002094521721395494,0.002770882941864005
1540,2016-04-15,94.69999694824219,1233.0999755859375,16.30900001525879,1.7519999742507935,13.619999885559082,0.006590460098725617,0.008621236160746322,0.011256777675729095,0.019468677397811145,0.000146969651618606,0.0033095744563739027
1541,2016-04-18,94.48999786376953,1233.5999755859375,16.249000549316406,1.7730000019073486,13.350000381469727,0.00040539994060510945,-0.003685701383580542,0.00924320139087969,0.01602661145032853,-0.0011780991948505664,0.0006699364015811288
1542,2016-04-19,93.9800033569336,1253.0,16.968000411987305,1.7829999923706055,13.239999771118164,0.015603971877910185,0.04329783931582682,0.009770193195589028,0.018162191146718853,-3.0395375614720733e-05,0.0033780782002819885
1543,2016-04-20,94.48999786376953,1253.199951171875,17.131000518798828,1.8539999723434448,13.279999732971191,0.00015956521921236389,0.009560476489900261,0.009597800025201365,0.018209330427110013,0.00035852343753698025,0.003728010827153838
1544,2016-04-21,94.5999984741211,1249.0,17.086000442504883,1.8700000047683716,13.949999809265137,-0.003357009989702909,-0.0026302774044238667,0.009601653603896356,0.01826027507339681,3.051222592698872e-05,0.0034946632696584872
1545,2016-04-22,95.12000274658203,1228.699951171875,16.895999908447266,1.8880000114440918,13.220000267028809,-0.01638657099171672,-0.011182538522861853,0.009269878718753483,0.015815767141185783,0.0001941735259180028,0.004840253983992764
1546,2016-04-25,94.83999633789062,1238.9000244140625,17.0049991607666,1.9019999504089355,14.079999923706055,0.008267248694073434,0.0064304670017554955,0.009419596023244693,0.015664944072841674,0.0006774355738243431,0.005371629661235215
1547,2016-04-26,94.56999969482422,1242.199951171875,17.106000900268555,1.930999994277954,13.960000038146973,0.002660052989486988,0.0059219626804038125,0.009418472400075036,0.015620147354811485,0.000862621602360123,0.005644223935150044
1548,2016-04-27,94.38999938964844,1249.199951171875,17.285999298095703,1.8600000143051147,13.770000457763672,0.005619345503985562,0.010467552937676905,0.009088792899772904,0.015640207911852694,0.0005212688112310787,0.006008103509250048
1549,2016-04-28,93.76000213623047,1265.5,17.55299949645996,1.8380000591278076,15.220000267028809,0.012963993663771956,0.01532796206228897,0.009301272593636431,0.015652645232458226,0.0014750770613837492,0.0068349875431661196
1550,2016-04-29,93.08000183105469,1289.199951171875,17.788999557495117,1.819000005722046,15.699999809265137,0.018554532081355487,0.013355417080563313,0.009986310518505659,0.015568300877482483,0.002076137416292365,0.006682105630533198
1551,2016-05-02,92.62999725341797,1294.699951171875,17.6560001373291,1.8650000095367432,14.680000305175781,0.004257137284214135,-0.007504587135458382,0.009616580301160372,0.013906075490844091,0.002744118897187844,0.007629971452438718
1552,2016-05-03,92.94000244140625,1290.699951171875,17.474000930786133,1.7999999523162842,15.600000381469727,-0.003094301340338286,-0.01036156158965688,0.00960568031546482,0.014117595234298216,0.0027606904638365717,0.007454192835646641
1553,2016-05-04,93.18000030517578,1273.300048828125,17.277000427246094,1.784000039100647,16.049999237060547,-0.013572675083321833,-0.011337953220992184,0.010139005971105381,0.014660536391483217,0.0017094983088446123,0.006369270196291648
1554,2016-05-05,93.77999877929688,1271.4000244140625,17.302000045776367,1.746999979019165,15.90999984741211,-0.0014933192222766592,0.0014459424820818093,0.010057728158741076,0.014511318888706864,0.001867653921704036,0.006633868030071632
1555,2016-05-06,93.88999938964844,1292.9000244140625,17.506999969482422,1.7790000438690186,14.720000267028809,0.016769101438875392,0.011778694803721457,0.010386651354628651,0.01455478147752621,0.002135507496051393,0.00686687128524945
1556,2016-05-09,94.1500015258789,1265.5999755859375,17.06999969482422,1.7599999904632568,14.569999694824219,-0.02134147742080195,-0.025278280279183586,0.011547463925949865,0.01601669628482478,0.000877181892957211,0.00495831077512217
1557,2016-05-10,94.29000091552734,1263.9000244140625,17.075000762939453,1.7599999904632568,13.630000114440918,-0.0013441007533533627,0.00029293121007161567,0.011300785688570389,0.014158662724656155,0.00027204758107976577,0.00317395481315057
1558,2016-05-11,93.81999969482422,1274.5999755859375,17.302000045776367,1.7369999885559082,14.6899995803833,0.008430186756368665,0.013206654265390411,0.011435290569468844,0.014076904805965053,0.0005712832517041513,0.0030750999071383644
1559,2016-05-12,94.13999938964844,1270.300048828125,17.086999893188477,1.7569999694824219,14.40999984741211,-0.003379253258223161,-0.012504170188813352,0.011215795267901568,0.014454084763447433,0.0008891820672256871,0.0021782276594098744
1560,2016-05-13,94.61000061035156,1271.9000244140625,17.114999771118164,1.7050000429153442,15.039999961853027,0.0012587331847161139,0.0016373243938805257,0.010381956353910449,0.014207254423444013,0.0017890962225507682,0.002707590055206526
1561,2016-05-16,94.56999969482422,1273.4000244140625,17.142000198364258,1.753000020980835,14.680000305175781,0.0011786431028753658,0.0015763454395412663,0.01032382016803761,0.01414366768686024,0.0015313906513198035,0.0023721190684824764
1562,2016-05-17,94.55000305175781,1276.199951171875,17.235000610351562,1.7589999437332153,15.569999694824219,0.00219636641841862,0.005410631333803726,0.010321450610096924,0.014088047993284244,0.001616674769310923,0.0028052777693102987
1563,2016-05-18,95.08000183105469,1273.699951171875,17.1200008392334,1.8799999952316284,15.949999809265137,-0.00196086191362997,-0.006694815648084409,0.009831351769801324,0.010726261031478038,0.0007802541125709157,0.0004246751519811925
1564,2016-05-19,95.29000091552734,1254.199951171875,16.479000091552734,1.8450000286102295,16.329999923706055,-0.015428132082826979,-0.03816057114992272,0.010449559274070926,0.013412622972460146,3.798281247380407e-05,-0.001847755688010378
1565,2016-05-20,95.30999755859375,1252.4000244140625,16.518999099731445,1.8489999771118164,15.199999809265137,-0.0014361502311578814,0.002424330489713428,0.010426737678786678,0.013443196900570028,0.00012945232478547204,-0.0016070600740038402
1566,2016-05-23,95.2300033569336,1251.0999755859375,16.40999984741211,1.8380000591278076,15.819999694824219,-0.001038585136795765,-0.006620283270498327,0.00972549557352347,0.01331698600725514,0.0008603087940674223,-0.0013898098238912912
1567,2016-05-24,95.56999969482422,1228.9000244140625,16.238000869750977,1.8589999675750732,14.420000076293945,-0.01790366465212703,-0.010536667800585323,0.01038343426475889,0.013333495156350452,-0.00038592517479926633,-0.002197768624002759
1568,2016-05-25,95.3499984741211,1223.5,16.2549991607666,1.8700000047683716,13.899999618530273,-0.004403876274423123,0.0010462741236768609,0.01039423865228649,0.013227062452493435,-0.0007223027587949859,-0.0024299442695611853
1569,2016-05-26,95.16999816894531,1220.0999755859375,16.33799934387207,1.8229999542236328,13.430000305175781,-0.002782801311324475,0.00509314063343209,0.010299202340808153,0.01301533624511936,-0.0011224049880954638,-0.0026858686650014143
1570,2016-05-27,95.5199966430664,1213.800048828125,16.246000289916992,1.8509999513626099,13.119999885559082,-0.005176827942159796,-0.005646900285852832,0.009807681100630178,0.012351719328643549,-0.0019862536359969755,-0.0036846716339605477
1571,2016-05-31,95.88999938964844,1214.800048828125,15.972000122070312,1.8339999914169312,14.1899995803833,0.000823519736724513,-0.01700954563045609,0.008645265249758748,0.012030338347037187,-0.002830587557169879,-0.005130622239247186
1572,2016-06-01,95.45999908447266,1211.9000244140625,15.906000137329102,1.8459999561309814,14.199999809265137,-0.002390098246246816,-0.0041407916750083795,0.008493133489216584,0.012019538374804595,-0.0031471225824299246,-0.004970441503035281
1573,2016-06-02,95.55999755859375,1209.800048828125,16.0049991607666,1.8109999895095825,13.630000114440918,-0.0017342990864130377,0.0062047158173879485,0.008498739709444904,0.01219044169649842,-0.0030823605703382464,-0.004181571150318861
1574,2016-06-03,94.02999877929688,1240.0999755859375,16.34600067138672,1.7039999961853027,13.470000267028809,0.024736904788247527,0.02108213918126978,0.01009591379379278,0.01324599569761785,-0.0012580948621682764,-0.002637757226401625
1575,2016-06-06,93.9000015258789,1244.5999755859375,16.42799949645996,1.7230000495910645,13.649999618530273,0.0036221716975720704,0.005003905275588683,0.010151514839696884,0.013323369747668843,-0.0010145000564611942,-0.0024683304267108207
1576,2016-06-07,93.83000183105469,1244.4000244140625,16.37700080871582,1.7130000591278076,14.050000190734863,-0.00016066787650068854,-0.003109204594058927,0.009305614394668883,0.012917278893095118,-0.001820679547669579,-0.0031772780170813155
1577,2016-06-08,93.58999633789062,1259.800048828125,16.968000411987305,1.7059999704360962,14.079999923706055,0.012299511303834583,0.035451280693709064,0.00864961323239991,0.014431233991196057,-0.00021872770363926789,-0.00028539416122928455
1578,2016-06-09,94.0999984741211,1270.199951171875,17.253000259399414,1.6799999475479126,14.640000343322754,0.008221312981124862,0.016656814892126854,0.008837213918988097,0.014898259976643595,0.00023676818847874283,0.0004938383950590601
1579,2016-06-10,94.5999984741211,1273.4000244140625,17.315000534057617,1.6390000581741333,17.030000686645508,0.002516177827683463,0.0035871522632651234,0.008655417660047368,0.014633368528855753,-4.485128431579059e-05,3.576687114833214e-05
1580,2016-06-13,94.37000274658203,1284.4000244140625,17.42799949645996,1.6160000562667847,20.969999313354492,0.008601194468236007,0.006504870664582028,0.00881795370940106,0.01440503719663081,0.0005256462264679793,0.0009409592927385883
1581,2016-06-14,94.93000030517578,1285.5999755859375,17.40999984741211,1.6109999418258667,20.5,0.0009338142093947642,-0.0010333343468907038,0.0088168880841894,0.014410369885589566,0.0005101738943098198,0.0008137850669875774
1582,2016-06-15,94.61000061035156,1285.800048828125,17.48900032043457,1.5959999561309814,20.139999389648438,0.00015561424958520132,0.004527385173402103,0.00881583613083815,0.01443254973192474,0.0004614582346293358,0.0009543107685999982
1583,2016-06-16,94.56999969482422,1296.0999755859375,17.5939998626709,1.5640000104904175,19.3700008392334,0.007978605910287052,0.0059857968359142855,0.008961821319550622,0.01444197206278146,0.0007368029723373563,0.0009816996020338342
1584,2016-06-17,94.20999908447266,1292.5,17.399999618530273,1.6180000305175781,19.40999984741211,-0.0027814092101873097,-0.011087742728096392,0.008975948937555815,0.014589781954786751,0.0006977292915489117,0.0007725125982237399
1585,2016-06-20,93.61000061035156,1290.0,17.503000259399414,1.6699999570846558,18.3700008392334,-0.0019361090268664404,0.005902125332045857,0.008214555883997658,0.011565702042968584,0.001340206579927985,0.0028707362402222436
1586,2016-06-21,94.0199966430664,1270.5,17.31100082397461,1.6970000267028809,18.479999542236328,-0.015231694595499006,-0.011030124436064773,0.008965030960505445,0.011957683329406363,0.0006832758959117407,0.002230047910423282
1587,2016-06-22,93.72000122070312,1268.0,17.30500030517578,1.684999942779541,21.170000076293945,-0.001969667763047546,-0.0003466904704875432,0.008976267669355194,0.011802882787506278,0.0006389386279949893,0.0025287904247095093
1588,2016-06-23,93.52999877929688,1261.199951171875,17.347999572753906,1.7389999628067017,17.25,-0.0053772460418744,0.0024817066227163834,0.008050968907106335,0.011417938683818978,0.0012354347522927332,0.0031487130162953045
1589,2016-06-24,95.44999694824219,1320.0,17.78499984741211,1.5789999961853027,25.760000228881836,0.045568126625119755,0.024878195475689726,0.012472035539260639,0.012345223565178002,0.003615053937985251,0.004283566414010203
1590,2016-06-27,96.54000091552734,1322.5,17.739999771118164,1.4600000381469727,23.850000381469727,0.0018921481520379623,-0.0025334328414218254,0.01239360427975017,0.01243208997306066,0.0038376705790977485,0.0039203962485409695
1591,2016-06-28,96.25,1315.300048828125,17.839000701904297,1.4609999656677246,18.75,-0.005459071134537385,0.0055651471363332644,0.012404017434625186,0.01223994091824575,0.0038242304270797683,0.0044543032686450695
1592,2016-06-29,95.7699966430664,1323.9000244140625,18.36199951171875,1.4769999980926514,16.639999389648438,0.006517130786711063,0.02889617401381873,0.012397372184369683,0.012313979899518164,0.004095354762793414,0.006640289918372442
1593,2016-06-30,96.13999938964844,1318.4000244140625,18.582000732421875,1.4880000352859497,15.630000114440918,-0.004163045711473091,0.011910124505218942,0.012449672960022196,0.012107752205432601,0.004010928693020733,0.007404619260288029
1594,2016-07-01,95.6500015258789,1336.699951171875,19.54400062561035,1.4559999704360962,14.770000457763672,0.013784954775413433,0.050474956331008056,0.012551777092589367,0.015317051031826998,0.004749940781679137,0.009512725951412795
1595,2016-07-05,96.16999816894531,1356.4000244140625,19.865999221801758,1.3669999837875366,15.579999923706055,0.014630295802076445,0.01634132265500406,0.0119252271895076,0.015172259558713787,0.004268673687099562,0.00928697278349538
1596,2016-07-06,96.05999755859375,1364.9000244140625,20.15999984741211,1.3849999904632568,14.960000038146973,0.006247034498575354,0.014690747013527551,0.011931866422325134,0.015182781336573494,0.004393667153814004,0.009748250961492469
1597,2016-07-07,96.33000183105469,1360.0999755859375,19.79800033569336,1.3869999647140503,14.760000228881836,-0.0035229752607092743,-0.018119496180785823,0.012018281173568053,0.016141414369073077,0.0042335572783754995,0.009033475171648332
1598,2016-07-08,96.30000305175781,1356.5999755859375,20.058000564575195,1.3660000562667847,13.199999809265137,-0.0025766569730396745,0.013047165359610894,0.011957346983530528,0.015008684658368108,0.0035251683128100586,0.007966612536691276
1599,2016-07-11,96.56999969482422,1355.0,20.263999938964844,1.434000015258789,13.539999961853027,-0.0011800972016698774,0.010217804874225439,0.011948723373053857,0.014887555587230993,0.003077482113629357,0.007659993012029303
1600,2016-07-12,96.44000244140625,1334.0999755859375,20.1299991607666,1.5130000114440918,13.550000190734863,-0.015544565429065389,-0.006634711726355879,0.012622148229735536,0.015191381160494687,0.0022174467204508406,0.007173237583952113
1601,2016-07-13,96.22000122070312,1342.4000244140625,20.3700008392334,1.468000054359436,13.039999961853027,0.006202186015081687,0.011852073477174372,0.012572239998276594,0.015224395670955184,0.002103208222681587,0.007427866289313654
1602,2016-07-14,96.08000183105469,1331.300048828125,20.2810001373291,1.531000018119812,12.819999694824219,-0.00830312978492063,-0.0043787774948799195,0.012775143538715629,0.015334465168793441,0.0016633537467618063,0.007268559472742739
1603,2016-07-15,96.58000183105469,1326.5,20.125,1.593999981880188,12.670000076293945,-0.003612050537102661,-0.007721670638686112,0.012823740667398534,0.015673169224330135,0.0014839411378719082,0.006685271100738537
1604,2016-07-18,96.55999755859375,1328.4000244140625,20.04400062561035,1.5870000123977661,12.4399995803833,0.0014313343033443948,-0.004032934995297798,0.012737243258490873,0.015847043236910077,0.0011721662994460672,0.006208188632585581
1605,2016-07-19,97.05000305175781,1331.5,19.975000381469727,1.5579999685287476,11.970000267028809,0.0023308973728481423,-0.0034483775596329935,0.012706719991378105,0.015514342675691496,0.0014156094700668032,0.006571967926321935
1606,2016-07-20,97.19999694824219,1318.800048828125,19.582000732421875,1.5800000429153442,11.770000457763672,-0.009583857031749085,-0.019870696415004784,0.01291546313534896,0.01655450389525674,0.00105143099364382,0.005344690700271902
1607,2016-07-21,97.0,1330.5,19.784000396728516,1.565000057220459,12.739999771118164,0.008832542195506029,0.010262735937421642,0.012457956649712023,0.016148521259959973,0.0021973470313107262,0.006358636432342685
1608,2016-07-22,97.47000122070312,1323.0999755859375,19.656999588012695,1.5700000524520874,12.020000457763672,-0.005577361821546027,-0.006440062255260511,0.012542878416721847,0.016328766029178807,0.0020255520761441317,0.006068475871163019
1609,2016-07-25,97.29000091552734,1319.300048828125,19.614999771118164,1.5709999799728394,12.869999885559082,-0.0028761196958370064,-0.0021389200240511954,0.012480791357986428,0.016410441430243696,0.0021446533307173414,0.005848446030840754
1610,2016-07-26,97.16000366210938,1320.699951171875,19.655000686645508,1.562999963760376,13.050000190734863,0.0010605321779994731,0.0020372258159241513,0.007538735094071189,0.01583288108015844,2.52440713306613e-05,0.004760780808947155
1611,2016-07-27,97.05000305175781,1326.5999755859375,19.96500015258789,1.5149999856948853,12.829999923706055,0.0044573976096106815,0.015648954349228517,0.007591099502514379,0.015911012565200063,0.00014739880740555268,0.005626608770406695
1612,2016-07-28,96.73999786376953,1332.300048828125,20.15999984741211,1.5110000371932983,12.720000267028809,0.004287548927691639,0.009719687476370168,0.007528879475743505,0.01593601897936749,0.0006115235722736015,0.005824444024694167
1613,2016-07-29,95.52999877929688,1349.0,20.312000274658203,1.4579999446868896,11.869999885559082,0.012456768592093142,0.007511422290020624,0.007865857199560742,0.015046425882101415,0.0008943634677679863,0.0048061225140371144
1614,2016-08-01,95.70999908447266,1351.4000244140625,20.46500015258789,1.496000051498413,12.4399995803833,0.0017775329760739552,0.007504259476063145,0.007781247623727927,0.014972954570090914,0.0011772481671749884,0.0045963194174106475
1615,2016-08-02,95.05999755859375,1364.4000244140625,20.666000366210938,1.5369999408721924,13.369999885559082,0.009573679254285983,0.00977373811221076,0.007488850260400467,0.010786237787436467,0.0009767112375974908,0.0026581661688964905
1616,2016-08-03,95.55999755859375,1356.0999755859375,20.43600082397461,1.5420000553131104,12.859999656677246,-0.006101874347359719,-0.01119176372430832,0.006945775013381602,0.010712963378710829,-1.053495999470761e-05,0.0013470668175006627
1617,2016-08-04,95.76000213623047,1358.800048828125,20.4060001373291,1.503000020980835,12.420000076293945,0.001989078130412177,-0.0014691098053576858,0.00681488717887539,0.010278116199647079,-0.000213294787050097,0.0005775498261251754
1618,2016-08-05,96.19000244140625,1336.4000244140625,19.780000686645508,1.5820000171661377,11.390000343322754,-0.016622543470037807,-0.031157621074256465,0.007677863754514988,0.011752106416403651,-0.0008370837493990748,-4.331326404009321e-05
1619,2016-08-08,96.4000015258789,1333.4000244140625,19.76799964904785,1.5829999446868896,11.5,-0.002247360257539687,-0.0006069099759360261,0.007674468834558826,0.011362920655315316,-0.0008214029534228849,-0.0006935073276375656
1620,2016-08-09,96.18000030517578,1339.0,19.81399917602539,1.5449999570846558,11.65999984741211,0.004190977197581718,0.0023242660326020306,0.007751035401219069,0.011111711148535434,-0.0005656375058394756,-0.0010693901296196327
1621,2016-08-10,95.6500015258789,1344.300048828125,20.134000778198242,1.5089999437332153,12.050000190734863,0.003950401091376265,0.016021249992819214,0.006998212352195251,0.011632018662854252,0.00036269423322917463,9.465190341085983e-06
1622,2016-08-11,95.86000061035156,1342.5,19.983999252319336,1.5729999542236328,11.680000305175781,-0.0013399203995291173,-0.0074780509889247684,0.0068760091004176176,0.011410739803054805,3.5463087238982164e-06,-0.0009110169270922063
1623,2016-08-12,95.72000122070312,1335.800048828125,19.672000885009766,1.5149999856948853,11.550000190734863,-0.005003147538014941,-0.015735566067069974,0.006712442076776985,0.011844196481460468,0.00016068832048131198,-0.0014518163829107804
1624,2016-08-15,95.62999725341797,1340.300048828125,19.820999145507812,1.5529999732971191,11.8100004196167,0.0033631060701886342,0.00754558870322274,0.006688956171093189,0.011908489714564539,0.0004928386351142307,-0.0007248040332960733
1625,2016-08-16,94.79000091552734,1350.5,19.847999572753906,1.5759999752044678,12.640000343322754,0.0075813883174767425,0.0013612862581886965,0.006864431340579454,0.011891730292073313,0.000785698350072914,-0.000467936354558621
1626,2016-08-17,94.72000122070312,1342.699951171875,19.62700080871582,1.5609999895095825,12.1899995803833,-0.005792418519633738,-0.011197014355406737,0.007000535822260411,0.012107097007123748,0.00039887378376425304,-0.0008369190591192754
1627,2016-08-18,94.16000366210938,1351.199951171875,19.719999313354492,1.5360000133514404,11.430000305175781,0.006310574643693422,0.0047271038465454725,0.006720912094450364,0.01133908647079828,0.0011557514825948486,0.0003344047628593082
1628,2016-08-19,94.51000213623047,1340.4000244140625,19.301000595092773,1.5779999494552612,11.34000015258789,-0.008024955279562044,-0.021476375482441492,0.00676473685830683,0.012042977119462412,0.00035301350759160704,-0.0011769814952294125
1629,2016-08-22,94.5199966430664,1337.699951171875,18.843000411987305,1.5390000343322754,12.270000457763672,-0.002016410277178946,-0.02401542486773246,0.006652346523393901,0.012999713893869697,0.0005225826287519442,-0.0020139035243947434
1630,2016-08-23,94.54000091552734,1340.5999755859375,18.90999984741211,1.5529999732971191,12.380000114440918,0.0021655719125730603,0.003549360596639268,0.006614424047237607,0.013056118714143219,0.000762663181533376,-0.0017430330186475784
1631,2016-08-24,94.79000091552734,1324.4000244140625,18.545000076293945,1.559000015258789,13.449999809265137,-0.012157711605415717,-0.019490659545657922,0.007188669468271615,0.013579144979810427,0.00013322300137074786,-0.0027681704168181533
1632,2016-08-25,94.7699966430664,1320.0999755859375,18.47800064086914,1.5770000219345093,13.630000114440918,-0.003252072314533185,-0.0036193451241717687,0.007153568447284619,0.012906816383358055,-0.00023389461406467436,-0.003685708486980071
1633,2016-08-26,95.56999969482422,1321.5,18.645000457763672,1.6349999904632568,13.649999618530273,0.0010599822517309905,0.008997168250962657,0.00708592068730393,0.012870205992381503,-0.00038758826530089574,-0.003720114164380429
1634,2016-08-29,95.58000183105469,1322.9000244140625,18.761999130249023,1.565999984741211,12.9399995803833,0.0010588598789471667,0.006255463164372812,0.0064619418435650205,0.012818216845118158,-0.0009303458230697516,-0.0037799217417922304
1635,2016-08-30,96.05000305175781,1311.699951171875,18.57699966430664,1.5700000524520874,13.119999885559082,-0.008502346327262383,-0.009909263007816208,0.006633642458115127,0.012613346463399762,-0.0014198638851333869,-0.004609137098167437
1636,2016-08-31,96.0199966430664,1306.9000244140625,18.621999740600586,1.5679999589920044,13.420000076293945,-0.003666029312143101,0.0024194251977172087,0.006147944275639131,0.012292046714886595,-0.0020503261978204864,-0.004959342475048083
1637,2016-09-01,95.6500015258789,1312.199951171875,18.85700035095215,1.5700000524520874,13.479999542236328,0.004047141416004483,0.012540552819416335,0.006212099336255715,0.012771983741501776,-0.0015670397328983814,-0.0038292321634421467
1638,2016-09-02,95.87999725341797,1322.0999755859375,19.275999069213867,1.5959999561309814,11.979999542236328,0.007516282350036655,0.021976534134752788,0.006481549073383389,0.013958263976677888,-0.001303839531963882,-0.002712772928198791
1639,2016-09-06,94.81999969482422,1349.4000244140625,20.048999786376953,1.5429999828338623,12.020000457763672,0.020438704235929906,0.03931851605121728,0.007116454900079914,0.01519484148598513,0.00046098178736791345,0.0006432336015856733
1640,2016-09-07,94.95999908447266,1344.300048828125,19.759000778198242,1.5410000085830688,11.9399995803833,-0.003786599503307889,-0.014570143405820357,0.007153574684388595,0.015553558694200812,0.0003876846804265705,-2.1682276027866288e-05
1641,2016-09-08,95.02999877929688,1336.800048828125,19.590999603271484,1.6160000562667847,12.510000228881836,-0.005594732975239715,-0.00853886628082947,0.00721192379484565,0.01565197000281604,-7.830151827921204e-05,-0.0005389742909531758
1642,2016-09-09,95.33999633789062,1330.0999755859375,19.281999588012695,1.6720000505447388,17.5,-0.005024625803116637,-0.015898259979576734,0.007227159914623806,0.015512628754646096,-0.0005056837513503025,-0.002058950956305364
1643,2016-09-12,95.0999984741211,1321.0,18.915000915527344,1.6720000505447388,15.15999984741211,-0.006865083481867175,-0.019216690388591508,0.007358427603007729,0.015923712973105755,-0.0007687867552711626,-0.002617933784860923
1644,2016-09-13,95.62999725341797,1319.0,18.889999389648438,1.7339999675750732,17.850000381469727,-0.0015151518050107637,-0.0013226572845886036,0.007297181122016,0.015638104367850268,-0.0006026917203662016,-0.0019316047952189527
1645,2016-09-14,95.33000183105469,1321.5,18.98200035095215,1.6890000104904175,18.139999389648438,0.0018935813270292768,0.004858530994393117,0.00726422067425997,0.01556751600129943,-0.0006726690890880758,-0.0020595599242108397
1646,2016-09-15,95.29000091552734,1313.5,18.958999633789062,1.7029999494552612,16.299999237060547,-0.006072124918749371,-0.0012124466930221144,0.007097625067153335,0.0155493586167431,-0.0013228363860512242,-0.0021821186361732593
1647,2016-09-16,96.11000061035156,1305.800048828125,18.7810001373291,1.7009999752044678,15.369999885559082,-0.0058794129797974425,-0.009433005693029744,0.007100389064342996,0.01550291893268653,-0.0013269789793923527,-0.002098118223679117
1648,2016-09-19,95.83999633789062,1313.5,19.20599937438965,1.6959999799728394,15.529999732971191,0.005879412979797392,0.022376969831157546,0.007077787453101883,0.016346898800940597,-0.001347510487196926,-0.0012576484148880654
1649,2016-09-20,96.0199966430664,1313.699951171875,19.19499969482422,1.687999963760376,15.920000076293945,0.00015221618146868613,-0.0005728850880385769,0.006915122248286771,0.01567687239284015,-0.0009581213700049861,-0.0002622441103926887
1650,2016-09-21,95.66000366210938,1326.9000244140625,19.68600082397461,1.6679999828338623,13.300000190734863,0.009997866634651048,0.025257952508837698,0.007308962111299137,0.015631283930916597,-0.0003860129456321292,0.0020841071932535095
1651,2016-09-22,95.44999694824219,1340.4000244140625,20.020000457763672,1.6319999694824219,12.020000457763672,0.010122682135453616,0.016824031689506354,0.007646324611170184,0.015958489703910887,-7.102935018769406e-06,0.0027162343881519417
1652,2016-09-23,95.4800033569336,1337.199951171875,19.732999801635742,1.6150000095367432,12.289999961853027,-0.002390256046424515,-0.014439445617516393,0.007151310089494166,0.015641969348826085,0.000458013996361764,0.00295676838473011
1653,2016-09-26,95.30999755859375,1339.699951171875,19.516000747680664,1.5889999866485596,14.5,0.0018678328051372278,-0.01105767087012275,0.007105629141970577,0.015880725174593113,0.000701819002060355,0.0026025623968276824
1654,2016-09-27,95.44000244140625,1325.9000244140625,19.086999893188477,1.555999994277954,13.100000381469727,-0.010354179302007023,-0.022227210813033308,0.007502340205798463,0.0166930352847813,0.00015828749950140206,0.0011156872033040647
1655,2016-09-28,95.43000030517578,1319.4000244140625,19.04400062561035,1.5670000314712524,12.390000343322754,-0.004914386241190314,-0.0022553452686631947,0.007579327568038143,0.016665302085379103,-0.00012615279193371607,0.0007104106112547313
1656,2016-09-29,95.54000091552734,1321.699951171875,19.114999771118164,1.5570000410079956,14.020000457763672,0.0017416435276520423,0.0037212309913805318,0.0073391248175735,0.016495584686829632,0.0003616562487764946,0.0013594817540736237
1657,2016-09-30,95.45999908447266,1313.300048828125,19.138999938964844,1.6080000400543213,13.289999961853027,-0.006375659049502699,0.0012547796924524785,0.00743664778216008,0.01649380061597311,0.00023262626128318044,0.0013040224442991126
1658,2016-10-03,95.75,1309.0,18.795000076293945,1.621999979019165,13.569999694824219,-0.0032796038609326033,-0.01813725379148034,0.007420591593122962,0.01680445948489835,-0.00011626637095191892,-0.00015682548955310983
1659,2016-10-04,96.12000274658203,1266.300048828125,17.71299934387207,1.6829999685287476,13.630000114440918,-0.03316418589365621,-0.059292084847118794,0.010140039425689026,0.02042105072175402,-0.002053431525413484,-0.00402675972678509
1660,2016-10-05,96.12999725341797,1265.199951171875,17.634000778198242,1.715999960899353,12.989999771118164,-0.0008691271779573132,-0.004469895432899352,0.008747268778178677,0.017847217902447705,-0.003068090164170018,-0.006111922178409691
1661,2016-10-06,96.66000366210938,1249.800048828125,17.288000106811523,1.7419999837875366,12.84000015258789,-0.01224659627455489,-0.019816275412444427,0.00897389205271273,0.01800752753942725,-0.003470947153277018,-0.006361737988248933
1662,2016-10-07,96.5199966430664,1248.9000244140625,17.323999404907227,1.7359999418258667,13.479999542236328,-0.0007203941462396616,0.002080163618660748,0.008979249572276707,0.018092231858219263,-0.0032388357804674925,-0.0058560698977970175
1663,2016-10-11,97.69999694824219,1253.0,17.45599937438965,1.7589999437332153,15.359999656677246,0.003277492478576479,0.007590604249833522,0.00907890355368934,0.01816627622022154,-0.002843496814672581,-0.004737552553539387
1664,2016-10-12,97.97000122070312,1251.0999755859375,17.454999923706055,1.777999997138977,15.90999984741211,-0.0015175310867917425,-5.725706533532753e-05,0.00903535580696978,0.017881626579516502,-0.0025888514625261325,-0.0038251985857652828
1665,2016-10-13,97.5199966430664,1255.0,17.40999984741211,1.7380000352859497,16.690000534057617,0.003112427756607694,-0.002581391170390254,0.009118895512089208,0.017874926962599368,-0.0023684905310204915,-0.0038851382946129805
1666,2016-10-14,98.0199966430664,1253.0999755859375,17.39299964904785,1.7940000295639038,16.1200008392334,-0.001515110877577383,-0.000976938767480856,0.00906943993064292,0.017777295340865095,-0.0025308092074303326,-0.004163017807083169
1667,2016-10-17,97.88999938964844,1254.4000244140625,17.426000595092773,1.7660000324249268,16.209999084472656,0.0010369283705775325,0.0018955717105654188,0.009063321813021006,0.017815983330037706,-0.0021922828603195277,-0.004015016930721859
1668,2016-10-18,97.9000015258789,1260.800048828125,17.590999603271484,1.7489999532699585,15.279999732971191,0.005089088772620536,0.009424007105042133,0.00915579198164789,0.018003479238882174,-0.0016699732530615287,-0.003117063940337483
1669,2016-10-19,97.87000274658203,1267.9000244140625,17.615999221801758,1.7519999742507935,14.40999984741211,0.005615528957908329,0.0014201507408311913,0.009145087561788463,0.017076639198401154,-0.0016825391588657698,-0.0041150077065435
1670,2016-10-20,98.31999969482422,1265.5999755859375,17.50200080871582,1.746999979019165,13.75,-0.0018157090665284902,-0.006492329483983607,0.009135424241974456,0.017064097675362246,-0.0017762498849608734,-0.004396886011112312
1671,2016-10-21,98.69999694824219,1265.9000244140625,17.447999954223633,1.7400000095367432,13.34000015258789,0.00023705220583055664,-0.0030901800449503383,0.008746445717705668,0.015664768054877903,-0.0022410505720475635,-0.0057467970851022175
1672,2016-10-24,98.66999816894531,1262.0,17.562000274658203,1.7630000114440918,13.020000457763672,-0.003085586827556825,0.006512466301410459,0.008275113496197065,0.015072297660349147,-0.0028700157607623464,-0.006237824008344879
1673,2016-10-25,98.72000122070312,1271.9000244140625,17.736000061035156,1.7580000162124634,13.460000038146973,0.00781410055123449,0.009858983178174806,0.008597998955402643,0.015341461476164595,-0.0023840940180166795,-0.005080755970454823
1674,2016-10-26,98.62999725341797,1264.800048828125,17.584999084472656,1.7899999618530273,14.239999771118164,-0.005597819151719624,-0.008550261892351472,0.00856769156475422,0.015302325604974484,-0.002739601254057482,-0.004961355542941904
1675,2016-10-27,98.88999938964844,1267.9000244140625,17.604000091552734,1.843000054359436,15.359999656677246,0.0024479622887396643,0.0010799402865494712,0.008453494176836135,0.01482522023390762,-0.002129975464021925,-0.0038514912048665337
1676,2016-10-28,98.3499984741211,1275.5,17.761999130249023,1.8450000286102295,16.190000534057617,0.005976250792452862,0.008935140719837737,0.008606803509810825,0.015084313349371891,-0.0016113737005151074,-0.0033186109196998224
1677,2016-10-31,98.44999694824219,1271.5,17.761999130249023,1.8339999914169312,17.059999465942383,-0.003140952719691709,0.0,0.008577595801178506,0.01501919535314848,-0.0018438782837219526,-0.0034958123954798477
1678,2016-11-01,97.69999694824219,1286.4000244140625,18.385000228881836,1.8200000524520874,18.559999465942383,0.011650332541120672,0.03447383233325388,0.008993293397953213,0.017143661361844365,-0.0009854977317875064,-0.0019139527459178763
1679,2016-11-02,97.4000015258789,1306.800048828125,18.65999984741211,1.7990000247955322,19.31999969482422,0.01573379968826969,0.014847060039311489,0.009681538533040683,0.017093903438621664,-8.009756277787345e-05,-0.0003432711349277894
1680,2016-11-03,97.16000366210938,1302.0999755859375,18.382999420166016,1.812000036239624,22.079999923706055,-0.003603111106642254,-0.014955894283050318,0.006127341373695241,0.011155698444580755,0.001327572665175172,0.0017679760347897571
1681,2016-11-04,97.06999969482422,1303.300048828125,18.341999053955078,1.7829999923706055,22.510000228881836,0.0009212200167436073,-0.0022328324001924366,0.006107672400699683,0.011103713964758328,0.0014128272934942636,0.0018745028458710387
1682,2016-11-07,97.77999877929688,1278.300048828125,18.124000549316406,1.8279999494552612,18.709999084472656,-0.019368438629986755,-0.011956403445007585,0.007031853012381349,0.010449190384248649,0.0010736919432356032,0.0022487824633680314
1683,2016-11-08,97.86000061035156,1273.4000244140625,18.329999923706055,1.8619999885559082,18.739999771118164,-0.003840600616410818,0.011302000575693404,0.0071042489328913975,0.010633894600212346,0.0009251106827512625,0.0026879175565600625
1684,2016-11-09,98.5,1272.5999755859375,18.35700035095215,2.072000026702881,14.380000114440918,-0.0006284751409729952,0.001471934577308757,0.007090699834478949,0.010576515961344237,0.000739112224677478,0.002396552334058883
1685,2016-11-10,98.79000091552734,1265.5,18.715999603271484,2.117000102996826,14.739999771118164,-0.00559473162911677,0.019367759540000033,0.007210388420482068,0.011183215850885506,0.0005449598179000957,0.0033215531247891383
1686,2016-11-14,100.11000061035156,1221.199951171875,16.87700080871582,2.2219998836517334,14.479999542236328,-0.03563335910818179,-0.10342695563411027,0.010655011646227527,0.025862529060913773,-0.0013000776518517847,-0.0014806166115784811
1687,2016-11-15,100.19000244140625,1224.0,17.02899932861328,2.23799991607666,13.369999885559082,0.002290242195274511,0.008965937445819193,0.010683492086454388,0.02596302884130929,-0.0011188703626683612,-0.0010071463157070501
1688,2016-11-16,100.41000366210938,1223.4000244140625,16.913999557495117,2.2230000495910645,13.720000267028809,-0.0004902963078952605,-0.006776078420404632,0.010673276518949983,0.02598350563712177,-0.0011915953473575418,-0.0014200820362294335
1689,2016-11-17,100.88999938964844,1216.5,16.76099967956543,2.2760000228881836,13.350000381469727,-0.005656004540798839,-0.009086915170727843,0.010614524566852815,0.025911117783836632,-0.001703266457520369,-0.0023015545255518134
1690,2016-11-18,101.20999908447266,1208.5,16.613000869750977,2.3350000381469727,12.850000381469727,-0.006597962080039653,-0.00886916626927648,0.010527707755002372,0.025934495849535485,-0.0022848612688512256,-0.002791522002223607
1691,2016-11-21,101.05000305175781,1209.5999755859375,16.511999130249023,2.3389999866485596,12.420000076293945,0.0009097850981472162,-0.006098237132698854,0.010550555776039408,0.025931826480863507,-0.0021550758324380965,-0.0027727556997814763
1692,2016-11-22,101.04000091552734,1211.0,16.62299919128418,2.321000099182129,12.40999984741211,0.0011567583114072402,0.006699893277628999,0.010562883681779257,0.026013706713942045,-0.002111280303601112,-0.0023065617320396034
1693,2016-11-23,101.69999694824219,1189.0999755859375,16.382999420166016,2.3570001125335693,12.430000305175781,-0.01824976664110634,-0.014543053457200085,0.011135622096861404,0.02606252484695675,-0.0028333841042463264,-0.0033092055300686764
1694,2016-11-25,101.48999786376953,1178.199951171875,16.464000701904297,2.371999979019165,12.34000015258789,-0.009208889267384899,0.0049320452786562686,0.01093965395873536,0.02596003188566346,-0.0036440026670377266,-0.0035438216205219398
1695,2016-11-28,101.33000183105469,1190.5999755859375,16.577999114990234,2.319999933242798,13.149999618530273,0.010469552569008554,0.006900240060377195,0.011350335376723511,0.02602989777734291,-0.0028788897279554324,-0.0028080834322967655
1696,2016-11-29,100.93000030517578,1187.9000244140625,16.660999298095703,2.302000045776367,12.899999618530273,-0.0022702983658282566,0.004994155033608262,0.011286135742279015,0.026073108931924122,-0.0031035688067443798,-0.0026216922538653945
1697,2016-11-30,101.5,1170.800048828125,16.4060001373291,2.368000030517578,13.329999923706055,-0.01449974532512753,-0.015423486867127861,0.011346809788814225,0.026075094753774397,-0.004078616240914876,-0.003781626900863756
1698,2016-12-01,101.04000091552734,1166.9000244140625,16.427000045776367,2.440999984741211,14.069999694824219,-0.003336636788437604,0.0012791953944955626,0.01134608158101018,0.02608586267277826,-0.004087934529902775,-0.003720712834459206
1699,2016-12-02,100.7699966430664,1175.0999755859375,16.753000259399414,2.390000104904175,14.119999885559082,0.007002548829521464,0.019651036849437333,0.011065596355401908,0.0251857076520266,-0.004309257563788452,-0.00442656023845047
1700,2016-12-05,100.13999938964844,1174.0,16.823999404907227,2.38700008392334,12.140000343322754,-0.0009365081756959433,0.004229040833585961,0.010112780168930212,0.024884207549673656,-0.005103081747786816,-0.004932180200627877
1701,2016-12-06,100.48999786376953,1167.5999755859375,16.739999771118164,2.3959999084472656,11.789999961853027,-0.00546638231769391,-0.005005351640161017,0.010107134132491724,0.02477830835485289,-0.005191808948313084,-0.004458344836680767
1702,2016-12-07,100.2300033569336,1175.0,17.202999114990234,2.3469998836517334,12.220000267028809,0.006317808507911522,0.027282684381238615,0.010336340166645225,0.02572969806114005,-0.004934828543971754,-0.003052844037565002
1703,2016-12-08,101.06999969482422,1169.800048828125,17.024999618530273,2.38700008392334,12.640000343322754,-0.0044353118287595375,-0.010400906140686896,0.009793109853664952,0.025705011841263913,-0.0042237272677228405,-0.002978772737359255
1704,2016-12-09,101.56999969482422,1159.4000244140625,16.89699935913086,2.4639999866485596,11.75,-0.008930184786370197,-0.007546776178602478,0.009845990176172196,0.02550976373970287,-0.004466088418673287,-0.0038763335351828685
1705,2016-12-12,100.95999908447266,1163.5,17.115999221801758,2.4790000915527344,12.640000343322754,0.003530052779216629,0.012877599637913269,0.009968093991088096,0.02574961796073937,-0.004268063279616639,-0.0033332066275350344
1706,2016-12-13,101.02999877929688,1156.699951171875,16.910999298095703,2.4809999465942383,12.720000267028809,-0.005861622654292204,-0.012049396826677864,0.009970039987208192,0.025273002209092527,-0.004280772376053564,-0.004829261692614935
1707,2016-12-14,102.0,1161.300048828125,17.152000427246094,2.5250000953674316,13.1899995803833,0.003969028209747736,0.014150553536031141,0.007065497761147977,0.011736508897358684,-0.0023949444085331097,0.0007696673154870372
1708,2016-12-15,103.12999725341797,1127.800048828125,15.897000312805176,2.5799999237060547,12.789999961853027,-0.02927123362969974,-0.07598437794206628,0.00908673349890527,0.020291958891974146,-0.0038978718287699782,-0.0032755857982217943
1709,2016-12-16,102.94999694824219,1135.300048828125,16.152999877929688,2.5969998836517334,12.199999809265137,0.006628100511391451,0.015975351518762913,0.009349187409387838,0.020698995290621785,-0.0035589005516610877,-0.002192184372547149
1710,2016-12-19,103.13999938964844,1140.5,16.025999069213867,2.5420000553131104,11.710000038146973,0.0045697865449492924,-0.007893438098368096,0.009499590626714793,0.020680748625368006,-0.0030719581190064146,-0.002135352131006209
1711,2016-12-20,103.29000091552734,1131.5,16.054000854492188,2.568000078201294,11.449999809265137,-0.007922576650850659,0.0017457476593837195,0.009528527391867913,0.020637611797515693,-0.003135035003330749,-0.001629880039165247
1712,2016-12-21,103.0199966430664,1131.0999755859375,15.918000221252441,2.5460000038146973,11.270000457763672,-0.00035359712061060043,-0.00850753465233717,0.009505673321187376,0.02067036516003518,-0.0031951960613668348,-0.0017446084924813573
1713,2016-12-22,103.08999633789062,1128.800048828125,15.8149995803833,2.552999973297119,11.430000305175781,-0.0020354241577117678,-0.006491728058387796,0.009458004097895791,0.020601236416765163,-0.003347204750372502,-0.002372780937053586
1714,2016-12-23,103.01000213623047,1131.9000244140625,15.704000473022461,2.5429999828338623,11.4399995803833,0.002742493412203079,-0.007043343129477757,0.008896882544355278,0.020444117847737885,-0.0023475733192625295,-0.002015651873828713
1715,2016-12-27,103.0199966430664,1137.300048828125,15.928999900817871,2.562999963760376,11.989999771118164,0.0047594169162982715,0.014225853990683473,0.008880402330651061,0.02070101690609247,-0.0016824158819442835,-0.0015730895542083701
1716,2016-12-28,103.26000213623047,1139.4000244140625,15.98799991607666,2.50600004196167,12.949999809265137,0.0018447543496458321,0.003697094513943583,0.008480740706820585,0.02064719226204838,-0.0020931205590567943,-0.0017256202945147322
1717,2016-12-29,102.68000030517578,1156.4000244140625,16.163000106811523,2.4769999980926514,13.369999885559082,0.01480992278090006,0.01088625043613737,0.0092472932467724,0.02078266307357411,-0.0012797766949268741,-0.001445044322965727
1718,2016-12-30,102.38999938964844,1150.0,15.935999870300293,2.446000099182129,14.039999961853027,-0.005549809897021,-0.014143993332613182,0.00880312419280023,0.0207414683439528,-0.0008535892935884679,-0.0013841160594174093
1719,2017-01-03,103.20999908447266,1160.4000244140625,16.356000900268555,2.450000047683716,12.850000381469727,0.00900285192930361,0.026014164841036885,0.00903779066369172,0.021585421614147567,-0.0002659945927436482,-0.00020626037148687
1720,2017-01-04,102.69999694824219,1163.800048828125,16.499000549316406,2.4519999027252197,11.850000381469727,0.0029257608917391607,0.008704948758735748,0.008916830555515941,0.021210846702134866,-0.00046012735168566253,-0.0007275026615202788
1721,2017-01-05,101.5199966430664,1179.699951171875,16.583999633789062,2.368000030517578,11.670000076293945,0.013569572279167469,0.005138546748066265,0.009425451110734796,0.02122239875480848,0.0002306383842602142,-0.0006841928560688356
1722,2017-01-06,102.22000122070312,1171.9000244140625,16.465999603271484,2.4179999828338623,11.319999694824219,-0.006633743360060724,-0.007140728268860593,0.009464093650951681,0.02124923702105557,0.0001750497631951277,-0.0007858774574354823
1723,2017-01-09,101.93000030517578,1183.5,16.6299991607666,2.375999927520752,11.5600004196167,0.009849765856593362,0.009910617957374414,0.009608990542083095,0.0204240072462778,0.0003432382083704535,-0.0016131187157147303
1724,2017-01-10,102.01000213623047,1184.199951171875,16.80299949645996,2.378999948501587,11.489999771118164,0.0005912499106309624,0.010349169188726342,0.00954640716675564,0.020479464640154026,0.0005825982911985726,-0.0006250198905045757
1725,2017-01-11,101.77999877929688,1195.5999755859375,16.783000946044922,2.369999885559082,11.260000228881836,0.009580731125187961,-0.001190886233255817,0.009478486933494675,0.0204189314740491,0.0014640704774632467,-0.0003223584645356871
1726,2017-01-12,101.3499984741211,1198.9000244140625,16.780000686645508,2.3610000610351562,11.539999961853027,0.002756359087469122,-0.00017878373574803984,0.009471556136916555,0.020194453931977895,0.0014272279207133655,-0.0009440910061386065
1727,2017-01-13,101.18000030517578,1195.300048828125,16.719999313354492,2.380000114440918,11.229999542236328,-0.0030072493432917323,-0.0035821753702909393,0.009381782307559833,0.02004561931148272,0.0015631504593324355,-0.0005408899844058959
1728,2017-01-17,100.33000183105469,1212.0,17.101999282836914,2.3269999027252197,11.869999885559082,0.013874646895225017,0.02258980721006597,0.009750561625085277,0.02043567497697697,0.002034846587212306,-0.00013902076183280876
1729,2017-01-18,100.93000030517578,1211.300048828125,17.235000610351562,2.3889999389648438,12.479999542236328,-0.0005776842959905698,0.007746861583016192,0.006667150799502177,0.010789234945128328,0.0034012060792936944,0.0038481811203139754
1730,2017-01-19,101.1500015258789,1200.9000244140625,16.966999053955078,2.4590001106262207,12.779999732971191,-0.008622907336826992,-0.01567201007945812,0.007113749302737802,0.011212556126421276,0.002674967610330912,0.0023411639013510687
1731,2017-01-20,100.73999786376953,1204.300048828125,16.996999740600586,2.4670000076293945,11.539999961853027,0.0028272298148097597,0.001766617330868455,0.007100693038011909,0.010967150205128267,0.0025919887184195057,0.002801166540838524
1732,2017-01-23,100.16000366210938,1215.0,17.149999618530273,2.4030001163482666,11.770000457763672,0.008845550963396858,0.00896130873508398,0.006795434995980793,0.011045184158409486,0.0033904709857646253,0.003144764687300441
1733,2017-01-24,100.3499984741211,1210.300048828125,17.14900016784668,2.4709999561309814,11.069999694824219,-0.0038757736862718066,-5.827870725687573e-05,0.006934508823268573,0.01074943195862825,0.003222748292161711,0.0035471102084947406
1734,2017-01-25,100.02999877929688,1197.300048828125,16.944000244140625,2.5230000019073486,10.8100004196167,-0.010799240583716598,-0.012026069393831402,0.007506859166157964,0.011070891737285132,0.002805423700447195,0.003283570144902188
1735,2017-01-26,100.37999725341797,1189.5,16.81399917602539,2.507999897003174,10.630000114440918,-0.0065360117616481,-0.007701979559893734,0.007778873928553591,0.01110249833253342,0.002363590120739996,0.00325220650535857
1736,2017-01-27,100.52999877929688,1188.0999755859375,17.100000381469727,2.4809999465942383,10.579999923706055,-0.001177678827598852,0.016866662108951068,0.007795318026885472,0.011247021289654333,0.002080871275792514,0.003377959272895122
1737,2017-01-30,100.43000030517578,1193.199951171875,17.121999740600586,2.4830000400543213,11.880000114440918,0.004283360803183659,0.0012856853534437495,0.007809774934978733,0.011255906495990833,0.002196995392627649,0.0032631302652522728
1738,2017-01-31,99.51000213623047,1208.5999755859375,17.511999130249023,2.4509999752044678,11.989999771118164,0.012823912008577408,0.02252213938433268,0.007659991152952795,0.011916918147982571,0.0021024234510884747,0.0038172202151663353
1739,2017-02-01,99.63999938964844,1205.5999755859375,17.420000076293945,2.4739999771118164,11.8100004196167,-0.002485296665438633,-0.005267334750529341,0.0075350931910331655,0.01139392505604359,0.0022483526525923967,0.004239918242884613
1740,2017-02-02,99.8499984741211,1216.699951171875,17.402000427246094,2.4700000286102295,11.930000305175781,0.009164887600060555,-0.0010338091086485362,0.007542435060664587,0.010284180064598006,0.002256068636914157,0.0029519194833757833
1741,2017-02-03,99.87000274658203,1218.5,17.452999114990234,2.490999937057495,10.970000267028809,0.0014783584034642827,0.0029263362391404187,0.007542622613232682,0.010199510743593336,0.002187144708901067,0.0026767474586331494
1742,2017-02-06,99.91000366210938,1230.0,17.66699981689453,2.4130001068115234,11.369999885559082,0.009393575301202162,0.012186979331754295,0.007277931285659433,0.010398602572676323,0.0019882877099503377,0.0030123871054754366
1743,2017-02-07,100.26000213623047,1234.199951171875,17.732999801635742,2.3889999389648438,11.289999961853027,0.0034087779579315197,0.0037288170578990945,0.007008001003833178,0.010135137347365252,0.002466503010807112,0.0035299845019878024
1744,2017-02-08,100.27999877929688,1237.5999755859375,17.683000564575195,2.3510000705718994,11.449999809265137,0.002751053207520085,-0.002823541323769089,0.006802243579084994,0.010115219077970559,0.0021284690751369553,0.002923595964790493
1745,2017-02-09,100.6500015258789,1235.0999755859375,17.719999313354492,2.3949999809265137,10.880000114440918,-0.002022081854817559,0.002090148426779231,0.006855469240037098,0.009971610887806228,0.0020040247053536926,0.00253030926184063
1746,2017-02-10,100.80000305175781,1234.4000244140625,17.91200065612793,2.4089999198913574,10.850000381469727,-0.000566876850066067,0.010777009499900132,0.006649243202583235,0.010089600441824607,0.0015208052779606433,0.00310020905865758
1747,2017-02-13,100.95999908447266,1224.4000244140625,17.804000854492188,2.434000015258789,11.069999694824219,-0.008134093816160818,-0.0060477167790872356,0.006965240390865158,0.010264729140517855,0.001002212282549694,0.0028207360565938094
1748,2017-02-14,101.25,1223.9000244140625,17.871999740600586,2.4700000286102295,10.739999771118164,-0.00040844667481872133,0.003812028664553012,0.00691333509193507,0.010160401411819661,0.0011259647905722185,0.003172841010633997
1749,2017-02-15,101.18000030517578,1231.699951171875,17.94700050354004,2.502000093460083,11.970000267028809,0.006352787968514301,0.0041877702916446845,0.006395235020290344,0.009144837799614568,0.0007677810321574225,0.0022965535383282216
1750,2017-02-16,100.44000244140625,1240.0,18.062999725341797,2.450000047683716,11.760000228881836,0.0067160902945164426,0.006442633840652654,0.006515441016059799,0.009110335589977304,0.0011151036317053754,0.0022344474553585296
1751,2017-02-17,100.94999694824219,1237.5999755859375,18.018999099731445,2.424999952316284,11.489999771118164,-0.001937379067167637,-0.0024389251623566544,0.00617000741896006,0.008224429141190391,0.0014334621207367732,0.0028645943561728844
1752,2017-02-21,101.37000274658203,1237.5,17.989999771118164,2.427000045776367,11.569999694824219,-8.078508906953723e-05,-0.001610671542778171,0.006169795354540652,0.008279806756846161,0.001294985220552045,0.0027037710764754265
1753,2017-02-22,101.33000183105469,1232.0,17.941999435424805,2.4179999828338623,11.739999771118164,-0.004454350349380309,-0.002671733569305944,0.006037168634661924,0.008229213499312316,0.0006616565866102749,0.0021498166810282873
1754,2017-02-23,101.05000305175781,1250.199951171875,18.113000869750977,2.388000011444092,11.710000038146973,0.014664634347995097,0.009485658858420417,0.0066636113454456945,0.008363613236935505,0.0015445331596706038,0.002604289898441492
1755,2017-02-24,101.08999633789062,1256.9000244140625,18.334999084472656,2.316999912261963,11.470000267028809,0.005344891913360862,0.012181791061141914,0.006073455374756379,0.007901822272660798,0.00231330137381715,0.003757045158202126
1756,2017-02-27,101.12999725341797,1257.4000244140625,18.354000091552734,2.36899995803833,12.09000015258789,0.00039772501044503744,0.0010357877950114402,0.005748073271466826,0.007487443663003853,0.002643479315345394,0.004173129317959515
1757,2017-02-28,101.12000274658203,1252.5999755859375,18.420000076293945,2.3580000400543213,12.920000076293945,-0.00382474476466306,0.0035894955840849816,0.005863914798189826,0.006899480668840029,0.0025174285564375748,0.0035408832929658923
1758,2017-03-01,101.77999877929688,1248.9000244140625,18.44300079345703,2.4630000591278076,12.539999961853027,-0.002958188183111069,0.0012479027537230227,0.00596689472346906,0.006900103057286512,0.00217259289042354,0.0035390841215506195
1759,2017-03-02,102.19999694824219,1231.9000244140625,17.704999923706055,2.489000082015991,11.8100004196167,-0.013705470631345843,-0.04083785646809991,0.006392277690993628,0.010885813627400723,0.0009092889551890996,0.0005219414619109724
1760,2017-03-03,101.54000091552734,1225.5,17.69700050354004,2.492000102996826,10.960000038146973,-0.005208788817978716,-0.0004519191122319945,0.00649145105389322,0.010808208109214146,0.0007795988526871908,0.0007512469684965603
1761,2017-03-06,101.63999938964844,1224.5,17.725000381469727,2.49399995803833,11.239999771118164,-0.0008163265759448011,0.0015809317972953962,0.0062059190132997,0.010801674956042446,0.0003043029395440786,0.0008757584402081759
1762,2017-03-07,101.80999755859375,1215.0999755859375,17.492000579833984,2.510999917984009,11.449999809265137,-0.007706239569881471,-0.01323242724055746,0.006438330562645621,0.011215895125317222,-0.00013305886871048113,0.00010629351260351514
1763,2017-03-08,102.06999969482422,1208.5,17.256999969482422,2.552000045776367,11.859999656677246,-0.005446436678803248,-0.013525810202173185,0.0061482935988707126,0.011234620898396582,-0.0008397261058535959,-0.0011181250366311267
1764,2017-03-09,101.8499984741211,1202.4000244140625,16.993000030517578,2.5980000495910645,12.300000190734863,-0.00506034140032999,-0.01541636014916491,0.006133427130309504,0.011592727532459681,-0.0012430175038660488,-0.002029800141729413
1765,2017-03-10,101.25,1200.699951171875,16.882999420166016,2.5820000171661377,11.65999984741211,-0.001414900372918341,-0.006494332197054319,0.00606477152702081,0.011632899470030308,-0.001441396245791688,-0.0022045997071239477
1766,2017-03-13,101.37999725341797,1202.4000244140625,16.934999465942383,2.6080000400543213,11.350000381469727,0.001414900372918352,0.003075290583197491,0.006094619723907626,0.011653053606273613,-0.0012777304254233113,-0.002157688175865935
1767,2017-03-14,101.69999694824219,1201.9000244140625,16.88800048828125,2.5950000286102295,12.300000190734863,-0.00041592147157480674,-0.002779115275072146,0.00609558901308115,0.011269875892920944,-0.0012705420740665846,-0.0028032179270550913
1768,2017-03-15,100.73999786376953,1200.0999755859375,16.88800048828125,2.507999897003174,11.630000114440918,-0.001498791977594266,0.0,0.005890548909247691,0.011260088032324533,-0.0009545753198491299,-0.0025152314137652228
1769,2017-03-16,100.2699966430664,1226.5,17.29599952697754,2.5220000743865967,11.210000038146973,0.021759718404505305,0.023871894089259396,0.007701333976570011,0.012595388050868484,0.00010105158869010971,-0.0015599997268744426
1770,2017-03-17,100.30000305175781,1229.800048828125,17.378999710083008,2.500999927520752,11.279999732971191,0.0026870095249430263,0.004787330552377071,0.0075933325014582685,0.012609739542886947,-7.35092895751891e-05,-0.0015314492382681386
1771,2017-03-20,100.41000366210938,1233.5999755859375,17.402999877929688,2.4730000495910645,11.34000015258789,0.0030851097946710264,0.0013800340371441524,0.007471359886640321,0.012497561539106824,-0.0002464131229011614,-0.0017725254193875911
1772,2017-03-21,99.80999755859375,1246.0999755859375,17.549999237060547,2.436000108718872,12.470000267028809,0.010081950338285382,0.008411308301829363,0.007788969269671448,0.012691416773821892,0.0003259358964061253,-0.0012558476353787332
1773,2017-03-22,99.68000030517578,1249.300048828125,17.545000076293945,2.3959999084472656,12.8100004196167,0.0025647791657264977,-0.0002848930558896663,0.007803443331956182,0.012692860882933674,0.0004519151466345079,-0.0011927153264792805
1774,2017-03-23,99.76000213623047,1246.9000244140625,17.562999725341797,2.4179999828338623,13.119999885559082,-0.0019229429398218444,0.0010253874174916402,0.007743183849488326,0.012696960152026865,0.0005724583566134823,-0.001016661946155586
1775,2017-03-24,99.62999725341797,1248.199951171875,17.719999313354492,2.4000000953674316,12.960000038146973,0.0010419837987625065,0.008899505626045344,0.007042485254424034,0.012673340558703299,-7.623928858806955e-05,-0.0010445740048401133
1776,2017-03-27,99.16999816894531,1255.4000244140625,18.079999923706055,2.372999906539917,12.5,0.0057517919495583296,0.020112444317044998,0.007058687454500155,0.013194618026528371,-5.6863096388190135e-05,-0.0006669238497971095
1777,2017-03-28,99.70999908447266,1255.300048828125,18.225000381469727,2.4089999198913574,11.529999732971191,-7.963960893288656e-05,0.007987948081612526,0.007057918916877173,0.013326036412507746,-7.959474492999604e-05,-0.0003358685980542006
1778,2017-03-29,100.0,1253.4000244140625,18.22800064086914,2.385999917984009,11.420000076293945,-0.0015147484528922495,0.00016460973429047336,0.007014498581690762,0.013296519018134004,3.0405079440042555e-05,-0.0004989584004253676
1779,2017-03-30,100.41000366210938,1245.0,18.184999465942383,2.4159998893737793,11.539999961853027,-0.006724348370036059,-0.002361859489213268,0.007141720327542979,0.01329613993254564,-0.00014893588184209983,-0.000670851840565191
1780,2017-03-31,100.3499984741211,1247.300048828125,18.235000610351562,2.3959999084472656,12.369999885559082,0.0018457243799123385,0.002745808661152493,0.006437259685990057,0.009600984224261717,0.0005915972139320993,0.0014045607846373046
1781,2017-04-03,100.54000091552734,1250.800048828125,18.19099998474121,2.3499999046325684,12.380000114440918,0.0028021313424812086,-0.0024158922908056805,0.006312496667180543,0.00962949539134729,0.0009730696025254291,0.0013110382523242718
1782,2017-04-04,100.54000091552734,1255.0,18.302000045776367,2.3499999046325684,11.789999961853027,0.003352186944682863,0.0060833805530845775,0.006318952015523784,0.009685764561672422,0.0011715702463648415,0.0015254405740285188
1783,2017-04-05,100.55999755859375,1245.4000244140625,18.166000366210938,2.3570001125335693,12.890000343322754,-0.0076787895241424015,-0.007458610755192273,0.006317026264559236,0.00932097565870284,0.0011728773914000355,0.0018003842161887658
1784,2017-04-06,100.66999816894531,1250.300048828125,18.225000381469727,2.3429999351501465,12.390000343322754,0.00392677851233867,0.0032425635866835567,0.006155003634186753,0.008635421080926815,0.001619220971930603,0.0025988782061343247
1785,2017-04-07,101.18000030517578,1254.300048828125,18.1299991607666,2.372999906539917,12.869999885559082,0.003194125405133405,-0.005226320348849265,0.005967832869703614,0.007820326877788315,0.0020122908198098124,0.003084118196625546
1786,2017-04-10,101.0199966430664,1251.0999755859375,17.893999099731445,2.3610000610351562,14.050000190734863,-0.0025545421499374417,-0.01310256766278971,0.006005618453951012,0.008340662057516674,0.001958022163761284,0.0027694403173048132
1787,2017-04-11,100.70999908447266,1271.199951171875,18.232999801635742,2.2980000972747803,15.069999694824219,0.0159381530021803,0.018767717363452494,0.006732213959708291,0.009042836660036592,0.002649605622297567,0.003516698735412194
1788,2017-04-12,100.77999877929688,1275.300048828125,18.27899932861328,2.2960000038146973,15.770000457763672,0.003220185508956306,0.0025196950268594883,0.006696090712328619,0.008931622531605152,0.0028227535737514295,0.0037690230355041767
1789,2017-04-13,100.55999755859375,1285.9000244140625,18.48900032043457,2.2320001125335693,15.960000038146973,0.00827739794195269,0.011423154774789772,0.006720412443437163,0.009037820762088401,0.003288286427063189,0.004312982786684643
1790,2017-04-17,100.30000305175781,1289.4000244140625,18.493000030517578,2.252000093460083,14.65999984741211,0.002718131548590306,0.00021630577365455014,0.005220844445749688,0.007877908480349307,0.0023815441958291417,0.003186526200227268
1791,2017-04-18,99.5,1291.699951171875,18.250999450683594,2.178999900817871,14.420000076293945,0.0017821296255692255,-0.013172440802959604,0.0052219313115667455,0.008634009445880208,0.002338454676811342,0.0023312989928302836
1792,2017-04-19,99.73999786376953,1281.4000244140625,18.13599967956543,2.2019999027252197,14.930000305175781,-0.008005893178956763,-0.006320947413201232,0.005683140573577956,0.008837575436668948,0.0018103116780671612,0.0019645855904328845
1793,2017-04-20,99.77999877929688,1281.9000244140625,17.992000579833984,2.240999937057495,14.149999618530273,0.00039012210573624806,-0.00797164865246552,0.005362302386397689,0.00896226058515188,0.0013487960479457738,0.0011844447830855094
1794,2017-04-21,99.9800033569336,1287.4000244140625,17.829999923706055,2.236999988555908,14.630000114440918,0.004281328219062014,-0.009044819288252388,0.0053947500229185215,0.0092338157762485,0.001430536479056989,0.0007673054386872844
1795,2017-04-24,99.08999633789062,1275.800048828125,17.847999572753906,2.2730000019073486,10.84000015258789,-0.009051228501958202,0.001009005596109592,0.005823523368129719,0.00923379357488835,0.001091094309431448,0.0007665253519548059
1796,2017-04-25,98.81999969482422,1265.5999755859375,17.58099937438965,2.3269999027252197,10.760000228881836,-0.008027172357523912,-0.015072695315999394,0.006154235193126606,0.009650464629690908,0.0006592297305606663,-0.00037500802623780053
1797,2017-04-26,98.95999908447266,1262.0999755859375,17.35300064086914,2.311000108718872,10.850000381469727,-0.002769317802300099,-0.013053298836511242,0.006082168109398937,0.008806966979856666,0.0002534625995197887,-0.0019543291287880977
1798,2017-04-27,99.08000183105469,1263.699951171875,17.264999389648438,2.2960000038146973,10.359999656677246,0.0012669062050332798,-0.005084143549686345,0.006085577815241762,0.008526614471839384,0.00031758382875627284,-0.002576809682659472
1799,2017-04-28,99.05000305175781,1266.0999755859375,17.19099998474121,2.2820000648498535,10.819999694824219,0.0018974031177029385,-0.004295305318243412,0.00607975787464594,0.008510445790004165,0.0004800672368798532,-0.0027891865899229906
1800,2017-05-01,99.13999938964844,1253.300048828125,16.780000686645508,2.325000047683716,10.109999656677246,-0.01016117866619856,-0.02419824821222256,0.006324710110487333,0.009705701862368165,0.00031640865134830554,-0.003829014624352005
1801,2017-05-02,98.9800033569336,1255.0999755859375,16.768999099731445,2.2960000038146973,10.59000015258789,0.0014351196373916847,-0.0006558518810378114,0.006320379098256684,0.00961847862024532,0.0002968560445616078,-0.0039909984596944005
1802,2017-05-03,99.20999908447266,1246.4000244140625,16.48699951171875,2.309000015258789,10.680000305175781,-0.006955815510367903,-0.016959728115588622,0.00648357351827242,0.010014831694428091,-0.00016780809128834993,-0.00468356207039835
1803,2017-05-04,98.76000213623047,1226.5,16.243999481201172,2.3559999465942383,10.460000038146973,-0.016094831005602106,-0.014848584076727409,0.007293851259463035,0.009930945439903964,-0.0010938565651114436,-0.0056803222908655875
1804,2017-05-05,98.6500015258789,1224.800048828125,16.21500015258789,2.3519999980926514,10.569999694824219,-0.0013869794888681627,-0.0017868287166030517,0.007137383321854279,0.009957255310840915,-0.0007942465634317179,-0.005410237431885148
1805,2017-05-08,99.1500015258789,1225.300048828125,16.198999404907227,2.375999927520752,9.770000457763672,0.0004081465956588177,-0.0009872739679629271,0.007061915195970383,0.009815238992061048,-0.0009618004642259967,-0.005611658267820695
1806,2017-05-09,99.58999633789062,1214.300048828125,16.007999420166016,2.4070000648498535,9.960000038146973,-0.009017932534638276,-0.011860914141692377,0.007203960135429279,0.009908549227105838,-0.001543327032786553,-0.005927591305575129
1807,2017-05-10,99.66999816894531,1217.300048828125,16.150999069213867,2.4140000343322754,10.210000038146973,0.002467512256678818,0.008893348566208173,0.007251910462075596,0.010268222497849437,-0.0013041815848524453,-0.004880166723241896
1808,2017-05-11,99.62000274658203,1222.699951171875,16.208999633789062,2.4000000953674316,10.600000381469727,0.0044261566880950615,0.003584711310849756,0.006249128007129123,0.008972687127915125,-0.001852371885523171,-0.005603167011461074
1809,2017-05-12,99.25,1226.199951171875,16.34600067138672,2.3350000381469727,10.399999618530273,0.0028584282924305183,0.008416639230417099,0.0062349281670400925,0.00932496772876342,-0.0018695984196434468,-0.005322360144624998
1810,2017-05-15,98.91000366210938,1228.5999755859375,16.56100082397461,2.3380000591278076,10.420000076293945,0.0019553733504766723,0.01306732319387546,0.005861963071313699,0.0094782380170006,-0.0021706472097137333,-0.005244066410382822
1811,2017-05-16,98.11000061035156,1235.0,16.69300079345703,2.3289999961853027,10.649999618530273,0.005195680203699949,0.0079389340443016,0.00598883354798983,0.009843464336698343,-0.00205266870232756,-0.004876322207018677
1812,2017-05-17,97.41999816894531,1257.5,16.851999282836914,2.2160000801086426,15.59000015258789,0.018054652911816706,0.009479784154642191,0.007396999267283248,0.01012599023903877,-0.0012777866410776796,-0.003797644828085258
1813,2017-05-18,97.87999725341797,1251.699951171875,16.621000289916992,2.2330000400543213,14.65999984741211,-0.0046230346493643755,-0.013802328028427215,0.007279046263916247,0.010348369214636333,-0.0011166981396685182,-0.004153901047857924
1814,2017-05-19,97.1500015258789,1252.699951171875,16.75,2.244999885559082,12.039999961853027,0.000798594547308718,0.0077312847392898,0.007283818311311682,0.010622418149589854,-0.0010972470710222102,-0.0034061423149171943
1815,2017-05-22,96.9800033569336,1260.699951171875,17.14299964904785,2.253999948501587,10.930000305175781,0.00636590063442143,0.023191648282230325,0.007374424586194006,0.012005994134162451,-0.0009979817179098572,-0.0018710724306084934
1816,2017-05-23,97.3499984741211,1254.800048828125,17.090999603271484,2.2850000858306885,10.720000267028809,-0.004690847276663877,-0.0030379205996529765,0.007195553677326349,0.01198992223063227,-0.0007903445167053656,-0.0020637832018352825
1817,2017-05-24,97.23999786376953,1252.4000244140625,17.07699966430664,2.2660000324249268,10.020000457763672,-0.0019145062835238531,-0.000819476706181698,0.007009396001649413,0.011614230914549408,-0.0004992651798482198,-0.0013850585061296783
1818,2017-05-25,97.25,1255.800048828125,17.152000427246094,2.255000114440918,9.989999771118164,0.0027111286160230396,0.004382300550323961,0.007022662897824749,0.011358797463492483,-0.0002382915408804513,-0.000554791868661335
1819,2017-05-26,97.4000015258789,1267.5999755859375,17.283000946044922,2.25,9.8100004196167,0.009352470994601849,0.007608604359026185,0.007324478921343945,0.011443119986557134,0.0001467353538609091,4.9624698420213994e-05
1820,2017-05-30,97.27999877929688,1262.0999755859375,17.38800048828125,2.2170000076293945,10.380000114440918,-0.0043483486361126054,0.006056927051231492,0.007376459789942376,0.011469537682703023,-0.00015068139632078346,0.0005425881445856856
1821,2017-05-31,96.91999816894531,1272.0,17.368000030517578,2.196000099182129,10.40999984741211,0.007813483979482729,-0.0011509068749465943,0.007197485285365569,0.009991172483395499,0.0007052549201402303,0.0016400805892178743
1822,2017-06-01,97.19999694824219,1267.0,17.243000030517578,2.2170000076293945,9.890000343322754,-0.003938563578928373,-0.007223168545258251,0.007265442747505242,0.010167847949298548,0.0004493652431726085,0.0013273512242549966
1823,2017-06-02,96.72000122070312,1276.800048828125,17.48699951171875,2.1589999198913574,9.75,0.007705084616983541,0.01405145402114623,0.007222557009142001,0.009616114690875704,0.0011475033444750583,0.002804074183147132
1824,2017-06-05,96.80000305175781,1279.300048828125,17.547000885009766,2.181999921798706,10.069999694824219,0.0019561055527115654,0.0034253257565317044,0.006046264648133698,0.00872427974391357,0.0020070717520138046,0.0036742603656832805
1825,2017-06-06,96.63999938964844,1294.4000244140625,17.677000045776367,2.1470000743865967,10.449999809265137,0.011734194674689481,0.007381316577820791,0.006348406560039645,0.008666537079697853,0.002631889569326073,0.004110838713036797
1826,2017-06-07,96.75,1290.0999755859375,17.586999893188477,2.177999973297119,10.390000343322754,-0.0033275703585958936,-0.0051043754624419775,0.006465102069444619,0.00883260876135618,0.0024539982857901344,0.003914786260918747
1827,2017-06-08,96.91999816894531,1276.300048828125,17.384000778198242,2.194000005722046,10.15999984741211,-0.01075441056072261,-0.011609698961576764,0.006628213086861428,0.008810316293018663,0.0023713088559765946,0.0039267488885433
1828,2017-06-09,97.2699966430664,1268.5,17.19300079345703,2.1989998817443848,10.699999809265137,-0.0061302052068687345,-0.011047917331614022,0.006882625317636143,0.009308789048176684,0.0019618937386648065,0.002977164798170814
1829,2017-06-12,97.13999938964844,1266.0999755859375,16.913999557495117,2.2130000591278076,11.460000038146973,-0.00189380979601569,-0.01636071518973175,0.00690761349616651,0.010216926517263867,0.0016609429537071518,0.0020273825838574094
1830,2017-06-13,96.9800033569336,1265.800048828125,16.738000869750977,2.2070000171661377,10.420000076293945,-0.0002369183272036132,-0.010460019624642627,0.006913805552407276,0.010454320520058302,0.001513545495629336,0.0011284940669498034
1831,2017-06-14,96.94000244140625,1272.800048828125,17.10700035095215,2.138000011444092,10.640000343322754,0.0055148644702221845,0.021806121411934738,0.006968594383996939,0.011106863819116757,0.0016830450727600744,0.0015446273154288166
1832,2017-06-15,97.43000030517578,1252.199951171875,16.69099998474121,2.1619999408721924,10.899999618530273,-0.016317271069001,-0.024618105903186235,0.007939963782636932,0.012370075995434226,0.0006586188216790771,-5.707920165842299e-06
1833,2017-06-16,97.16000366210938,1254.0,16.63599967956543,2.1570000648498535,10.380000114440918,0.0014364768755273823,-0.0033006484629381693,0.006876383142818809,0.012193194016565283,-0.00013272289433470034,-0.000614299949574431
1834,2017-06-19,97.52999877929688,1244.199951171875,16.482999801635742,2.190000057220459,10.369999885559082,-0.007845728356542297,-0.00923946790440621,0.007016145296352118,0.011985319416318035,-0.0002861844994384109,-0.0003970208960496213
1835,2017-06-20,97.75,1241.0,16.398000717163086,2.1530001163482666,10.859999656677246,-0.002575207631716499,-0.0051701148059684525,0.007028679648204199,0.011878014770882255,-0.00044684174605865936,-0.0010113732553476333
1836,2017-06-21,97.55999755859375,1243.4000244140625,16.354999542236328,2.1549999713897705,10.75,0.0019320762655520435,-0.002625786907646865,0.0068787949920071445,0.010504343815187316,-0.0006579762398143444,-0.0022407749310560713
1837,2017-06-22,97.54000091552734,1247.5999755859375,16.489999771118164,2.1530001163482666,10.479999542236328,0.003372103694666421,0.008220489690340645,0.006867452715240606,0.010746142554209132,-0.0002740261935605206,-0.001704660155342089
1838,2017-06-23,97.30000305175781,1256.199951171875,16.628000259399414,2.1440000534057617,10.020000457763672,0.0068695659857476036,0.008333914299079226,0.0070281704164280034,0.010967204023736535,0.00014426296211907252,-0.001268784393186807
1839,2017-06-26,97.43000030517578,1246.300048828125,16.559999465942383,2.13700008392334,9.899999618530273,-0.00791205113977467,-0.0040979202832910734,0.007214031755470158,0.010904668834259704,-0.00036160274053796134,-0.001672604432882761
1840,2017-06-27,96.47000122070312,1246.4000244140625,16.576000213623047,2.197999954223633,11.0600004196167,8.021469334752496e-05,0.0009657622573062261,0.006865067451964852,0.010716703988197228,-0.0008031387548834054,-0.001988930247250378
1841,2017-06-28,96.05000305175781,1248.0,16.71500015258789,2.2209999561309814,10.029999732971191,0.0012828542252268432,0.00835065003629849,0.006829552894551291,0.010814054411996229,-0.000534986237676765,-0.0018797053431995688
1842,2017-06-29,95.62999725341797,1244.199951171875,16.586000442504883,2.2669999599456787,11.4399995803833,-0.003049556093049251,-0.007747536292428754,0.006572148222643676,0.010887386237638255,-0.0010522738601782878,-0.002193830553555862
1843,2017-06-30,95.66000366210938,1240.699951171875,16.56800079345703,2.302000045776367,11.180000305175781,-0.002817016742802062,-0.0010858207242148618,0.006552046992604877,0.01082784225598082,-0.0009988668679817968,-0.0019015758954109387
1844,2017-07-03,96.19999694824219,1217.9000244140625,16.03700065612793,2.3459999561309814,11.220000267028809,-0.018547612954424916,-0.03257457854416376,0.007273124738875428,0.012098872054983034,-0.002248995323763152,-0.0041218631604256996
1845,2017-07-05,96.29000091552734,1220.4000244140625,15.842000007629395,2.3340001106262207,11.069999694824219,0.0020506097083853696,-0.012233951916373538,0.0072758854241548555,0.012093021159026504,-0.002244495125873923,-0.004867543049611664
1846,2017-07-06,95.81999969482422,1222.199951171875,15.927000045776367,2.369999885559082,12.539999961853027,0.001473779662321924,0.005351143620099569,0.00660370662801212,0.011997945539468816,-0.002733086316939045,-0.004964217952360294
1847,2017-07-07,96.01000213623047,1208.5999755859375,15.371000289916992,2.3929998874664307,11.1899995803833,-0.011189828782629333,-0.03553314903968865,0.006857107006177526,0.01372837004568658,-0.0031074795752263516,-0.006413207170324421
1848,2017-07-10,96.05000305175781,1212.0999755859375,15.57699966430664,2.371000051498413,11.109999656677246,0.0028917276073374782,0.013312809689798432,0.006741831290076548,0.014321133699809594,-0.002457663471985395,-0.005226421044068459
1849,2017-07-11,95.73999786376953,1213.5999755859375,15.696999549865723,2.361999988555908,10.890000343322754,0.0012367565827513586,0.007674136822726541,0.0067328395668939025,0.014521950244170455,-0.0021068557677177712,-0.004334894655766528
1850,2017-07-12,95.79000091552734,1218.0999755859375,15.83899974822998,2.3269999027252197,10.300000190734863,0.0037011187459087707,0.00900565456809081,0.006851347029070555,0.014526613622074504,-0.0018404305990547018,-0.003126972286346406
1851,2017-07-13,95.7300033569336,1216.300048828125,15.642000198364258,2.3480000495910645,9.899999618530273,-0.0014787438939784538,-0.012515620323773067,0.006842167979247033,0.014585304215535989,-0.001899565149853504,-0.003224858033924046
1852,2017-07-14,95.11000061035156,1226.5999755859375,15.883999824523926,2.319000005722046,9.510000228881836,0.008432590518839307,0.015352685360722356,0.007027373408240502,0.014091156774813854,-0.0017606258142050695,-0.0035321645125532064
1853,2017-07-17,95.12999725341797,1232.800048828125,16.049999237060547,2.309000015258789,9.819999694824219,0.005041950325371254,0.010396499819198355,0.006325875725488689,0.013531856342630882,-0.0007435200335206763,-0.0018648023352967977
1854,2017-07-18,94.66000366210938,1241.0999755859375,16.222000122070312,2.263000011444092,9.890000343322754,0.006710018850761259,0.010659551132282988,0.006518483841674075,0.013798079858573864,-0.000492398987080968,-0.0012000309260005524
1855,2017-07-19,94.80000305175781,1241.199951171875,16.250999450683594,2.2679998874664307,9.789999961853027,8.055077060915145e-05,0.001786058368726154,0.006297133240334041,0.013686189499670794,-0.00011495712388327978,-0.0006750058653752015
1856,2017-07-20,94.2699966430664,1244.800048828125,16.298999786376953,2.2660000324249268,9.579999923706055,0.0028962994150305284,0.002949331589118704,0.006303439475169916,0.013667527524734371,0.00014559083072372152,-0.00028836556084724165
1857,2017-07-21,93.94000244140625,1254.300048828125,16.40999984741211,2.2320001125335693,9.359999656677246,0.00760277330940865,0.006787152672546431,0.006502129452061609,0.013741190598853347,0.00041562402328832186,0.000159869657257201
1858,2017-07-24,93.9800033569336,1253.9000244140625,16.398000717163086,2.253999948501587,9.430000305175781,-0.0003189732922199768,-0.0007314758947546837,0.006468013006876757,0.013616921830359606,0.00023985845248420767,-0.0002664144182235289
1859,2017-07-25,94.05000305175781,1251.699951171875,16.496999740600586,2.3259999752044678,9.430000305175781,-0.001756125342464039,0.006019110560976715,0.006297586029034598,0.013553040645884105,-0.00017088875362110864,-0.0003766431676569818
1860,2017-07-26,93.66999816894531,1249.0,16.415000915527344,2.2820000648498535,9.600000381469727,-0.0021593571989522043,-0.004982923742371877,0.006064834404871723,0.013566559688478991,0.00010304905308472311,-0.0004187861895179724
1861,2017-07-27,93.86000061035156,1259.5999755859375,16.52899932861328,2.309999942779541,10.109999656677246,0.008450959718898568,0.006920766589121914,0.006332435477252682,0.013658869327100613,0.0005016559590633442,-0.00013521455466960645
1862,2017-07-28,93.26000213623047,1268.4000244140625,16.663999557495117,2.2890000343322754,10.289999961853027,0.0069620920676366025,0.008134304087627001,0.006486855374349984,0.013652228824954923,0.0007720958563209517,-0.00014551674270158209
1863,2017-07-31,92.86000061035156,1266.5999755859375,16.75,2.2920000553131104,10.260000228881836,-0.0014201571050572992,0.005147580866946724,0.0064484896550058585,0.013583031566845243,0.0008496862843205685,0.0004685364553639169
1864,2017-08-01,93.02999877929688,1272.5999755859375,16.72800064086914,2.250999927520752,10.09000015258789,0.004725906807239984,-0.0013142578335803882,0.006444111390353031,0.013584430012378296,0.0012088731200368564,0.0004576584977750822
1865,2017-08-02,92.83000183105469,1271.800048828125,16.69700050354004,2.26200008392334,10.279999732971191,-0.0006287743880614377,-0.0018549077131597977,0.004627633776357396,0.011313743954434151,0.002062151147006546,0.001920499965918128
1866,2017-08-03,92.80999755859375,1267.800048828125,16.5939998626709,2.2279999256134033,10.4399995803833,-0.003150104862108906,-0.0061879167580704345,0.004765392921402004,0.01100834516759134,0.0018144980722211042,0.0022084064020277995
1867,2017-08-04,93.54000091552734,1258.300048828125,16.222000122070312,2.2669999599456787,10.029999732971191,-0.0075215109613676855,-0.02267282279312647,0.005183489472557995,0.012238208129657134,0.001386150899664456,0.0008739318109217977
1868,2017-08-07,93.43000030517578,1258.199951171875,16.22100067138672,2.256999969482422,9.930000305175781,-7.955307474891721e-05,-6.161271519073542e-05,0.004332933617291534,0.00897485031346787,0.0019152116476587617,0.002563052588278841
1869,2017-08-08,93.63999938964844,1256.4000244140625,16.360000610351562,2.2829999923706055,10.960000038146973,-0.0014315812317578045,0.008532628024205539,0.004386591308799619,0.008746282680019968,0.0017093397981780337,0.002335424889917275
1870,2017-08-09,93.5199966430664,1273.0,16.833999633789062,2.240999937057495,11.109999656677246,0.013125811461155778,0.028561260552987487,0.0050409583512366464,0.010412653291365976,0.0022754852685782445,0.00333004982945351
1871,2017-08-10,93.4000015258789,1283.699951171875,17.035999298095703,2.2119998931884766,16.040000915527344,0.008370175496451656,0.011928081824587296,0.005207206259461682,0.010511360383003125,0.0024978213043183816,0.0034692130321438194
1872,2017-08-11,93.06999969482422,1287.699951171875,17.041000366210938,2.188999891281128,15.510000228881836,0.003111148307012124,0.00029351575551872814,0.0051276692759641635,0.009890730639723753,0.0027163875996036473,0.004079171893062476
1873,2017-08-14,93.45999908447266,1284.199951171875,17.093000411987305,2.2190001010894775,12.329999923706055,-0.0027217250231354575,0.0030468204615757737,0.005083469457604758,0.009548019526743022,0.002185229716652468,0.003493178326436448
1874,2017-08-15,93.8499984741211,1273.699951171875,16.690000534057617,2.2660000324249268,12.039999961853027,-0.008209906077677841,-0.023859277404420086,0.005515291326207184,0.011108365224341433,0.0015541889355548922,0.0018619508395974753
1875,2017-08-16,93.48999786376953,1276.9000244140625,16.91699981689453,2.2260000705718994,11.739999771118164,0.0025092722903703076,0.013509252996997333,0.005393783791125371,0.011237861742758249,0.0013541533850600848,0.0019976509283933966
1876,2017-08-17,93.62000274658203,1286.4000244140625,17.030000686645508,2.1989998817443848,15.550000190734863,0.007412353852867797,0.006657512324956429,0.005542463455320083,0.011283461829511746,0.0017032868651676396,0.002229624926309124
1877,2017-08-18,93.43000030517578,1285.699951171875,16.979999542236328,2.194000005722046,14.260000228881836,-0.0005443592909452205,-0.002940381070146139,0.005556270947240336,0.01133774527386838,0.0015394459744068896,0.0019491624187250836
1878,2017-08-21,93.0999984741211,1290.800048828125,16.9950008392334,2.180000066757202,13.1899995803833,0.003958939893256818,0.0008830786050628394,0.005412488735712133,0.011284856742175015,0.0013659300974472786,0.0016680160345591982
1879,2017-08-22,93.55000305175781,1285.0999755859375,16.961999893188477,2.2149999141693115,11.350000381469727,-0.004425701690303351,-0.0019436908868708852,0.005548881328660218,0.011300833430908982,0.0011703716023004514,0.0016102915111250934
1880,2017-08-23,93.1500015258789,1288.9000244140625,17.031999588012695,2.1710000038146973,12.25,0.0029526430372122,0.004118361759761311,0.005519773336715176,0.011271329591789059,0.0013945986679993199,0.0015197796634481696
1881,2017-08-24,93.27999877929688,1286.5,16.95199966430664,2.194000005722046,12.229999542236328,-0.0018638076307166027,-0.004708102238746644,0.005510627929624974,0.011263558896328744,0.0014086724569629197,0.0015328664017160375
1882,2017-08-25,92.73999786376953,1292.5,17.038000106811523,2.1689999103546143,11.279999732971191,0.004652974660785244,0.0050603487262499865,0.005327218788737111,0.011226317353555658,0.0012278160256241901,0.0014442750749126124
1883,2017-08-28,92.20999908447266,1309.699951171875,17.430999755859375,2.1589999198913574,11.319999694824219,0.013219738670856719,0.022804066336944852,0.005816548865449557,0.012086853416694849,0.0015257991972061004,0.002142835182022986
1884,2017-08-29,92.3499984741211,1313.0999755859375,17.422000885009766,2.135999917984009,11.699999809265137,0.002592669218827388,-0.0005163900315099798,0.005780733380709077,0.012079643716646734,0.0017168861650101333,0.0018731222820964767
1885,2017-08-30,92.87999725341797,1308.0999755859375,17.40399932861328,2.1429998874664307,11.220000267028809,-0.003815051241845523,-0.0010337999132438262,0.0058583785386171075,0.01207609809813559,0.0013101738769584425,0.0018864774211601225
1886,2017-08-31,92.66999816894531,1316.199951171875,17.479999542236328,2.121000051498413,10.59000015258789,0.006173075893794918,0.004357317757678429,0.005933368244440989,0.012055936903874307,0.0016340715094277924,0.002182297681676228
1887,2017-09-01,92.80999755859375,1324.5,17.7189998626709,2.1570000648498535,10.130000114440918,0.006286269787906836,0.01358015838600969,0.0059102095298120775,0.012141158537526713,0.002083422683238066,0.0031236345932990914
1888,2017-09-05,92.30999755859375,1339.199951171875,17.844999313354492,2.069999933242798,12.229999542236328,0.011037354562418965,0.007085816038263555,0.005788472078208264,0.010621266325641808,0.002967178184370764,0.004540712632889092
1889,2017-09-06,92.29000091552734,1333.9000244140625,17.81599998474121,2.1080000400543213,11.630000114440918,-0.003965383824776996,-0.0016263893652082645,0.005950575569803905,0.010660584222206382,0.002782138624845617,0.004466199459078734
1890,2017-09-07,91.52999877929688,1345.0999755859375,18.016000747680664,2.061000108718872,11.550000190734863,0.008361341114399392,0.011163364359602948,0.005987454917241468,0.01072601448571152,0.0032484682603769123,0.004591472617907182
1891,2017-09-08,91.33000183105469,1346.0,18.027000427246094,2.061000108718872,12.119999885559082,0.0006688896405072527,0.0006103642620398732,0.0055619032887061,0.00923321103439992,0.0026552815070126964,0.0032604775564334864
1892,2017-09-11,91.86000061035156,1331.0,17.80699920654297,2.125,10.729999542236328,-0.011206691809561442,-0.012279063859782155,0.00616416854486778,0.009600754171449368,0.0017230497305358828,0.0021077563333682745
1893,2017-09-12,91.91000366210938,1328.0,17.795000076293945,2.1710000038146973,10.579999923706055,-0.002256488358732504,-0.0006740706109247097,0.006214810557985967,0.009612211304950019,0.0014674479845480431,0.002061680792109063
1894,2017-09-13,92.5199966430664,1323.4000244140625,17.77199935913086,2.194999933242798,10.5,-0.003469850010435886,-0.0012933742364844816,0.006242108996500402,0.009636599513537895,0.0014318229851527846,0.001855004854106194
1895,2017-09-14,92.12000274658203,1324.699951171875,17.697999954223633,2.197000026702881,10.4399995803833,0.000981780804511102,-0.004172512754421832,0.005841638886136632,0.007790802293864976,0.0018695223604951153,0.002792469837439444
1896,2017-09-15,91.87000274658203,1320.4000244140625,17.611000061035156,2.2019999027252197,10.170000076293945,-0.0032512423615178305,-0.004927925979942056,0.005944441440689317,0.007558108082100605,0.0015952121389766324,0.0019145089337756637
1897,2017-09-18,92.05000305175781,1306.300048828125,17.070999145507812,2.2290000915527344,10.149999618530273,-0.010735988597467801,-0.031142642935266442,0.006361065689279424,0.010355526556386456,0.0007310053556273181,0.00011450154043171722
1898,2017-09-19,91.79000091552734,1306.199951171875,17.19499969482422,2.243000030517578,10.180000305175781,-7.662978472650562e-05,0.007237558792869786,0.006357194491060069,0.01044320679441157,0.0007532781892567808,0.0005991653434324756
1899,2017-09-20,92.51000213623047,1312.0,17.250999450683594,2.2769999504089355,9.779999732971191,0.004430569417291893,0.0032514548327311956,0.006369905994769145,0.010459202385378822,0.0007757367380203557,0.0007119451637976354
1900,2017-09-21,92.26000213623047,1290.5999755859375,16.937000274658203,2.2780001163482666,9.670000076293945,-0.01644548291912643,-0.018369486843578066,0.007328539157946095,0.011251886494766838,0.00020336620331449484,-7.023559604556377e-05
1901,2017-09-22,92.16999816894531,1293.300048828125,16.902999877929688,2.26200008392334,9.59000015258789,0.0020899215909679653,-0.0020094803792180278,0.007314761956525166,0.011217234952763368,0.000162284229683817,-0.0003620376026636275
1902,2017-09-25,92.6500015258789,1306.800048828125,17.05900001525879,2.2200000286102295,10.210000038146973,0.010384308915688903,0.009186810846626717,0.007626781608015743,0.011356992747377618,0.0007455278747507459,0.0002996249252112944
1903,2017-09-26,92.97000122070312,1297.0,16.804000854492188,2.2290000915527344,10.170000076293945,-0.007527532775120786,-0.0150609204351967,0.007776459211685589,0.011776307230445536,0.000165503711136173,-0.0006585307491433096
1904,2017-09-27,93.36000061035156,1283.4000244140625,16.74799919128418,2.309000015258789,9.869999885559082,-0.0105410799770725,-0.0033382042880686575,0.007505996422650521,0.010482775631379697,-0.0009659638435271231,-0.0019034007789058578
1905,2017-09-28,93.08999633789062,1285.5,16.773000717163086,2.309000015258789,9.550000190734863,0.0016349223665728455,0.0014916936000240228,0.007486176279611312,0.010505195254596467,-0.0010115708364916254,-0.00180777774883281
1906,2017-09-29,93.08000183105469,1281.5,16.60700035095215,2.3259999752044678,9.510000228881836,-0.0031164809018184073,-0.009946179112212503,0.007474639160749547,0.01065137239256354,-0.0009783055822046196,-0.002232176758307509
1907,2017-10-02,93.55999755859375,1272.699951171875,16.584999084472656,2.3369998931884766,9.449999809265137,-0.006890677171902543,-0.0013256971605168962,0.007392874094381492,0.010547267437740383,-0.0016003890615235465,-0.00250279651631681
1908,2017-10-03,93.56999969482422,1271.5,16.58099937438965,2.3340001106262207,9.510000228881836,-0.0009432837700489293,-0.00024119340820438173,0.00717229136590178,0.009905184911945272,-0.0019446535166642968,-0.003160956125565099
1909,2017-10-04,93.45999908447266,1273.699951171875,16.562999725341797,2.3299999237060547,9.630000114440918,0.0017287063978827545,-0.0010861484012978145,0.0065942022764368235,0.00963945590362698,-0.002387922476880307,-0.0035500972893537353
1910,2017-10-05,93.95999908447266,1269.9000244140625,16.582000732421875,2.3499999046325684,9.1899995803833,-0.0029878358398845554,0.0011465384763395183,0.006585955056882036,0.009686004823213714,-0.0023413725728378097,-0.0034180531064228895
1911,2017-10-06,93.80000305175781,1271.5999755859375,16.733999252319336,2.369999885559082,9.649999618530273,0.0013377544169920026,0.009124719329354042,0.006181160453634233,0.009541696090053427,-0.002675829082238162,-0.003515131441196647
1912,2017-10-09,93.73999786376953,1281.800048828125,16.916000366210938,2.3610000610351562,10.329999923706055,0.007989447326364975,0.010817408065957618,0.0065732181500022975,0.01001079449593348,-0.002327231097197318,-0.0030290817362481825
1913,2017-10-10,93.29000091552734,1290.5999755859375,17.155000686645508,2.3450000286102295,10.079999923706055,0.006841829421378427,0.014029775077349607,0.006533983939411218,0.010432647777760986,-0.0014677777052478002,-0.0017762798820990505
1914,2017-10-11,92.95999908447266,1285.800048828125,17.08099937438965,2.3450000286102295,9.850000381469727,-0.003726076902423367,-0.0043230183065551386,0.006550701988239658,0.010443753552741396,-0.0015377581120902225,-0.0019500392961766904
1915,2017-10-12,93.12000274658203,1293.300048828125,17.211000442504883,2.322999954223633,9.90999984741211,0.005815998493391344,0.007582041968601976,0.006724851824021414,0.010649220708102147,-0.0010955748500032112,-0.0015274004292678113
1916,2017-10-13,93.08999633789062,1301.5,17.354999542236328,2.2799999713897705,9.609999656677246,0.006320316258744202,0.008331882938848548,0.0069057785025732205,0.010841773777935992,-0.0008413588759921116,-0.0009319530153025551
1917,2017-10-16,93.27999877929688,1299.9000244140625,17.315000534057617,2.306999921798706,9.90999984741211,-0.0012300882391540026,-0.0023074142392529684,0.006884564546068003,0.010808511143512872,-0.0007451134415938339,-0.000807166741936408
1918,2017-10-17,93.48999786376953,1283.0,16.98699951171875,2.2980000972747803,10.3100004196167,-0.013086271579829653,-0.019124891805258167,0.007071662244705193,0.009340499862267645,-0.0008570316788491602,-0.00023489287860268063
1919,2017-10-18,93.36000061035156,1279.9000244140625,16.94300079345703,2.3389999866485596,10.069999694824219,-0.002419116678913994,-0.0025935008858335,0.007077209630642123,0.009192447669104951,-0.0009685786738104692,-0.0007030385775885514
1920,2017-10-19,93.2699966430664,1286.9000244140625,17.201000213623047,2.321000099182129,10.050000190734863,0.005454275534116093,0.015112718076543592,0.007119656858492956,0.00979240144261022,-0.0009198307634855071,-0.00013821651835938968
1921,2017-10-20,93.69999694824219,1277.4000244140625,17.02199935913086,2.38100004196167,9.970000267028809,-0.007409463231041783,-0.010460946678169578,0.0063677768950490534,0.00918973265893245,-0.0004895441116719526,0.00023838063237434782
1922,2017-10-23,93.94000244140625,1277.699951171875,17.02400016784668,2.375999927520752,11.069999694824219,0.00023476714183852992,0.00011753561334216931,0.006343022739840979,0.00917542918148859,-0.0005778847997257353,0.00033966710821054766
1923,2017-10-24,93.95999908447266,1275.0,16.906999588012695,2.4059998989105225,11.15999984741211,-0.0021153697891088514,-0.006896410031673478,0.005828519644386531,0.0090706704674546,-0.001173107595192295,-0.0004262005526608902
1924,2017-10-25,93.70999908447266,1275.4000244140625,16.868000030517578,2.444000005722046,11.229999542236328,0.000313695430923488,-0.002309375293462206,0.005649499262348268,0.008447394947146043,-0.0007997157758568534,0.00018101588265980004
1925,2017-10-26,94.61000061035156,1266.300048828125,16.763999938964844,2.4519999027252197,11.300000190734863,-0.007160573007206216,-0.006184611271534756,0.005400735988115342,0.008529126905011541,-0.0006387392534822683,4.5472692970938174e-05
1926,2017-10-27,94.91999816894531,1268.5,16.70199966430664,2.427999973297119,9.800000190734863,0.0017357990230928244,-0.003705273789932429,0.0054029038236614495,0.008560404610417995,-0.0006339356031717932,-0.00020200194464603568
1927,2017-10-30,94.48999786376953,1274.0999755859375,16.802000045776367,2.369999885559082,10.5,0.004404927786188189,0.005969477035069112,0.0054788713366787705,0.008356693170819943,-0.0002757732846952886,0.0005558864433197555
1928,2017-10-31,94.55000305175781,1267.0,16.645000457763672,2.375999927520752,10.180000305175781,-0.005588126504385657,-0.009388031138554557,0.005407143300644794,0.008628245066101653,-0.00021374706243257977,0.0001719657776989145
1929,2017-11-01,94.81999969482422,1274.0999755859375,17.131999969482422,2.375999927520752,10.199999809265137,0.005588126504385709,0.028838159443244027,0.005549063391028385,0.010654213094486834,9.727247444526015e-05,0.0015566968658631245
1930,2017-11-02,94.69000244140625,1274.9000244140625,17.0939998626709,2.3469998836517334,9.930000305175781,0.0006277354683380319,-0.0022205412617385648,0.005538069085364671,0.010671145092221524,4.484528732408288e-05,0.0015026781582230888
1931,2017-11-03,94.94000244140625,1266.5,16.79400062561035,2.3429999351501465,9.140000343322754,-0.006610572852132713,-0.017705799696679264,0.00569155803209991,0.011465995858905806,-0.00012766599897344843,0.0006049477690317183
1932,2017-11-06,94.72000122070312,1279.4000244140625,17.19499969482422,2.319999933242798,9.399999618530273,0.010134046656738413,0.023596909122905664,0.006112885709883834,0.012400506971827461,0.0002912050600620949,0.0012940996639627478
1933,2017-11-07,94.91000366210938,1273.699951171875,16.905000686645508,2.306999921798706,9.890000343322754,-0.004465224838411223,-0.01700914935854899,0.0059300991269533795,0.012811898244867845,-0.00030187456683200976,-3.097449910899545e-05
1934,2017-11-08,94.87000274658203,1281.5999755859375,17.106000900268555,2.325000047683716,9.779999732971191,0.006183266004363352,0.011819855009663196,0.005892051433969919,0.012699211894373856,-0.0003332347295470133,-0.00013620878804644358
1935,2017-11-09,94.44000244140625,1285.5999755859375,16.94300079345703,2.3310000896453857,10.5,0.0031162381684789577,-0.009574515780473565,0.005884231016888586,0.012836741546941362,-7.410202361188303e-06,-0.0003862800963282734
1936,2017-11-10,94.38999938964844,1272.4000244140625,16.8439998626709,2.4000000953674316,11.289999961853027,-0.010320616370498838,-0.005860313860249526,0.006134060995237963,0.012754420692944652,-0.0007758204339750065,-0.0010263922786545355
1937,2017-11-13,94.48999786376953,1277.300048828125,17.023000717163086,2.4000000953674316,11.5,0.0038436132139390324,0.010570910814815128,0.006013426640165514,0.012845595241668813,-0.0008937586742038242,-0.0009197719036085079
1938,2017-11-14,93.83000183105469,1281.5,17.052000045776367,2.38100004196167,11.59000015258789,0.0032827535277863674,0.0017020886259816645,0.006081062154544084,0.012853733726896993,-0.0006788614472066636,-0.000728843195740192
1939,2017-11-15,93.80999755859375,1276.5,16.950000762939453,2.3350000381469727,13.130000114440918,-0.003909309122587321,-0.00599962274984448,0.005440900607184101,0.012217881292967464,-0.00024186323495702875,-0.00010383038357763554
1940,2017-11-16,93.93000030517578,1277.4000244140625,17.055999755859375,2.3610000610351562,11.760000228881836,0.0007048235582582072,0.006234154831737448,0.005421065657509463,0.012279644191846364,-9.310417604406681e-05,0.00031653417440193337
1941,2017-11-17,93.66000366210938,1295.800048828125,17.357999801635742,2.3540000915527344,11.430000305175781,0.01430152145789673,0.017551450124850872,0.006166293703788614,0.012437092283024448,0.00032819324889786825,0.0004326642719403753
1942,2017-11-20,94.08000183105469,1274.5999755859375,16.82699966430664,2.371999979019165,10.649999618530273,-0.016495917971793554,-0.031068764549600114,0.006998969026030885,0.014048258944649178,-0.00010449507209031132,-0.0005486603886039358
1943,2017-11-21,93.94999694824219,1281.0999755859375,16.948999404907227,2.36299991607666,9.729999542236328,0.005086680079378604,0.007224080680503345,0.007090217014779557,0.014150332805609614,0.00012654840112588268,-0.00021025348064387987
1944,2017-11-22,93.22000122070312,1291.5999755859375,17.10099983215332,2.322000026702881,9.880000114440918,0.008162676176655977,0.008928131590768287,0.007279925504203909,0.014197744865738502,0.0006159791614003983,0.0005432961204247756
1945,2017-11-24,92.76000213623047,1286.699951171875,16.981000900268555,2.3399999141693115,9.670000076293945,-0.0038009777393278247,-0.0070418065355054025,0.007343562567915452,0.014282592134953774,0.00042004234376938343,0.000317942251756052
1946,2017-11-27,92.9000015258789,1293.800048828125,17.009000778198242,2.328000068664551,9.869999885559082,0.00550289910736466,0.0016475365037092596,0.007208646090552555,0.014206358272170804,0.0010230648254156156,0.0006909016696248146
1947,2017-11-28,93.26000213623047,1294.699951171875,16.81100082397461,2.3380000591278076,10.029999732971191,0.000695308000776598,-0.011709178419163491,0.0072070779455628,0.014435714980480595,0.0009735176338767477,0.0003097633539471451
1948,2017-11-29,93.26000213623047,1282.0999755859375,16.457000732421875,2.375999927520752,10.699999809265137,-0.009779630834338625,-0.021282519946503112,0.007526998216838899,0.015110635951620122,0.00029806246147070896,-0.0009879507880324846
1949,2017-11-30,93.01000213623047,1273.199951171875,16.381999969482422,2.4170000553131104,11.279999732971191,-0.00696596145918346,-0.004567793887894774,0.007586641103661382,0.015012950892976303,0.00023245127314700404,-0.0007584156808582091
1950,2017-12-01,92.9000015258789,1278.800048828125,16.297000885009766,2.361999988555908,11.430000305175781,0.004388798311228533,-0.005202073131615075,0.007548728149700501,0.013409669551718385,0.0001753404068061861,-0.0023793791368038808
1951,2017-12-04,93.19000244140625,1274.300048828125,16.284000396728516,2.378999948501587,11.680000305175781,-0.0035251298326162196,-0.0007980410951031794,0.0075905648681376375,0.013414104131089385,-2.241508371544492e-05,-0.002311641033630767
1952,2017-12-05,93.37999725341797,1261.5999755859375,15.972999572753906,2.3559999465942383,11.329999923706055,-0.010016309238676628,-0.019283284944018465,0.007772564771981922,0.013508704361986121,-0.0001845930068842028,-0.0023867593787421574
1953,2017-12-06,93.61000061035156,1262.800048828125,15.868000030517578,2.3299999237060547,11.020000457763672,0.000950779053228449,-0.006595265484502217,0.007413009439978498,0.012142599379545316,-0.000621891464194201,-0.0038244819790949143
1954,2017-12-07,93.80000305175781,1249.800048828125,15.71500015258789,2.375999927520752,10.15999984741211,-0.010347938786658826,-0.009688824616070799,0.007672128270812149,0.011846640209877302,-0.0009020206998250393,-0.0034758950865959527
1955,2017-12-08,93.9000015258789,1245.199951171875,15.736000061035156,2.382999897003174,9.579999923706055,-0.003687457209357425,0.0013354050062256533,0.007517143184409165,0.011381590093883568,-0.0013720551385736478,-0.003975154610569169
1956,2017-12-11,93.87000274658203,1243.699951171875,15.696999549865723,2.384999990463257,9.34000015258789,-0.0012053519550518667,-0.002481502348836802,0.007446954096080167,0.011312148908602293,-0.0015778451444560682,-0.003637392066205514
1957,2017-12-12,94.0999984741211,1238.5,15.581999778747559,2.4030001163482666,9.920000076293945,-0.004189798469908035,-0.007353194907183126,0.0072032593453430355,0.011331491384149895,-0.001285901434904125,-0.0037084816398690185
1958,2017-12-13,93.43000030517578,1245.4000244140625,15.784000396728516,2.3489999771118164,10.180000305175781,0.005555813112327661,0.012880406145732923,0.007273570099963904,0.011487145206457387,-0.0012043681064094283,-0.0035985056717300753
1959,2017-12-14,93.48999786376953,1253.800048828125,15.850000381469727,2.3459999561309814,10.489999771118164,0.006722195742235451,0.004172730535613332,0.0074169713220181895,0.011556589553361514,-0.0010405851438166148,-0.003480856056985711
1960,2017-12-15,93.93000030517578,1254.300048828125,15.977999687194824,2.3550000190734863,9.420000076293945,0.00039870817523665717,0.008043232091827801,0.0073931978781142695,0.011807127304152912,-0.0008354414629678541,-0.0028121486835727444
1961,2017-12-18,93.69999694824219,1262.199951171875,16.1200008392334,2.3919999599456787,9.529999732971191,0.006278504505989414,0.008848032657498199,0.007549648928002822,0.01192049490331245,-0.0005700280845044632,-0.0026876783109174704
1962,2017-12-19,93.47000122070312,1260.699951171875,16.06599998474121,2.4630000591278076,10.029999732971191,-0.001189107958943395,-0.003355552338241915,0.006736978570600255,0.010981742334241179,-0.001307677104353993,-0.0036832498567790323
1963,2017-12-20,93.3499984741211,1266.0999755859375,16.187999725341797,2.496999979019165,9.720000267028809,0.004274206737060993,0.007564973244976704,0.005863742857816492,0.009266754677118669,-0.0003186235467894907,-0.0018435480570372787
1964,2017-12-21,93.27999877929688,1267.300048828125,16.152000427246094,2.4809999465942383,9.619999885559082,0.0009474013739520169,-0.0022263025847141958,0.005741250868946379,0.00903085436179465,-0.0005157320565717091,-0.0022935663077619235
1965,2017-12-22,93.3499984741211,1275.4000244140625,16.35700035095215,2.484999895095825,9.899999618530273,0.006371182406177087,0.012612054270038921,0.005617834196597404,0.009291747358364555,-0.0006010412837373706,-0.0021181414182728456
1966,2017-12-26,93.26000213623047,1284.0999755859375,16.520000457763672,2.4670000076293945,10.25,0.006798190801191451,0.009915834070331461,0.005789475911042179,0.00957499884850594,-9.631897228407178e-05,-0.0013106347227568047
1967,2017-12-27,93.02999877929688,1287.0,16.618999481201172,2.4140000343322754,10.470000267028809,0.002255863771485303,0.005974792125677894,0.005674680995758686,0.009687742391665036,-0.0002509397025640412,-0.0011045749312344887
1968,2017-12-28,92.5999984741211,1294.0999755859375,16.832000732421875,2.431999921798706,10.180000305175781,0.005501525365828419,0.01273529214078067,0.005810058393844175,0.009817528830887217,-2.207220899014497e-05,5.9447476381900035e-05
1969,2017-12-29,92.12000274658203,1306.300048828125,17.059999465942383,2.4049999713897705,11.039999961853027,0.009383296909513904,0.013454630689910239,0.005704822638936888,0.00892795706747236,0.0008904481597647373,0.0017135975066872979
1970,2018-01-02,91.8499984741211,1313.699951171875,17.121000289916992,2.4649999141693115,9.770000457763672,0.005648795435594413,0.0035692863972296173,0.005496548939505999,0.008817604820470766,0.0014911508690398745,0.0021010775202646497
1971,2018-01-03,92.16000366210938,1316.199951171875,17.184999465942383,2.447000026702881,9.149999618530273,0.0019012136171542553,0.0037310820687379985,0.005457646586595127,0.008661766392302622,0.0013726944550363374,0.0025264658631386056
1972,2018-01-04,91.8499984741211,1319.4000244140625,17.18899917602539,2.453000068664551,9.220000267028809,0.0024283463684654956,0.00023271718502801842,0.0053439500359613945,0.008644889483737574,0.0016561933217545141,0.0025755495907639004
1973,2018-01-05,91.94999694824219,1320.300048828125,17.204999923706055,2.4760000705718994,9.220000267028809,0.0006819141750703172,0.0009304384051768913,0.004639007701455217,0.007071503167807434,0.00216563253193294,0.003538107845487489
1974,2018-01-08,92.33000183105469,1318.5999755859375,17.06399917602539,2.4800000190734863,9.520000457763672,-0.0012884713036933884,-0.008229101933297116,0.004693740725580971,0.007196450502392459,0.00205900156255571,0.003460306109830589
1975,2018-01-09,92.52999877929688,1311.699951171875,16.93600082397461,2.5460000038146973,10.079999923706055,-0.005246580568031189,-0.007529350396922217,0.004115969935475252,0.0070122351810109765,0.0023019233824903593,0.0035631382155043314
1976,2018-01-10,92.33000183105469,1317.4000244140625,16.96299934387207,2.549999952316284,9.819999694824219,0.004336147142567866,0.001592880348819841,0.0038988711621400374,0.007008369313363338,0.002683999780201087,0.0035753989461040545
1977,2018-01-11,91.8499984741211,1320.5999755859375,16.893999099731445,2.5309998989105225,9.880000114440918,0.002426044534775419,-0.004075986817583101,0.0037969425625070433,0.007085483024146392,0.0028569234225738153,0.0034994711142589926
1978,2018-01-12,90.97000122070312,1333.4000244140625,17.069000244140625,2.552000045776367,10.15999984741211,0.009645929220218629,0.010305491069299417,0.0037125070918755873,0.006774119619911314,0.003515767598294133,0.004340360922662923
1979,2018-01-16,90.38999938964844,1335.4000244140625,17.121999740600586,2.5439999103546143,11.65999984741211,0.0014988012123869202,0.0031002040848737197,0.003706593904700514,0.006487775717247382,0.0033225765554398116,0.003874637015002961
1980,2018-01-17,90.54000091552734,1338.0,17.104999542236328,2.578000068664551,11.90999984741211,0.0019450709821960197,-0.00099337950264137,0.0036333880053871603,0.006573288789014697,0.003095094424009362,0.0036286317750860706
1981,2018-01-18,90.5,1326.0,16.89299964904785,2.6110000610351562,12.220000267028809,-0.009009069942365968,-0.012471477502000816,0.004466855039979299,0.007361544332058121,0.002647104989837809,0.002651740842046612
1982,2018-01-19,90.56999969482422,1331.9000244140625,16.975000381469727,2.63700008392334,11.270000457763672,0.004439620791428774,0.004842381751616359,0.004409767034241116,0.007243919917354926,0.0025595390986682546,0.002460995560814144
1983,2018-01-22,90.4000015258789,1330.9000244140625,16.930999755859375,2.6649999618530273,11.029999732971191,-0.0007510891007015731,-0.002595449190848773,0.004392150236628237,0.007215245689570509,0.0025803971395369127,0.002497190948785246
1984,2018-01-23,90.12000274658203,1335.699951171875,16.854999542236328,2.624000072479248,11.100000381469727,0.003600038990317503,-0.004498925199255031,0.004381601930880466,0.007271616969054891,0.0025482939135015085,0.0019227195942980206
1985,2018-01-24,89.20999908447266,1355.9000244140625,17.424999237060547,2.6540000438690186,11.470000267028809,0.015009996047209607,0.033258591335300756,0.00513460267833086,0.00990527611156903,0.0032179412788947265,0.003612476447632066
1986,2018-01-25,89.38999938964844,1362.4000244140625,17.551000595092773,2.621000051498413,11.579999923706055,0.0047824097943095206,0.007205049389640797,0.005097388181662235,0.009728339786457449,0.0031422854402343666,0.0033550000247559645
1987,2018-01-26,89.06999969482422,1351.5999755859375,17.381999969482422,2.6619999408721924,11.079999923706055,-0.007958810491319437,-0.009675775992472409,0.005564018582973393,0.010003226491447205,0.0024395710929719433,0.002422066212241495
1988,2018-01-30,89.19000244140625,1335.4000244140625,17.01300048828125,2.7260000705718994,14.789999961853027,-0.012058167071074382,-0.02145739985908906,0.006401406026152871,0.011231792626134286,0.0017579505766595774,0.0011157713558240208
1989,2018-01-31,89.12999725341797,1339.0,17.20400047302246,2.7200000286102295,13.539999961853027,0.0026921759851948287,0.011164156015921902,0.006348395767756021,0.011155497606125156,0.001624172034724645,0.001040955349878365
1990,2018-02-01,88.66999816894531,1344.300048828125,17.118000030517578,2.7730000019073486,13.470000267028809,0.003950401091376265,-0.0050113991742061804,0.0061230889201225784,0.010851719621305123,0.001365462710051424,0.00016162059444424991
1991,2018-02-02,89.19999694824219,1333.699951171875,16.676000595092773,2.8540000915527344,17.309999465942383,-0.007916469765226359,-0.02615994753806276,0.006359595124877429,0.012235853302557977,0.00071949770048853,-0.0012540572119982443
1992,2018-02-05,89.55000305175781,1333.0,16.638999938964844,2.7939999103546143,37.31999969482422,-0.0005249568386138391,-0.0022212619389607507,0.006359091591936693,0.012183428971976442,0.0006039657740233825,-0.0015375021647458039
1993,2018-02-06,89.58999633789062,1326.0999755859375,16.54800033569336,2.7679998874664307,29.979999542236328,-0.005189755905578952,-0.005484064879968533,0.006466205105960092,0.012205745049955889,0.00024119899906888508,-0.001809729882126592
1994,2018-02-07,90.26000213623047,1311.5999755859375,16.20599937438965,2.8440001010894775,27.729999542236328,-0.010994537916590984,-0.02088376345029552,0.006912999945330505,0.012871003277241791,-0.0003148225291054626,-0.0028485013990538497
1995,2018-02-08,90.2300033569336,1316.9000244140625,16.31399917602539,2.8510000705718994,33.459999084472656,0.0040327608986760796,0.006642078936270755,0.00697279175397686,0.012968892997581588,-6.143051946882127e-05,-0.0021403499290744274
1996,2018-02-09,90.44000244140625,1313.0999755859375,16.115999221801758,2.8289999961853027,29.059999465942383,-0.002889772982946634,-0.012211065329385741,0.006903787855052787,0.013105681894406529,5.079841315425278e-05,-0.0023632887353822137
1997,2018-02-12,90.20999908447266,1324.199951171875,16.54800033569336,2.8570001125335693,25.610000610351562,0.008417731344798464,0.026452749843410443,0.0070855267499739,0.014526633416114605,0.00024515956564142406,-0.001179485426115995
1998,2018-02-13,89.69999694824219,1328.0999755859375,16.506999969482422,2.8399999141693115,24.969999313354492,0.002940864406439292,-0.002480737368564987,0.007094334820486824,0.014514895663571665,0.000269674797625418,-0.001103521166638942
1999,2018-02-14,89.12000274658203,1355.5,16.857999801635742,2.9130001068115234,19.260000228881836,0.020421058915214334,0.02104077829187934,0.008121659717932677,0.015113504619014485,0.0007827762116728326,-0.0005923170131827549
2000,2018-02-15,88.58999633789062,1352.0999755859375,16.777000427246094,2.8910000324249268,19.1299991607666,-0.002511468630411128,-0.004816383554074837,0.00815107559359628,0.015115528547447276,0.0005918109810634018,-0.0009692973769422101
2001,2018-02-16,89.0999984741211,1353.199951171875,16.69499969482422,2.877000093460083,19.459999084472656,0.0008132005147932578,-0.00489967113829669,0.008145420066267213,0.015139855842835035,0.0005379123873775559,-0.0011553112643543683
2002,2018-02-20,89.72000122070312,1328.800048828125,16.424999237060547,2.8929998874664307,20.600000381469727,-0.018195805777987704,-0.016304737195363374,0.008895914295843615,0.015305316850676504,0.00010044877615747328,-0.0013378474402287756
2003,2018-02-21,90.08000183105469,1330.0,16.604000091552734,2.943000078201294,20.020000457763672,0.0009026261706847339,0.01083911778390611,0.008842977914506429,0.015481319882524406,-6.797953911605252e-05,-0.0010522885815483116
2004,2018-02-22,89.75,1330.5999755859375,16.57900047302246,2.9170000553131104,18.719999313354492,0.00045100774382701627,-0.0015067729159379158,0.008842225584597978,0.015477716366742177,-1.0736832233738741e-05,-0.001000446854171604
2005,2018-02-23,89.87999725341797,1328.199951171875,16.47599983215332,2.871000051498413,16.489999771118164,-0.001805344615643647,-0.006232096402260482,0.008810478532161502,0.015501906080913766,-0.00026813605156522207,-0.0010829788162194825
2006,2018-02-26,89.81999969482422,1330.699951171875,16.54199981689453,2.8589999675750732,15.800000190734863,0.0018804775121498492,0.0039978238140992856,0.008110108152765506,0.013438530212673485,-0.000893351219901401,-0.0024763486981814573
2007,2018-02-27,90.36000061035156,1315.5,16.34600067138672,2.9079999923706055,18.59000015258789,-0.011488261375785172,-0.011919330033195914,0.008315372892738827,0.013397585664405465,-0.0016681450851440053,-0.0033870334326022533
2008,2018-02-28,90.61000061035156,1315.5,16.323999404907227,2.868000030517578,19.850000381469727,0.0,-0.001346879078917851,0.008194822897184605,0.01332519534796425,-0.0012891541093668895,-0.0029904192938615603
2009,2018-03-01,90.31999969482422,1302.9000244140625,16.200000762939453,2.803999900817871,22.469999313354492,-0.009624253533214297,-0.007625091755110378,0.008050846528199176,0.012693613267390089,-0.0011732534647068854,-0.0023317379555768607
2010,2018-03-02,89.94000244140625,1321.0999755859375,16.392000198364258,2.8570001125335693,19.59000015258789,0.013872136457073265,0.01178213370451805,0.008665427953998911,0.012727137127502295,-0.0006408743946174361,-0.002302310446596092
2011,2018-03-05,90.08000183105469,1318.0999755859375,16.33799934387207,2.88100004196167,18.729999542236328,-0.0022734172079491807,-0.0032997802778300485,0.008606781194569884,0.01271439472988062,-0.0009372466945853144,-0.002220804784863895
2012,2018-03-06,89.62000274658203,1333.5999755859375,16.71500015258789,2.877000093460083,18.360000610351562,0.011690746933441305,0.02281288624080862,0.008871255582045684,0.012594667928884355,-3.569708934473189e-06,0.00011123491889188477
2013,2018-03-07,89.63999938964844,1326.0,16.42799949645996,2.882999897003174,17.760000228881836,-0.005715142383890748,-0.01731936355787951,0.008958378666866162,0.013153029189653345,-0.00025072140156670694,-0.0006077223010566275
2014,2018-03-08,90.12000274658203,1319.9000244140625,16.43600082397461,2.865999937057495,16.540000915527344,-0.004610897113995902,0.00048693571048738103,0.008943299394293005,0.013106802321359091,-0.00022315669720560932,-0.00032338893960634594
2015,2018-03-09,90.08999633789062,1322.4000244140625,16.54599952697754,2.8940000534057617,14.640000343322754,0.0018922913369371754,0.006670251026193808,0.008602896126767944,0.012299987462586228,0.000390501838676684,0.000988706987845527
2016,2018-03-12,89.9000015258789,1319.4000244140625,16.47100067138672,2.869999885559082,15.779999732971191,-0.0022711796760658443,-0.004543052617379678,0.008579401400158034,0.012285105000271518,9.031419226040191e-05,0.0004560816757669347
2017,2018-03-13,89.66000366210938,1325.9000244140625,16.55900001525879,2.8480000495910645,16.350000381469727,0.004914386241190294,0.005328462019543315,0.00861281918384403,0.011973116318798212,0.0004619408219812079,0.0012912972638111754
2018,2018-03-14,89.69999694824219,1324.4000244140625,16.466999053955078,2.816999912261963,17.229999542236328,-0.001131947426727324,-0.005571440796924839,0.008421746489736594,0.010564736411667067,7.194213813313334e-06,-0.0002336641952524094
2019,2018-03-15,90.13999938964844,1316.800048828125,16.35300064086914,2.8259999752044678,16.59000015258789,-0.0057549571034445565,-0.006946914844951149,0.00848384176356298,0.010656785773811168,-0.0004068925247525842,-0.00044633931317556
2020,2018-03-16,90.2300033569336,1311.300048828125,16.20199966430664,2.8480000495910645,15.800000190734863,-0.004185539229898073,-0.00927673525090638,0.007039720973442507,0.009601698300057705,-0.0015786352935674608,-0.0018900304342605943
2021,2018-03-19,89.9000015258789,1316.800048828125,16.2549991607666,2.8450000286102295,19.020000457763672,0.00418553922989804,0.003265831437576028,0.007146234138961965,0.009640438250031259,-0.0012597301573622622,-0.0015051630537057912
2022,2018-03-20,90.37000274658203,1311.0999755859375,16.125,2.878999948501587,18.200000762939453,-0.004338127119398508,-0.008029639444784815,0.007159920063151017,0.009719415081409806,-0.0015050314732761559,-0.001654209163538559
2023,2018-03-21,89.77999877929688,1320.699951171875,16.35700035095215,2.9070000648498535,17.860000610351562,0.007295401194057268,0.014285099050329356,0.006297665597489666,0.009706197012621346,-0.0002911644746073478,-0.0001975502946960481
2024,2018-03-22,89.86000061035156,1326.5999755859375,16.327999114990234,2.8320000171661377,23.34000015258789,0.0044573976096106815,-0.0017745904265933454,0.006378611964943704,0.009373653939248654,-0.00012188964418230269,-0.0007982030666245937
2025,2018-03-23,89.44000244140625,1349.300048828125,16.530000686645508,2.8299999237060547,24.8700008392334,0.016966715936515404,0.012295582066712942,0.007390659847046711,0.009795869625841728,0.0006645726507076206,-0.00014094806745074327
2026,2018-03-26,89.02999877929688,1354.4000244140625,16.631999969482422,2.8429999351501465,21.030000686645508,0.003772594220179005,0.006151595348555491,0.007397684690879956,0.009783589808895616,0.0009301887857467944,0.00044875153973096977
2027,2018-03-27,89.37000274658203,1341.300048828125,16.48900032043457,2.7860000133514404,22.5,-0.00971924053303923,-0.008635037368777049,0.007747950581629357,0.00994156027256018,0.00037782125978540985,-0.0001528132785012366
2028,2018-03-28,90.05999755859375,1324.199951171875,16.204999923706055,2.7750000953674316,22.8700008392334,-0.012830862694559693,-0.017373679466602458,0.007855553264847222,0.010328075971745945,0.0003138878636532897,-0.00041254420390154825
2029,2018-03-29,90.1500015258789,1322.800048828125,16.222999572753906,2.740999937057495,19.969999313354492,-0.0010577275967254573,0.0011101302069751876,0.00786105549437847,0.010330878835058233,0.0002635198828568394,-0.0002955437617161654
2030,2018-04-02,90.05000305175781,1342.0999755859375,16.62700080871582,2.7320001125335693,23.6200008392334,0.014484794192477413,0.02459796660451434,0.008101611135895774,0.011513169988549163,0.0014115697745564445,0.0012388875887421546
2031,2018-04-03,90.19999694824219,1332.800048828125,16.347000122070312,2.7839999198913574,21.100000381469727,-0.006953504164492984,-0.016983526960435272,0.0077678120181385105,0.011900745787408035,0.000419872602100909,-0.00013090577625562264
2032,2018-04-04,90.13999938964844,1335.800048828125,16.208999633789062,2.7880001068115234,20.059999465942383,0.002248370796679207,-0.00847778079953882,0.0077520772074111365,0.012022701060625607,0.0006351958404165464,-0.000377477229670326
2033,2018-04-05,90.45999908447266,1324.300048828125,16.31999969482422,2.8320000171661377,18.940000534057617,-0.008646345041192702,0.006824709899488015,0.007570074972417695,0.010938036596140068,-0.00033323711075650147,-0.0011388189602094024
2034,2018-04-06,90.11000061035156,1331.9000244140625,16.332000732421875,2.7750000953674316,21.489999771118164,0.005722457733424547,0.000735087466680386,0.00757495140480101,0.010293183026064016,0.00021141051387756017,-0.0002790831971351217
2035,2018-04-09,89.83999633789062,1336.300048828125,16.499000549316406,2.7860000133514404,21.770000457763672,0.003298124789570669,0.010173388000083173,0.007519615127510231,0.010543224686727228,0.0005880306045235875,0.00018217643570277316
2036,2018-04-10,89.58999633789062,1342.0,16.56599998474121,2.796999931335449,20.469999313354492,0.004256401204819836,0.00405259495175367,0.007557717699566879,0.010477954170321236,0.0007006072648989522,5.7526146443719006e-05
2037,2018-04-11,89.56999969482422,1356.5,16.738000869750977,2.7899999618530273,20.239999771118164,0.01074681456735932,0.010329234318357751,0.007830730448096866,0.01065260653675364,0.001320511752681103,0.0007657302862407395
2038,2018-04-12,89.75,1338.4000244140625,16.44300079345703,2.8340001106262207,18.489999771118164,-0.013432964185142135,-0.017781732586247444,0.008411676797086912,0.011329867487292564,0.00044682839904622534,-0.0003347551711778681
2039,2018-04-13,89.80000305175781,1344.800048828125,16.628000259399414,2.8289999961853027,17.40999984741211,0.0047704504893987506,0.011188134003456198,0.008454786629250987,0.011531037782178745,0.0007278949664808002,0.0004633198193164669
2040,2018-04-16,89.43000030517578,1347.5,16.66200065612793,2.8320000171661377,16.559999465942383,0.002005684379909184,0.002042679940870491,0.0083258805386563,0.011408398700161517,0.0010974493228309784,0.0008913957614984498
2041,2018-04-17,89.5199966430664,1347.199951171875,16.77199935913086,2.813999891281128,15.25,-0.00022269553924516243,0.00658007416643993,0.008244667166017917,0.011225034820369736,0.0012861561652430218,0.0016464819242292266
2042,2018-04-18,89.62000274658203,1351.199951171875,17.231000900268555,2.867000102996826,15.600000381469727,0.0029647221128227827,0.02699934831013148,0.008227487234537504,0.012516690510642877,0.0012280220168108666,0.0027766493943509147
2043,2018-04-19,89.94000244140625,1346.800048828125,17.222000122070312,2.9140000343322754,15.960000038146973,-0.0032616058148920136,-0.0005224960459714514,0.0081943592797897,0.012297917776314234,0.0012792849360730807,0.0031341324133420277
2044,2018-04-20,90.31999969482422,1336.699951171875,17.14699935913086,2.9509999752044678,16.8799991607666,-0.007527591093269497,-0.004364449540305837,0.008288108895133001,0.012124557997355857,0.0005734281604860918,0.002246058670930828
2045,2018-04-23,90.94000244140625,1322.5,16.570999145507812,2.9730000495910645,16.34000015258789,-0.010679968716113873,-0.034169065739574574,0.008586318424859851,0.014491415172466304,-0.00014739880740555355,0.0007034646084079123
2046,2018-04-24,90.7699966430664,1331.4000244140625,16.687000274658203,2.9830000400543213,18.020000457763672,0.006707153771284317,0.006975861542039136,0.007821690783994634,0.014324176168990309,-0.000635949386702272,0.0004501445834234451
2047,2018-04-25,91.16999816894531,1321.199951171875,16.486000061035156,3.0239999294281006,17.84000015258789,-0.007690660944510987,-0.012118450030899902,0.007898269411206575,0.014514145702033276,-0.0011818186802589382,-0.00041985757750300217
2048,2018-04-26,91.55999755859375,1316.300048828125,16.488000869750977,2.990000009536743,16.239999771118164,-0.003715570032884322,0.00012135674542357568,0.0076794177320944484,0.01439159664427245,-0.0008959296088229903,-2.886429207734353e-06
2049,2018-04-27,91.54000091552734,1320.300048828125,16.4060001373291,2.9570000171661377,15.40999984741211,0.0030342129414097896,-0.004985766387479589,0.007212789969005562,0.013889092993637974,-0.00014044981663396738,0.0005870141936076403
2050,2018-04-30,91.83999633789062,1316.199951171875,16.312000274658203,2.936000108718872,15.930000305175781,-0.003110260543535764,-0.005746079841266846,0.007239698011956962,0.013956600688373379,-0.0002381894807677915,0.0002605280008342101
2051,2018-05-01,92.44999694824219,1303.800048828125,16.038999557495117,2.9760000705718994,15.489999771118164,-0.009465644983154229,-0.01687782134402021,0.0066683162281896795,0.013257507153583177,-0.0013786865843692982,-0.0017145095205245782
2052,2018-05-02,92.51000213623047,1302.5999755859375,16.291000366210938,2.9639999866485596,15.970000267028809,-0.0009208665713252698,0.015589601797438343,0.006544947853128837,0.013287202619151298,-0.001091418127551788,-0.00016340815110202489
2053,2018-05-03,92.41000366210938,1310.699951171875,16.36199951171875,2.946000099182129,15.899999618530273,0.00619906000228972,0.00434871268573949,0.0067006734505612,0.013180271764555383,-0.0009032900701417637,0.00044737725295884695
2054,2018-05-04,92.56999969482422,1312.699951171875,16.43400001525879,2.944000005722046,14.770000457763672,0.0015247392406204264,0.004390817188373163,0.006476861446316664,0.013132002008966515,-0.00041895272338875753,0.00033147760004861594
2055,2018-05-07,92.75,1312.199951171875,16.413000106811523,2.950000047683716,14.75,-0.0003809669127580398,-0.00127865017994738,0.006322599582219615,0.013136259064021246,-0.000709591992254595,0.00023558533116157948
2056,2018-05-08,93.12000274658203,1312.0,16.38800048828125,2.9690001010894775,14.710000038146973,-0.00015239019585577444,-0.0015243207778653468,0.006257743341827975,0.012940338815048883,-0.0008739022296558543,-0.00032144842016930246
2057,2018-05-09,93.04000091552734,1311.300048828125,16.45800018310547,3.003999948501587,13.420000076293945,-0.0005336417302308635,0.004262302829469506,0.006147723980240159,0.012943963455801896,-0.001101999512277316,-0.0003114623307542626
2058,2018-05-10,92.6500015258789,1320.800048828125,16.68000030517578,2.9709999561309814,13.229999542236328,0.007218601800712527,0.013398722917368574,0.005848655565036216,0.013086672415116973,-0.0012700096440224015,-0.00016529620699184253
2059,2018-05-11,92.54000091552734,1319.0,16.676000595092773,2.9709999561309814,12.649999618530273,-0.0013637768572015564,-0.00023981952237841155,0.005144270237135002,0.012450368165117544,-0.000695286437929993,0.0006700329865257304
2060,2018-05-14,92.58999633789062,1316.5,16.56999969482422,2.994999885559082,12.930000305175781,-0.0018971737809504907,-0.00637678268302851,0.004993613763185941,0.012297497270851306,-0.001012792355565671,-0.00016639161759258894
2061,2018-05-15,93.22000122070312,1288.9000244140625,16.194000244140625,3.0799999237060547,14.630000114440918,-0.021187539583848607,-0.02295299468118857,0.0065993078639984305,0.01324606820423608,-0.0021172315919350897,-0.0013566618376906394
2062,2018-05-16,93.38999938964844,1290.199951171875,16.297000885009766,3.0950000286102295,13.420000076293945,0.001008046900233056,0.006340277759007443,0.00662239856328666,0.01323898564840952,-0.0020586248091027937,-0.0013680807142350438
2063,2018-05-17,93.47000122070312,1288.199951171875,16.413000106811523,3.1089999675750732,13.430000305175781,-0.0015513500441079692,0.007092614158615131,0.0065237082320080296,0.011733321704077001,-0.002273675864194734,-0.0023160204357358222
2064,2018-05-18,93.63999938964844,1290.199951171875,16.386999130249023,3.066999912261963,13.420000076293945,0.0015513500441079395,-0.0015854257691203975,0.006571632696714283,0.011727489079347581,-0.0020444874899566414,-0.0023666361368381533
2065,2018-05-21,93.68000030517578,1290.199951171875,16.45199966430664,3.065000057220459,13.079999923706055,0.0,0.003958745475349804,0.006461982336633235,0.01179703428695431,-0.0016860307712295221,-0.001970293517045027
2066,2018-05-22,93.61000061035156,1291.699951171875,16.507999420166016,3.065000057220459,13.220000267028809,0.0011619351837768423,0.0033980468021440518,0.006146896179761562,0.00924190001204268,-0.0011221305855204406,-0.00018138339601080685
2067,2018-05-23,94.01000213623047,1289.300048828125,16.33799934387207,3.003000020980835,12.579999923706055,-0.0018596691479237644,-0.010351434005857984,0.005879788001784669,0.009343878151095884,-0.0015300745340541587,-0.0010064927078154316
2068,2018-05-24,93.77999877929688,1303.699951171875,16.621000289916992,2.9809999465942383,12.529999732971191,0.011106864926633073,0.017173330771732585,0.006310116901919603,0.009778379263239852,-0.00063495425447587,0.0003883539970718297
2069,2018-05-25,94.19000244140625,1303.300048828125,16.481000900268555,2.930999994277954,13.220000267028809,-0.0003067912135685513,-0.008458716655112617,0.006270628681397904,0.009967516714486651,-0.0004726314535560714,-2.0220926763227032e-05
2070,2018-05-29,94.83000183105469,1298.699951171875,16.30500030517578,2.7679998874664307,17.020000457763672,-0.0035358204833160823,-0.010736428918691652,0.006250781384267033,0.01018732912366565,-0.0007854901880668273,-0.0002940619996780872
2071,2018-05-30,94.1500015258789,1301.5,16.479000091552734,2.8420000076293945,14.9399995803833,0.002153718916270126,0.010615020626332919,0.006258435316416821,0.010373452040992057,-0.000534824499504642,0.0004850380225885683
2072,2018-05-31,93.98999786376953,1300.0999755859375,16.402000427246094,2.822000026702881,15.430000305175781,-0.0010762796451007667,-0.004683543921680987,0.005918371286523919,0.009670404664098686,-0.00013533091197828672,0.0010657178998428171
2073,2018-06-01,94.19000244140625,1294.800048828125,16.38800048828125,2.8949999809265137,13.460000038146973,-0.004084885026490751,-0.0008539151829611791,0.005979329269407507,0.009083503279148858,-0.0002859984574623573,0.0002826932817285541
2074,2018-06-04,94.0199966430664,1293.0999755859375,16.378999710083008,2.937000036239624,12.739999771118164,-0.0013138633414813785,-0.0005493806799608036,0.00579379099938833,0.00903664214735297,-0.0006437567119276477,4.945074050473065e-05
2075,2018-06-05,93.88999938964844,1297.5,16.490999221801758,2.9189999103546143,12.399999618530273,0.0033969186184965657,0.006814721557650813,0.005843021726431152,0.009110048506458211,-0.0005546053129811648,0.00016487475808938063
2076,2018-06-06,93.66000366210938,1297.0999755859375,16.642000198364258,2.9749999046325684,11.640000343322754,-0.00030835151545212326,0.009114902040371858,0.00584315110815496,0.009307885925679812,-0.0005511474369189783,0.0006598058161998205
2077,2018-06-07,93.4000015258789,1298.699951171875,16.766000747680664,2.933000087738037,12.130000114440918,0.001232741993758485,0.007423438412983539,0.005855681813987772,0.00940717446967145,-0.00048518876122306126,0.0010858895871926244
2078,2018-06-08,93.55000305175781,1298.0999755859375,16.694000244140625,2.937000036239624,12.180000305175781,-0.0004620884269374544,-0.004303682757719747,0.00585567302820521,0.009448180826486444,-0.00048178146106623215,0.000677985511612184
2079,2018-06-11,93.58000183105469,1298.9000244140625,16.905000686645508,2.9570000171661377,12.350000381469727,0.0006161331177777786,0.01256008872474495,0.005592905365555103,0.009393338449126626,-0.0007961847316821726,0.0006380505500586781
2080,2018-06-12,93.80000305175781,1295.0999755859375,16.849000930786133,2.9570000171661377,12.34000015258789,-0.0029298778307513215,-0.0033181136786847687,0.005611263227046352,0.009431663402726045,-0.0008707609685178758,0.0004914651140440897
2081,2018-06-13,93.70999908447266,1296.9000244140625,16.952999114990234,2.9769999980926514,12.9399995803833,0.0013889267881947254,0.006153394013030441,0.005627006101492267,0.009371589133411429,-0.0007142799890347702,0.0010881401948088015
2082,2018-06-14,94.7699966430664,1304.0,17.22599983215332,2.946000099182129,12.119999885559082,0.005459643319964293,0.015975103511094324,0.003304647897630559,0.008148672942904311,0.0005546334825753679,0.0029418591563460826
2083,2018-06-15,94.79000091552734,1274.5999755859375,16.45199966430664,2.9240000247955322,11.979999542236328,-0.022804078760698156,-0.04597283065941584,0.006069748690500873,0.013376841630275499,-0.0005792772631832613,0.0004507587554687833
2084,2018-06-18,94.75,1276.199951171875,16.41200065612793,2.9260001182556152,12.3100004196167,0.0012544894477869528,-0.002434215405280279,0.006078157064524672,0.013301662950640725,-0.0004456658588073126,-2.8997951929029584e-06
2085,2018-06-19,95.08999633789062,1275.5999755859375,16.30299949645996,2.8929998874664307,13.350000381469727,-0.0004702371770622632,-0.006663705487312406,0.006060931393032005,0.013377814928111957,-0.0005419319169582746,-0.00024472263891633196
2086,2018-06-20,95.05999755859375,1271.199951171875,16.288999557495117,2.927999973297119,12.789999961853027,-0.0034553391851679326,-0.0008591028615784881,0.00609230456130191,0.01334339096073426,-0.0007064718781567476,-0.0004741439882938697
2087,2018-06-21,94.87000274658203,1267.199951171875,16.305999755859375,2.8970000743865967,14.640000343322754,-0.003151594283591868,0.0010431170586819051,0.0060988734633360174,0.013319094912035022,-0.0009118780432695434,-0.0005862834998873053
2088,2018-06-22,94.5199966430664,1267.4000244140625,16.43899917602539,2.9000000953674316,13.770000457763672,0.00015787362465893563,0.008123387135935295,0.006099087549637993,0.013251816285342678,-0.0008158045779084623,0.00029346988781713657
2089,2018-06-25,94.27999877929688,1265.5999755859375,16.308000564575195,2.875,17.329999923706055,-0.0014212784296392148,-0.008000690827682955,0.005453072121891268,0.012778690096696266,-0.0014123828329690477,-0.0009052930454883652
2090,2018-06-26,94.68000030517578,1256.5999755859375,16.238000869750977,2.880000114440918,15.920000076293945,-0.007136657182704904,-0.0043015915735859795,0.005585891183713051,0.012687702923785805,-0.0017376145457850645,-0.0007073347082728112
2091,2018-06-27,95.29000091552734,1252.800048828125,16.138999938964844,2.8269999027252197,17.90999984741211,-0.003028556328446318,-0.006115528731101422,0.005578818599091173,0.01254433167895132,-0.0017134591098388848,-0.0004872918421970859
2092,2018-06-28,95.38999938964844,1247.800048828125,15.951000213623047,2.8469998836517334,16.850000381469727,-0.003999045403677075,-0.011717162689077076,0.005526891020990637,0.012502609579154124,-0.002006447886979228,-0.0015507291429308952
2093,2018-06-29,94.62999725341797,1251.300048828125,16.104000091552734,2.8489999771118164,16.09000015258789,0.00280101008486938,0.009546157439817382,0.005623437788933347,0.012708243731613666,-0.0018218150426949353,-0.0008731243161928777
2094,2018-07-02,94.87000274658203,1239.800048828125,15.744000434875488,2.865999937057495,15.600000381469727,-0.009232934241235006,-0.022608326091021265,0.00583524735459222,0.013564423833178312,-0.002066960243397043,-0.00190904864514812
2095,2018-07-03,94.58999633789062,1251.5999755859375,15.95199966430664,2.8380000591278076,16.139999389648438,0.009472597636754327,0.013124824243953595,0.006356320108046226,0.013955530303954718,-0.0015533192444334375,-0.0012578960297236247
2096,2018-07-05,94.47000122070312,1257.300048828125,16.007999420166016,2.8399999141693115,14.970000267028809,0.004543890146389284,0.0035043688844029427,0.006405718417311161,0.013878268450103419,-0.0014987015526290223,-0.0014155318713068566
2097,2018-07-06,94.04000091552734,1254.300048828125,15.980999946594238,2.8310000896453857,13.369999885559082,-0.0023889164756203734,-0.001688047798775145,0.006402476033758191,0.01366702895617094,-0.0015977760745417965,-0.0019299580541233805
2098,2018-07-09,94.08000183105469,1258.0999755859375,16.05299949645996,2.859999895095825,12.6899995803833,0.003024939992368851,0.004495203368785508,0.006453831061587748,0.013581498391584634,-0.0015124333127032074,-0.0020693978181328104
2099,2018-07-10,94.11000061035156,1253.800048828125,16.003000259399414,2.872999906539917,12.640000343322754,-0.0034236481676053563,-0.0031194957566514554,0.006462083899219559,0.013574214289537452,-0.0016534599670207267,-0.0020130079609390825
2100,2018-07-11,94.72000122070312,1242.800048828125,15.732000350952148,2.8420000076293945,13.630000114440918,-0.008812040976282251,-0.017079343995543207,0.006622053746148924,0.013524001006617997,-0.0021024206381664422,-0.0034244095190480426
2101,2018-07-12,94.80999755859375,1245.0,15.89799976348877,2.8529999256134033,12.579999923706055,0.0017685920911130215,0.010496423396395359,0.00667188410608695,0.013861209664802454,-0.0018786839752205214,-0.002766574420234703
2102,2018-07-13,94.75,1239.5999755859375,15.73900032043457,2.8310000896453857,12.180000305175781,-0.004346802680328338,-0.010051571345394387,0.00664879117094925,0.013790691073893843,-0.002151813949912096,-0.0035382394373025517
2103,2018-07-16,94.51000213623047,1238.0999755859375,15.734999656677246,2.8580000400543213,12.829999923706055,-0.0012108005108086726,-0.0002542202314150798,0.006422464107428157,0.013078866558086962,-0.002469454132329856,-0.0043110643774220475
2104,2018-07-17,94.97000122070312,1225.699951171875,15.545999526977539,2.864000082015991,12.0600004196167,-0.010065857197482181,-0.01208416831657012,0.004803345237063221,0.009195557885737095,-0.0018628721531290954,-0.002697318551572251
2105,2018-07-18,95.08000183105469,1226.300048828125,15.503000259399414,2.875,12.100000381469727,0.0004894760752293569,-0.0027697700643171098,0.004781371347916391,0.009195369380281605,-0.0018993013613461233,-0.0027132973448597193
2106,2018-07-19,95.16999816894531,1222.4000244140625,15.34000015258789,2.8469998836517334,12.869999885559082,-0.00318538620092535,-0.010569764430263135,0.004777504473345119,0.009317961615722448,-0.0020285941720062707,-0.002899300151666897
2107,2018-07-20,94.45999908447266,1229.5,15.489999771118164,2.8949999809265137,12.859999656677246,0.005791423271754504,0.009730833766504665,0.00505735354807751,0.009712120596066104,-0.0015882721502480594,-0.0023950174550915085
2108,2018-07-23,94.66999816894531,1224.0,15.368000030517578,2.9649999141693115,12.619999885559082,-0.004483398583975911,-0.007907212200631319,0.005086205939335519,0.009750011707703616,-0.0016516914026472992,-0.0028212236102969
2109,2018-07-24,94.61000061035156,1223.9000244140625,15.463000297546387,2.9489998817443848,12.40999984741211,-8.16827362195705e-05,0.006162665283725189,0.005082211556227537,0.00964882700947854,-0.0016630988484034187,-0.0029145913175450005
2110,2018-07-25,94.36000061035156,1231.4000244140625,15.532999992370605,2.936000108718872,12.289999961853027,0.006109251967322684,0.00451669977882903,0.005358302076646619,0.009705389581603167,-0.0013045021628338043,-0.002318525098187287
2111,2018-07-26,94.75,1225.300048828125,15.437999725341797,2.9749999046325684,12.140000343322754,-0.004966001498039611,-0.006134807777983194,0.00526021006821897,0.009732325433832513,-0.0012011376064211712,-0.0024058211079204875
2112,2018-07-27,94.68000030517578,1222.5999755859375,15.435999870300293,2.9600000381469727,13.029999732971191,-0.0022060331796797134,-0.00012954946365826504,0.0052489729412843805,0.009705865148767888,-0.0011619698374322855,-0.0021207744761374803
2113,2018-07-30,94.36000061035156,1221.300048828125,15.475000381469727,2.9749999046325684,14.260000228881836,-0.0010638134681618262,0.0025234079484134685,0.005208573267442921,0.009497097660025643,-0.0010221968881220355,-0.0014426520648284063
2114,2018-07-31,94.48999786376953,1223.699951171875,15.5,2.9639999866485596,12.829999923706055,0.001963110932089534,0.0016141807038320508,0.0051809575790924735,0.009191005275233618,-0.0010620968477782187,-0.00182036524273247
2115,2018-08-01,94.62000274658203,1217.9000244140625,15.394000053405762,3.003000020980835,13.149999618530273,-0.004750931950486037,-0.006862197343816976,0.004912915435852762,0.007971717569816834,-0.000848668167266363,-0.0010705495881036943
2116,2018-08-02,95.16999816894531,1210.5999755859375,15.329000473022461,2.9860000610351562,12.1899995803833,-0.006011999848421064,-0.004231336539402393,0.004424073221632815,0.0072976125193374205,-0.0015860299522747151,-0.00189703343493017
2117,2018-08-03,95.13999938964844,1214.199951171875,15.406000137329102,2.953000068664551,11.640000343322754,0.002969299191421566,0.0050105628027935075,0.004327271177933978,0.00736048462700116,-0.0016610104739398445,-0.00182530991500681
2118,2018-08-06,95.36000061035156,1208.5999755859375,15.291999816894531,2.937999963760376,11.270000457763672,-0.0046227387549226465,-0.007427248984547479,0.004373270440835578,0.007460995451875353,-0.0017673829634304288,-0.0020986052095673968
2119,2018-08-07,95.22000122070312,1209.5999755859375,15.317000389099121,2.9730000495910645,10.930000305175781,0.0008270615145103922,0.0016335442252782965,0.004278110785818663,0.007359992301905199,-0.0018720438433284508,-0.0022348746925915496
2120,2018-08-08,95.0999984741211,1212.5999755859375,15.37600040435791,2.9709999561309814,10.850000381469727,0.0024770882622964334,0.003844530440421241,0.004364023826303593,0.007474145214015617,-0.0015910563942855085,-0.00190325439749285
2121,2018-08-09,95.5,1211.9000244140625,15.418999671936035,2.934999942779541,11.270000457763672,-0.0005773983842617266,0.0027926153866834292,0.0040407298055801615,0.006671543743030584,-0.0011989305565702451,-0.0009569706173868199
2122,2018-08-10,96.36000061035156,1211.0999755859375,15.265999794006348,2.8570001125335693,13.15999984741211,-0.0006603787513001009,-0.009972374029955579,0.003985930550249667,0.006404436551120036,-0.001314595834780394,-0.0019316752567368643
2123,2018-08-13,96.38999938964844,1191.300048828125,14.95300006866455,2.877000093460083,14.779999732971191,-0.01648382857584301,-0.020716166688923583,0.005155819782761084,0.0074224142676110995,-0.0018925494488525212,-0.0024395131302382546
2124,2018-08-14,96.7300033569336,1193.0,15.024999618530273,2.8949999809265137,13.3100004196167,0.0014259543053397558,0.004803501838539124,0.0052051232834316365,0.007577309253407987,-0.0017669896957025963,-0.0021986692221451975
2125,2018-08-15,96.69999694824219,1177.5,14.420999526977539,2.8519999980926514,14.640000343322754,-0.013077596207343322,-0.04103001025328532,0.005479474672676288,0.011221773667875572,-0.001910405839029317,-0.0035770426477030643
2126,2018-08-16,96.6500015258789,1176.199951171875,14.696999549865723,2.871000051498413,13.449999809265137,-0.0011046853781724766,0.018957915917931424,0.005455554918277306,0.012254093532491211,-0.0019863182891913093,-0.002542390934262658
2127,2018-08-17,96.0999984741211,1176.5,14.616000175476074,2.872999906539917,12.640000343322754,0.0002550676550167926,-0.005526529615459288,0.0054693874563664455,0.012137774448546548,-0.0018224871531940642,-0.002302236895462475
2128,2018-08-20,95.9000015258789,1186.800048828125,14.654999732971191,2.822999954223633,12.489999771118164,0.008716721391922366,0.0026647248603943103,0.005705172100774911,0.011882780980799366,-0.0016831872427098802,-0.0026387182719439205
2129,2018-08-21,95.26000213623047,1192.5999755859375,14.75100040435791,2.8440001010894775,12.859999656677246,0.0048751266583741855,0.006529348568296946,0.005839432765611134,0.011979944925195121,-0.0012375431835503518,-0.0019512629972330503
2130,2018-08-22,95.1500015258789,1196.300048828125,14.734999656677246,2.822999954223633,12.25,0.0030977237750973805,-0.0010853116203046495,0.005911669237953305,0.011838061641094497,-0.0010861428734876399,-0.0022964047545678047
2131,2018-08-23,95.62000274658203,1187.0,14.527000427246094,2.821000099182129,12.40999984741211,-0.0078043853831430325,-0.014216576588614648,0.005844224502796259,0.012003655589902964,-0.0017486970330336266,-0.003188465533969885
2132,2018-08-24,95.1500015258789,1206.300048828125,14.779000282287598,2.8259999752044678,11.989999771118164,0.01612874843926602,0.017198257031794433,0.0069683616510596,0.012772562674664025,-0.0007441851312571679,-0.0020773672096947595
2133,2018-08-27,94.77999877929688,1209.0,14.843999862670898,2.8480000495910645,12.15999984741211,0.0022357075658587097,0.004388460613838325,0.0069891507484124505,0.01284485901298927,-0.0005326736671839095,-0.0018622238726711125
2134,2018-08-28,94.72000122070312,1207.4000244140625,14.767000198364258,2.884000062942505,12.5,-0.001324264032107223,-0.005200759022283218,0.006990371375271257,0.012823570150618083,-0.0005450760749908331,-0.002230041347466193
2135,2018-08-29,94.5999984741211,1204.5,14.687999725341797,2.884000062942505,12.25,-0.002404764527759338,-0.005364159745940903,0.006976979239510009,0.012809380873288598,-0.0007530701445074463,-0.002562343273645857
2136,2018-08-30,94.72000122070312,1197.699951171875,14.47700023651123,2.859999895095825,13.529999732971191,-0.0056615328697090395,-0.014469615669698434,0.0070058383083178195,0.013042513771820434,-0.0007964320930418748,-0.0029246012891640215
2137,2018-08-31,95.13999938964844,1200.300048828125,14.437999725341797,2.8529999256134033,12.859999656677246,0.0021685560260155255,-0.0026975988152564915,0.006928339186817412,0.01303912433052507,-0.0004068818133067992,-0.0028515661594427887
2138,2018-09-04,95.41999816894531,1192.699951171875,14.060999870300293,2.9019999504089355,13.15999984741211,-0.006351962565760579,-0.026458602309078542,0.006999448692328842,0.013872088540443084,-0.0008507514207916632,-0.004350097831436695
2139,2018-09-05,95.12999725341797,1194.9000244140625,14.118000030517578,2.9019999504089355,13.90999984741211,0.0018429166421238857,0.004045582750283719,0.006967362840877655,0.013970410703003852,-0.0005428630685513521,-0.0038037725107304484
2140,2018-09-06,95.0199966430664,1197.9000244140625,14.074999809265137,2.878999948501587,14.649999618530273,0.002507523830407757,-0.0030504206604565843,0.006993484796645368,0.013916547507466338,-0.00046284105350862046,-0.004026818457670204
2141,2018-09-07,95.37000274658203,1193.5999755859375,14.067000389099121,2.941999912261963,14.880000114440918,-0.003596114122648065,-0.0005685040384535088,0.0069914034247159935,0.01382476097583322,-0.0007520411670774061,-0.00423696295666424
2142,2018-09-10,95.1500015258789,1193.0,14.079000473022461,2.937000036239624,14.15999984741211,-0.0005027868974392518,0.0008527026421432147,0.006991515570470817,0.01378185553921232,-0.0007484882391334787,-0.0043293397540232975
2143,2018-09-11,95.05999755859375,1195.4000244140625,14.052000045776367,2.9769999980926514,13.220000267028809,0.0020097347155790214,-0.001919621416899883,0.007017429478614598,0.013728921670452589,-0.0006213399788059014,-0.003945875343877788
2144,2018-09-12,94.80000305175781,1204.699951171875,14.192000389099121,2.9630000591278076,13.140000343322754,0.0077496549279547884,0.009913715322794708,0.006226461663918744,0.01348301837061961,0.0005326354261368509,-0.002487309533795965
2145,2018-09-13,94.54000091552734,1202.0,14.142999649047852,2.9630000591278076,12.369999885559082,-0.002243696646296927,-0.003458675760201201,0.006251580776115412,0.013379784495507889,0.00035789014272558035,-0.002880746562307409
2146,2018-09-14,94.9800033569336,1195.0,14.041999816894531,2.99399995803833,12.069999694824219,-0.005840650729541842,-0.007166951668600302,0.005643850144268596,0.010219522528654759,0.0007025065940494603,-0.0012682199630366937
2147,2018-09-17,94.51000213623047,1199.699951171875,14.121999740600586,3.000999927520752,13.680000305175781,0.003925299454991307,0.005681021170478826,0.005669993573730964,0.009272470279888576,0.0009420296813429737,-0.0019004530462487222
2148,2018-09-18,94.62000274658203,1196.800048828125,14.083999633789062,3.0480000972747803,12.789999961853027,-0.0024201158014890986,-0.002694471434800308,0.005716064455366873,0.009237624707204312,0.0008146399929379313,-0.0017655931328840085
2149,2018-09-19,94.55000305175781,1202.199951171875,14.189000129699707,3.0829999446868896,11.75,0.004501801970305429,0.007427650375146328,0.005494425137360644,0.009408724550450942,0.0006139295442895058,-0.0015387871559910556
2150,2018-09-20,93.91000366210938,1206.199951171875,14.21500015258789,3.078000068664551,11.800000190734863,0.003321710546514391,0.0018307301712107242,0.005444416953684515,0.009261990876309816,0.0005399573484866583,-0.0017625308891856377
2151,2018-09-21,94.22000122070312,1196.199951171875,14.269000053405762,3.068000078201294,11.680000305175781,-0.008325056744842725,0.003791599853970334,0.00573875638016055,0.00934062807887696,-3.984581034298995e-06,-0.0015302970094582572
2152,2018-09-24,94.26000213623047,1199.300048828125,14.25100040435791,3.078000068664551,12.199999809265137,0.0025882691604381183,-0.0012622476261432269,0.005474471752339225,0.008877177608311224,0.0004909037305648034,-0.0009134242017215231
2153,2018-09-25,94.12999725341797,1200.0,14.39799976348877,3.1019999980926514,12.420000076293945,0.0005834628245632641,0.01026218355536135,0.004143403041917968,0.008278453802416081,-0.0002493479653734231,-0.0012437134148850031
2154,2018-09-26,94.19000244140625,1194.0,14.305000305175781,3.061000108718872,12.890000343322754,-0.005012541823544286,-0.0064801437848607864,0.00422709428870019,0.008248423157015499,-0.0005945026982021372,-0.0017612660052992465
2155,2018-09-27,95.0,1182.300048828125,14.201000213623047,3.055999994277954,12.40999984741211,-0.009847279784212154,-0.00729674812988475,0.004685022526602047,0.008304613004511211,-0.0010003605911595148,-0.001861075010423129
2156,2018-09-28,95.19000244140625,1191.5,14.623000144958496,3.055999994277954,12.119999885559082,0.007751282370461494,0.02928324183709655,0.0050432923036269495,0.010676761884538958,-0.0005167393102918562,-0.00021119874456420254
2157,2018-10-01,95.30000305175781,1187.0999755859375,14.42199993133545,3.0799999237060547,12.0,-0.0036996800454468406,-0.013840827809319578,0.00496072009285753,0.010635578015964058,-0.00042331774723175145,-0.00018125646549854292
2158,2018-10-02,95.51000213623047,1202.4000244140625,14.609999656677246,3.055999994277954,12.050000190734863,0.01280624224985772,0.012951388529975972,0.005723153570768449,0.01099268691796425,8.323873961787689e-05,0.0005639334080839554
2159,2018-10-03,95.76000213623047,1198.300048828125,14.59000015258789,3.1610000133514404,11.609999656677246,-0.0034156533069074047,-0.0013698292703631975,0.005592448472553686,0.009111343673218341,0.00022306299003945656,0.001758636886118019
2160,2018-10-04,95.75,1197.199951171875,14.510000228881836,3.197000026702881,14.220000267028809,-0.0009184702430270636,-0.005498290322910977,0.005584915680339236,0.00922883290662798,9.156837646083995e-05,0.0013041667397754148
2161,2018-10-05,95.62000274658203,1201.199951171875,14.569000244140625,3.2249999046325684,14.819999694824219,0.003335560266446415,0.00405791775922844,0.00560570983920132,0.009191413742615165,0.00013099868293887126,0.0016426590454747018
2162,2018-10-08,95.7699966430664,1184.4000244140625,14.258999824523926,3.2330000400543213,15.6899995803833,-0.014084678619262271,-0.021507726435756387,0.006369596520178198,0.010487645629046475,-0.00036845676928085286,0.0006455532170317077
2163,2018-10-09,95.68000030517578,1187.199951171875,14.329000473022461,3.2079999446868896,15.949999809265137,0.0023612144438462214,0.004897214752368484,0.006397177743084434,0.010528696442652965,-0.00023207575302916365,0.0008381490318043396
2164,2018-10-10,95.51000213623047,1189.300048828125,14.255000114440918,3.2249999046325684,22.959999084472656,0.0017673875050836347,-0.005177758353252479,0.006393148691785833,0.01059516239028369,-0.00024361609638608685,0.0006829996538827873
2165,2018-10-11,95.0199966430664,1223.5,14.53499984741211,3.132999897003174,24.979999542236328,0.02835066409333902,0.01945179312011631,0.008806184993580105,0.011197943289987845,0.0007373843400607814,0.0011371938347076256
2166,2018-10-12,95.22000122070312,1218.0999755859375,14.564000129699707,3.1410000324249268,21.309999465942383,-0.004423356219554005,0.0019932157058111044,0.008855783556555544,0.01114915702627978,0.0006335910270485396,0.001396807714041545
2167,2018-10-15,95.06999969482422,1226.4000244140625,14.656000137329102,3.1630001068115234,21.299999237060547,0.006790820801527913,0.006297078083249669,0.008822969758483342,0.011018430780472878,0.0012350896713851946,0.0020379519879391624
2168,2018-10-16,95.05000305175781,1227.300048828125,14.630000114440918,3.1559998989105225,17.6200008392334,0.0007336059237572539,-0.0017755944475582304,0.008801775598177875,0.011015307186854267,0.0010831042651359539,0.0016828750537469215
2169,2018-10-17,95.58000183105469,1223.699951171875,14.592000007629395,3.178999900817871,17.399999618530273,-0.002937658298874482,-0.002600788999555301,0.00881279268904404,0.011013464590972894,0.0010584593843080785,0.001687336122091922
2170,2018-10-18,95.9000015258789,1226.5,14.532999992370605,3.174999952316284,20.059999465942383,0.002285568608961214,-0.0040515087357602675,0.0087827148378824,0.010999173524669987,0.0009529244623393063,0.0011407094977630365
2171,2018-10-19,95.70999908447266,1225.300048828125,14.579000473022461,3.197999954223633,19.889999389648438,-0.0009788328932091772,0.0031602444490881226,0.008774854524957328,0.011007167177766711,0.000748136679495327,0.0012040197014714842
2172,2018-10-22,96.01000213623047,1221.199951171875,14.522000312805176,3.196000099182129,19.639999389648438,-0.0033518099283377867,-0.003917407070007207,0.008582745456126232,0.01104503980174384,0.0009849579564717526,0.0008369241336630298
2173,2018-10-23,95.95999908447266,1233.4000244140625,14.727999687194824,3.1659998893737793,20.709999084472656,0.009940661474511047,0.014085660193823648,0.008798665339376717,0.011401235698091323,0.001335071876189511,0.0015677768869947857
2174,2018-10-24,96.43000030517578,1227.800048828125,14.611000061035156,3.124000072479248,25.229999542236328,-0.004550613589319168,-0.007975748824677496,0.008891432489184364,0.011400461686382667,0.0010905920469570143,0.0006993039165167454
2175,2018-10-25,96.68000030517578,1229.0999755859375,14.5649995803833,3.135999917984009,24.219999313354492,0.0010581845953804216,-0.0031533122658273793,0.008781085645818672,0.011318528342790707,0.0013796742573820005,0.0008577244650421459
2176,2018-10-26,96.36000061035156,1232.5,14.635000228881836,3.0769999027252197,24.15999984741211,0.002762452559275811,0.004794574181732766,0.008397753264539226,0.011189779110814918,0.001980137702309999,0.0014335017179763132
2177,2018-10-29,96.58000183105469,1224.5,14.376999855041504,3.0869998931884766,24.700000762939453,-0.006512029524622742,-0.01778623842540669,0.008484009293465452,0.009981261955514886,0.0013009323739726541,-0.0008079021040476505
2178,2018-10-30,97.01000213623047,1222.5999755859375,14.402999877929688,3.109999895095825,23.350000381469727,-0.0015528787665673905,0.0018068123837848254,0.008433525131077046,0.009533708419828717,0.0014031610063002472,-6.277638056648843e-05
2179,2018-10-31,97.12999725341797,1212.300048828125,14.229000091552734,3.1589999198913574,21.229999542236328,-0.008460296595855924,-0.012154367743783942,0.00827105796154028,0.009393231020417876,0.00039046868031388296,-0.0012582885840788653
2180,2018-11-01,96.27999877929688,1236.0,14.729000091552734,3.1440000534057617,19.34000015258789,0.019360936987837057,0.03453620372543093,0.009189386867416521,0.01221576130422224,0.0014750682181588575,0.00045152251095895043
2181,2018-11-02,96.54000091552734,1230.9000244140625,14.706999778747559,3.2139999866485596,19.510000228881836,-0.004134730067067751,-0.0014947898490667894,0.009257820595055085,0.01214932324251053,0.0013219129884426341,0.0006421653906658166
2182,2018-11-05,96.3499984741211,1229.800048828125,14.604000091552734,3.2009999752044678,19.959999084472656,-0.0008940347270811313,-0.0070280858117457295,0.009257830773504777,0.012234038863605393,0.0011205037030365603,0.00011426045871466558
2183,2018-11-06,96.31999969482422,1223.800048828125,14.458000183105469,3.2139999866485596,19.90999984741211,-0.0048907822962693795,-0.010047562819655593,0.008703624166251922,0.011451926495375011,0.0015583082898457455,0.0006599825356718462
2184,2018-11-07,96.0,1226.199951171875,14.527999877929688,3.2130000591278076,16.360000610351562,0.001959104580683226,0.004829906213768079,0.008702211650743077,0.01145069063418703,0.0015391602011236983,0.0006567773671670651
2185,2018-11-08,96.63999938964844,1222.9000244140625,14.38599967956543,3.2339999675750732,16.719999313354492,-0.0026948093485058135,-0.009822324285412335,0.008750702858383252,0.011612727600830652,0.001326674636667058,0.00043560756087373853
2186,2018-11-09,96.91000366210938,1206.4000244140625,14.102999687194824,3.188999891281128,17.360000610351562,-0.013584368668582848,-0.019867970641050316,0.006854921168677487,0.01156310444216407,-0.0006702316853292215,-0.0014367621420389577
2187,2018-11-12,97.54000091552734,1201.300048828125,13.973999977111816,3.186000108718872,20.450000762939453,-0.004236394117412716,-0.00918906003771094,0.0068499225936599325,0.01165436960760886,-0.0006613287280843982,-0.001969251463159055
2188,2018-11-13,97.30000305175781,1199.199951171875,13.95199966430664,3.1449999809265137,20.020000457763672,-0.0017497173022614182,-0.0015756153863139143,0.006635531165078212,0.01150077816682592,-0.001068021018741033,-0.0023441416283763684
2189,2018-11-14,96.80000305175781,1207.9000244140625,14.055000305175781,3.119999885559082,21.25,0.007228707752084227,0.007355382965431134,0.006870904059177055,0.011694326133172492,-0.0007587304554873675,-0.0019093331801387798
2190,2018-11-15,96.93000030517578,1212.800048828125,14.237000465393066,3.118000030517578,19.979999542236328,0.004048441325541188,0.012866016249128283,0.006929009850536705,0.012127626698783672,-0.00042605904480090713,-0.0011728186444871806
2191,2018-11-16,96.47000122070312,1220.800048828125,14.357999801635742,3.0739998817443848,18.139999389648438,0.0065746453782541325,0.008463022018107625,0.007074618291872161,0.012285543070562505,-0.00022181729388219678,-0.0005768886085887095
2192,2018-11-19,96.19000244140625,1223.0999755859375,14.380999565124512,3.056999921798706,20.100000381469727,0.001882178005493029,0.0016005963259559113,0.007086848463724526,0.012266521133722027,-8.55786796582822e-05,-0.0006511575668331005
2193,2018-11-20,96.80999755859375,1219.0,14.246999740600586,3.0480000972747803,22.479999542236328,-0.0033577490512391004,-0.00936152063686241,0.007086985443921199,0.012395849108477658,-8.586149503453522e-05,-0.0009104010700166816
2194,2018-11-21,96.70999908447266,1225.800048828125,14.479999542236328,3.061000108718872,20.799999237060547,0.005562881404039089,0.016222015316263053,0.006837293945940751,0.01253308024039701,-0.00029432721267605704,-0.0008086698737100433
2195,2018-11-23,96.91999816894531,1221.0,14.220999717712402,3.053999900817871,21.520000457763672,-0.0039235367746059515,-0.018048629803550095,0.006819121033434508,0.013004959891873207,-0.00026446641197542766,-0.0012883308727039764
2196,2018-11-26,97.06999969482422,1220.199951171875,14.182999610900879,3.072000026702881,18.899999618530273,-0.0006554554094466516,-0.0026756886622266414,0.006812752247779889,0.013001952504839117,-0.00034606831696719305,-0.001265586891580132
2197,2018-11-27,97.37000274658203,1211.199951171875,14.062000274658203,3.055000066757202,19.020000457763672,-0.007403176331916226,-0.008567893569365975,0.006940788076278503,0.01301750910192191,-0.0008301458832144328,-0.0019018948797276908
2198,2018-11-28,96.79000091552734,1221.4000244140625,14.303000450134277,3.0439999103546143,18.489999771118164,0.008386198408281134,0.016993193635167835,0.007090763684248795,0.013107674166181138,-0.00012070645783805784,-0.00024573144827176135
2199,2018-11-29,96.77999877929688,1224.0999755859375,14.27299976348877,3.0350000858306885,18.790000915527344,0.002208098359343363,-0.002099712866984261,0.007100271959138772,0.01310480835504175,5.838769101483516e-05,-0.00043175646021314645
2200,2018-11-30,97.2699966430664,1220.199951171875,14.093999862670898,3.013000011444092,18.06999969482422,-0.0031911204357085257,-0.012620458916065612,0.006873668792464893,0.013126032431565966,0.0003093008414980446,-0.000453951277940845
2201,2018-12-03,97.04000091552734,1233.9000244140625,14.380999565124512,2.992000102996826,16.440000534057617,0.011165164989324806,0.02015869550362414,0.005901833597147503,0.011481683988282016,-8.097401557396733e-05,-0.0011385945265983113
2202,2018-12-04,96.97000122070312,1241.0999755859375,14.520999908447266,2.9240000247955322,20.739999771118164,0.005818158773582782,0.009688010579093916,0.00595937279849034,0.01172116642218682,0.0003929730720760581,-0.0006060802204954206
2203,2018-12-06,96.80999755859375,1238.0999755859375,14.390000343322754,2.875999927520752,21.190000534057617,-0.0024201367564945673,-0.009062326486047458,0.005985101405565896,0.011785125661120947,0.00032030154686589447,-0.0007029488240335982
2204,2018-12-07,96.51000213623047,1246.800048828125,14.571999549865723,2.8499999046325684,23.229999542236328,0.0070023813482669945,0.012568303498257799,0.0060298755570116205,0.011921056994522321,0.0008866426727961981,0.0003739971911051348
2205,2018-12-10,97.22000122070312,1243.699951171875,14.477999687194824,2.8559999465942383,22.639999389648438,-0.0024895396566155777,-0.006471613990562348,0.006068335915000207,0.01196485928090123,0.0006748024710200645,-0.00016417043767250457
2206,2018-12-11,97.38999938964844,1241.9000244140625,14.49899959564209,2.878999948501587,21.760000228881836,-0.0014482837866976904,0.0014494193769827234,0.00603975676362838,0.011761017778172156,0.0007341608311061656,0.0003725792605367839
2207,2018-12-12,97.04000091552734,1244.4000244140625,14.725000381469727,2.9059998989105225,21.459999084472656,0.0020110210300008265,0.015467101801532851,0.005072482613868277,0.011236413898920822,0.0014767984358006264,0.0020552017578026487
2208,2018-12-13,97.05999755859375,1242.699951171875,14.729000091552734,2.9110000133514404,20.649999618530273,-0.0013671131226424276,0.0002715902793073838,0.004948013865846668,0.010949031240367077,0.0016134308641230209,0.0025057089157559023
2209,2018-12-14,97.44000244140625,1237.0,14.512999534606934,2.8910000324249268,21.6299991607666,-0.00459729912749512,-0.014773578302318919,0.005081993192345542,0.011556919309676754,0.0014778317295880829,0.0018772344911842352
2210,2018-12-17,97.0999984741211,1247.4000244140625,14.638999938964844,2.8570001125335693,24.520000457763672,0.008372311271493809,0.008644428599020218,0.005152339719470555,0.011590844141703055,0.001532289040036158,0.0019386176165932395
2211,2018-12-18,97.13999938964844,1249.199951171875,14.585000038146973,2.825000047683716,25.579999923706055,0.0014419026574249351,-0.003695590084743683,0.005119988833847189,0.011371517791162508,0.0014081681510782413,0.0011499696959326696
2212,2018-12-19,97.04000091552734,1252.0999755859375,14.70199966430664,2.7780001163482666,25.579999923706055,0.0023188148550025403,0.007989910183540972,0.004987785194927269,0.01135676391033397,0.0012055095547329274,0.0011274405609533052
2213,2018-12-20,96.27999877929688,1263.5999755859375,14.753000259399414,2.7890000343322754,28.3799991607666,0.009142648430483463,0.0034629533995353657,0.005280104664518056,0.011367909468064163,0.001551246241637234,0.0012161242311237554
2214,2018-12-21,96.95999908447266,1253.800048828125,14.583000183105469,2.7920000553131104,30.110000610351562,-0.0077857918229155085,-0.011589990230735887,0.005566589875914365,0.011481421580742406,0.001340387062033595,0.0011100066314154947
2215,2018-12-24,96.55000305175781,1267.5,14.701000213623047,2.749000072479248,36.06999969482422,0.010867477681360828,0.008059053925501934,0.005879347387482504,0.011075207080232992,0.0015929868847632017,0.0007212941842363938
2216,2018-12-26,97.05000305175781,1269.199951171875,15.003999710083008,2.796999931335449,30.40999984741211,0.001340285772125058,0.020401279683973216,0.0057430258498908995,0.01099499029686586,0.0018436451012742027,0.002552242255070837
2217,2018-12-27,96.4800033569336,1277.300048828125,15.190999984741211,2.743000030517578,29.959999084472656,0.006361771038876295,0.012386333324069274,0.005794264600069869,0.011127378950838986,0.002177798741670533,0.0032694813972754043
2218,2018-12-28,96.38999938964844,1279.9000244140625,15.326000213623047,2.7360000610351562,28.34000015258789,0.0020334556603831245,0.008847600265753541,0.005364025164809144,0.01084647495856321,0.002627162169875264,0.00409879062751919
2219,2018-12-31,96.16999816894531,1278.300048828125,15.432999610900879,2.686000108718872,25.420000076293945,-0.0012508605650431678,0.0069573022197268524,0.005257876767262938,0.010464295704272267,0.002168254599716964,0.0036208910363077157
2220,2019-01-02,96.81999969482422,1281.0,15.541999816894531,2.6610000133514404,23.219999313354492,0.002109914525054996,0.007037976299174434,0.005257883219428082,0.01040433753173512,0.0021635791790365656,0.004056019091839082
2221,2019-01-03,96.30999755859375,1291.800048828125,15.706000328063965,2.553999900817871,25.450000762939453,0.008395609500155037,0.010496800834775997,0.005275789731264469,0.009754320977289867,0.0027153282236014975,0.005156840984736301
2222,2019-01-04,96.19000244140625,1282.699951171875,15.694999694824219,2.6589999198913574,21.3799991607666,-0.007069439157760669,-0.0007006549907175819,0.005315955728907449,0.00919638660467889,0.0018470137404069506,0.004163538580243839
2223,2019-01-07,95.70999908447266,1286.800048828125,15.668999671936035,2.681999921798706,21.399999618530273,0.0031913610711298765,-0.001657953664640011,0.005248315960980616,0.009188880426005018,0.001721928135528241,0.0036232545686374607
2224,2019-01-08,95.9000015258789,1283.199951171875,15.62600040435791,2.7160000801086426,20.469999313354492,-0.0028016342498520465,-0.0027479977333340682,0.005264006996187022,0.008850086869179067,0.0017037615882255037,0.003923936890195242
2225,2019-01-09,95.22000122070312,1289.300048828125,15.652999877929688,2.7279999256134033,19.979999542236328,0.0047425532281951755,0.0017263646557584096,0.005172577183251344,0.008634197979390789,0.001596150725364941,0.003407654088171461
2226,2019-01-10,95.54000091552734,1284.699951171875,15.560999870300293,2.7309999465942383,19.5,-0.0035742832584524176,-0.005894808405109122,0.005220610999564451,0.008602056505666424,0.0015444962681346154,0.003435121020812091
2227,2019-01-11,95.66999816894531,1287.0999755859375,15.57699966430664,2.7009999752044678,18.190000534057617,0.0018664166569111902,0.0010276700914385979,0.005175515832247846,0.008607415005027524,0.0017023391464017048,0.0034150377215004663
2228,2019-01-14,95.58999633789062,1289.0999755859375,15.609000205993652,2.7100000381469727,19.06999969482422,0.0015526748231558635,0.002052238379493366,0.0051751154268891795,0.008154101359330281,0.001680513136551945,0.0027762347014033475
2229,2019-01-15,95.97000122070312,1286.199951171875,15.545999526977539,2.7109999656677246,18.600000381469727,-0.0022521847725428135,-0.004044343792633986,0.005204695851791513,0.008273896945255866,0.0016383668675090694,0.0025707140313109013
2230,2019-01-16,96.05999755859375,1291.5999755859375,15.564000129699707,2.7309999465942383,19.040000915527344,0.004189644244261605,0.0011572230748719276,0.005028548396791303,0.007274048510466527,0.0020567927423546274,0.0033293236207009415
2231,2019-01-17,96.06999969482422,1291.0,15.467000007629395,2.749000072479248,18.059999465942383,-0.0004646291352922488,-0.006251840906349684,0.0048398302137747234,0.007453916405961328,0.0016359860563171962,0.002619977453778565
2232,2019-01-18,96.33999633789062,1281.300048828125,15.329999923706055,2.7839999198913574,17.799999237060547,-0.007541886222843759,-0.008897034642323205,0.005238470869653833,0.0077546251859209004,0.0012081865858282108,0.00237228961770335
2233,2019-01-22,96.30000305175781,1282.5,15.258999824523926,2.7300000190734863,20.799999237060547,0.00093607242112592,-0.004642206497191351,0.005232499620181475,0.0077869478657285746,0.0011423417080245622,0.0017707602519541918
2234,2019-01-23,96.12000274658203,1283.0999755859375,15.317000389099121,2.755000114440918,19.520000457763672,0.0004677078286435974,0.00379386667574851,0.004901263697279117,0.007790877257304864,0.00072924929841314,0.001786518027011961
2235,2019-01-24,96.5999984741211,1279.0999755859375,15.23799991607666,2.7119998931884766,18.889999389648438,-0.003122319355127618,-0.005171045542191834,0.004592062469748203,0.00735346872536348,0.0009513194159268491,0.0020921820597997725
2236,2019-01-25,95.79000091552734,1297.4000244140625,15.638999938964844,2.753000020980835,17.420000076293945,0.01420559407819777,0.025975488008011235,0.004992773460451659,0.008947047392703952,0.0011102773395857512,0.002945345587538311
2237,2019-01-28,95.75,1302.4000244140625,15.708999633789062,2.74399995803833,18.8700008392334,0.0038464543970783884,0.004465982654303193,0.00502837154543534,0.008020298505391063,0.0012296187026787668,0.002186521919458786
2238,2019-01-29,95.81999969482422,1308.199951171875,15.78600025177002,2.7119998931884766,19.1299991607666,0.0044433742087311885,0.0048897140295251365,0.00494724365177797,0.00770421540464264,0.0011382664726718571,0.0018295400482900173
2239,2019-01-30,95.33999633789062,1309.9000244140625,15.880000114440918,2.694999933242798,17.65999984741211,0.0012987078392666725,0.005936975790442768,0.004943192619152938,0.007597082147897455,0.0011032784811901212,0.0016909388827990282
2240,2019-01-31,95.58000183105469,1319.699951171875,16.02199935913086,2.634999990463257,16.56999969482422,0.007453583981655651,0.008902274768005444,0.005098428706090948,0.00767594224420762,0.0015177758405567317,0.0017835566231932467
2241,2019-02-01,95.58000183105469,1316.9000244140625,15.880000114440918,2.690999984741211,16.139999389648438,-0.002123892768155545,-0.008902274768005473,0.00515721363777562,0.007914797069172088,0.0013161659694514677,0.0010244970485656323
2242,2019-02-04,95.8499984741211,1314.300048828125,15.836999893188477,2.7239999771118164,15.729999542236328,-0.0019762666158226303,-0.0027114952604367928,0.004937286622832125,0.007644624833589938,0.0008222671067858644,0.0003955305678412136
2243,2019-02-05,96.0999984741211,1314.199951171875,15.789999961853027,2.7019999027252197,15.569999694824219,-7.616332988273438e-05,-0.002972141913503409,0.004602908214914788,0.007676912381730396,0.0011552802414467186,0.0002873645238990314
2244,2019-02-06,96.41999816894531,1309.5,15.656000137329102,2.7019999027252197,15.380000114440918,-0.0035826933617428332,-0.008522586986221665,0.004689631730977689,0.007906600709635872,0.0008327062208337323,-3.952277712866644e-05
2245,2019-02-07,96.51000213623047,1309.4000244140625,15.675000190734863,2.6519999504089355,16.3700008392334,-7.634929554701608e-05,0.0012128598216431749,0.00462124004771492,0.007885975700269143,0.0009624816948482577,0.00014908948739405942
2246,2019-02-08,96.63999938964844,1313.699951171875,15.77299976348877,2.631999969482422,15.720000267028809,0.0032785106548437006,0.006232503823570207,0.004572144864656457,0.00799163772124533,0.0008927653818315206,0.00036366754300414504
2247,2019-02-11,97.05999755859375,1307.0,15.656999588012695,2.6610000133514404,15.970000267028809,-0.005113111682841348,-0.007381527494560115,0.0046588273603010025,0.00805617694798856,0.0008194878378130002,0.000292871395887431
2248,2019-02-12,96.70999908447266,1309.199951171875,15.65999984741211,2.684000015258789,15.430000305175781,0.001681791706648733,0.00019160580277052144,0.0046569267350429246,0.008054429775169398,0.000810696173514788,0.0002530588107127608
2249,2019-02-13,97.12999725341797,1310.800048828125,15.62399959564209,2.7079999446868896,15.649999618530273,0.001221448744417649,-0.0023015131250432347,0.00465484851176361,0.008061832745795007,0.0007949235030986825,4.573731049673218e-05
2250,2019-02-14,96.9800033569336,1309.800048828125,15.5,2.6570000648498535,16.219999313354492,-0.0007631840122664169,-0.007968143768613888,0.004617301951556892,0.008205557014196996,0.0008658283012070824,-0.00014111030740707268
2251,2019-02-15,96.91999816894531,1318.0999755859375,15.722999572753906,2.6659998893737793,14.90999984741211,0.0063167961332353875,0.014284557389618703,0.004716139197668867,0.00878871860411207,0.000967121248301072,0.00048400085043801184
2252,2019-02-19,96.5199966430664,1340.0999755859375,15.946999549865723,2.6470000743865967,14.880000114440918,0.01655293261183519,0.014146114224121358,0.005796191131171055,0.009127705356608838,0.0017774813314976165,0.001455332047127109
2253,2019-02-20,96.44999694824219,1343.300048828125,16.156999588012695,2.6540000438690186,14.020000457763672,0.002385089610256545,0.013082671256754577,0.00538861112404017,0.009141439998375595,0.002250194466407155,0.002501984708987956
2254,2019-02-21,96.61000061035156,1323.5,15.791000366210938,2.687999963760376,14.460000038146973,-0.014849566751193068,-0.022913186120072135,0.00655572839061305,0.010607340242889287,0.0014984973629633936,0.0016319380602793471
2255,2019-02-22,96.51000213623047,1329.199951171875,15.907999992370605,2.6549999713897705,13.510000228881836,0.004297478078310308,0.0073819461902259595,0.006578848019846091,0.010672602625705534,0.0016808673748522848,0.0018027989895401783
2256,2019-02-25,96.41000366210938,1325.9000244140625,15.824999809265137,2.6730000972747803,14.850000381469727,-0.0024857282115930447,-0.005231170888365473,0.006557039895582658,0.0106745749064524,0.001711181238830122,0.001799935877817624
2257,2019-02-26,96.0,1325.0999755859375,15.82699966430664,2.635999917984009,15.170000076293945,-0.0006035826876001255,0.00012636516349217024,0.005910582917992495,0.009125394641313886,0.0010059823452206978,0.0005690252661738589
2258,2019-02-27,96.1500015258789,1317.699951171875,15.67199993133545,2.693000078201294,14.699999809265137,-0.005600154350637701,-0.009841644880088506,0.006041618660407508,0.009351214662840106,0.0005561438334246937,-0.00011229033070193621
2259,2019-02-28,96.16000366210938,1312.800048828125,15.538000106811523,2.7109999656677246,14.779999732971191,-0.00372545752587554,-0.008587032858445372,0.00604180048029587,0.009452663186594344,0.0001671518460624685,-0.0007540401825100557
2260,2019-03-01,96.52999877929688,1296.4000244140625,15.168999671936035,2.755000114440918,13.569999694824219,-0.01257108687016906,-0.02403479342017087,0.006640364575515262,0.010586557706677512,-0.0004933145686725664,-0.0021812672877773716
2261,2019-03-04,96.68000030517578,1284.800048828125,15.017000198364258,2.7219998836517334,14.630000114440918,-0.008988108902638492,-0.010070944074814348,0.006625799370582264,0.010401355987646814,-0.0012762523250675257,-0.003084753899340219
2262,2019-03-05,96.8499984741211,1282.0,15.020000457763672,2.7219998836517334,14.739999771118164,-0.0021817437163371535,0.00019977090547347004,0.00662618143033705,0.010336255548605554,-0.0012790071321237926,-0.0026513231529840787
2263,2019-03-06,96.87000274658203,1284.9000244140625,15.003000259399414,2.691999912261963,15.739999771118164,0.00225955480956854,-0.0011324784182179506,0.006668232401126822,0.010341537882908727,-0.0010773013499623082,-0.002576131874783182
2264,2019-03-07,97.66999816894531,1283.800048828125,14.960000038146973,2.635999917984009,16.59000015258789,-0.0008564453784477475,-0.0028702232984499448,0.006664547901955232,0.010341366657384174,-0.0011144576379892137,-0.0025712786073996833
2265,2019-03-08,97.37000274658203,1297.0,15.272000312805176,2.625,16.049999237060547,0.010229437404707756,0.020641131809450295,0.007077539191596906,0.011405643650507117,-0.00045673712530109033,-0.001182530093320066
2266,2019-03-11,97.22000122070312,1288.800048828125,15.196999549865723,2.6429998874664307,14.329999923706055,-0.0063423145671770475,-0.004923096574188512,0.007191859678733969,0.01141979691395518,-0.0007551164239501395,-0.001474718493121575
2267,2019-03-12,96.94000244140625,1296.300048828125,15.338000297546387,2.6050000190734863,13.770000457763672,0.0058024995240326446,0.009235418410437807,0.00728315087786932,0.011539305835277715,-0.0006349264777982852,-0.0013317225604135938
2268,2019-03-13,96.55000305175781,1307.5,15.380999565124512,2.6110000610351562,13.40999984741211,0.008602826665778341,0.0027995244541595427,0.007473985709488382,0.011486171575471046,1.821344356455733e-05,-0.0008469105628555152
2269,2019-03-14,96.79000091552734,1293.4000244140625,15.10099983215332,2.630000114440918,13.5,-0.01084248805070627,-0.01837199751740788,0.00782600531333745,0.012100171550578449,-0.0005781808305952047,-0.001730891673340201
2270,2019-03-15,96.5999984741211,1301.800048828125,15.253000259399414,2.5929999351501465,12.880000114440918,0.006473530758076257,0.010015266345534037,0.007969007503437976,0.012366700641964035,-0.00032808168708765194,-0.0011443783652174736
2271,2019-03-18,96.5199966430664,1300.300048828125,15.25100040435791,2.6019999980926514,13.100000381469727,-0.0011529150377441156,-0.00013112083666747391,0.007970525123697586,0.012268341169489355,-0.0003466403073484947,-0.0007711867970295491
2272,2019-03-19,96.37999725341797,1305.0,15.300999641418457,2.614000082015991,13.5600004196167,0.0036079961480897727,0.0032730611169250546,0.007878685708444003,0.011819793683533123,-0.00047563078283161924,-0.0012955437623959135
2273,2019-03-20,95.76000213623047,1300.5,15.244999885559082,2.5350000858306885,13.90999984741211,-0.0034542348680875576,-0.0036665893710713846,0.006860439515886214,0.011283213965844741,-0.0014283530437803214,-0.002143767743119377
2274,2019-03-21,96.5,1306.0999755859375,15.371999740600586,2.5369999408721924,13.630000114440918,0.004296773002431159,0.008296082894363668,0.006925941470271127,0.011005165524217724,-0.0013373205012958162,-0.0023717005222808492
2275,2019-03-22,96.6500015258789,1311.5999755859375,15.345000267028809,2.4549999237060547,16.479999542236328,0.0042021684654013165,-0.001757950354416915,0.006285675081230714,0.009948331025732322,-0.00043009501479132167,-0.001364308342963934
2276,2019-03-25,96.56999969482422,1321.9000244140625,15.506999969482422,2.4200000762939453,16.329999923706055,0.007822366697732926,0.010501827440643537,0.006462800254011583,0.010107498470082514,-0.000262243175771197,-0.0012157425691345257
2277,2019-03-26,96.73999786376953,1314.300048828125,15.371000289916992,2.4140000343322754,14.680000305175781,-0.005765872414879459,-0.008808896809933098,0.006558160724444135,0.010208215572607131,-0.0004184405187848358,-0.0013861104701615554
2278,2019-03-27,96.7699966430664,1309.9000244140625,15.23900032043457,2.374000072479248,15.149999618530273,-0.0033534245976774187,-0.008624683769098019,0.006589420376744855,0.010321375772884727,-0.0005493853716456592,-0.0018028270859991836
2279,2019-03-28,97.19999694824219,1289.800048828125,14.920999526977539,2.3889999389648438,14.430000305175781,-0.015463611608309486,-0.02108836737850305,0.0072825144803418925,0.011027017174041425,-0.001019073812487173,-0.0023383853002093996
2280,2019-03-29,97.27999877929688,1293.0,15.0600004196167,2.4140000343322754,13.710000038146973,0.002477894338452264,0.009272665278251144,0.007293052038244424,0.011208220338326401,-0.0007236761046620394,-0.0014879234841762322
2281,2019-04-01,97.25,1288.4000244140625,15.050999641418457,2.496999979019165,13.399999618530273,-0.0035639423656812787,-0.0005978398889495664,0.006810340894877653,0.009946753901701603,-0.0002947644615911926,-0.0003718780779275988
2282,2019-04-02,97.36000061035156,1290.0,15.017999649047852,2.4809999465942383,13.359999656677246,0.0012410609495414877,-0.0021949520368676843,0.006516965250603327,0.009708388414131354,0.00019233886470309213,3.1691619746232163e-06
2283,2019-04-03,97.08999633789062,1289.9000244140625,15.059000015258789,2.5169999599456787,13.739999771118164,-7.750345753043755e-05,0.0027263618090249786,0.006494776437340832,0.009726585356780601,0.0002925407817891262,0.00012348301452469506
2284,2019-04-04,97.30999755859375,1289.0,15.041000366210938,2.51200008392334,13.579999923706055,-0.0006979909589999726,-0.0011959900973608452,0.00648204404833024,0.009727005274350081,0.00015170526900014944,0.00012045864885122387
2285,2019-04-05,97.4000015258789,1290.4000244140625,15.043000221252441,2.500999927520752,12.819999694824219,0.0010855427915747453,0.0001329514030979421,0.00648079470090883,0.009702883928857403,0.0002441808961440777,0.00026346696797255185
2286,2019-04-08,97.05000305175781,1297.0999755859375,15.17300033569336,2.5190000534057617,13.180000305175781,0.005178717793829374,0.008604773243806766,0.006178363679301481,0.008747424015902882,3.6704384832023477e-06,-0.00030969296372475904
2287,2019-04-09,97.01000213623047,1303.5,15.168000221252441,2.499000072479248,14.279999732971191,0.004921969848964953,-0.0003295945680366028,0.006088183630242446,0.008683492002537298,0.0005400649344899642,-9.09547729556205e-05
2288,2019-04-10,96.94999694824219,1309.0999755859375,15.201000213623047,2.4769999980926514,13.300000190734863,0.004286905162995197,0.0021732691156490383,0.006031400376349473,0.008437509081765885,0.000467893774440562,-0.00042724759651699054
2289,2019-04-11,97.18000030517578,1288.5999755859375,14.824000358581543,2.503999948501587,13.020000457763672,-0.015783520778201384,-0.025113716042790446,0.006697642841646714,0.009964282521793263,-0.0006933608657489487,-0.0017564495249431805
2290,2019-04-12,96.97000122070312,1290.5999755859375,14.920000076293945,2.559999942779541,12.010000228881836,0.0015508688265574986,0.006455086716834882,0.006292400636199381,0.009348100853868006,-0.00010320101445067405,-0.0005742074185506678
2291,2019-04-15,96.94000244140625,1286.800048828125,14.947999954223633,2.552999973297119,12.319999694824219,-0.002948653274649578,0.001874908671713358,0.006133929452693875,0.009051092503584926,-0.0005518764445804757,-0.0009618434982564145
2292,2019-04-16,97.04000091552734,1272.5999755859375,14.890999794006348,2.5920000076293945,12.180000305175781,-0.011096521695962844,-0.003820518786228611,0.006552181920717943,0.009069948346812098,-0.0010253815235432724,-0.0011375291149021828
2293,2019-04-17,97.01000213623047,1272.199951171875,14.920999526977539,2.5920000076293945,12.600000381469727,-0.00031438575044829805,0.0020125951818558145,0.006468873402453531,0.009043432924631495,-0.0012121616139498471,-0.0011975513022864325
2294,2019-04-18,97.47000122070312,1271.9000244140625,14.937000274658203,2.559999942779541,12.09000015258789,-0.00023578221145405452,0.0010717897594401929,0.006451199994076293,0.009037859777023857,-0.0010589019636339661,-0.0009719142008335003
2295,2019-04-22,97.27999877929688,1273.5,14.956999778747559,2.5899999141693115,12.420000076293945,0.0012571507671187557,0.0013380281686905774,0.006358460923664977,0.00880565953514698,-0.0012036458796012234,-0.0013032501401512664
2296,2019-04-23,97.56999969482422,1269.300048828125,14.77299976348877,2.569999933242798,12.279999732971191,-0.0033034095568352825,-0.012378228554845754,0.006249416484405892,0.009132004775737257,-0.001561054356850585,-0.0018089776735050207
2297,2019-04-24,98.0999984741211,1275.5,14.89799976348877,2.5220000743865967,13.140000343322754,0.004872652719189608,0.00842578554894097,0.006058191972678727,0.009002387029092632,-0.0017015169272574099,-0.0019078368112051428
2298,2019-04-25,98.19999694824219,1275.800048828125,14.861000061035156,2.5339999198913574,13.25,0.00023521249854262027,-0.0024866239952149303,0.005998128162913467,0.008864723409724157,-0.0014157509789992158,-0.0016067762009804682
2299,2019-04-26,98.01000213623047,1284.9000244140625,15.001999855041504,2.505000114440918,12.729999542236328,0.0071074422097751645,0.009443180001331545,0.006257915517661524,0.009024887255325558,-0.0009176144643586165,-0.0007464017357219175
2300,2019-04-29,97.86000061035156,1278.5999755859375,14.843999862670898,2.5360000133514404,13.109999656677246,-0.004915203051928451,-0.010587781937970915,0.005395953548637711,0.008083249383889596,-0.00041530929500713855,-0.0002463738576013397
2301,2019-04-30,97.4800033569336,1282.800048828125,14.899999618530273,2.509000062942505,13.119999885559082,0.0032795166444519316,0.0037654534025559133,0.005420225113033981,0.00784479702612537,-0.0003771368042452496,-0.0005086220421582554
2302,2019-05-01,97.69000244140625,1281.4000244140625,14.645000457763672,2.510999917984009,14.800000190734863,-0.001091977625138958,-0.01726217581238666,0.005374202693511103,0.008655248690349945,-0.00025942419755275813,-0.0013021618480362122
2303,2019-05-02,97.83000183105469,1269.699951171875,14.539999961853027,2.552000045776367,14.420000076293945,-0.009172635638250213,-0.007195542055246299,0.005699433844957882,0.008749316249323043,-0.0007553145112571249,-0.0015402851822447178
2304,2019-05-03,97.5199966430664,1279.199951171875,14.906999588012695,2.5309998989105225,12.869999885559082,0.007454230729596022,0.024927404169336916,0.005974557898446649,0.01046392427426072,-0.0003966605023463411,-0.0004830926888965304
2305,2019-05-06,97.5199966430664,1281.699951171875,14.857000350952148,2.5,15.4399995803833,0.0019524392904874438,-0.00335971537390008,0.005995831043620702,0.010481932124551561,-0.0002704495380850355,-0.0005861272258745891
2306,2019-05-07,97.62999725341797,1283.5,14.859999656677246,2.447999954223633,19.31999969482422,0.001403437671793296,0.00020185790857171185,0.005999825701721436,0.010482179262136463,-0.00025531168664605684,-0.0005828459637091714
2307,2019-05-08,97.62000274658203,1279.4000244140625,14.791999816894531,2.4820001125335693,19.399999618530273,-0.003199484212726764,-0.004586534479652302,0.005898114360784468,0.010297700223059486,-0.000654273686958254,-0.0012110034743500792
2308,2019-05-09,97.37000274658203,1283.5,14.706999778747559,2.4570000171661377,19.100000381469727,0.0031994842127267375,-0.005762925831987464,0.005828253317159975,0.010342605926566268,-0.0007362968124934071,-0.0014697335345382158
2309,2019-05-10,97.33000183105469,1285.699951171875,14.72599983215332,2.4549999237060547,16.040000915527344,0.0017125578011547432,0.001291071674389341,0.005743776986425376,0.010328851493632584,-0.0008588847821048573,-0.0015117429365029632
2310,2019-05-13,97.31999969482422,1300.0999755859375,14.713000297546387,2.4049999713897705,20.549999237060547,0.011137886677169313,-0.0008831506093673057,0.005227259140761918,0.008800816291038209,0.0004230870014842237,-0.00035790648729233746
2311,2019-05-14,97.52999877929688,1294.699951171875,14.751999855041504,2.4189999103546143,18.059999465942383,-0.004162195438771078,0.0026471800486997554,0.005313583737418907,0.00869198059413387,0.00015103632218286292,-0.000539235376251153
2312,2019-05-15,97.56999969482422,1296.300048828125,14.751999855041504,2.378999948501587,16.440000534057617,0.0012351199225512385,0.0,0.005269805890778709,0.008675557105675157,0.00035026361728766366,-0.0006285167415708367
2313,2019-05-16,97.83999633789062,1285.0,14.479000091552734,2.4049999713897705,15.289999961853027,-0.008755371943979367,-0.01867932686545171,0.005035075909786014,0.009514292298138457,0.0004617469388106865,-0.001336079031057651
2314,2019-05-17,98.0,1274.5,14.347999572753906,2.3929998874664307,15.960000038146973,-0.00820477351315001,-0.009088800229785358,0.005378574653389349,0.009626675458303325,8.601418820584294e-05,-0.0018647169078024686
2315,2019-05-20,97.93000030517578,1276.0999755859375,14.409000396728516,2.4159998893737793,16.309999465942383,0.0012545877919818633,0.004242508991541103,0.005383946256357261,0.009699623725065306,0.00015698418836945812,-0.0017137302777024254
2316,2019-05-21,98.05999755859375,1272.0,14.373000144958496,2.4260001182556152,14.949999809265137,-0.003218067708084531,-0.002501582229612383,0.00542662169459429,0.009675379734891802,-5.612145330688888e-05,-0.0018965688680978043
2317,2019-05-22,98.11000061035156,1273.5999755859375,14.413999557495117,2.3929998874664307,14.75,0.0012570520207180209,0.0028484691480228173,0.005381234212404898,0.009417720184488188,0.00016104338371945889,-0.001171488025104063
2318,2019-05-23,97.8499984741211,1284.800048828125,14.57699966430664,2.2960000038146973,16.920000076293945,0.00875558527616713,0.011244995260311128,0.00561294290250875,0.009580062612251488,0.00034594493405172187,-0.001037239943610246
2319,2019-05-24,97.61000061035156,1283.0,14.520000457763672,2.3239998817443848,15.850000381469727,-0.0014020165813160776,-0.003917880139827831,0.005625913368328033,0.009595967433155574,0.00026798164453464097,-0.0011053949981156223
2320,2019-05-28,97.95999908447266,1276.5,14.281000137329102,2.2679998874664307,17.5,-0.005079127934097918,-0.016597048836066663,0.005512528281825913,0.009843984346189171,-0.0003123312194593153,-0.0023454058951345846
2321,2019-05-29,98.13999938964844,1280.5999755859375,14.371999740600586,2.2360000610351562,17.899999618530273,0.0032067413386132966,0.0063518591153221785,0.005458092920361789,0.009828839854611936,7.442803723314886e-05,-0.0015387563211682466
2322,2019-05-30,98.13999938964844,1287.0999755859375,14.460000038146973,2.2269999980926514,17.299999237060547,0.005062907666908317,0.0061043681663931065,0.0055239318016451645,0.009904908045586983,0.00015935141925488148,-0.0014273794276521898
2323,2019-05-31,97.75,1305.800048828125,14.529999732971191,2.1419999599456787,18.709999084472656,0.014424310458736921,0.004829239835712638,0.006327460588052328,0.009293301408411116,0.0008982222803918281,-0.0003754072539331758
2324,2019-06-03,97.13999938964844,1322.699951171875,14.70300006866455,2.0810000896453857,18.860000610351562,0.012859147970708999,0.011836100061190596,0.0064002439509691835,0.009520157331997974,0.0019473548331994095,0.000530861418278105
2325,2019-06-04,97.06999969482422,1323.4000244140625,14.732000350952148,2.11899995803833,16.969999313354492,0.0005291359094371339,0.001970463139631142,0.006279587771855328,0.007728042516061996,0.0016175884131918433,-0.0005623262498031223
2326,2019-06-05,97.37000274658203,1328.300048828125,14.753999710083008,2.122999906539917,16.09000015258789,0.003695764872375826,0.0014921904067938733,0.0062957383241464965,0.007712741003923657,0.0017006039170912905,-0.00033128311738912455
2327,2019-06-06,97.02999877929688,1337.5999755859375,14.868000030517578,2.124000072479248,15.930000305175781,0.006976979179977753,0.007697041675523656,0.006399214770526524,0.007909557835721148,0.001966010655576265,2.5630395322872765e-05
2328,2019-06-07,96.61000061035156,1341.199951171875,14.994000434875488,2.0840001106262207,16.299999237060547,0.0026877541074792105,0.008438895596596925,0.00628962285836028,0.008039446296066474,0.0022463553374908346,0.0006458889703823597
2329,2019-06-10,96.76000213623047,1324.699951171875,14.604999542236328,2.1429998874664307,15.9399995803833,-0.012378717355321674,-0.026286245587408923,0.0070449102294187155,0.009891570754715034,0.001504536215202815,-0.0003314119703519954
2330,2019-06-11,96.69000244140625,1326.4000244140625,14.706000328063965,2.140000104904175,15.989999771118164,0.001282541956835377,0.006891691585439862,0.0070449003040182045,0.010012268843124556,0.0014840592702352264,-6.471578411149448e-05
2331,2019-06-12,97.0,1331.9000244140625,14.722000122070312,2.127000093460083,15.90999984741211,0.004137988749946852,0.0010873858460063574,0.00672356341037331,0.01001344881875902,0.001150730797510347,2.911928519201328e-05
2332,2019-06-13,97.01000213623047,1339.199951171875,14.871000289916992,2.0910000801086426,15.819999694824219,0.0054658717373067345,0.010070045273799047,0.006671225841046647,0.010238958294138279,0.001609210186847386,0.00038258905781578907
2333,2019-06-14,97.56999969482422,1340.0999755859375,14.781999588012695,2.0929999351501465,15.279999732971191,0.0006718355335490992,-0.006002830710189233,0.006673937005791081,0.010333529519394612,0.001582387120704427,9.673997637820658e-05
2334,2019-06-17,97.55999755859375,1338.699951171875,14.814000129699707,2.0859999656677246,15.350000381469727,-0.0010452624905258059,0.002162491854491524,0.006277074284035714,0.009398612829577222,0.001949535189916501,0.0010892075344707416
2335,2019-06-18,97.63999938964844,1346.5999755859375,14.979999542236328,2.059999942779541,15.149999618530273,0.005883921663461859,0.011143259184441258,0.005877715010325518,0.0093399099931339,0.0026204254364218284,0.0020526389351481996
2336,2019-06-19,97.12000274658203,1344.5999755859375,14.944999694824219,2.0290000438690186,14.329999923706055,-0.001486326103211523,-0.0023391722147745138,0.005939666772238265,0.00937312130745587,0.002489905727126905,0.0017392255443712654
2337,2019-06-20,96.62999725341797,1392.9000244140625,15.468999862670898,2.000999927520752,14.75,0.03529136934367409,0.03446123706085458,0.009160594800169673,0.011714935176333053,0.004323688443877316,0.0034993597962982635
2338,2019-06-21,96.22000122070312,1396.199951171875,15.27299976348877,2.068000078201294,15.399999618530273,0.0023663033426528273,-0.012751464274099721,0.009145213083988982,0.012241060565840787,0.004376509935398021,0.0027565058238162377
2339,2019-06-24,95.9800033569336,1414.300048828125,15.368000030517578,2.0209999084472656,15.260000228881836,0.012880517986897823,0.006200879349312156,0.009287168722783113,0.012115009193470135,0.004572935302575672,0.002516309828054382
2340,2019-06-25,96.16000366210938,1414.9000244140625,15.291000366210938,1.99399995803833,16.280000686645508,0.00042413090583868053,-0.005022983476585341,0.009236838704121144,0.012146713430440386,0.0046598947067258995,0.002463685859637358
2341,2019-06-26,96.20999908447266,1411.5999755859375,15.282999992370605,2.0490000247955322,16.209999084472656,-0.002335078951077535,-0.0005233449289659389,0.009110725320356084,0.011366971108064533,0.004790563705917346,0.003229100331404059
2342,2019-06-27,96.19000244140625,1408.4000244140625,15.204999923706055,2.005000114440918,15.819999694824219,-0.0022694698902970736,-0.005116782934851348,0.00923583741735027,0.011484335999638183,0.0045297917426359,0.0026829745194910343
2343,2019-06-28,96.12999725341797,1409.699951171875,15.253000259399414,2.0,15.079999923706055,0.0009225555241278228,0.0031519059126081596,0.009268024293943682,0.011458399391689557,0.004332632116789211,0.002542381078834608
2344,2019-07-01,96.83999633789062,1385.5999755859375,15.105999946594238,2.0339999198913574,14.0600004196167,-0.017243639951311836,-0.00968420966839248,0.01008430423089556,0.011747611766259793,0.002824634478215459,0.0018512644357819835
2345,2019-07-02,96.7300033569336,1404.5999755859375,15.154000282287598,1.9759999513626099,12.930000305175781,0.013619306155092862,0.00317252978125227,0.010123412951650925,0.011529532253254088,0.0028608324869956432,0.0014387134700706344
2346,2019-07-03,96.7699966430664,1417.699951171875,15.251999855041504,1.9529999494552612,12.569999694824219,0.009283258338381215,0.006446090353980656,0.010202527312337312,0.01158110417145311,0.003277695459802504,0.0016518385755158493
2347,2019-07-05,97.25,1396.699951171875,14.918000221252441,2.0480000972747803,13.279999732971191,-0.014923529329707681,-0.022142080126877017,0.010946306663076465,0.012692449662074704,0.0023910624025604323,0.0005263971215315211
2348,2019-07-08,97.37999725341797,1397.0,14.972000122070312,2.0339999198913574,13.960000038146973,0.00021480390487373257,0.0036132458312110828,0.010904037286076588,0.012608096404227146,0.0020690540561269077,0.00033193065275473197
2349,2019-07-09,97.48999786376953,1397.5,15.067999839782715,2.053999900817871,14.09000015258789,0.0003578457722924877,0.006391481001422151,0.010909279371372175,0.012550054888319518,0.001958106040165635,0.00023443471965117128
2350,2019-07-10,97.0999984741211,1410.0999755859375,15.147000312805176,2.061000108718872,13.029999732971191,0.008975680500219938,0.005229233999338789,0.010493413643141434,0.011009956039242683,0.0029749821285247596,0.0017351718428296338
2351,2019-07-11,97.05000305175781,1404.300048828125,15.067000389099121,2.119999885559082,12.930000305175781,-0.0041216137849031005,-0.005295565552441228,0.010602691186806063,0.011045703670202753,0.0027176413789181653,0.0011548262648352961
2352,2019-07-12,96.80999755859375,1409.9000244140625,15.16100025177002,2.1059999465942383,12.390000343322754,0.0039798044429101,0.006219410062127446,0.010601687803044175,0.011100771768991444,0.0027101087928687964,0.0013992083703648717
2353,2019-07-15,96.93000030517578,1411.4000244140625,15.289999961853027,2.0920000076293945,12.680000305175781,0.0010633396770111903,0.008472659740203942,0.010587989276671641,0.011043711949176669,0.002500464409045199,0.0013231423925746289
2354,2019-07-16,97.4000015258789,1409.199951171875,15.600000381469727,2.121999979019165,12.859999656677246,-0.001560004046945811,0.020071921262604635,0.010618419523076785,0.011629149704816297,0.002394186333783537,0.002564797248421956
2355,2019-07-17,97.22000122070312,1421.300048828125,15.892999649047852,2.061000108718872,13.970000267028809,0.008549847281970965,0.018607799923819685,0.010669336707014544,0.012143063984561659,0.0028510963229500495,0.0033479071564852018
2356,2019-07-18,96.79000091552734,1426.0999755859375,16.1200008392334,2.0380001068115234,13.529999732971191,0.0033714485237431127,0.01418205050760765,0.010647692369636846,0.012258163568122184,0.0027314547448682044,0.003492611505207411
2357,2019-07-19,97.1500015258789,1425.0999755859375,16.117000579833984,2.0480000972747803,14.449999809265137,-0.0007014590755676152,-0.00018613762298015906,0.010633515279241787,0.012215879489814329,0.0027688293652322,0.0035951369619595234
2358,2019-07-22,97.26000213623047,1425.300048828125,16.34000015258789,2.0429999828338623,13.529999732971191,0.00014038257143025957,0.0137414472530351,0.00758876920728927,0.010281883078611874,0.001094972852268208,0.00260848030444431
2359,2019-07-23,97.70999908447266,1420.0999755859375,16.405000686645508,2.0739998817443848,12.609999656677246,-0.003655077659947234,0.003970109498770748,0.007651825060349583,0.009661660619495008,0.0008082404235729672,0.0034047457222000465
2360,2019-07-24,97.7300033569336,1422.800048828125,16.554000854492188,2.049999952316284,12.069999694824219,0.001899520933457056,0.009041607812743178,0.0071439398393331865,0.009722461869931372,0.0002853358019805496,0.0035400185061729528
2361,2019-07-25,97.81999969482422,1413.9000244140625,16.339000701904297,2.0739998817443848,12.739999771118164,-0.006274934527660716,-0.013072885074160904,0.007285596710395715,0.010222776288186592,-3.366731390037407e-05,0.0031566898586693542
2362,2019-07-26,98.01000213623047,1418.5,16.325000762939453,2.0810000896453857,12.15999984741211,0.003248114383933726,-0.0008572091105974126,0.0072992725695432935,0.010229043263649925,0.00023219903538587643,0.0031407915643059505
2363,2019-07-29,98.04000091552734,1419.5999755859375,16.368000030517578,2.055000066757202,12.829999923706055,0.0007751493255889368,0.002630489176820151,0.007277302501319206,0.010054554410189926,0.0003771809028090198,0.0035097092839093554
2364,2019-07-30,98.05000305175781,1429.699951171875,16.4950008392334,2.061000108718872,13.9399995803833,0.00708947330791591,0.007729144484854583,0.007423372130382792,0.010095937861008127,0.0006708436544179764,0.003727673025444899
2365,2019-07-31,98.5199966430664,1426.0999755859375,16.34600067138672,2.0209999084472656,16.1200008392334,-0.0025211692591502522,-0.009074095391197686,0.00624927122267027,0.010056212451464116,0.0013719136873780516,0.0037567260862636986
2366,2019-08-01,98.38999938964844,1420.9000244140625,16.121000289916992,1.8940000534057617,17.8700008392334,-0.003652937797119556,-0.013860472289722757,0.005666180884945365,0.010767444409249852,0.0005494258801298414,0.0029456307495506024
2367,2019-08-02,98.0999984741211,1445.5999755859375,16.222000122070312,1.8550000190734863,17.610000610351562,0.0172339525633451,0.00624556529546757,0.006485350989518439,0.010764273356605777,0.0009280303670328836,0.0029360819372404555
2368,2019-08-05,97.5,1464.5999755859375,16.344999313354492,1.7350000143051147,24.59000015258789,0.013057707568042691,0.00755364499352056,0.005915105063174472,0.00913183196077611,0.002260470219306711,0.004350164085830816
2369,2019-08-06,97.62999725341797,1472.4000244140625,16.405000686645508,1.7389999628067017,20.170000076293945,0.0053115881284716455,0.003664210102272622,0.005931512952110088,0.009131633095637783,0.0025031742299542305,0.004352590955881365
2370,2019-08-07,97.54000091552734,1507.300048828125,17.1560001373291,1.684000015258789,19.489999771118164,0.023426264124913006,0.04476176639042971,0.007454829329740695,0.012701122651608047,0.0036016703419837794,0.006179747402976964
2371,2019-08-08,97.62000274658203,1497.699951171875,16.900999069213867,1.715999960899353,16.90999984741211,-0.006389437814637304,-0.014975237956115583,0.00765241671715427,0.013515844741827038,0.0028699980412762913,0.00521762969081247
2372,2019-08-09,97.48999786376953,1496.5999755859375,16.89699935913086,1.7339999675750732,17.969999313354492,-0.000734713063036057,-0.0002366832527174244,0.007532445472045444,0.013363316872477124,0.003031279028031864,0.005458528847942175
2373,2019-08-12,97.37999725341797,1505.300048828125,17.038999557495117,1.6390000581741333,21.09000015258789,0.005796393970688471,0.008368754812452984,0.007554282604031648,0.013377659075356112,0.0031177832912594066,0.005560878597957676
2374,2019-08-13,97.80999755859375,1502.199951171875,16.95599937438965,1.6799999475479126,17.520000457763672,-0.0020615785564280236,-0.0048830916686960595,0.00762720052964953,0.013548688483474146,0.0029689776610956338,0.004924890435629105
2375,2019-08-14,97.98999786376953,1515.9000244140625,17.253000259399414,1.5809999704360962,22.100000381469727,0.009078670323797037,0.01736433984047374,0.007664564036518694,0.013409506806672841,0.0034755812025595795,0.004795957986956205
2376,2019-08-15,98.13999938964844,1519.5999755859375,17.187999725341797,1.5290000438690186,21.18000030517578,0.0024377881760616533,-0.0037746065016593558,0.007577799014443586,0.013143685249606863,0.0031845307689448497,0.0037301291095524418
2377,2019-08-16,98.13999938964844,1512.5,17.09600067138672,1.5390000343322754,18.469999313354492,-0.004683215342362713,-0.0053668926446865375,0.007769291597987466,0.01305841535437896,0.002800975346749335,0.0027992270546812895
2378,2019-08-19,98.3499984741211,1500.4000244140625,16.913999557495117,1.5980000495910645,16.8799991607666,-0.008032155425561887,-0.010702902090431267,0.008092491918282076,0.013376420565105625,0.002451894568178179,0.002298428746707427
2379,2019-08-20,98.19000244140625,1504.5999755859375,17.121999740600586,1.5609999895095825,17.5,0.0027953104204053326,0.012222515972246752,0.008075294750261988,0.013315418718582212,0.0025783197038436586,0.002226098685717506
2380,2019-08-21,98.30000305175781,1504.5999755859375,17.125,1.5770000219345093,15.800000190734863,0.0,0.00017521297806023556,0.007972966903203366,0.013316317618205856,0.002752371020984003,0.0020453893275884337
2381,2019-08-22,98.16999816894531,1497.300048828125,17.013999938964844,1.6100000143051147,16.68000030517578,-0.0048635471453845345,-0.006502853181945458,0.00814389596304943,0.013339987765865443,0.0024303201600867847,0.0013051768992699273
2382,2019-08-23,97.63999938964844,1526.5999755859375,17.395000457763672,1.527999997138977,19.8700008392334,0.019379505617472023,0.022146303953380443,0.00867932534012162,0.013652221671610808,0.003651960166997867,0.002982281138676658
2383,2019-08-26,98.08000183105469,1526.300048828125,17.624000549316406,1.5449999570846558,19.31999969482422,-0.00019648645968019812,0.013078805748974229,0.008719794160763029,0.013794225314381105,0.003487931555397204,0.003645900893894355
2384,2019-08-27,98.0,1541.0,18.138999938964844,1.4900000095367432,20.309999465942383,0.009585018407868445,0.028802672342276285,0.00879436066427013,0.014840530453727617,0.0039074491307438475,0.004892195330344648
2385,2019-08-28,98.20999908447266,1537.800048828125,18.304000854492188,1.465999960899353,19.350000381469727,-0.002078700970101249,0.009055348869769863,0.008855850230222902,0.014856020154480194,0.0034708694032192207,0.004955347920102518
2386,2019-08-29,98.51000213623047,1526.5,18.16699981689453,1.5160000324249268,17.8799991607666,-0.007375322175081968,-0.007512910503151729,0.009080569839784633,0.014786045487669866,0.0032397192643653294,0.0050296900576285155
2387,2019-08-30,98.91999816894531,1519.0999755859375,18.184999465942383,1.50600004196167,18.979999542236328,-0.004859495032714913,0.0009902976933296593,0.009130044359948368,0.014180125387314953,0.0031822641579084075,0.0057368695806310115
2388,2019-09-03,98.94999694824219,1545.9000244140625,19.07900047302246,1.465999960899353,19.65999984741211,0.017488242652852915,0.047991229467084,0.009149760091759085,0.016917011469341908,0.0031943732097897324,0.007724758350707984
2389,2019-09-04,98.44999694824219,1550.300048828125,19.391000747680664,1.4589999914169312,17.329999923706055,0.0028422112731653843,0.016220800920602105,0.008866316871759573,0.017018051999602136,0.0027079210052717655,0.008137480061521393
2390,2019-09-05,98.41000366210938,1515.4000244140625,18.6560001373291,1.565000057220459,16.270000457763672,-0.0227690454603242,-0.03864126192940405,0.010433071382302735,0.01984350788512188,0.0013707479772338677,0.006122933774298693
2391,2019-09-06,98.38999938964844,1506.199951171875,17.968000411987305,1.5499999523162842,15.0,-0.006089556358749777,-0.037575396604171044,0.009232293814310125,0.0199612772935021,-3.4767283892931225e-05,0.002202116488841514
2392,2019-09-09,98.27999877929688,1502.199951171875,18.018999099731445,1.621999979019165,15.270000457763672,-0.002659222501661612,0.002834285857460789,0.009139333437328853,0.01956947391685094,0.00014286201672495888,0.0030501890513927703
2393,2019-09-10,98.33000183105469,1490.300048828125,18.041000366210938,1.7020000219345093,15.199999809265137,-0.007953193028797172,0.0012202589869875437,0.009308176575424475,0.01955981879020154,-0.00020087512450176091,0.0031195672532834825
2394,2019-09-11,98.6500015258789,1494.4000244140625,18.0310001373291,1.7330000400543213,14.609999656677246,0.0027473300929079327,-0.000554459358972833,0.009233431096505963,0.019536994544234628,-0.00034606864249131037,0.002694652292739396
2395,2019-09-12,98.30999755859375,1498.699951171875,18.041000366210938,1.7910000085830688,14.220000267028809,0.00287322825901904,0.0005544593589728438,0.009250368263881951,0.01946745153858799,-0.00011107784175573592,0.002953583294056963
2396,2019-09-13,98.26000213623047,1490.9000244140625,17.43600082397461,1.902999997138977,13.739999771118164,-0.005218052260891263,-0.03410988413624732,0.009064443779649458,0.020759928800978256,-0.0007918741553123216,0.0005024297713559602
2397,2019-09-16,98.6500015258789,1503.0999755859375,17.900999069213867,1.840999960899353,14.670000076293945,0.008149645086967567,0.026319443578498306,0.00924999805976567,0.021476256378252914,-0.0005198809690787067,0.0019354797751729917
2398,2019-09-17,98.26000213623047,1505.0999755859375,18.016000747680664,1.812000036239624,14.4399995803833,0.0013296990407197322,0.0064037682464713735,0.009207646827280364,0.02142969338766093,-0.00023355171274144732,0.002495987436656702
2399,2019-09-18,98.5999984741211,1507.5,17.795000076293945,1.7860000133514404,13.949999809265137,0.0015933246639142726,-0.012342770208666937,0.009038037842690637,0.02148311565148189,0.00022480448199551265,0.0024178984786454795
2400,2019-09-19,98.2699966430664,1498.4000244140625,17.773000717163086,1.7740000486373901,14.050000190734863,-0.006054761178040599,-0.0012370311204151455,0.009118164019726824,0.02137649001777872,-0.00019662749888286506,0.0017769676647091987
2401,2019-09-20,98.51000213623047,1507.300048828125,17.738000869750977,1.7549999952316284,15.319999694824219,0.005922114787613536,-0.0019712121416582003,0.009215607896029479,0.021389659132080203,8.537796719397e-05,0.0016747569447226065
2402,2019-09-23,98.5999984741211,1523.699951171875,18.600000381469727,1.7079999446868896,14.90999984741211,0.010821552218634716,0.04745232124081683,0.009427637047618937,0.023495143896379248,0.0008322874607186962,0.004244050964854145
2403,2019-09-24,98.33999633789062,1532.0999755859375,18.517000198364258,1.6349999904632568,17.049999237060547,0.005497771957127581,-0.004472361460053329,0.008503522621067598,0.023197176856343413,0.00017125252451181795,0.0029764954689763456
2404,2019-09-25,99.04000091552734,1504.5999755859375,17.961999893188477,1.7319999933242798,15.960000038146973,-0.01811226148683577,-0.030430830465996518,0.009394320274558944,0.0241723250500244,-0.0006818796196384475,0.0009046080301682144
2405,2019-09-26,99.20999908447266,1507.5,17.801000595092773,1.684999942779541,16.06999969482422,0.0019255837015005862,-0.009003740376635183,0.009120474424264113,0.023385718135779488,-0.0010466146056559646,-0.0008956973373989982
2406,2019-09-27,99.11000061035156,1499.0999755859375,17.552000045776367,1.6749999523162842,17.219999313354492,-0.0055877378688848015,-0.014086762784678311,0.009172326104046665,0.02343855201527252,-0.0012137116008361336,-0.0019977026542774825
2407,2019-09-30,99.37999725341797,1465.699951171875,16.898000717163086,1.6749999523162842,16.239999771118164,-0.022532001013061617,-0.037972591969556956,0.010218111518729622,0.02470517048551486,-0.001935458212168498,-0.0034481636764872553
2408,2019-10-01,99.12999725341797,1482.0,17.20199966430664,1.6440000534057617,18.559999465942383,0.011059616136638108,0.017830322443140728,0.010574617008656782,0.025126160560951655,-0.0011774052993421635,-0.0026462577360200613
2409,2019-10-02,99.04000091552734,1501.0,17.591999053955078,1.5959999561309814,20.559999465942383,0.012739025777429712,0.022418562860961222,0.010199600696875971,0.02308617334986651,-0.001403558483886126,-0.0038640037648830505
2410,2019-10-03,98.86000061035156,1507.0999755859375,17.584999084472656,1.5360000133514404,19.1200008392334,0.004055705592803874,-0.00039798561248870055,0.010228254906472565,0.02264386261131024,-0.0013457730400938167,-0.00465537455217309
2411,2019-10-04,98.80999755859375,1506.199951171875,17.540000915527344,1.5149999856948853,17.040000915527344,-0.0005973679771035407,-0.0025621747223960214,0.008973680264663499,0.02126293192883787,-0.0002899788742261661,-0.0029373227804108024
2412,2019-10-07,98.98999786376953,1497.699951171875,17.457000732421875,1.5529999732971191,17.860000610351562,-0.005659324852886079,-0.004743282842165894,0.008960258681652579,0.019741301850634056,-0.0002694916596612281,-0.0013738887917438905
2413,2019-10-08,99.13999938964844,1497.199951171875,17.617000579833984,1.5369999408721924,20.280000686645508,-0.00033390097896368473,0.009123621559912556,0.008943602646563334,0.019855711216202786,-0.00015876206334227918,-0.0010743966154366635
2414,2019-10-09,99.12000274658203,1506.0999755859375,17.72800064086914,1.5889999866485596,18.639999389648438,0.005926847590369729,0.006280968856657897,0.008851180667097572,0.019915573998454044,0.0005021922518561447,-0.0008334104311666467
2415,2019-10-10,98.70999908447266,1494.800048828125,17.520000457763672,1.6579999923706055,17.56999969482422,-0.007531060731030875,-0.011802235078673572,0.009003693031663608,0.020058432954012932,1.2745069763820525e-05,-0.0013690187987714438
2416,2019-10-11,98.30000305175781,1482.699951171875,17.461999893188477,1.7519999742507935,15.579999923706055,-0.008127734184569402,-0.0033160263644904115,0.009147819110319477,0.020057657336913722,-0.000511110284692772,-0.0015533276427458845
2417,2019-10-14,98.44999694824219,1491.699951171875,17.634000778198242,1.7330000400543213,14.569999694824219,0.006051659334595071,0.009801815523573345,0.00918835841711662,0.01873950564384417,2.5542648425624918e-05,0.0005377056743884328
2418,2019-10-15,98.29000091552734,1477.5999755859375,17.308000564575195,1.7710000276565552,13.539999961853027,-0.00949724306442893,-0.01866004581343325,0.009215128433655363,0.01820837224944903,-0.0008147853587837322,-0.001604174772846403
2419,2019-10-16,98.01000213623047,1488.0,17.35099983215332,1.7480000257492065,13.680000305175781,0.007013803030788963,0.0024812769639738956,0.009363549802777177,0.01814211605667277,-0.0005441137402090069,-0.00179096007201295
2420,2019-10-17,97.61000061035156,1492.300048828125,17.535999298095703,1.7569999694824219,13.789999961853027,0.0028856502644308848,0.010605738793195502,0.009382527398165568,0.018165884417269424,-0.00048257442589869196,-0.0006981739290671194
2421,2019-10-18,97.27999877929688,1488.199951171875,17.50200080871582,1.746999979019165,14.25,-0.0027512835044978985,-0.0019406644184373364,0.009311859422912063,0.0181675768507987,-0.0003252659652538015,-0.0007316802765919857
2422,2019-10-21,97.33000183105469,1482.4000244140625,17.525999069213867,1.7920000553131104,14.0,-0.0039048907125390424,0.0013702332040930396,0.009228759104306396,0.018170810238848197,-0.00079321860811821,-0.0005725638315562125
2423,2019-10-22,97.52999877929688,1481.699951171875,17.437000274658203,1.7680000066757202,14.460000038146973,-0.0004723681798664878,-0.0050910384379668555,0.008838908305340554,0.01446742380895452,-0.001331024341380172,-0.003074628578164959
2424,2019-10-23,97.47000122070312,1489.9000244140625,17.517000198364258,1.7589999437332153,14.010000228881836,0.005518975719105269,0.004577448206793788,0.008839728562396587,0.014558206792513255,-0.0013300146384288534,-0.0026436852606960487
2425,2019-10-24,97.62999725341797,1498.9000244140625,17.73900032043457,1.7660000324249268,13.710000038146973,0.006022502044866212,0.012593774277038634,0.008085463024022169,0.013436394651502226,-0.00018074018453828296,-0.0005948945586467558
2426,2019-10-25,97.83000183105469,1499.5,17.861000061035156,1.8009999990463257,12.649999618530273,0.00040019716452753957,0.0068539447689283835,0.008072435611240911,0.013385693788598605,-0.0002533776386798566,0.0001602333054276997
2427,2019-10-28,97.76000213623047,1490.0,17.81599998474121,1.8530000448226929,13.109999656677246,-0.006355599249558961,-0.0025226392409761042,0.008099499881956454,0.013002670545227312,-0.0002899424663310071,0.0007109058551278048
2428,2019-10-29,97.69000244140625,1487.0,17.770999908447266,1.8350000381469727,13.199999809265137,-0.0020154524793497153,-0.0025290190470571862,0.006325590708860749,0.009580322688861267,0.0006870360352743216,0.002398695041913508
2429,2019-10-30,97.6500015258789,1493.199951171875,17.815000534057617,1.7979999780654907,12.329999923706055,0.004160767879948392,0.002472918984229704,0.005926516536843473,0.008905871929766319,0.00035851945162243033,0.0016673901152986976
2430,2019-10-31,97.3499984741211,1511.4000244140625,18.013999938964844,1.690999984741211,13.220000267028809,0.012114954399792637,0.01110840093757073,0.0058625516845499425,0.007869946614624871,0.0003288017669730458,0.0011288109760896265
2431,2019-11-01,97.23999786376953,1508.0,18.003999710083008,1.7280000448226929,12.300000190734863,-0.0022521201719947464,-0.0005552906455793508,0.005823516517677472,0.0078715472000834,2.8429111506444823e-05,0.001121320260228167
2432,2019-11-04,97.51000213623047,1508.0,18.013999938964844,1.7860000133514404,12.829999923706055,0.0,0.0005552906455793922,0.005821765565813337,0.007827881484428579,5.687520565423247e-05,0.00126977099203652
2433,2019-11-05,97.9800033569336,1480.800048828125,17.516000747680664,1.8660000562667847,13.100000381469727,-0.018201754334461643,-0.028034438348610823,0.00696803638923821,0.01005550137292547,-0.0005403833410874611,0.00016066834887247593
2434,2019-11-06,97.94999694824219,1490.199951171875,17.558000564575195,1.8140000104904175,12.619999885559082,0.0063277911200314285,0.002394927034152257,0.007127715493264027,0.009860942071453762,-0.00022315990780197949,-0.00015974567616372886
2435,2019-11-07,98.13999938964844,1464.199951171875,16.969999313354492,1.9259999990463257,12.729999542236328,-0.017601321488917986,-0.03406267987506792,0.00791802932823162,0.012196689051894147,-0.0013435489115775849,-0.0020808718062459105
2436,2019-11-08,98.3499984741211,1461.300048828125,16.783000946044922,1.9329999685287476,12.069999694824219,-0.001982500969778094,-0.011080513088539138,0.007792819456164492,0.012168911849406524,-0.0010793317800893573,-0.002046504092429985
2437,2019-11-11,98.19999694824219,1455.5,16.761999130249023,1.9429999589920044,12.6899995803833,-0.003976999709097086,-0.0012521579068233354,0.007656555345365313,0.012166480130214768,-0.0008816777574478184,-0.0019482246420648864
2438,2019-11-12,98.30999755859375,1452.0999755859375,16.677000045776367,1.909000039100647,12.680000305175781,-0.00233871646192102,-0.005083840404133052,0.007493851775420091,0.011877882508792195,-0.0012812194620438226,-0.0026570654005270956
2439,2019-11-13,98.37000274658203,1461.699951171875,16.898000717163086,1.8700000047683716,13.0,0.00658934076646455,0.013164786787038031,0.007433963252094422,0.011763689812340966,-0.0005151916605727046,-0.0011415971814570348
2440,2019-11-14,98.16000366210938,1471.800048828125,17.01300048828125,1.815000057220459,13.050000190734863,0.006886066178064791,0.006782472229118894,0.00742754425168697,0.0118669133586233,-0.0005212743678452844,-0.0009367783593072726
2441,2019-11-15,98.0,1467.300048828125,16.933000564575195,1.8339999914169312,12.050000190734863,-0.003062164177331961,-0.004713372375565169,0.007404500870117828,0.011589500863749129,-0.0008045036269768483,-0.0016662598435339714
2442,2019-11-18,97.79000091552734,1470.9000244140625,16.985000610351562,1.8079999685287476,12.460000038146973,0.0024504644323866277,0.0030662235223727343,0.0074231025961164895,0.011634985921635609,-0.0005568013442680613,-0.0014278366082573013
2443,2019-11-19,97.86000061035156,1473.300048828125,17.10300064086914,1.7860000133514404,12.859999656677246,0.0016303409319782403,0.006923286641420605,0.007396498975862131,0.01176414385467916,-0.00029321888500533365,-0.0011634054921940838
2444,2019-11-20,97.93000030517578,1473.300048828125,17.100000381469727,1.7380000352859497,12.779999732971191,0.0,-0.00017543837192239434,0.007396645183880135,0.011730943624007626,-0.0002707251621545485,-0.0009293292985729191
2445,2019-11-21,97.98999786376953,1463.0999755859375,17.049999237060547,1.7719999551773071,13.130000114440918,-0.006947360157733074,-0.0029283268344423054,0.00740899306341725,0.011668953382376522,-0.0008643602039087553,-0.0012867471576793997
2446,2019-11-22,98.2699966430664,1463.0999755859375,16.985000610351562,1.7740000486373901,12.34000015258789,0.0,-0.0038195214350559927,0.007243806468517208,0.011234338291462583,-0.001151146015569051,-0.002068332667779144
2447,2019-11-25,98.31999969482422,1456.5999755859375,16.871000289916992,1.7640000581741333,11.869999885559082,-0.004452519674764632,-0.006734448739109618,0.0072692010259784445,0.011085080399307274,-0.0013822277698210593,-0.002715399025304763
2448,2019-11-26,98.25,1459.800048828125,17.030000686645508,1.7400000095367432,11.539999961853027,0.0021945374432130837,0.009380346186178733,0.007215966026454771,0.011395401107084684,-0.0009750784034985809,-0.002148590195440247
2449,2019-11-27,98.41000366210938,1453.4000244140625,16.91200065612793,1.7669999599456787,11.75,-0.0043938174856029385,-0.006953067069884807,0.0072516872165405335,0.011443578090321677,-0.0010883338799868296,-0.002359259148908229
2450,2019-11-29,98.2699966430664,1465.5999755859375,16.9689998626709,1.7760000228881836,12.619999885559082,0.008359042281367265,0.003364673973277853,0.007458551759143165,0.011464042016479591,-0.0008884160513478358,-0.0023167946256202215
2451,2019-12-02,97.86000061035156,1462.300048828125,16.836000442504883,1.8359999656677246,14.90999984741211,-0.0022541262526476727,-0.007868664706169926,0.006839391349305006,0.01109487172440473,-0.0015726579871783266,-0.0032204644181793004
2452,2019-12-03,97.73999786376953,1478.199951171875,17.125,1.7089999914169312,15.960000038146973,0.010814526309483834,0.017019906956709973,0.007349815648255393,0.011936884270684423,-0.0009504367261555371,-0.0023835502466417135
2453,2019-12-04,97.6500015258789,1474.0,16.797000885009766,1.781000018119812,14.800000190734863,-0.0028453045693533395,-0.01933903242486304,0.007357640529237083,0.012469540589956299,-0.0010859274199342675,-0.003330898964281829
2454,2019-12-05,97.41000366210938,1476.9000244140625,16.941999435424805,1.7970000505447388,14.520000457763672,0.0019655192135956674,0.00859536096193349,0.006243755724750659,0.011353121118461667,-0.00012558106050296713,-0.0015866228066368623
2455,2019-12-06,97.69999694824219,1459.0999755859375,16.481000900268555,1.8420000076293945,13.619999885559082,-0.01212552242517598,-0.02758745580868627,0.00657961558721311,0.012639720996472462,-0.0010043102769414151,-0.0030143553229625064
2456,2019-12-09,97.63999938964844,1459.300048828125,16.531999588012695,1.8289999961853027,15.859999656677246,0.00013711159596173993,0.003089614852215734,0.005369755391376929,0.010494719370992927,-0.00015962298718523774,-0.0012451984311870942
2457,2019-12-10,97.41000366210938,1462.5999755859375,16.59600067138672,1.8329999446868896,15.680000305175781,0.0022587550109528006,0.00386387119646292,0.005377520543077045,0.010299312815875702,4.234158332575725e-05,-0.0005335610842822343
2458,2019-12-11,97.16000366210938,1469.4000244140625,16.743999481201172,1.7899999618530273,14.989999771118164,0.0046385136565482935,0.008878211234183041,0.005384188029400037,0.0104992740015184,0.0004526041245469658,-5.1162553758121134e-05
2459,2019-12-12,97.4000015258789,1466.699951171875,16.844999313354492,1.8969999551773071,13.9399995803833,-0.0018392248396021497,0.006013881936409361,0.005372330702485724,0.010512581210645909,0.0004763894398954834,0.0004773004148391366
2460,2019-12-13,97.16999816894531,1475.5999755859375,16.91200065612793,1.819000005722046,12.630000114440918,0.006049724215781696,0.003969631828526697,0.0053428399009303965,0.010142694687157127,0.00045069341367249036,3.943589300526356e-05
2461,2019-12-16,97.06999969482422,1475.0,17.018999099731445,1.8919999599456787,12.140000343322754,-0.0004066804034237166,0.0063068461902147455,0.005136668437250707,0.010127403988076208,0.0001034197669349424,1.67870340098279e-05
2462,2019-12-17,97.20999908447266,1474.5999755859375,16.97800064086914,1.8890000581741333,12.289999961853027,-0.00027123977476679824,-0.002411888051876556,0.005086530171210576,0.010086025122372196,0.0002363209289618549,0.00012638152561404755
2463,2019-12-18,97.41000366210938,1472.5999755859375,16.952999114990234,1.9240000247955322,12.579999923706055,-0.0013572206434196252,-0.001473668950720497,0.005071500388525625,0.010068500602556235,5.500259201870003e-05,-8.980383024753489e-05
2464,2019-12-19,97.41999816894531,1478.199951171875,17.058000564575195,1.9079999923706055,12.5,0.0037955689629014283,0.006174577882213705,0.005126837336483316,0.01004372051180967,0.00015810868872932803,-0.0001254566283050063
2465,2019-12-20,97.70999908447266,1474.699951171875,17.128000259399414,1.9170000553131104,12.510000228881836,-0.002370552172288522,0.004095231437837098,0.0051565044012951,0.010085805962390674,4.5225251953684114e-05,7.790860073116e-05
2466,2019-12-23,97.66000366210938,1482.5,17.402999877929688,1.934999942779541,12.609999656677246,0.005275305725533864,0.01592803170557151,0.005015646841388647,0.010629503876241442,0.0006272569606806811,0.0009758304359699131
2467,2019-12-24,97.6500015258789,1499.0999755859375,17.756999969482422,1.909999966621399,12.670000076293945,0.011135059860575142,0.020137204520364157,0.005510219916516875,0.011350242644621374,0.0011574979064223547,0.002116626910037539
2468,2019-12-26,97.58999633789062,1509.300048828125,17.893999099731445,1.9049999713897705,12.649999618530273,0.006781087784430196,0.007685608156131064,0.0054835832324708535,0.01122348065962255,0.0016924315949554416,0.0028032962860013813
2469,2019-12-27,96.91999816894531,1513.800048828125,17.849000930786133,1.8739999532699585,13.430000305175781,0.0029770786135146807,-0.002517874419034043,0.005489821256286147,0.011175075654742682,0.0017296954602078983,0.00223671435241982
2470,2019-12-30,96.73999786376953,1514.5,17.908000946044922,1.8949999809265137,14.819999694824219,0.00046227333689126925,0.0033000568116069036,0.005318593622220415,0.01097569794186614,0.0019609378803266703,0.002724958346776569
2471,2019-12-31,96.38999938964844,1519.5,17.827999114990234,1.9190000295639038,13.779999732971191,0.003295981889555684,-0.004477387764032723,0.005125303262419847,0.011085700218462785,0.0017198397664308805,0.002351526835476065
2472,2020-01-02,96.8499984741211,1524.5,17.965999603271484,1.8819999694824219,12.470000267028809,0.0032851540714616823,0.0077108552820845735,0.005052580274059548,0.010887072400254723,0.0019836150199598977,0.00309340873967866
2473,2020-01-03,96.83999633789062,1549.199951171875,18.06800079345703,1.7879999876022339,14.020000457763672,0.016072149694003442,0.005661400982570941,0.005611402895510672,0.010433289360930534,0.0022339780382703554,0.0025525275028148967
2474,2020-01-06,96.66999816894531,1566.199951171875,18.097000122070312,1.8109999895095825,13.850000381469727,0.010913635018349008,0.0016037237159964948,0.0057891255643649515,0.00915927044587681,0.0028891656376847526,0.0035498016047605893
2475,2020-01-07,96.9800033569336,1571.800048828125,18.31599998474121,1.8270000219345093,13.789999961853027,0.0035692183565126895,0.01202880853836567,0.005786909260956581,0.009283639456753992,0.0029655322635379444,0.0037132991084002165
2476,2020-01-08,97.30000305175781,1557.4000244140625,18.08799934387207,1.8739999532699585,13.449999809265137,-0.009203710678121977,-0.012526295260306774,0.005430057066938305,0.007060115303909517,0.0031046661562548015,0.004430497229751621
2477,2020-01-09,97.44999694824219,1551.699951171875,17.860000610351562,1.8580000400543213,12.539999961853027,-0.0036667071971181846,-0.012685089078884958,0.005594937489575418,0.007988117131934614,0.0029235319280129005,0.0036793208520801597
2478,2020-01-10,97.36000061035156,1557.5,18.033000946044922,1.8250000476837158,12.5600004196167,0.0037308990396736773,0.00963985556443244,0.005595414297287315,0.008093533082187177,0.002993634024618656,0.003954367726745374
2479,2020-01-13,97.3499984741211,1548.4000244140625,17.926000595092773,1.8480000495910645,12.319999694824219,-0.00585981619083129,-0.005951259054648109,0.005901706723056692,0.00828707036736864,0.002493713555695819,0.003248202474896273
2480,2020-01-14,97.37000274658203,1542.4000244140625,17.673999786376953,1.8179999589920044,12.390000343322754,-0.003882494785876494,-0.014157585123397126,0.005992852890466912,0.009081430342988476,0.002396414986825612,0.002287656424429297
2481,2020-01-15,97.2300033569336,1552.0999755859375,17.92300033569336,1.7879999876022339,12.420000076293945,0.006269176242541576,0.013990201970253593,0.005999729299985508,0.009430764966218232,0.0024068650833379873,0.002764826431178197
2482,2020-01-16,97.31999969482422,1549.0,17.875,1.809000015258789,12.319999694824219,-0.001999275510573253,-0.0026817343991415066,0.006046950848076156,0.009465881672790472,0.0023310272210927715,0.002336798784065994
2483,2020-01-17,97.61000061035156,1558.800048828125,18.01300048828125,1.8359999656677246,12.100000381469727,0.006306764371860662,0.007690657968508408,0.006075716010343944,0.009469192230546822,0.0026442655137893173,0.002817872404084326
2484,2020-01-21,97.52999877929688,1556.4000244140625,17.750999450683594,1.7690000534057617,12.850000381469727,-0.0015408479920918832,-0.014651925131573212,0.006081891887772056,0.010177963201037902,0.0026355213543287335,0.0021903363954722914
2485,2020-01-22,97.52999877929688,1555.300048828125,17.770999908447266,1.7690000534057617,12.90999984741211,-0.0007069933514569245,0.0011260886345373648,0.006118208433167088,0.010138696817725036,0.002421113625073574,0.001949932145582942
2486,2020-01-23,97.69000244140625,1564.5999755859375,17.773000717163086,1.7400000095367432,12.979999542236328,0.00596170020177131,0.00011258207757810059,0.006061844440303155,0.01013380900778222,0.0028178875476478514,0.0017602821760467997
2487,2020-01-24,97.8499984741211,1571.0999755859375,18.05699920654297,1.680999994277954,14.5600004196167,0.004145810767128866,0.015852885162823422,0.006043934504619331,0.010128567923035367,0.00276410207343809,0.0017567037692492714
2488,2020-01-27,97.95999908447266,1576.800048828125,18.0,1.6050000190734863,18.229999542236328,0.0036215123910229036,-0.003161619395780675,0.005738278692992283,0.009252717339471318,0.002406314098697507,0.0006472359637185651
2489,2020-01-28,98.0199966430664,1569.199951171875,17.402000427246094,1.6410000324249268,16.280000686645508,-0.004831603586278797,-0.03378659120078113,0.005853990122649499,0.011761171860247322,0.001853328795330412,-0.0013276306723248729
2490,2020-01-29,97.98999786376953,1569.800048828125,17.430999755859375,1.593999981880188,16.389999389648438,0.0003823495785668443,0.0016650495312278734,0.005856468101297391,0.01177541834009351,0.0017297702698567056,-0.0011284438175504959
2491,2020-01-30,97.87000274658203,1583.5,17.95199966430664,1.5579999685287476,15.489999771118164,0.00868933318130266,0.029451294414177934,0.006039744480495043,0.01352063655250678,0.002121535024352486,0.00011685321114336264
2492,2020-01-31,97.38999938964844,1582.9000244140625,17.972000122070312,1.5199999809265137,18.84000015258789,-0.000378963863372795,0.0011134873593740219,0.006057228454615491,0.013480634284946823,0.0019465376075463682,0.00038308535987701726
2493,2020-02-03,97.80000305175781,1577.199951171875,17.639999389648438,1.5199999809265137,17.969999313354492,-0.0036075310705902057,-0.01864598202194732,0.006166821618036366,0.013981915231979149,0.0016183145055438974,-0.0008720021307911682
2494,2020-02-04,97.95999908447266,1550.4000244140625,17.527999877929688,1.6030000448226929,16.049999237060547,-0.017138114161285474,-0.0063694206493541015,0.006522897993435423,0.01394726301536507,3.687336957775821e-05,-0.001444898398978075
2495,2020-02-05,98.2699966430664,1557.800048828125,17.569000244140625,1.6490000486373901,15.149999618530273,0.004761622946685296,0.002336403950157775,0.006136697113012027,0.013956184113464595,-0.00025607958621575187,-0.001410008864018014
2496,2020-02-06,98.5,1565.0999755859375,17.788999557495117,1.6440000534057617,14.960000038146973,0.0046751032672821095,0.012444264588915665,0.006175785180484178,0.0139764665790164,-0.00020341839998863664,-0.0013902252425632524
2497,2020-02-07,98.68000030517578,1568.5999755859375,17.665000915527344,1.5779999494552612,15.470000267028809,0.002233782116915276,-0.0069949312296361706,0.005837430052459812,0.013807201169384898,0.0003412241140607564,-0.0011268269553884615
2498,2020-02-10,98.83000183105469,1574.699951171875,17.757999420166016,1.5470000505447388,15.039999961853027,0.0038812607041441385,0.0052507533198486046,0.005810624726431895,0.013609807872468729,0.0007006511569780099,-0.00027273922211543486
2499,2020-02-11,98.72000122070312,1565.5999755859375,17.572999954223633,1.590000033378601,15.180000305175781,-0.005795625430667941,-0.010472455350364627,0.005932810255776173,0.013585010001746103,0.00024700713458078997,-0.0012304683132962474
2500,2020-02-12,99.05000305175781,1567.4000244140625,17.47800064086914,1.6299999952316284,13.739999771118164,0.0011490897071122928,-0.0054206467352414375,0.0057669139844686084,0.013576281261485143,0.0005807645582923892,-0.001205201059991168
2501,2020-02-13,99.06999969482422,1575.0999755859375,17.600000381469727,1.6169999837875366,14.149999618530273,0.004900535612764321,0.006955939845980658,0.005745486339104269,0.013349008506497846,0.0009990041010848089,-0.00019979510906841625
2502,2020-02-14,99.12000274658203,1582.699951171875,17.71500015258789,1.5880000591278076,13.680000305175781,0.004813471680398959,0.006512823212398426,0.005687208478680996,0.013047914300729156,0.0009296848362208747,-0.0005558607642043767
2503,2020-02-18,99.45999908447266,1600.0,18.131000518798828,1.555999994277954,14.829999923706055,0.010871410739791924,0.023211462126662336,0.006038450124950897,0.014023910112796594,0.0015425746576668356,0.0006771485941672349
2504,2020-02-19,99.5999984741211,1607.5,18.29199981689453,1.5700000524520874,14.380000114440918,0.004676547883901803,0.00884058672808669,0.005984376868660965,0.014054875554536467,0.0014649453010973663,0.0007319071065281054
2505,2020-02-20,99.87000274658203,1616.5999755859375,18.30900001525879,1.524999976158142,15.5600004196167,0.005644986085864686,0.0009289472782020044,0.006009302832088325,0.01360626123674812,0.0018071278762381551,0.0014738534117554967
2506,2020-02-21,99.26000213623047,1644.5999755859375,18.520999908447266,1.4709999561309814,17.079999923706055,0.01717201549417072,0.011512475433608081,0.006843871424162734,0.013780643829564414,0.0026585092498394715,0.0019684432593302928
2507,2020-02-24,99.29000091552734,1672.4000244140625,18.868000030517578,1.3769999742507935,25.030000686645508,0.01676255638881947,0.01856214854196102,0.007480740037738051,0.014236960420583155,0.003172835734937003,0.002846994043348527
2508,2020-02-25,98.97000122070312,1646.9000244140625,18.183000564575195,1.3300000429153442,27.850000381469727,-0.015364987376213718,-0.03698024435256567,0.008496488784866044,0.016337006492415568,0.0022437501090635465,0.00033113073309190354
2509,2020-02-26,99.0,1640.0,17.826000213623047,1.309999942779541,27.559999465942383,-0.004198505886171601,-0.01982904499455878,0.008603774852266445,0.016909997466975715,0.0018713682863399986,-0.00046255620018324426
2510,2020-02-27,98.44000244140625,1640.0,17.658000946044922,1.2990000247955322,39.15999984741211,0.0,-0.009469085636931421,0.008479267019429538,0.015266675229955803,0.00210144464759137,0.0006954202552381706
2511,2020-02-28,98.12999725341797,1564.0999755859375,16.386999130249023,1.1269999742507935,40.11000061035156,-0.047385678747064744,-0.07470070756696709,0.013739219540354492,0.02243586636062549,-0.0001732233679148961,-0.002941044368485399
2512,2020-03-02,97.36000061035156,1592.300048828125,16.679000854492188,1.0880000591278076,33.41999816894531,0.017868979456354687,0.017662209838237422,0.014174425179786508,0.021720927977559257,0.00026390264518281944,-0.00350242934829209
2513,2020-03-03,97.1500015258789,1642.0999755859375,17.128999710083008,1.0099999904632568,36.81999969482422,0.030796353102671873,0.026622422263687114,0.015658580501253214,0.02268390205977448,0.0017484415483278036,-0.0022877181623724187
2514,2020-03-04,97.33999633789062,1641.0999755859375,17.187000274658203,0.9919999837875366,31.989999771118164,-0.0006091618212690988,0.0033803834847869964,0.015620926047472092,0.022397120282268704,0.0018912210363907134,-0.0012388436144326897
2515,2020-03-05,96.81999969482422,1666.4000244140625,17.341999053955078,0.9259999990463257,39.619998931884766,0.01529889178860684,0.008977950327599854,0.015244365880740829,0.022471608443228413,0.0034358403673379664,-0.00050801642505393
2516,2020-03-06,95.94999694824219,1670.800048828125,17.214000701904297,0.7059999704360962,41.939998626708984,0.002636957249874577,-0.007408203400246435,0.015242177296559275,0.022510512870543894,0.0033346658103469797,-0.0009720453465017497
2517,2020-03-09,94.9000015258789,1674.5,17.000999450683594,0.49900001287460327,54.459999084472656,0.0022120303868409007,-0.012450913457719929,0.015240823502525853,0.02242400274574825,0.0032173766255640655,-0.0021575300153891586
2518,2020-03-10,96.41000366210938,1659.0999755859375,16.9060001373291,0.7480000257492065,47.29999923706055,-0.009239341300194449,-0.005603536914927912,0.015481582875855325,0.0224110467252596,0.002671037415225507,-0.002091273143260194
2519,2020-03-11,96.51000213623047,1641.4000244140625,16.729000091552734,0.8199999928474426,53.900001525878906,-0.010725720864527515,-0.010524850807994443,0.01575029598550465,0.022417035094619498,0.00197546686433638,-0.0028424923874431963
2520,2020-03-12,97.47000122070312,1589.300048828125,15.961000442504883,0.8489999771118164,75.47000122070312,-0.03225585264372553,-0.046995471397286125,0.017377413012077285,0.024370287195391135,0.0007154560446669715,-0.004581683627772792
2521,2020-03-13,98.75,1515.699951171875,14.456000328063965,0.9509999752044678,57.83000183105469,-0.047416352203101815,-0.09903869844066117,0.020302288293313344,0.03192357455155811,-0.0015971840462956051,-0.009039686089935635
2522,2020-03-16,98.08999633789062,1485.9000244140625,12.772000312805176,0.7279999852180481,82.69000244140625,-0.019856680529920206,-0.12385427663987778,0.020622391223071038,0.04030756627544982,-0.0027760991007091543,-0.015268744017833655
2523,2020-03-17,99.58000183105469,1524.9000244140625,12.468999862670898,0.996999979019165,75.91000366210938,0.02590818443844778,-0.024009746343207645,0.021505414527483734,0.04003223902628561,-0.0017715889693734961,-0.016722199710957758
2524,2020-03-18,101.16000366210938,1477.300048828125,11.734999656677246,1.2660000324249268,76.44999694824219,-0.03171271975140128,-0.060669752954126986,0.022248517007716965,0.04003326299773029,-0.0037994047070493632,-0.020716543286233437
2525,2020-03-19,102.76000213623047,1478.5999755859375,12.097000122070312,1.11899995803833,72.0,0.0008795472315558977,0.030381698021988448,0.02219154621221259,0.041090481312285404,-0.003980214261922977,-0.019690776081761924
2526,2020-03-20,102.81999969482422,1484.0,12.348999977111816,0.9380000233650208,66.04000091552734,0.0036454671159334207,0.020617588213572402,0.022152438484216757,0.041802921644105005,-0.004075429450967324,-0.018753221751506195
2527,2020-03-23,102.48999786376953,1567.0,13.225000381469727,0.7639999985694885,61.59000015258789,0.05442181862869502,0.06853392030671349,0.025218060022310404,0.04555100832013247,-0.0023016293017042617,-0.016037914852786887
2528,2020-03-24,101.73999786376953,1660.199951171875,14.229000091552734,0.8159999847412109,61.66999816894531,0.05777508425392426,0.07317313540883512,0.028182159974465725,0.04904962647361381,-0.0003486517843183194,-0.013437391668650024
2529,2020-03-25,101.05000305175781,1632.300048828125,14.836999893188477,0.8579999804496765,63.95000076293945,-0.016947954536260905,0.04184191177186963,0.028226414942986583,0.05016123936942302,-0.00042403117289199494,-0.009683955662724534
2530,2020-03-26,99.41999816894531,1650.0999755859375,14.640000343322754,0.8109999895095825,61.0,0.010845784249569976,-0.013366521785486255,0.028316597995011013,0.05011569035018053,0.0002923635954766516,-0.00937621646229251
2531,2020-03-27,98.37000274658203,1623.9000244140625,14.498000144958496,0.7490000128746033,65.54000091552734,-0.016005198817997043,-0.009746813106970235,0.02853937727499013,0.050115752727917066,-0.00046978872918987424,-0.009389441579913406
2532,2020-03-30,99.18000030517578,1622.0,14.074000358581543,0.6700000166893005,57.08000183105469,-0.0011707228298990415,-0.02968156985454951,0.02644579915661629,0.04810481879560534,0.0017309234573418257,-0.007245673117417329
2533,2020-03-31,99.05000305175781,1583.4000244140625,14.097999572753906,0.6980000138282776,53.540000915527344,-0.02408550651926629,0.001703764023590111,0.026748681297780807,0.04781685601397036,-0.00026690920816393484,-0.008005599108591012
2534,2020-04-01,99.66999816894531,1578.199951171875,13.925999641418457,0.6349999904632568,57.060001373291016,-0.003289523008281446,-0.012275342274958223,0.025786355798122947,0.04715724540636875,-0.0018900461658283786,-0.009857873610431264
2535,2020-04-02,100.18000030517578,1625.699951171875,14.595999717712402,0.6269999742507935,50.90999984741211,0.0296535360572285,0.04698992846285031,0.026691261516911566,0.04870419668390406,-0.00044896531447135,-0.007781228611475869
2536,2020-04-03,100.58000183105469,1633.699951171875,14.435999870300293,0.5870000123977661,46.79999923706055,0.00490888893936245,-0.011022421438056264,0.026480218888011265,0.04855541288957188,-0.0009437273549115591,-0.008733627266983304
2537,2020-04-06,100.69000244140625,1677.0,15.111000061035156,0.6759999990463257,45.2400016784668,0.02615913167880727,0.04569788167466487,0.027128800417412943,0.049989647386764376,0.0001763761893233309,-0.006204766072939907
2538,2020-04-07,99.9800033569336,1664.800048828125,15.42199993133545,0.7360000014305115,46.70000076293945,-0.007301457414060284,0.0203720974876483,0.027172504961988295,0.05029677417758084,-0.00027664703929101124,-0.004641765551731897
2539,2020-04-08,100.12000274658203,1665.4000244140625,15.147000312805176,0.7639999985694885,43.349998474121094,0.00036032405214913405,-0.01799254376220858,0.027094822472635,0.05038120641665639,0.00018047988224915933,-0.005231718258745262
2540,2020-04-09,99.5199966430664,1736.199951171875,15.994999885559082,0.7289999723434448,41.66999816894531,0.041633439372849586,0.05447365305050418,0.028417814823207176,0.05201002408020856,0.0026737732268861643,-0.0021365514083405653
2541,2020-04-13,99.3499984741211,1744.800048828125,15.479000091552734,0.7490000128746033,41.16999816894531,0.004941175038212751,-0.03279189374030617,0.02726776459599815,0.05148721815347295,0.004445060259359416,-0.0014601905675319963
2542,2020-04-14,98.88999938964844,1756.699951171875,16.07200050354004,0.7519999742507935,37.7599983215332,0.006797057351607868,0.03759438633651729,0.02454240072050941,0.04697519903979301,0.007026651190536067,0.005046146802809835
2543,2020-04-15,99.45999908447266,1727.199951171875,15.446999549865723,0.6380000114440918,40.84000015258789,-0.016935449293475353,-0.039663878251348525,0.024390214263321046,0.03819655007970639,0.007165757439890583,0.0090552133927398
2544,2020-04-16,100.02999877929688,1720.4000244140625,15.564000129699707,0.609000027179718,40.11000061035156,-0.003944735829989091,0.007545782864071135,0.024111592214066623,0.03744402411838008,0.005744189808060256,0.010557857640705456
2545,2020-04-17,99.77999877929688,1689.199951171875,15.237000465393066,0.6539999842643738,38.150001525878906,-0.018301820946780283,-0.021233852424789115,0.023231448244381444,0.03457194128393565,0.0063828040368517315,0.01243575766591202
2546,2020-04-20,99.95999908447266,1701.5999755859375,15.555999755859375,0.6259999871253967,43.83000183105469,0.007313955384594793,0.02071968956836223,0.02319764368727852,0.034384955858143135,0.00668920442509168,0.011975662025263154
2547,2020-04-21,100.26000213623047,1678.199951171875,14.817999839782715,0.5709999799728394,45.40999984741211,-0.013847209197883095,-0.04860375341707169,0.0236225763526987,0.03675154100512788,0.005856219838719466,0.00867940766189915
2548,2020-04-22,100.38999938964844,1728.699951171875,15.277000427246094,0.6190000176429749,41.97999954223633,0.029647891342731346,0.03050581016808494,0.02160870478274504,0.03452425293407949,0.004676509015578338,0.006868545274345409
2549,2020-04-23,100.43000030517578,1733.300048828125,15.347999572753906,0.6129999756813049,41.380001068115234,0.0026574814347122173,0.0046366871972489095,0.017858717668662673,0.03100281036459327,0.0020518612622825263,0.0036049048833174937
2550,2020-04-24,100.37999725341797,1723.5,15.253999710083008,0.5960000157356262,35.93000030517578,-0.005670027160958046,-0.006143399811375342,0.01742305046594949,0.02978825155136163,0.002588905423011234,0.0013198900460201137
2551,2020-04-27,100.04000091552734,1711.9000244140625,15.201000213623047,0.656000018119812,33.290000915527344,-0.006753227914803885,-0.0034805155209758918,0.017429291921488406,0.029622202697282947,0.0017508572247077166,0.0017906522490920358
2552,2020-04-28,99.87000274658203,1710.5,15.161999702453613,0.6100000143051147,33.56999969482422,-0.0008181536244567528,-0.002568951205474986,0.016964585861599445,0.029523666332165653,0.00247404985297154,0.002132455196782286
2553,2020-04-29,99.56999969482422,1703.4000244140625,15.15999984741211,0.6269999742507935,31.229999542236328,-0.004159457378130776,-0.00013190786056933187,0.01700916982191586,0.02862197800970547,0.0023317291601986003,0.0035395819584003894
2554,2020-04-30,99.0199966430664,1684.199951171875,14.89799976348877,0.621999979019165,34.150001525878906,-0.011335623435517613,-0.01743341027034469,0.01622871285282233,0.02898569396005521,0.0029388664499009182,0.002628287944403494
2555,2020-05-01,98.80000305175781,1694.5,14.86299991607666,0.6420000195503235,37.189998626708984,0.006097067443094948,-0.002352062358418966,0.016177775175509005,0.028810940338734933,0.003385846947585508,0.003100825083286316
2556,2020-05-04,99.4800033569336,1706.9000244140625,14.722000122070312,0.6370000243186951,35.970001220703125,0.007291162026340241,-0.009531915592089829,0.015059639861689325,0.02709484170118802,0.0023209719937336867,0.0004093086997177383
2557,2020-05-05,99.70999908447266,1704.4000244140625,15.057000160217285,0.6570000052452087,33.61000061035156,-0.001465717123550518,0.02250002805341621,0.015069110336945383,0.027373721193064145,0.0020174193240711643,0.0020056158183592845
2558,2020-05-06,100.08999633789062,1684.199951171875,14.987000465393066,0.7110000252723694,34.119998931884766,-0.011922512345884834,-0.004659820265648169,0.01428986257927857,0.025496145911817845,0.00020400770384773078,-0.0003923699883222885
2559,2020-05-07,99.88999938964844,1721.800048828125,15.562000274658203,0.6309999823570251,31.440000534057617,0.02207963897860998,0.03764887312804949,0.014941732832591025,0.02646018568516044,0.0016031075320701246,0.0004303336136015776
2560,2020-05-08,99.7300033569336,1709.9000244140625,15.739999771118164,0.6819999814033508,27.979999542236328,-0.006935380050009182,0.01137316560381926,0.015056450821769629,0.026212695062514807,0.0012556930510149663,0.0018287007262695703
2561,2020-05-11,100.23999786376953,1695.300048828125,15.63599967956543,0.7260000109672546,27.56999969482422,-0.00857515842664911,-0.006629301010521312,0.012000363443997885,0.023307043293784774,-0.0011351925584849713,-0.001080963752826882
2562,2020-05-12,99.93000030517578,1704.4000244140625,15.687000274658203,0.6779999732971191,33.040000915527344,0.005353411843933332,0.003256433945430799,0.01201113255971227,0.022153685007504947,-0.0011155622344030391,0.0006356232798272595
2563,2020-05-13,100.23999786376953,1713.9000244140625,15.663000106811523,0.6489999890327454,35.279998779296875,0.0055583326933722026,-0.0015311114668759736,0.011973312748818481,0.020471399933693433,-0.0011745491228904517,-0.0012274956631914673
2564,2020-05-14,100.47000122070312,1738.0999755859375,16.13599967956543,0.6190000176429749,32.61000061035156,0.014021058879757815,0.029751530877668176,0.011840758636187821,0.01953772830878535,0.0002995703139301754,0.0020780000096188517
2565,2020-05-15,100.4000015258789,1753.4000244140625,17.04599952697754,0.6399999856948853,31.889999389648438,0.008764225555300193,0.05486276355679654,0.011937370389448435,0.02267617365869987,0.0009047589513249034,0.004331189566415299
2566,2020-05-18,99.66999816894531,1731.800048828125,17.464000701904297,0.7440000176429749,29.299999237060547,-0.012395415869611638,0.02422611508879616,0.011524662587551597,0.02228004015927652,0.0011860163359519815,0.0064959499242050744
2567,2020-05-19,99.37000274658203,1744.199951171875,17.892000198364258,0.7110000252723694,30.530000686645508,0.007134611589602911,0.024212037218220177,0.011519960008649527,0.022404204944814973,0.0011774761552380824,0.006662252193245929
2568,2020-05-20,99.12000274658203,1750.5999755859375,18.00200080871582,0.6800000071525574,27.989999771118164,0.0036626025539089747,0.006129211101198859,0.011000055828125304,0.01849630839315324,0.0020112767148472285,0.009268583836973097
2569,2020-05-21,99.37000274658203,1720.5,17.334999084472656,0.6769999861717224,29.530000686645508,-0.01734362611469108,-0.03775538143537925,0.009812496750948828,0.020470242743800392,-0.00022641459264907747,0.006018050903474804
2570,2020-05-22,99.86000061035156,1734.5999755859375,17.663999557495117,0.6570000052452087,28.15999984741211,0.008161878938069567,0.018801118720278516,0.009965705397118203,0.020654977068551284,3.5699574177463e-05,0.006692547642666689
2571,2020-05-26,98.91000366210938,1704.800048828125,17.565000534057617,0.6980000138282776,28.010000228881836,-0.017328994749641426,-0.005620328921020515,0.010603796590970611,0.020639033295621584,-0.0005194893586169836,0.006717455780302634
2572,2020-05-27,99.05999755859375,1710.300048828125,17.68600082397461,0.6800000071525574,27.6200008392334,0.003220991829132791,0.006865096620193808,0.010533765618706559,0.020506487192521742,-4.45265136676181e-05,0.007210103977501192
2573,2020-05-28,98.37999725341797,1713.300048828125,17.895000457763672,0.7049999833106995,28.59000015258789,0.001752541583290877,0.011747957055893567,0.01053926142527179,0.020402845230172526,7.78875438441738e-05,0.007891861513756836
2574,2020-05-29,98.33999633789062,1736.9000244140625,18.440000534057617,0.6480000019073486,27.510000228881836,0.013680565277693138,0.030000877291833563,0.010893674389507769,0.020864697703069358,0.0009274124322167411,0.00932675604482364
2575,2020-06-01,97.83000183105469,1737.800048828125,18.76799964904785,0.6620000004768372,28.229999542236328,0.0005180443866920326,0.017631026121265957,0.010527434259688955,0.02000127281709143,0.0014918728047029148,0.010996491111090814
2576,2020-06-02,97.66999816894531,1725.199951171875,18.207000732421875,0.6800000071525574,26.84000015258789,-0.007277016031962099,-0.03034709746230805,0.010638857085846894,0.02178853669672236,0.0008550116868430554,0.009663394201381811
2577,2020-06-03,97.27999877929688,1697.800048828125,17.92099952697754,0.7609999775886536,25.65999984741211,-0.016009633407297864,-0.015832992582933587,0.011137423748163351,0.022107150203527662,-0.00025455000047304476,0.009363342916103537
2578,2020-06-04,96.68000030517578,1718.9000244140625,18.02400016784668,0.8199999928474426,25.809999465942383,0.012351241473905206,0.005731029275960764,0.011465584010970937,0.0219109020405376,0.0004034004089296087,0.008564819164796135
2579,2020-06-05,96.94000244140625,1676.199951171875,17.44300079345703,0.9039999842643738,24.520000457763672,-0.025155268002861633,-0.032765744917780996,0.012494341454250105,0.0235557431113517,-0.00022673081283119113,0.007226441800408856
2580,2020-06-08,96.62000274658203,1698.300048828125,17.868000030517578,0.8840000033378601,25.809999465942383,0.013098481927345721,0.024072937673257,0.01182860414448936,0.02285493851289095,-0.0006544049581294893,0.006579968683513977
2581,2020-06-09,96.31999969482422,1714.699951171875,17.77400016784668,0.8289999961853027,27.56999969482422,0.009610330246712897,-0.005274680438152362,0.01193983970827089,0.022968809940388763,0.00013348600838108588,0.005787214110086756
2582,2020-06-10,95.95999908447266,1713.300048828125,17.775999069213867,0.7480000257492065,27.56999969482422,-0.0008167458702274134,0.00011245577565070928,0.011775804784017695,0.02283330165469287,0.0005029342253535476,0.00610825014752352
2583,2020-06-11,96.7300033569336,1732.0,17.868999481201172,0.652999997138977,40.790000915527344,0.010855446283993906,0.0052181583277509415,0.011949053094231324,0.0228250623674082,0.000764935865356432,0.006201665594300669
2584,2020-06-12,97.31999969482422,1729.300048828125,17.461999893188477,0.6990000009536743,36.09000015258789,-0.0015600795547297869,-0.023040253591249615,0.011907169054832738,0.023656851871886972,0.0004259638535420516,0.0051774207312352575
2585,2020-06-15,96.68000030517578,1720.300048828125,17.378999710083008,0.7020000219345093,34.400001525878906,-0.005218007981163413,-0.004764521171250995,0.011543429976331437,0.023055538166486703,-0.0004901821874541973,0.003533799205096249
2586,2020-06-16,96.95999908447266,1729.5999755859375,17.631999969482422,0.7559999823570251,33.66999816894531,0.005391431183017847,0.014452867139130509,0.01143114850648379,0.02004739419349265,-0.0006507914432771662,0.0016095184233026287
2587,2020-06-17,97.16000366210938,1729.199951171875,17.756999969482422,0.7329999804496765,33.470001220703125,-0.00023130821343635084,0.007064371418377689,0.011109943541490327,0.01941929483043207,-7.154822155453348e-05,0.0007922925342350824
2588,2020-06-18,97.41999816894531,1724.800048828125,17.493000030517578,0.6940000057220459,32.939998626708984,-0.002547715531949515,-0.01497900000538719,0.01099626166144031,0.01893315819588143,-0.0005326114178189347,-0.0010739473335557447
2589,2020-06-19,97.62000274658203,1745.9000244140625,17.832000732421875,0.6970000267028809,35.119998931884766,0.0121590659502639,0.019193834504335174,0.011310165009545499,0.01939079581496899,-0.0001280179227544144,-0.0004518224095968723
2590,2020-06-22,97.04000091552734,1756.699951171875,17.886999130249023,0.7039999961853027,31.770000457763672,0.006166825249584587,0.0030795062293302172,0.010666122820901932,0.01740914963436934,0.0009915273803063316,0.0014926960506273883
2591,2020-06-23,96.69000244140625,1772.0999755859375,18.051000595092773,0.7089999914169312,31.3700008392334,0.008728248980421311,0.009126974487272623,0.01068585786276863,0.017052586181505104,0.0010184973823230813,0.0010320225157223455
2592,2020-06-24,97.1500015258789,1765.800048828125,17.658000946044922,0.6840000152587891,33.84000015258789,-0.0035613970847807024,-0.02201212581824172,0.009897146294677639,0.017733863217819074,0.0016740972711259728,0.00025146075871181176
2593,2020-06-25,97.43000030517578,1762.0999755859375,17.882999420166016,0.6740000247955322,32.220001220703125,-0.0020976074000182165,0.012661516426760644,0.009923597999755163,0.017886401912067862,0.0014208306411664013,0.0005274807495007088
2594,2020-06-26,97.5,1772.5,18.023000717163086,0.6359999775886536,34.72999954223633,0.005884713686692411,0.007798251320071016,0.009971356670461723,0.017782982901994857,0.0016176007413283792,0.00033939952398534914
2595,2020-06-29,97.54000091552734,1774.800048828125,17.979999542236328,0.6359999775886536,31.780000686645508,0.0012967886103743235,-0.0023887562183458814,0.009580824927158641,0.016435286124242728,0.0010278970905036736,-0.0012029639764993864
2596,2020-06-30,97.38999938964844,1793.0,18.541000366210938,0.652999997138977,30.43000030517578,0.010202426588476162,0.030724512283258242,0.009785934057339898,0.017405248313418515,0.0014890581477314893,-0.0005794646354521346
2597,2020-07-01,97.19999694824219,1773.199951171875,18.132999420166016,0.6819999814033508,28.6200008392334,-0.011104398270962212,-0.022251065171967135,0.009990854895911803,0.016791781407991802,0.0013068018506362457,-0.00019393928829304348
2598,2020-07-02,97.31999969482422,1784.0,18.243999481201172,0.6690000295639038,27.68000030517578,0.006072237805783904,0.006102779717610081,0.009208622597614733,0.016449063645386258,0.002358319527449663,0.0008506212974471312
2599,2020-07-06,96.79000091552734,1788.5,18.503999710083008,0.6840000152587891,27.940000534057617,0.0025192455591178196,0.01415067884856526,0.00892059069268717,0.01667502819635038,0.001890129245793121,0.0012515569913806787
2600,2020-07-07,96.87999725341797,1804.199951171875,18.628000259399414,0.6499999761581421,29.43000030517578,0.00873997345987791,0.0066789297840362544,0.006528003891059324,0.014763673690737467,0.003504188363066433,0.003129874834324357
2601,2020-07-08,96.43000030517578,1815.5,19.08099937438965,0.652999997138977,28.079999923706055,0.006243658695440093,0.024027203715746983,0.006186733274854267,0.014760432904617968,0.0031777682091661645,0.0031276970268238804
2602,2020-07-09,96.69999694824219,1799.199951171875,18.881999969482422,0.6050000190734863,29.260000228881836,-0.009018817348082771,-0.010483957067021156,0.006543570348515371,0.014951241676622708,0.0022906659427473232,0.0028796362349729856
2603,2020-07-10,96.6500015258789,1798.199951171875,18.982999801635742,0.6330000162124634,27.290000915527344,-0.0005559571095256041,0.005334745664732172,0.006537622940095453,0.014946344279730068,0.0023030844551616947,0.0031283167058816265
2604,2020-07-13,96.45999908447266,1811.0,19.708999633789062,0.6399999856948853,32.189998626708984,0.0070930414866313,0.03753153427062719,0.006340098537009572,0.016729250514755212,0.002123922321953952,0.004667048893637639
2605,2020-07-14,96.26000213623047,1810.5999755859375,19.451000213623047,0.6150000095367432,29.520000457763672,-0.0002209103260360273,-0.013176872022277812,0.006307844167094496,0.0160365748799618,0.0021876922852250833,0.005136733730255343
2606,2020-07-15,96.08000183105469,1811.4000244140625,19.684999465942383,0.6299999952316284,27.760000228881836,0.00044177186147791053,0.011958403658338859,0.006092849974882524,0.015935209516952317,0.002457205611065146,0.0059330634840453365
2607,2020-07-16,96.3499984741211,1798.699951171875,19.496999740600586,0.6119999885559082,28.0,-0.007035885831272417,-0.009596302989778741,0.006389879972913335,0.016154954565577067,0.0018654286103846579,0.0047878649064782295
2608,2020-07-17,95.94000244140625,1808.300048828125,19.684999465942383,0.628000020980835,25.68000030517578,0.005323049805576425,0.00959630298977866,0.006413661474707069,0.01618221935468541,0.002129921849385266,0.0049084330765449425
2609,2020-07-20,95.83000183105469,1815.9000244140625,20.124000549316406,0.6200000047683716,24.459999084472656,0.004194021617199042,0.022056262660133892,0.006336075095622812,0.0159224805469866,0.0024509569517256733,0.006672017012998327
2610,2020-07-21,95.12000274658203,1842.4000244140625,21.496999740600586,0.6069999933242798,24.84000015258789,0.014487856747344773,0.06600021852157253,0.006531838477489888,0.02040737822095755,0.002561851751586667,0.008900892442390581
2611,2020-07-22,94.97000122070312,1864.0999755859375,23.08300018310547,0.5950000286102295,24.31999969482422,0.011709267020525905,0.07118304534711668,0.0067915935417647896,0.02444743158732479,0.0028257775502029204,0.012143918114666127
2612,2020-07-23,94.69000244140625,1889.0999755859375,22.94499969482422,0.5820000171661377,26.079999923706055,0.013322162460929807,-0.005996389247863103,0.007059903786893697,0.024761477926789115,0.0030445353349890397,0.011423757936802522
2613,2020-07-24,94.44000244140625,1897.300048828125,22.808000564575195,0.5889999866485596,25.84000015258789,0.0043313363665133785,-0.005988658182724258,0.006898898112382158,0.023911946211458618,0.0034203797850506624,0.012186780205160497
2614,2020-07-27,93.66999816894531,1931.0,24.47599983215332,0.609000027179718,24.739999771118164,0.017606154822841998,0.07058166237893639,0.007430331078214652,0.02709761118688452,0.004358654176615434,0.014944882393359341
2615,2020-07-28,93.76000213623047,1944.699951171875,24.266000747680664,0.5809999704360962,25.440000534057617,0.007069694974014618,-0.008616814301147854,0.007446980654833261,0.027547103926925113,0.00441508185696411,0.014163212601872728
2616,2020-07-29,93.26000213623047,1953.5,24.292999267578125,0.5789999961853027,24.100000381469727,0.004514937092596289,0.0011119884128993386,0.007412636069806006,0.027452360458302547,0.004568327022784204,0.01432991472717012
2617,2020-07-30,93.0199966430664,1942.300048828125,23.34000015258789,0.5410000085830688,24.760000228881836,-0.005749772517706172,-0.040019579458420045,0.007620845834747984,0.029596795665707002,0.003808698493918379,0.01096114845375687
2618,2020-07-31,93.48999786376953,1962.800048828125,24.18899917602539,0.5360000133514404,24.459999084472656,0.01049918711509946,0.03572931691094974,0.006934275335212625,0.029042843507028855,0.004837440655159411,0.013722119029133863
2619,2020-08-03,93.5,1966.0,24.389999389648438,0.5630000233650208,24.280000686645508,0.0016289716145934227,0.008275236896191408,0.006962445380663411,0.029018205174910154,0.004625856550817008,0.013825569370971066
2620,2020-08-04,93.37999725341797,2001.199951171875,26.011999130249023,0.5149999856948853,23.760000228881836,0.017745954507515056,0.0643847493672121,0.007503903887254893,0.031046001970960906,0.005350937929312113,0.01621766796709711
2621,2020-08-05,92.83000183105469,2031.0999755859375,26.87700080871582,0.5429999828338623,22.989999771118164,0.01483052996269477,0.032712995802686336,0.007754940849190067,0.031165620639170437,0.0056409644294462494,0.017457385396556637
2622,2020-08-06,92.79000091552734,2051.5,28.386999130249023,0.5360000133514404,22.649999618530273,0.009993726704919284,0.05466033087826329,0.00781247650681521,0.03218860797748078,0.005819539096564306,0.01891610573762884
2623,2020-08-07,93.44000244140625,2010.0999755859375,27.533000946044922,0.5619999766349792,22.209999084472656,-0.020386772968585872,-0.030545943642917864,0.009168249353565824,0.03338045418720415,0.005278207876540349,0.01796077304353852
2624,2020-08-10,93.58000183105469,2024.4000244140625,29.249000549316406,0.5740000009536743,22.1299991607666,0.007088912486168325,0.060460084231535156,0.009076326473800451,0.03448707324236382,0.005642249285859108,0.020585789165767237
2625,2020-08-11,93.62999725341797,1932.5999755859375,26.03700065612793,0.6579999923706055,24.030000686645508,-0.04640713846737035,-0.1163267753098978,0.01452296367257521,0.045341923364276365,0.0030946216690018865,0.013259202995266046
2626,2020-08-12,93.44000244140625,1934.9000244140625,25.954999923706055,0.6700000166893005,22.280000686645508,0.001189424227168705,-0.003154362190323119,0.014510120235927432,0.045101860261180626,0.003161780457249731,0.01373646536821627
2627,2020-08-13,93.33999633789062,1956.699951171875,27.694000244140625,0.7160000205039978,22.1299991607666,0.011203697670107498,0.06485152570845039,0.014599024930109639,0.04645423602912291,0.003674253114803521,0.01625518546584063
2628,2020-08-14,93.0999984741211,1937.0,26.065000534057617,0.7089999914169312,22.049999237060547,-0.010118971422733294,-0.0606223533386497,0.0147270565731995,0.04913135135166534,0.0035274395152101456,0.01382537354446582
2629,2020-08-17,92.8499984741211,1985.0,27.64299964904785,0.6830000281333923,21.350000381469727,0.02447852971429491,0.0587790799544249,0.015420724526573858,0.050082709846673075,0.004439605225149121,0.016167410542782305
2630,2020-08-18,92.2699966430664,1999.4000244140625,28.048999786376953,0.6690000295639038,21.510000228881836,0.007228233622483832,0.014580454429306522,0.015432518643267504,0.050065324847994766,0.004584091511115064,0.01581141967464767
2631,2020-08-19,92.88999938964844,1958.699951171875,27.315000534057617,0.675000011920929,22.540000915527344,-0.020566184811920643,-0.026516951693766284,0.01618516428064835,0.049495413314801166,0.002914851436864329,0.011405840140583918
2632,2020-08-20,92.79000091552734,1933.800048828125,27.121999740600586,0.6439999938011169,22.719999313354492,-0.012793958632575233,-0.007090824297904377,0.01640125751858432,0.04768279501011073,0.0017480311676690372,0.007678513014630534
2633,2020-08-21,93.25,1934.5999755859375,26.707000732421875,0.6399999856948853,22.540000915527344,0.0004135698294723892,-0.015419466347542902,0.016186275652224965,0.047861918157521346,0.001133336280456779,0.007229795057502925
2634,2020-08-24,93.30000305175781,1927.699951171875,26.58799934387207,0.6460000276565552,22.3700008392334,-0.0035730170549382228,-0.004465769252301999,0.016200089144612153,0.04784203824836167,0.0007569384984828935,0.0073023135779992235
2635,2020-08-25,93.0199966430664,1911.800048828125,26.253999710083008,0.6819999814033508,22.030000686645508,-0.008282324903757287,-0.012641614163297371,0.01583470087339646,0.045738868483684664,-0.0004758462504027868,0.003339300409321424
2636,2020-08-26,93.01000213623047,1940.699951171875,27.43000030517578,0.6869999766349792,23.270000457763672,0.015003475387935178,0.04381896873669115,0.016115880159289796,0.04647881644400947,-9.80471830732363e-05,0.005836242458742329
2637,2020-08-27,93.01000213623047,1921.5999755859375,27.010000228881836,0.7459999918937683,24.469999313354492,-0.009890547937341882,-0.015430139796642024,0.016215985174809582,0.046702525320886513,-0.0007840226606893398,0.005048522067811788
2638,2020-08-28,92.37000274658203,1964.5999755859375,27.610000610351562,0.7289999723434448,22.959999084472656,0.02213049019313123,0.021970871769749625,0.016915325913010957,0.04565893030451519,0.0005436088969695841,0.00800044831677225
2639,2020-08-31,92.13999938964844,1967.5999755859375,28.437000274658203,0.6930000185966492,26.40999984741211,0.0015258636993629058,0.029513075749254068,0.016763922557990432,0.04549001057255133,0.00011630778193451,0.007704436832881979
2640,2020-09-01,92.33999633789062,1968.199951171875,28.486000061035156,0.671999990940094,26.1200008392334,0.0003048811432237371,0.0017216168575370366,0.016760438407440216,0.04550837523189146,5.325585472642974e-05,0.0073923596881841505
2641,2020-09-02,92.8499984741211,1934.4000244140625,27.249000549316406,0.6510000228881836,26.56999969482422,-0.017322181174838722,-0.044395897307705344,0.01665616922524109,0.04488354281176271,-0.0016166553682427978,0.0022123288941404634
2642,2020-09-03,92.73999786376953,1927.5999755859375,26.735000610351562,0.621999979019165,33.599998474121094,-0.0035215203808738388,-0.01904325211694882,0.016225966970294776,0.04454469652386705,-0.00249056252746035,-0.00025225434012787713
2643,2020-09-04,92.72000122070312,1923.9000244140625,26.576000213623047,0.7210000157356262,30.75,-0.0019213045878463265,-0.005965030321243963,0.015973957367898133,0.042735712744388483,-0.0030579449699729986,-0.003139176302009174
2644,2020-09-08,93.4800033569336,1933.0,26.86400032043457,0.6840000152587891,31.459999084472656,0.004718811695522806,0.010778551354080687,0.015545935347503441,0.042360403334691564,-0.001862440938348776,-0.0011713432069140055
2645,2020-09-09,93.26000213623047,1944.699951171875,26.954999923706055,0.703000009059906,28.809999465942383,0.006034498194198085,0.0033816938099991978,0.015517255062913954,0.039972010573145304,-0.001912651142728311,-0.0038893617984157177
2646,2020-09-10,93.33999633789062,1954.199951171875,27.163000106811523,0.6850000023841858,29.709999084472656,0.004873179121465835,0.007686951003405243,0.011740463697409134,0.03058980145386707,0.0005292687424543644,0.0020160537403129987
2647,2020-09-11,93.33000183105469,1937.800048828125,26.73900032043457,0.6690000295639038,26.8700008392334,-0.008427543375380205,-0.01573257127613793,0.011899904067426626,0.030818391972411846,7.131790423774963e-05,0.0014170914028932456
2648,2020-09-14,93.06999969482422,1953.0999755859375,27.229000091552734,0.6710000038146973,25.850000381469727,0.007864507194070882,0.018159399371913902,0.011765260929451694,0.02752092495457723,-8.769116604970823e-05,-0.0008063431845608729
2649,2020-09-15,93.05000305175781,1956.300048828125,27.34600067138672,0.6790000200271606,25.59000015258789,0.0016371176840063052,0.004287705266046661,0.011541651650034467,0.02386984120667341,0.00047212260093789174,0.0022846119870913346
2650,2020-09-16,93.20999908447266,1960.199951171875,27.354999542236328,0.6869999766349792,26.040000915527344,0.0019915248986203523,0.0003290203431616907,0.010163946460380399,0.020056046030103084,-0.0005986871521894683,-0.0004987241848735797
2651,2020-09-17,92.97000122070312,1940.0,26.985000610351562,0.6840000152587891,26.459999084472656,-0.010358510867938483,-0.01361813209281768,0.010211222643103106,0.019939624003580115,-0.001436151175542912,-0.0018415140192604466
2652,2020-09-18,92.93000030517578,1952.0999755859375,27.027999877929688,0.6940000057220459,25.829999923706055,0.006217730605110695,0.0015921824847043363,0.009337676942434064,0.019127284478423705,-0.00016072663187475283,-0.000502983820285655
2653,2020-09-21,93.54000091552734,1901.199951171875,24.298999786376953,0.6710000038146973,27.780000686645508,-0.026420463605422984,-0.10643817272857227,0.010641845389805558,0.03002160039601558,-0.0008096078210579791,-0.005233809936031745
2654,2020-09-22,93.98999786376953,1898.5999755859375,24.441999435424805,0.6639999747276306,26.860000610351562,-0.00136848046834515,0.005867752472323776,0.010638708608465351,0.030019867198388544,-0.0008944673590492904,-0.004220132849371426
2655,2020-09-23,94.38999938964844,1859.9000244140625,23.013999938964844,0.6759999990463257,28.579999923706055,-0.020594023641089643,-0.06020021716806202,0.01146896762990081,0.032411138225706106,-0.001704991482199358,-0.006874154178693333
2656,2020-09-24,94.3499984741211,1868.300048828125,23.118000030517578,0.6660000085830688,28.510000228881836,0.00450621665322058,0.004508812442975369,0.011441752966331271,0.0324745588315071,-0.0010960133128194596,-0.0060574671974422505
2657,2020-09-25,94.58000183105469,1857.699951171875,23.017000198364258,0.6589999794960022,26.3799991607666,-0.005689815487671344,-0.0043784542324342614,0.010862303253796462,0.030410919915679485,-0.0020814081164197704,-0.008352582576924412
2658,2020-09-28,94.26000213623047,1872.800048828125,23.527999877929688,0.6629999876022339,26.190000534057617,0.008095526135782653,0.021958114103674382,0.010924685940414448,0.031063291625561065,-0.0012249283986519352,-0.006572189534052203
2659,2020-09-29,93.88999938964844,1894.300048828125,24.3799991607666,0.6449999809265137,26.270000457763672,0.0114147396616161,0.03557189356670355,0.009989476767812441,0.03182072452155685,-0.001735202233485989,-0.005924521829435349
2660,2020-09-30,93.88999938964844,1887.5,23.433000564575195,0.6769999861717224,26.3700008392334,-0.0035962007873952123,-0.03961778024066061,0.009968380948891915,0.0315460041129243,-0.0019791100661887564,-0.00921646735276462
2661,2020-10-01,93.70999908447266,1908.4000244140625,24.19300079345703,0.6769999861717224,26.700000762939453,0.011012005311720377,0.03191805852918005,0.010357281667301519,0.032735298074731335,-0.0014692470105460594,-0.007778541558876857
2662,2020-10-02,93.83999633789062,1900.199951171875,23.97100067138672,0.6959999799728394,27.6299991607666,-0.004306089358559664,-0.009218573519054633,0.009731727156643302,0.031649890869394105,-0.0008494331145327708,-0.006103430902274443
2663,2020-10-05,93.51000213623047,1912.5,24.50200080871582,0.7620000243186951,27.959999084472656,0.006452168624350489,0.021909985478530215,0.009837598098582014,0.0320716067870213,-0.0003744955428554217,-0.004153276731061154
2664,2020-10-06,93.83000183105469,1901.0999755859375,23.8700008392334,0.7419999837875366,29.479999542236328,-0.005978633545181685,-0.026132304368854647,0.009909078086890915,0.032428526696541844,-0.000567701683680915,-0.005113623114280711
2665,2020-10-07,93.62999725341797,1883.5999755859375,23.847999572753906,0.7850000262260437,28.059999465942383,-0.009247826747493606,-0.0009221370488527162,0.010004761400952845,0.03224180119173066,-0.0012327797047769348,-0.005670798752515635
2666,2020-10-08,93.61000061035156,1888.5999755859375,23.836999893188477,0.7649999856948853,26.360000610351562,0.00265097449388411,-0.00046134758870596313,0.009908658028410847,0.032198728513268514,-0.001393899880982362,-0.005853800723882548
2667,2020-10-09,93.05999755859375,1919.5,25.069000244140625,0.7749999761581421,25.0,0.016228934538952623,0.05039304192898427,0.01055646120766287,0.03437198685240332,-0.0008531496230068005,-0.003820177346474022
2668,2020-10-12,93.06999969482422,1922.5,25.22599983215332,0.7770000100135803,25.06999969482422,0.001561686938946659,0.006243169210620009,0.010422297745797752,0.0343256745023402,-0.00037747198899123563,-0.002773713513771263
2669,2020-10-13,93.52999877929688,1888.5,24.086000442504883,0.7269999980926514,26.06999969482422,-0.017843559227287458,-0.04624442480112494,0.010904467289180292,0.03522714105387924,-0.0016016656281035377,-0.00584056228391597
2670,2020-10-14,93.37999725341797,1901.300048828125,24.36400032043457,0.722000002861023,26.399999618530273,0.006755025244470127,0.011475868916048166,0.011036859647463116,0.03536512820618064,-0.001357955744271927,-0.0054982687767730415
2671,2020-10-15,93.86000061035156,1903.199951171875,24.19300079345703,0.7310000061988831,26.969999313354492,0.0009987659359625074,-0.007043278207589709,0.011023914010312224,0.03534097302267083,-0.0014052299805889673,-0.005849330612523108
2672,2020-10-16,93.68000030517578,1900.800048828125,24.368999481201172,0.7440000176429749,27.40999984741211,-0.0012617784764216624,0.007248443529014121,0.0108315567669357,0.03540490848444917,-0.0009720522476595947,-0.004855684154340641
2673,2020-10-19,93.43000030517578,1906.4000244140625,24.656999588012695,0.7609999775886536,29.18000030517578,0.0029417837343790644,0.01174900767810512,0.010746084252199771,0.03556640217203692,-0.0011280497176944344,-0.004372025811797747
2674,2020-10-20,93.06999969482422,1910.4000244140625,24.937000274658203,0.796999990940094,29.350000381469727,0.002095997386936684,0.011291836212109573,0.009059612437638262,0.02689537189863771,0.0002298769962274546,0.0012341650901394833
2675,2020-10-21,92.61000061035156,1924.5999755859375,25.19700050354004,0.8159999847412109,28.649999618530273,0.007405484259196327,0.010372304457880085,0.00918368202880628,0.02695207766837707,0.0006476848403960964,0.0014486675656421647
2676,2020-10-22,92.94999694824219,1901.0999755859375,24.665000915527344,0.8479999899864197,28.110000610351562,-0.012285488081525436,-0.021339687991543906,0.008365314901197334,0.02363800172360542,0.0010433293908515347,0.003299168955000171
2677,2020-10-23,92.7699966430664,1902.0,24.62700080871582,0.8410000205039978,27.549999237060547,0.000473310949826521,-0.0015418369313595773,0.008328051119337432,0.023659386361392976,0.0008512862621184844,0.0030110427943175542
2678,2020-10-26,93.05000305175781,1902.699951171875,24.375999450683594,0.8009999990463257,32.459999084472656,0.0003679402784737119,-0.010244415724548301,0.00819398826064362,0.02378528455407884,0.001139750822411106,0.0027317112946930754
2679,2020-10-27,92.94000244140625,1908.800048828125,24.525999069213867,0.777999997138977,33.349998474121094,0.003200893540376839,0.006134722240562945,0.008054668030057608,0.023393159577755063,0.000906673079772734,0.0019782164440687216
2680,2020-10-28,93.41000366210938,1876.199951171875,23.323999404907227,0.781000018119812,40.279998779296875,-0.017226369257346583,-0.050250893543109784,0.00859324959800134,0.024691499118480474,-0.00045718924970167957,-0.002108582942112866
2681,2020-10-29,93.95999908447266,1865.5999755859375,23.339000701904297,0.8349999785423279,37.59000015258789,-0.0056657245971064325,0.0006429632676651472,0.008642772330427225,0.023148268484536112,-0.000555738002545071,-0.00019140467981163954
2682,2020-10-30,94.04000091552734,1877.4000244140625,23.617000579833984,0.8600000143051147,38.02000045776367,0.006305149837346229,0.011841005133172636,0.008384969862909502,0.02214882983910816,-0.0007798739775152685,-0.0011474548415262784
2683,2020-11-02,94.05000305175781,1890.4000244140625,24.006000518798828,0.8489999771118164,37.130001068115234,0.006900605880378817,0.016337004467802462,0.008505085216844972,0.022384009043904404,-0.0002462218232801028,6.94774435621546e-05
2684,2020-11-03,93.55000305175781,1908.5,24.30500030517578,0.8820000290870667,35.54999923706055,0.009529133397826345,0.012378282339141448,0.008651496352039014,0.02201255295687217,-9.969969120982396e-05,-0.0003844131821230248
2685,2020-11-04,93.41000366210938,1894.5999755859375,23.86400032043457,0.7680000066757202,29.56999969482422,-0.00730987162998074,-0.018311042413532264,0.00870145995935093,0.021617755352532526,-0.0001630919809621599,-1.1972136631482722e-05
2686,2020-11-05,92.52999877929688,1945.300048828125,25.17099952697754,0.7760000228881836,27.579999923706055,0.026408510349030297,0.05332145876278724,0.010191378994467115,0.02454593717297709,0.001534828833158026,0.002571056235351372
2687,2020-11-06,92.2300033569336,1950.300048828125,25.645999908447266,0.8199999928474426,24.860000610351562,0.0025670000104109966,0.0186950910642957,0.010190935620895184,0.02478242818931024,0.0015308300482307347,0.003483267599780023
2688,2020-11-09,92.7300033569336,1853.199951171875,23.684999465942383,0.9580000042915344,25.75,-0.051069383720258016,-0.07954569663969294,0.014852915357409832,0.028436467172997033,-0.0016738517736364386,-0.0027042913796807965
2689,2020-11-10,92.75,1875.4000244140625,24.445999145507812,0.972000002861023,24.799999237060547,0.011908134809094027,0.03162465457342915,0.015134539917711727,0.02936017340851294,-0.001181163779819897,-0.0014956492195470276
2690,2020-11-11,93.04000091552734,1860.699951171875,24.250999450683594,0.9580000042915344,23.450000762939453,-0.007869248251789697,-0.008008737405417438,0.014736762792118354,0.027577840324603333,-0.0007061965905104802,0.00032509779929618685
2691,2020-11-12,92.95999908447266,1872.5999755859375,24.290000915527344,0.8849999904632568,25.350000381469727,0.006375091715476151,0.001606949710234882,0.014727375005139104,0.02746216588608831,-0.0007242886633197171,-0.00014485073431396957
2692,2020-11-13,92.76000213623047,1885.699951171875,24.759000778198242,0.8930000066757202,23.100000381469727,0.006971252371710459,0.01912431000396647,0.014819691841911958,0.027725905362233873,-0.00043988454733171937,0.0011012248948077533
2693,2020-11-16,92.56999969482422,1887.300048828125,24.785999298095703,0.906000018119812,22.450000762939453,0.0008481832770622549,0.001089858614523058,0.014820993451516593,0.027690180833755296,-0.0003394101781181995,0.0008079589464986551
2694,2020-11-17,92.41999816894531,1884.5,24.635000228881836,0.871999979019165,22.709999084472656,-0.001484728408849857,-0.0061107440372559505,0.014803461436557095,0.02761149680233482,-0.0005501964706529102,-4.2505420899491035e-05
2695,2020-11-18,92.31999969482422,1873.5,24.433000564575195,0.8820000290870667,23.84000015258789,-0.005854194473448053,-0.008233504613137899,0.014834031270746593,0.02753939545982422,-0.0009287770354331358,-0.0009722835554350849
2696,2020-11-19,92.29000091552734,1861.0999755859375,24.033000946044922,0.8539999723434448,23.110000610351562,-0.006640641601906184,-0.016506775408208302,0.014755914449014683,0.0276103085470683,-0.0015976401716761121,-0.0022522397395345318
2697,2020-11-20,92.38999938964844,1872.5999755859375,24.347999572753906,0.8289999961853027,23.700000762939453,0.006160128835431433,0.013021767818694645,0.01463641207654298,0.02744022878783397,-0.0007192774613448328,-0.0006159799390469819
2698,2020-11-23,92.51000213623047,1837.800048828125,23.624000549316406,0.8569999933242798,22.65999984741211,-0.018758595831691597,-0.030186525390102144,0.015150698385906445,0.02819025609278685,-0.001635082546179029,-0.001980012722796628
2699,2020-11-24,92.2300033569336,1804.800048828125,23.29199981689453,0.8820000290870667,21.639999389648438,-0.01811942127724579,-0.014153221580523035,0.015560075828317754,0.028260369661686376,-0.0025154330964513865,-0.002166146334985901
2700,2020-11-25,91.98999786376953,1805.699951171875,23.356000900268555,0.878000020980835,21.25,0.0004984918223985983,0.002744002853213761,0.015521563690783665,0.02822022992385426,-0.002644118892545588,-0.00232760916295491
2701,2020-11-27,91.79000091552734,1781.9000244140625,22.55299949645996,0.8420000076293945,20.84000015258789,-0.013268076746218986,-0.03498587649977797,0.015358807154019516,0.02709838791588712,-0.0024556287729680833,-0.0016007035894629186
2702,2020-11-30,91.87000274658203,1775.699951171875,22.534000396728516,0.843999981880188,20.56999969482422,-0.0034855405676794873,-0.0008427751192580898,0.015343384248627199,0.027094176359716917,-0.0023518104858525147,-0.0016714530364592632
2703,2020-12-01,91.30999755859375,1814.0999755859375,24.033000946044922,0.9340000152587891,20.770000457763672,0.02139477962249914,0.0644026279177527,0.0161035767346031,0.030605168849098544,-0.001633256686559519,0.0008314813818540731
2704,2020-12-02,91.12000274658203,1825.699951171875,24.024999618530273,0.9480000138282776,21.170000076293945,0.0063739848852561315,-0.00033298628717724174,0.016090027305831624,0.03039837919555551,-0.0016583338768034561,3.767229828361122e-05
2705,2020-12-03,90.70999908447266,1836.800048828125,24.086999893188477,0.9200000166893005,21.280000686645508,0.006061505333917496,0.0025773324579274025,0.015986937597420956,0.030274423323945827,-0.0018234590227038773,-0.0004290396008218196
2706,2020-12-04,90.69999694824219,1835.9000244140625,24.202999114990234,0.968999981880188,20.790000915527344,-0.0004901159441992974,0.004804284419152676,0.015939112017046196,0.030010824778265905,-0.0014987087519523804,0.0006716902483536537
2707,2020-12-07,90.79000091552734,1861.800048828125,24.740999221801758,0.9279999732971191,21.299999237060547,0.014008950144385123,0.021985199210132582,0.015058982467185638,0.02797186046878796,-0.0020891639997926265,-0.0008205125874870443
2708,2020-12-08,90.97000122070312,1870.800048828125,24.68400001525879,0.9129999876022339,20.68000030517578,0.00482238504317269,-0.00230649398855097,0.015101831807894104,0.027612357511006148,-0.00198176471251826,-0.0018205880661940285
2709,2020-12-09,91.08999633789062,1834.5999755859375,23.93000030517578,0.9409999847412109,22.270000457763672,-0.019539712183873674,-0.03102234640385038,0.010983293226767958,0.02230277577677761,-0.000480351782214244,0.0004900476593222838
2710,2020-12-10,90.79000091552734,1833.5999755859375,24.0310001373291,0.9079999923706055,22.520000457763672,-0.0005452265623923936,0.0042117545723974,0.010610841515225395,0.021162442385817198,-0.001073368990380264,-0.0008153285312030376
2711,2020-12-11,90.9800033569336,1839.800048828125,24.031999588012695,0.8930000066757202,23.309999465942383,0.0033756623773700503,4.1589192911253653e-05,0.010534200786841438,0.021098438861304945,-0.0005378970556583712,-0.0004319796455683382
2712,2020-12-14,90.70999908447266,1828.699951171875,23.985000610351562,0.8920000195503235,24.719999313354492,-0.0060515914033823295,-0.001957598037197556,0.010475317861051341,0.02109555365307305,-0.0011296438708421083,-0.0006017200144936923
2713,2020-12-15,90.47000122070312,1852.300048828125,24.58099937438965,0.9229999780654907,22.889999389648438,0.012822831309901658,0.02454510094062517,0.010775115328542657,0.02138024174086796,-0.0008509972547377656,-0.0003435871127480401
2714,2020-12-16,90.44999694824219,1856.0999755859375,24.985000610351562,0.9200000166893005,22.5,0.0020493625621477644,0.016301907883016078,0.010787767084029532,0.021686739174590054,-0.0007937982411622653,0.0003807961857516275
2715,2020-12-17,89.81999969482422,1887.199951171875,26.100000381469727,0.9300000071525574,21.93000030517578,0.01661672416851431,0.04365965971945828,0.011433643992640762,0.023578863671752364,6.81756910931713e-05,0.002750815412261829
2716,2020-12-18,90.0199966430664,1885.699951171875,25.948999404907227,0.9480000138282776,21.56999969482422,-0.0007951443811694825,-0.005802278653605603,0.011355651436321905,0.02352814793305343,0.00030908283834453184,0.002866588077001462
2717,2020-12-21,90.04000091552734,1879.199951171875,26.277999877929688,0.9409999847412109,25.15999984741211,-0.003452950477738774,0.01259903228354743,0.011279154978886574,0.023184615349163214,0.0004608776537810752,0.0042525789194660215
2718,2020-12-22,90.6500015258789,1866.5999755859375,25.43400001525879,0.9179999828338623,24.229999542236328,-0.006727547309021927,-0.03264522037579608,0.011304135477690042,0.02442925338600581,-0.00015282121024051348,0.002077960434014082
2719,2020-12-23,90.41000366210938,1874.699951171875,25.823999404907227,0.9549999833106995,23.309999465942383,0.004330039505094346,0.015217406844871339,0.010498108793961602,0.023419275124649894,0.0009466376153207218,0.0042400524452032955
2720,2020-12-24,90.33000183105469,1879.9000244140625,25.81100082397461,0.9279999732971191,21.530000686645508,0.002769976349498633,-0.0005034794673994701,0.009547869787732751,0.023070072982276302,0.0019413708356418849,0.0048900401648758465
2721,2020-12-28,90.33999633789062,1877.199951171875,26.459999084472656,0.9330000281333923,21.700000762939453,-0.0014373179976945852,0.024833334510416537,0.009571811590178676,0.02346748781955061,0.0018491894156374474,0.00594191310093312
2722,2020-12-29,90.01000213623047,1879.699951171875,26.13800048828125,0.9350000023841858,23.079999923706055,0.0013308847368819284,-0.012243911230640645,0.008927427999374665,0.021960728025739465,0.002544378057689872,0.007024863828034899
2723,2020-12-30,89.62999725341797,1891.0,26.488000869750977,0.9259999990463257,22.770000457763672,0.005993626012460182,0.013301620224865581,0.008846575654099558,0.02192423611366364,0.0029957669424584277,0.00769840646346936
2724,2020-12-31,89.94000244140625,1893.0999755859375,26.332000732421875,0.9169999957084656,22.75,0.001109894461065988,-0.005906875660078046,0.0077803494179209,0.017815409484788113,0.0020298200300092302,0.0043503348645250375
2725,2021-01-04,89.87999725341797,1944.699951171875,27.284000396728516,0.9169999957084656,26.969999313354492,0.026892014283005597,0.035515506912647786,0.009460144173291817,0.019020929035016003,0.003006869048949681,0.006057405969278611
2726,2021-01-05,89.44000244140625,1952.699951171875,27.570999145507812,0.9549999833106995,25.34000015258789,0.0041053068384807835,0.010464000361709778,0.009438167443752147,0.019026639360626197,0.0029137167396431707,0.006432961583744438
2727,2021-01-06,89.52999877929688,1906.9000244140625,26.972999572753906,1.0420000553131104,25.06999969482422,-0.02373410559741736,-0.021928114863908554,0.011077844302413374,0.02000990829009206,0.0018068600894899293,0.0051599901893129504
2728,2021-01-07,89.83000183105469,1912.300048828125,27.200000762939453,1.0709999799728394,22.3700008392334,0.002827831959051613,0.00838065152021958,0.010725136036229583,0.01965502491221819,0.0012744258901883337,0.004512154585031379
2729,2021-01-08,90.0999984741211,1834.0999755859375,24.582000732421875,1.1050000190734863,21.559999465942383,-0.04175284695685227,-0.10120250376335906,0.014205687820197375,0.030323061179526597,-0.0009434423002890453,-0.0001971792137690055
2730,2021-01-11,90.54000091552734,1849.5999755859375,25.23900032043457,1.1319999694824219,24.079999923706055,0.008415501632621867,0.0263759323449584,0.013675865434825848,0.029990678708220708,0.00038775835763931376,0.0025360721552218886
2731,2021-01-12,90.05000305175781,1842.9000244140625,25.384000778198242,1.1380000114440918,23.329999923706055,-0.003628955192789631,0.005728655005136363,0.013702913206664362,0.02999674256521777,0.00024091413714420726,0.002608305509161839
2732,2021-01-13,90.31999969482422,1853.5999755859375,25.520000457763672,1.0880000591278076,22.209999084472656,0.005789249861382061,0.005343391476105413,0.013740590579648413,0.02999637096729471,0.00035584687447811253,0.002860772284552037
2733,2021-01-14,90.23999786376953,1850.300048828125,25.746000289916992,1.128999948501587,23.25,-0.001781866470034287,0.00881681008406724,0.013672459583287624,0.030001979204742575,0.0005591671093994479,0.003373839337945599
2734,2021-01-15,90.77999877929688,1829.300048828125,24.825000762939453,1.097000002861023,24.34000015258789,-0.011414407787474065,-0.03642804583416129,0.013608303613942264,0.03079067096001927,-0.0005949871333327295,0.0004703561581938629
2735,2021-01-19,90.5,1839.5,25.27899932861328,1.0920000076293945,23.239999771118164,0.005560388855331254,0.0181227443112213,0.013663871337729724,0.030840005887244386,-0.0004277954050858967,0.0005570626547750637
2736,2021-01-20,90.47000122070312,1865.9000244140625,25.733999252319336,1.090000033378601,21.579999923706055,0.014249727942710165,0.017839060733438286,0.01352530008714672,0.029522199332588442,-0.0005405095110765702,-0.0006724896778925552
2737,2021-01-21,90.12999725341797,1865.300048828125,25.82200050354004,1.1089999675750732,21.31999969482422,-0.0003215992599331132,0.0034138155443515505,0.013525249079769179,0.029510628283711458,-0.0005179597433986478,-0.00023362804941840475
2738,2021-01-22,90.23999786376953,1855.699951171875,25.52400016784668,1.090999960899353,21.90999984741211,-0.0051599671898233754,-0.01160766867082028,0.013548879212847708,0.02945702988891925,-0.0005992462534979145,-0.001386328094864486
2739,2021-01-25,90.38999938964844,1854.9000244140625,25.454999923706055,1.0399999618530273,23.190000534057617,-0.00043115764322087933,-0.0027070082250432712,0.013475954333590499,0.02857995561487713,-0.00029941817417405503,3.930105517136177e-05
2740,2021-01-26,90.16999816894531,1850.699951171875,25.52899932861328,1.0399999618530273,23.020000457763672,-0.002266879894457694,0.002902850225783161,0.013439482098370094,0.028378584293100396,-0.0006135571932003427,-0.0005471064028804562
2741,2021-01-27,90.6500015258789,1844.9000244140625,25.375999450683594,1.0140000581741333,37.209999084472656,-0.003138830803113128,-0.006011210777520726,0.013426949984073693,0.028403600946137853,-0.0008949289623723314,-0.0008093793224100398
2742,2021-01-28,90.45999908447266,1837.9000244140625,25.909000396728516,1.0570000410079956,30.209999084472656,-0.0038014599418898284,0.020786590199223482,0.013441628069452309,0.028234153294235977,-0.0010075071501911524,-0.001002081432466852
2743,2021-01-29,90.58000183105469,1847.300048828125,26.899999618530273,1.093000054359436,33.09000015258789,0.005101511241647846,0.03753585842218591,0.01349948573560938,0.029312233882099976,-0.0008279535071070611,0.0013683837890963173
2744,2021-02-01,91.0199966430664,1860.800048828125,29.398000717163086,1.0770000219345093,30.239999771118164,0.007281389008044573,0.08880039678799483,0.013534900855087972,0.03493899267953938,-0.0007666314596982806,0.004963563625435805
2745,2021-02-02,91.19999694824219,1830.5,26.384000778198242,1.1050000190734863,25.559999465942383,-0.01641737544450263,-0.10816887390243278,0.013947520285520409,0.04277702022933907,-0.0016012633599634528,9.39446615141509e-05
2746,2021-02-03,91.12000274658203,1832.199951171875,26.878000259399414,1.13100004196167,22.90999984741211,0.0009282503708198232,0.01855032246354162,0.012355357542203398,0.042231335764357884,-0.0028376330700675377,-0.0007139212646337615
2747,2021-02-04,91.52999877929688,1788.9000244140625,26.222999572753906,1.1390000581741333,21.770000457763672,-0.023916484486413037,-0.024671245802205845,0.013061047615384432,0.04246171031120145,-0.004172004085538672,-0.0023870282248202195
2748,2021-02-05,91.04000091552734,1810.9000244140625,27.013999938964844,1.1699999570846558,20.8700008392334,0.012223053284327792,0.029718375905522156,0.01272079772960116,0.04276787498526671,-0.002459758424503188,7.232847848600459e-05
2749,2021-02-08,90.93000030517578,1831.9000244140625,27.56999969482422,1.159999966621399,21.239999771118164,0.011529720189568878,0.020372966087397647,0.013039392138746183,0.042963974390384664,-0.002045382794478557,0.0006433910769230554
2750,2021-02-09,90.44000244140625,1835.300048828125,27.395999908447266,1.156999945640564,21.6299991607666,0.0018542895508146806,-0.006331199972749882,0.009350101979306786,0.036170099691359585,3.114751541034574e-05,0.005161072209809207
2751,2021-02-10,90.37000274658203,1840.5999755859375,27.073999404907227,1.1330000162124634,21.989999771118164,0.0028836096711605716,-0.011823178210466996,0.009178425945986318,0.03601002105125829,-0.0002322759113259064,0.0033420669452651408
2752,2021-02-11,90.41999816894531,1824.9000244140625,27.04199981689453,1.1579999923706055,21.25,-0.008566387767498658,-0.001182629617948182,0.009331744688474057,0.03601869988917729,-0.00046739174821681245,0.003012958153689686
2753,2021-02-12,90.4800033569336,1821.5999755859375,27.322999954223633,1.2000000476837158,19.969999313354492,-0.0018099820260786762,0.010337630496406337,0.009223709239750353,0.03605132938266154,-0.0008292599333339904,0.003250779059418301
2754,2021-02-16,90.51000213623047,1797.199951171875,27.319000244140625,1.2990000247955322,21.459999084472656,-0.01348535131998669,-0.00014639691356941383,0.009628818664917512,0.03603519213068395,-0.0013865687357126765,0.0028239596785784604
2755,2021-02-17,90.94999694824219,1771.0999755859375,27.31399917602539,1.3009999990463257,21.5,-0.014629062349107949,-0.00018307865876963965,0.009819870068549381,0.034911650455081614,-0.0015396475243619088,0.0045499104964542535
2756,2021-02-18,90.58999633789062,1773.4000244140625,27.07699966430664,1.2869999408721924,22.489999771118164,0.0012978130348198413,-0.008714714445597365,0.009709202882585394,0.034881153669603336,-0.0017426273253386428,0.003271936269939079
2757,2021-02-19,90.36000061035156,1775.800048828125,27.25200080871582,1.3450000286102295,22.049999237060547,0.0013524313819186311,0.00644229594300308,0.009031266270550958,0.03473151496289603,-0.002356784304423954,0.0027292331846802595
2758,2021-02-22,90.01000213623047,1806.699951171875,28.08300018310547,1.3700000047683716,23.450000762939453,0.017250896659106188,0.030037474990982648,0.009992222409102951,0.035239949455587984,-0.0015199987844697015,0.003997026491662692
2759,2021-02-23,90.16999816894531,1804.4000244140625,27.68600082397461,1.3619999885559082,23.110000610351562,-0.0012738096892075683,-0.01423751755091025,0.009957364759812732,0.03530279273629411,-0.0013349436653927581,0.003871795592610789
2760,2021-02-24,90.18000030517578,1796.4000244140625,27.85700035095215,1.3890000581741333,21.34000015258789,-0.004443464260402694,0.0061573938615424205,0.009977629302860164,0.03527318032710881,-0.0015260058852585591,0.0042939099776862985
2761,2021-02-25,90.12999725341797,1774.4000244140625,27.636999130249023,1.5180000066757202,28.889999389648438,-0.012322324448977169,-0.007928870700491954,0.010252459399706182,0.03537359139752448,-0.0020048365783309147,0.003778113743101769
2762,2021-02-26,90.93000030517578,1728.0999755859375,26.402000427246094,1.4600000381469727,27.950000762939453,-0.02643982642289971,-0.04571564214710485,0.011558951393872174,0.036948986254182456,-0.0031144077983207524,0.001887426535026335
2763,2021-03-01,91.04000091552734,1722.5,26.64699935913086,1.4459999799728394,23.350000381469727,-0.0032458010444414774,0.009236768827626578,0.011557935947542449,0.03673896694631784,-0.003087947850823212,0.0013374350411407678
2764,2021-03-02,90.79000091552734,1733.0999755859375,26.850000381469727,1.4149999618530273,24.100000381469727,0.006134974480583479,0.00758928529377983,0.011596684578162356,0.035833705495931394,-0.003038735315635801,-8.859225068809315e-05
2765,2021-03-03,90.94999694824219,1715.300048828125,26.35700035095215,1.4700000286102295,26.670000076293945,-0.01032367748638774,-0.018531927490602944,0.01144872986549209,0.029640690744292996,-0.003877071815370673,-0.005199655311573701
2766,2021-03-04,91.62999725341797,1700.199951171875,25.43400001525879,1.5499999523162842,28.56999969482422,-0.008842158417799017,-0.03564704547321747,0.011149279378581404,0.019551657454773406,-0.0035163471950514537,-0.0017462349101824957
2767,2021-03-05,91.9800033569336,1698.0,25.256999969482422,1.5540000200271606,24.65999984741211,-0.0012947745929176705,-0.006983518383137074,0.011115471705742928,0.019012862167972,-0.0036222055266580005,-0.0029621320933576716
2768,2021-03-08,92.30999755859375,1677.699951171875,25.239999771118164,1.5959999561309814,25.469999313354492,-0.012027309199143453,-0.0006733152105607949,0.010303230471961205,0.018352530860223388,-0.003056054322502306,-0.0018193734937555263
2769,2021-03-09,91.95999908447266,1716.5999755859375,26.148000717163086,1.5460000038146973,24.030000686645508,0.022921797389633937,0.03534270457276128,0.011311671380620836,0.018869541398443955,-0.002546590317487728,-0.0015515483191250923
2770,2021-03-10,91.79000091552734,1721.5,26.101999282836914,1.5199999809265137,22.559999465942383,0.002850427716795303,-0.0017608209076269371,0.010923544127631923,0.01818958840630899,-0.0029598899590483735,-0.0026055381760310245
2771,2021-03-11,91.41999816894531,1722.300048828125,26.16200065612793,1.5269999504089355,21.90999984741211,0.00046463141365605257,0.0022960890755324343,0.010897099129892368,0.018198658783623162,-0.003026064156055928,-0.0021947148880175813
2772,2021-03-12,91.68000030517578,1719.5,25.8799991607666,1.6349999904632568,20.690000534057617,-0.0016270843199136934,-0.010837564140635981,0.010818963477322502,0.01817383959004342,-0.0032408591080118456,-0.0021477808846922944
2773,2021-03-15,91.83000183105469,1728.9000244140625,26.253000259399414,1.6069999933242798,20.030000686645508,0.005451831359562948,0.014309840897732363,0.01090606112495607,0.018526010556405723,-0.0025733248638660547,-0.0014100441934694116
2774,2021-03-16,91.87000274658203,1730.5999755859375,25.974000930786133,1.621000051498413,19.790000915527344,0.000982772833472422,-0.010684204579357141,0.010932829276941705,0.01842718079374903,-0.002440336537220764,-0.002411083958981958
2775,2021-03-17,91.4000015258789,1726.800048828125,26.030000686645508,1.6410000324249268,19.229999542236328,-0.0021981421073807767,0.002153671862279076,0.010636105273801646,0.018448138264574317,-0.0019028503842395304,-0.002301556874417744
2776,2021-03-18,91.8499984741211,1732.199951171875,26.320999145507812,1.7300000190734863,21.579999923706055,0.003122235750465632,0.011117321806583778,0.010273326036189863,0.018676420369689653,-0.0010575504747360263,-0.0017634425665437718
2777,2021-03-19,91.91999816894531,1741.4000244140625,26.29199981689453,1.7319999933242798,20.950000762939453,0.0052971527058642155,-0.0011023637550364208,0.01035590995263027,0.018608507433381053,-0.0008671057284958179,-0.0014009496765170605
2778,2021-03-22,91.80000305175781,1737.800048828125,25.740999221801758,1.684000015258789,18.8799991607666,-0.002069427911533476,-0.02117968221669669,0.010346156473288579,0.018998527123349575,-0.0010300514091363944,-0.002716281969836097
2779,2021-03-23,92.33999633789062,1724.699951171875,25.200000762939453,1.6380000114440918,20.299999237060547,-0.007566879516500325,-0.021240996427577197,0.009539566329498877,0.01783819455105295,-0.0022118502746414667,-0.00515811394214847
2780,2021-03-24,92.52999877929688,1732.9000244140625,25.201000213623047,1.6139999628067017,21.200000762939453,0.004743225748486408,3.96599537454151e-05,0.009658767114327506,0.01774668760448081,-0.00192532477760842,-0.0044782483466886775
2781,2021-03-25,92.87999725341797,1724.9000244140625,25.02199935913086,1.6139999628067017,19.809999465942383,-0.004627227810274516,-0.007128272463516609,0.009661245491316793,0.017584650940707224,-0.0019340754228404115,-0.00511089912407244
2782,2021-03-26,92.7699966430664,1732.199951171875,25.091999053955078,1.659999966621399,18.860000610351562,0.004223156783957694,0.0027936202484653426,0.009443921920378134,0.017654269439200797,-0.0011461953641292277,-0.004600304316979236
2783,2021-03-29,92.94000244140625,1712.0999755859375,24.746999740600586,1.7209999561309814,20.739999771118164,-0.011671575757386563,-0.013844773466797201,0.007887912627244914,0.015132885775488174,-0.0004429453324381253,-0.0030826439036312527
2784,2021-03-30,93.30000305175781,1683.9000244140625,24.121000289916992,1.7259999513626099,19.610000610351562,-0.01660812683626846,-0.025621416675985546,0.008629420435051688,0.015618020697084851,-0.0010792465606203627,-0.004742557499041354
2785,2021-03-31,93.2300033569336,1713.800048828125,24.517000198364258,1.746000051498413,19.399999618530273,0.017600609611377438,0.016283920182197875,0.009433901485344658,0.016069987531416145,-0.0005332639353444597,-0.004328527266259543
2786,2021-04-01,92.93000030517578,1726.5,24.934999465942383,1.6790000200271606,17.329999923706055,0.0073830821038836664,0.01690565500923263,0.009305526082586207,0.01636191132552381,0.00030991509276370244,-0.002641023337695943
2787,2021-04-05,92.5999984741211,1727.0,24.76300048828125,1.7200000286102295,17.90999984741211,0.00028956131663167214,-0.006921794218786884,0.009066767358121527,0.01456687674626931,0.0007447588896413543,-0.001273154230342106
2788,2021-04-06,92.33999633789062,1741.5,25.211999893188477,1.656000018119812,18.1200008392334,0.008361011659377205,0.01796944405302126,0.009201992424889217,0.015086247506978725,0.0012045582349887295,-8.49179238583757e-05
2789,2021-04-07,92.45999908447266,1740.0999755859375,25.232999801635742,1.652999997138977,17.15999984741211,-0.000804242014787378,0.0008325863727784071,0.00870772154681001,0.015086889825283405,0.0017389900056723518,-1.3208324651747092e-05
2790,2021-04-08,92.05999755859375,1756.800048828125,25.569000244140625,1.6319999694824219,16.950000762939453,0.009551431317729613,0.013228035969468935,0.007484311931809881,0.013142081955384407,0.0011023059070102413,-0.0010662877819513823
2791,2021-04-09,92.16000366210938,1743.300048828125,25.31100082397461,1.6660000085830688,16.690000534057617,-0.007714103350808669,-0.01014157335096444,0.007712512284679058,0.013290636129887201,0.0005992329990290998,-0.0014653712316341206
2792,2021-04-12,92.13999938964844,1731.199951171875,24.85300064086914,1.6749999523162842,16.90999984741211,-0.0069651153108131235,-0.01826062101710527,0.007887425235937155,0.013748871278843507,0.00024543553595913906,-0.002444262188426392
2793,2021-04-13,91.8499984741211,1746.199951171875,25.41699981689453,1.6230000257492065,16.649999618530273,0.008627188966826281,0.022439738894950937,0.008080748258711308,0.014623034727198041,0.0007337342638991378,-0.0008596287105413008
2794,2021-04-14,91.69000244140625,1734.9000244140625,25.514999389648438,1.6380000114440918,16.989999771118164,-0.006492181509603616,0.0038482563111936485,0.008152085500488493,0.014253951401240068,0.00016497174631977768,-0.0013577994051383827
2795,2021-04-15,91.66999816894531,1765.4000244140625,25.95599937438965,1.5299999713897705,16.56999969482422,0.01742751851072938,0.017136282061545362,0.008982146401181279,0.014631636376756537,0.0009480548738082041,-3.301432700016804e-05
2796,2021-04-16,91.55999755859375,1779.0,26.099000930786133,1.5729999542236328,16.25,0.007674101250506838,0.005494262425869567,0.009067191447372416,0.014674694964675142,0.0014181617003742812,0.00012606141412318866
2797,2021-04-19,91.06999969482422,1769.4000244140625,25.83099937438965,1.6009999513626099,17.290000915527344,-0.005410888818616735,-0.010321738270211623,0.009177537616162608,0.01461744652717829,0.0010118224351798825,-0.0008948462085813543
2798,2021-04-20,91.23999786376953,1777.300048828125,25.834999084472656,1.562000036239624,18.68000030517578,0.004454866391931009,0.00015482948981170648,0.009159696083732363,0.01461912848201548,0.0009717135630878251,-0.0008349798635885863
2799,2021-04-21,91.16000366210938,1792.300048828125,26.565000534057617,1.5640000104904175,17.5,0.00840435224167868,0.0278644537050473,0.009270308544741892,0.015115537587311332,0.0014704649989550707,0.0015004551803039843
2800,2021-04-22,91.33000183105469,1781.199951171875,26.173999786376953,1.5540000200271606,18.709999084472656,-0.006212471446331363,-0.014828036535074625,0.009208797352081636,0.014691965777224054,0.0015349606213440688,0.001805834222804107
2801,2021-04-23,90.86000061035156,1777.0,26.07699966430664,1.5670000314712524,17.329999923706055,-0.002360717879845413,-0.0037128565777268144,0.009215528133855731,0.014737271122337548,0.0011966775914235058,0.0016271429594006675
2802,2021-04-26,90.80999755859375,1779.199951171875,26.211000442504883,1.5700000524520874,17.639999389648438,0.001237248457746213,0.005125499972567109,0.009118566853950707,0.014615358651163769,0.0014759383660911598,0.002210655932547511
2803,2021-04-27,90.91000366210938,1778.0,26.41200065612793,1.621999979019165,17.559999465942383,-0.0006746605385477973,0.007639290307885017,0.009107416705727194,0.014663195889556595,0.0012427089697813743,0.00244140212585321
2804,2021-04-28,90.61000061035156,1773.199951171875,26.08099937438965,1.6200000047683716,17.280000686645508,-0.00270334073967916,-0.01261142127993197,0.008671399470537012,0.014597023352184355,0.0016697677801483935,0.0025001331823706024
2805,2021-04-29,90.61000061035156,1768.0999755859375,26.05299949645996,1.6399999856948853,17.610000610351562,-0.002880286458205009,-0.0010741505055554244,0.007686061919131574,0.013142910683863857,0.002323474464818082,0.0036690506190577505
2806,2021-04-30,91.27999877929688,1767.300048828125,25.85300064086914,1.63100004196167,18.610000610351562,-0.00045252405155806857,-0.007706232220627603,0.006856772104371887,0.013033760169681198,0.0014638014332497243,0.0025266624093993944
2807,2021-05-03,90.94999694824219,1791.4000244140625,26.94300079345703,1.6069999933242798,18.309999465942383,0.013544464845169118,0.04129687963814217,0.007243629180209311,0.015273542993403066,0.0017572006114061742,0.003688149296490325
2808,2021-05-04,91.29000091552734,1775.800048828125,26.538999557495117,1.5920000076293945,19.479999542236328,-0.00874639757494062,-0.015108220261090231,0.0075950209263392745,0.015657527910965325,0.0013269168546646364,0.0032983194849520703
2809,2021-05-05,91.30999755859375,1784.0999755859375,26.50200080871582,1.5839999914169312,19.149999618530273,0.004663019601775825,-0.0013951001875812507,0.007465543355493243,0.01531681011486394,0.0011508219947788567,0.002376198330637665
2810,2021-05-06,90.94999694824219,1815.5,27.461999893188477,1.5609999895095825,18.389999389648438,0.017446839157978355,0.035582994652411076,0.00824791686934422,0.016933543188839252,0.0020199210982438914,0.00403097967728684
2811,2021-05-07,90.2300033569336,1831.0999755859375,27.461999893188477,1.5770000219345093,16.690000534057617,0.00855595396027406,0.0,0.008205216462000888,0.01681997060903734,0.001972517414555532,0.0034010732025502237
2812,2021-05-10,90.20999908447266,1837.5,27.479000091552734,1.6019999980926514,19.65999984741211,0.003489086272326999,0.0006188529117249352,0.007902544422310172,0.016548492444897846,0.0025060026347048492,0.003913474453154479
2813,2021-05-11,90.13999938964844,1835.9000244140625,27.656999588012695,1.6239999532699585,21.84000015258789,-0.0008711143226879709,0.00645676566639965,0.007645059154127965,0.01575236021202522,0.002796193157948904,0.0050904928666547136
2814,2021-05-12,90.70999908447266,1822.5999755859375,27.231000900268555,1.6950000524520874,27.59000015258789,-0.007270798097461572,-0.015522782315225945,0.007823831755457023,0.0158398571439835,0.002039146154887578,0.003282753761408196
2815,2021-05-13,90.75,1823.800048828125,27.04400062561035,1.6679999828338623,23.1299991607666,0.00065822360546342,-0.006890870911542196,0.007585959337779106,0.01599329935085534,0.002379641636557437,0.002771366750801727
2816,2021-05-14,90.31999969482422,1837.9000244140625,27.35300064086914,1.6349999904632568,18.809999465942383,0.00770136548279548,0.011361043134549519,0.006885902477478404,0.01578219879262948,0.0019164914923701082,0.002496355373325735
2817,2021-05-17,90.22000122070312,1867.5,28.260000228881836,1.6399999856948853,19.719999313354492,0.01597700925187108,0.03262114985949031,0.007448417190336849,0.01709536550701141,0.0023118680638636434,0.003788111917783865
2818,2021-05-18,89.75,1867.800048828125,28.31399917602539,1.6419999599456787,21.34000015258789,0.00016065581069687392,0.0019089675154646615,0.007256331433393954,0.01679635437614334,0.0025771797128785775,0.004370526479006546
2819,2021-05-19,90.19000244140625,1881.300048828125,28.007999420166016,1.6829999685287476,22.18000030517578,0.007201759353874979,-0.010866189921068149,0.007316381076930023,0.017104022751966038,0.002707984139637814,0.0038457160308694094
2820,2021-05-20,89.80999755859375,1881.800048828125,28.052000045776367,1.6339999437332153,20.670000076293945,0.00026573834868414716,0.0015697693565809127,0.00721439689658991,0.016196153484465042,0.002320431097114265,0.0025935882047519628
2821,2021-05-21,90.0199966430664,1876.699951171875,27.472999572753906,1.6319999694824219,20.149999618530273,-0.0027139022410788334,-0.020856243666470372,0.007045926771814297,0.01656948840202592,0.002487029630697719,0.002306530722304546
2822,2021-05-24,89.83000183105469,1884.5999755859375,27.886999130249023,1.6080000400543213,18.399999618530273,0.004200694538999877,0.014956910589745125,0.006965226383252931,0.016730451130152476,0.002799477841118923,0.0031955672540889242
2823,2021-05-25,89.63999938964844,1898.0999755859375,28.03700065612793,1.5640000104904175,18.84000015258789,0.007137789140429843,0.005364490600721513,0.007017870164120292,0.016731910782573245,0.0030804559688657625,0.0032069477601915147
2824,2021-05-26,90.04000091552734,1901.300048828125,27.85300064086914,1.5740000009536743,17.360000610351562,0.001684515438402536,-0.006584386321414497,0.006973495353545354,0.01683111312432802,0.0031927976820538737,0.0025296298254629665
2825,2021-05-27,89.97000122070312,1895.699951171875,27.91900062561035,1.6100000143051147,16.739999771118164,-0.002949750706768753,0.0023667795327947543,0.006984111647202997,0.016470912702508642,0.0031810638740972265,0.003242877483211858
2826,2021-05-28,90.02999877929688,1902.5,27.993000030517578,1.5809999704360962,16.760000228881836,0.0035806730456278716,0.0026469969683006636,0.006844662958233342,0.016442138349345856,0.003488728612374983,0.0034200749819669096
2827,2021-06-01,89.83000183105469,1902.9000244140625,28.08300018310547,1.6150000095367432,17.899999618530273,0.00021024040204428116,0.0032099375676900434,0.00682708691768985,0.016244157870552292,0.003520288824451285,0.003939892590934416
2828,2021-06-02,89.9000015258789,1907.5,28.18600082397461,1.590999960899353,17.479999542236328,0.002414433020726898,0.0036610124249189043,0.006430482851482373,0.01381038773272843,0.0029902873090016553,0.002147708437923785
2829,2021-06-03,90.5,1871.199951171875,27.459999084472656,1.625,18.040000915527344,-0.019213573983194728,-0.026095063003363804,0.00767159256794136,0.014677661804207235,0.0024918503371800316,0.0016245254501964716
2830,2021-06-04,90.13999938964844,1889.800048828125,27.878999710083008,1.559999942779541,16.420000076293945,0.00989111901082882,0.01514333984476857,0.007828793901217627,0.014948729983803331,0.0027408074518968407,0.0024120702136417017
2831,2021-06-07,89.94999694824219,1896.800048828125,28.000999450683594,1.569000005722046,16.420000076293945,0.0036972523073180667,0.004366497361241076,0.007076175739784613,0.012896504954306987,0.0020860652209130173,0.0009255703426336063
2832,2021-06-08,90.08000183105469,1892.199951171875,27.71500015258789,1.527999997138977,17.06999969482422,-0.002428134028169905,-0.010266415828060888,0.006979321419288399,0.013125893609041074,0.0015630134119394951,0.0004366933984402306
2833,2021-06-09,90.12000274658203,1893.199951171875,27.985000610351562,1.4889999628067017,17.889999389648438,0.0005283457753793965,0.00969488577590186,0.006968363875781869,0.013280700312027958,0.0014220257692277045,0.0008688854395915128
2834,2021-06-10,90.08000183105469,1894.199951171875,28.014999389648438,1.4589999914169312,16.100000381469727,0.0005280667735240403,0.0010713850773722744,0.006952011756077472,0.013219257833139304,0.0014886534404758957,0.0006124387448759235
2835,2021-06-11,90.55999755859375,1877.4000244140625,28.131000518798828,1.4620000123977661,15.649999618530273,-0.008908706107218346,0.004132130317194963,0.007063493094076811,0.01270555477494391,0.0014106578209636682,0.0015483869654673954
2836,2021-06-14,90.5199966430664,1864.0,28.02400016784668,1.5010000467300415,16.389999389648438,-0.007163137661542878,-0.0038108976632676246,0.007307152224269529,0.012620759833530096,0.0010382120463443207,0.001695052358242375
2837,2021-06-15,90.54000091552734,1854.5,27.679000854492188,1.4989999532699585,17.020000457763672,-0.005109598315890978,-0.0123872580838419,0.007257658559158828,0.01277437941449541,0.00042816615116877515,0.0005641808716523074
2838,2021-06-16,91.12999725341797,1859.5,27.799999237060547,1.569000005722046,18.149999618530273,0.0026925164354793135,0.004361959451991611,0.006357787403313285,0.010517703036268545,-0.0002044287448498804,-0.0007814948620381069
2839,2021-06-17,91.88999938964844,1773.800048828125,25.8439998626709,1.5110000371932983,17.75,-0.04718346889536021,-0.07295753287057793,0.012059414697631114,0.018904601285306705,-0.0024589108737097416,-0.004346566308992516
2840,2021-06-18,92.2300033569336,1767.9000244140625,25.95800018310547,1.4500000476837158,20.700000762939453,-0.003331750148147224,0.004401393937332131,0.011854828959476526,0.018934888900664554,-0.0029605065642822276,-0.0036195385062115504
2841,2021-06-21,91.86000061035156,1781.800048828125,26.014999389648438,1.4839999675750732,17.889999389648438,0.007831701368745038,0.0021934169612619248,0.012070784137603608,0.01894392167425258,-0.0026002226109459944,-0.003589841001226741
2842,2021-06-22,91.7300033569336,1776.300048828125,25.847999572753906,1.472000002861023,16.65999984741211,-0.00309153999585223,-0.006440059287719098,0.012071243251383515,0.01854392347560231,-0.002618205361173299,-0.002903356030810013
2843,2021-06-23,91.80000305175781,1782.300048828125,26.107999801635742,1.4869999885559082,16.31999969482422,0.003372115731426366,0.010008561182113797,0.012049174517594756,0.01833589980342982,-0.0026576614948672756,-0.0031389917168876957
2844,2021-06-24,91.81999969482422,1775.5999755859375,26.047000885009766,1.4869999885559082,15.970000267028809,-0.0037663122158099844,-0.002339140777922082,0.011839063533351346,0.018234046431133626,-0.003176904416592982,-0.0035058313063469136
2845,2021-06-25,91.80999755859375,1776.5999755859375,26.082000732421875,1.5360000133514404,15.619999885559082,0.0005630313834598243,0.0013428169190023878,0.01181854968255234,0.01824917596288448,-0.003230308419209302,-0.003128345437755634
2846,2021-06-28,91.87999725341797,1779.5999755859375,26.218000411987305,1.4780000448226929,15.760000228881836,0.0016871946194519283,0.005200764173310773,0.011867269243316528,0.018302245332274907,-0.0030095014989130787,-0.0029933937882072516
2847,2021-06-29,92.05000305175781,1762.800048828125,25.871999740600586,1.4800000190734863,16.020000457763672,-0.009485124546020829,-0.013284920681037449,0.011846973432690073,0.01838675916192828,-0.003631682336610636,-0.0037520565334138284
2848,2021-06-30,92.44000244140625,1770.800048828125,26.165000915527344,1.4429999589920044,15.829999923706055,0.004527967765016482,0.011261382006215024,0.011953968710884371,0.018621634304833348,-0.0034260762717071972,-0.003368654417293591
2849,2021-07-01,92.5999984741211,1775.9000244140625,26.075000762939453,1.4800000190734863,15.479999542236328,0.0028759009759461445,-0.0034456446684467236,0.01196566042190625,0.01855194062016324,-0.0034041016071729474,-0.003707066659834812
2850,2021-07-02,92.2300033569336,1782.5999755859375,26.481000900268555,1.430999994277954,15.069999694824219,0.0037656085928761485,0.01545049855671954,0.011488822867109838,0.018257995317087126,-0.0023098548178362393,-0.0017287065855451287
2851,2021-07-06,92.55000305175781,1793.5,26.15399932861328,1.3700000047683716,16.440000534057617,0.006096058971480818,-0.01242541188918573,0.011315853501366536,0.01797310382163999,-0.0024905719625670964,-0.0030415042871620003
2852,2021-07-07,92.63999938964844,1801.5,26.110000610351562,1.3209999799728394,16.200000762939453,0.0044506332158106765,-0.0016837107265944074,0.011337625284134864,0.01789674724427404,-0.0024546966812103053,-0.003329609434201785
2853,2021-07-08,92.36000061035156,1799.5999755859375,25.966999053955078,1.2879999876022339,19.0,-0.001055246787513598,-0.005491941423108723,0.011341743567009255,0.017834435973914067,-0.00238932109832191,-0.003102253510156444
2854,2021-07-09,92.12999725341797,1810.0,26.211000442504883,1.3559999465942383,16.18000030517578,0.005762440859237031,0.009352722202388999,0.011465899062513113,0.017822312141249717,-0.0021400784752810703,-0.003118547013657056
2855,2021-07-12,92.2300033569336,1805.5,26.216999053955078,1.3630000352859497,16.170000076293945,-0.0024892835423589803,0.00022883236186716885,0.011449686083793577,0.017813354280470938,-0.002283761823656452,-0.003158668571538252
2856,2021-07-13,92.75,1809.4000244140625,26.114999771118164,1.4149999618530273,17.1200008392334,0.0021577503670339305,-0.0038981661044655376,0.01138400552527569,0.017735039014410005,-0.0017567877058349151,-0.0035410636392363705
2857,2021-07-14,92.41000366210938,1824.300048828125,26.246000289916992,1.3559999465942383,16.329999923706055,0.008201066475030334,0.005003754396354832,0.011512169609339342,0.017832376976474183,-0.0010251589374266669,-0.0031213183030638736
2858,2021-07-15,92.62000274658203,1828.4000244140625,26.375,1.2970000505447388,17.010000228881836,0.0022449022507048935,0.004902984275995593,0.011493554685258506,0.01778225144921057,-0.0006749446247316255,-0.002297973428785897
2859,2021-07-16,92.69000244140625,1814.5,25.777000427246094,1.2999999523162842,18.450000762939453,-0.007631333157156481,-0.022933953760427676,0.011562898006814997,0.018262227321965495,-0.0011665565100952347,-0.0035977788198534827
2860,2021-07-19,92.88999938964844,1808.699951171875,25.125999450683594,1.180999994277954,22.5,-0.003201619485910015,-0.025579493316046496,0.004839850358749548,0.010572865663409054,0.0009278172713071554,-0.001341681698209128
2861,2021-07-20,92.97000122070312,1810.9000244140625,24.976999282836914,1.2089999914169312,19.729999542236328,0.0012156445618103438,-0.005947772024237352,0.004740449636651109,0.010532907166893115,0.00114435987654323,-0.001834499124950532
2862,2021-07-21,92.75,1802.9000244140625,25.238000869750977,1.2799999713897705,17.90999984741211,-0.0044274796393197775,0.01039545699716028,0.004629284858304032,0.010837404874664364,0.0005605893523496676,-0.001443925789907753
2863,2021-07-22,92.81999969482422,1805.0,25.364999771118164,1.2649999856948853,17.690000534057617,0.0011640986772757504,0.0050194323024439855,0.004553950690521417,0.010861738363209687,0.0007632388129748094,-0.0008982357141857015
2864,2021-07-23,92.91000366210938,1801.4000244140625,25.218000411987305,1.2860000133514404,17.200000762939453,-0.00199643786451196,-0.005812220407055554,0.004550859634954143,0.010613240130808973,0.0005075934036444129,-0.0016516062660509086
2865,2021-07-26,92.6500015258789,1798.699951171875,25.295000076293945,1.2760000228881836,17.579999923706055,-0.001499999314886413,0.0030487091719987877,0.004470604253892617,0.01066080497226956,0.0006155130655931545,-0.0013950419827213434
2866,2021-07-27,92.43000030517578,1799.5,24.631999969482422,1.2339999675750732,19.360000610351562,0.0004446939315025321,-0.026560341376807562,0.004470748292527261,0.011961973373963656,0.0006098779488332833,-0.0027237638063313412
2867,2021-07-28,92.31999969482422,1799.5,24.856000900268555,1.2610000371932983,18.309999465942383,0.0,0.00905279892685248,0.0044655771866713555,0.012118083277668145,0.000529535347907001,-0.0025403335799722123
2868,2021-07-29,91.86000061035156,1831.199951171875,25.763999938964844,1.2690000534057617,17.700000762939453,0.017462614454720644,0.035878958005523535,0.005247300816151185,0.014461077555016228,0.0018127610146089761,-0.00019919649965978415
2869,2021-07-30,92.16999816894531,1812.5999755859375,25.527999877929688,1.2389999628067017,18.239999771118164,-0.010209197822209233,-0.009202282121513009,0.005820207754380058,0.014339150856833837,0.0011109912247410849,-0.001173656696218262
2870,2021-08-02,92.05000305175781,1818.0999755859375,25.55699920654297,1.1740000247955322,19.459999084472656,0.0030297211452917027,0.0011353364881268584,0.005822636247713211,0.014337704073303896,0.001118315994709921,-0.0009555147363814248
2871,2021-08-03,92.08000183105469,1810.0999755859375,25.56599998474121,1.1759999990463257,18.040000915527344,-0.004409907432068376,0.0003521224667419291,0.005909450656069929,0.013843938241913616,0.0007290057078078006,-0.0016744850263803585
2872,2021-08-04,92.2699966430664,1810.5,25.445999145507812,1.184000015258789,17.969999313354492,0.00022097134087597074,-0.004704817009092217,0.005780317158647678,0.013645245596894626,0.0004492396301599507,-0.0013068376511378103
2873,2021-08-05,92.23999786376953,1805.0999755859375,25.277000427246094,1.2170000076293945,17.280000686645508,-0.0029870718363273446,-0.006663617886701472,0.005750670200628622,0.013695303358765402,9.506319910575922e-05,-0.001543976087333385
2874,2021-08-06,92.80000305175781,1760.0,24.312000274658203,1.2899999618530273,16.149999618530273,-0.02530216933717106,-0.03892484134147746,0.00799094641881592,0.015936973880334937,-0.001059552160401739,-0.003136018940589039
2875,2021-08-09,92.94999694824219,1723.4000244140625,23.2549991607666,1.3170000314712524,16.719999313354492,-0.021014711060311712,-0.0444499403239592,0.008929248732992699,0.018017727458226565,-0.002334654632761203,-0.005698050489462763
2876,2021-08-10,93.05999755859375,1728.800048828125,23.37700080871582,1.3420000076293945,16.790000915527344,0.0031284564647309984,0.0052325410186479316,0.009008186615019577,0.018132743453060197,-0.0020671432038521565,-0.0054597786486636785
2877,2021-08-11,92.91000366210938,1750.4000244140625,23.474000930786133,1.3289999961853027,16.170000076293945,0.012416792738750166,0.0041407977233134975,0.009512810807966473,0.01825182560397465,-0.0015786173766275734,-0.005076970847340869
2878,2021-08-12,93.04000091552734,1749.0,23.104999542236328,1.3669999837875366,15.59000015258789,-0.0008001511567647293,-0.015844440819813222,0.009249262122375559,0.01824308452253711,-0.002007246787665434,-0.006069742048110774
2879,2021-08-13,92.5199966430664,1775.199951171875,23.76799964904785,1.2970000505447388,15.449999809265137,0.014868869094078072,0.028291098884655995,0.009924995527487306,0.01960920895848977,-0.0014061055094095683,-0.004956022304841232
2880,2021-08-16,92.62999725341797,1786.9000244140625,23.780000686645508,1.2569999694824219,16.1200008392334,0.006569223434738159,0.0005047967429867657,0.009963333978676553,0.019197493754813146,-0.0007298885288431567,-0.003839891328488163
2881,2021-08-17,93.12999725341797,1785.0,23.648000717163086,1.2580000162124634,17.90999984741211,-0.0010638733336789578,-0.005566345045175644,0.00994772575582485,0.01855016577496665,-0.0006280910930226303,-0.002886884267970504
2882,2021-08-18,93.13999938964844,1781.5999755859375,23.41200065612793,1.2730000019073486,21.56999969482422,-0.0019065919740294643,-0.010029835638118689,0.009942122383912469,0.018605150144807018,-0.0007767690233007165,-0.0030812682495839007
2883,2021-08-19,93.56999969482422,1780.199951171875,23.219999313354492,1.2419999837875366,21.670000076293945,-0.0007861331433283399,-0.008234792755808868,0.009906959547241904,0.018373133939412208,-0.0006033715711106479,-0.00396842299972529
2884,2021-08-20,93.5,1781.0,23.104999542236328,1.2599999904632568,18.559999465942383,0.0004493141932800512,-0.004964922188539648,0.009901809976663744,0.018257745571234666,-0.0006374089274913955,-0.0044438684516768905
2885,2021-08-23,92.95999908447266,1803.199951171875,23.64900016784668,1.2549999952316284,17.149999618530273,0.012387832917253414,0.023271813333383472,0.010292895743534092,0.019226169727886835,4.755634783076512e-05,-0.003058914464036937
2886,2021-08-24,92.88999938964844,1805.5999755859375,23.889999389648438,1.2899999618530273,17.219999313354492,0.0013300957751090471,0.010139097946013637,0.010290147308903394,0.01940026099262171,0.0001823227806876918,-0.002721276903369563
2887,2021-08-25,92.83000183105469,1788.199951171875,23.770999908447266,1.3420000076293945,16.790000915527344,-0.00968343298654714,-0.004993589317632823,0.010512188684760193,0.018630775803282585,-0.00029996897731467354,-0.0016942887100755278
2888,2021-08-26,93.05999755859375,1792.199951171875,23.54599952697754,1.3420000076293945,18.84000015258789,0.0022343882098449877,-0.009510411904959765,0.0105266743708393,0.018535504914872287,-0.00019356953875062654,-0.0025782511306380157
2889,2021-08-27,92.69000244140625,1816.5999755859375,24.059999465942383,1.312000036239624,16.389999389648438,0.013522720423364637,0.021594753782910807,0.01022710629655948,0.017272753055620056,-0.00038118354024376975,-0.0032584513317148126
2890,2021-08-30,92.6500015258789,1809.0,23.959999084472656,1.284999966621399,16.190000534057617,-0.004192402233391229,-0.004164953313033364,0.010020193836938628,0.017220981774604453,-9.466946458576955e-05,-0.0030185785313110195
2891,2021-08-31,92.62999725341797,1815.0,23.959999084472656,1.3040000200271606,16.479999542236328,0.003311261303656005,0.0,0.010024770480650027,0.01720906692932592,-8.126279037794561e-05,-0.003072642173602775
2892,2021-09-01,92.44999694824219,1813.0999755859375,24.177000045776367,1.3020000457763672,16.110000610351562,-0.0010473937325582944,0.009016034867278018,0.009978923548341559,0.01739809234476859,7.88569095987249e-05,-0.00266007491643439
2893,2021-09-02,92.2300033569336,1808.699951171875,23.875,1.2940000295639038,16.40999984741211,-0.0024297457991779466,-0.012569883537074982,0.009993789593875122,0.017528476833169788,-4.73677161181283e-05,-0.003034601893957379
2894,2021-09-03,92.04000091552734,1830.9000244140625,24.761999130249023,1.3220000267028809,16.40999984741211,0.012199334385803619,0.03647829850728167,0.010314732730522101,0.01949925611828732,0.0006757944849357272,-0.0009802249228153246
2895,2021-09-07,92.5199966430664,1795.9000244140625,24.333999633789062,1.3700000047683716,18.139999389648438,-0.019301359933995132,-0.017435650558170618,0.00961870982022957,0.01790728500337911,0.0009615473136583905,4.3069876389763085e-05
2896,2021-09-08,92.6500015258789,1790.699951171875,24.011999130249023,1.3339999914169312,17.959999084472656,-0.002899725043928858,-0.013320865147822178,0.008266555341534441,0.015109996937925134,0.0018241656953909072,0.001525406789539145
2897,2021-09-09,92.4800033569336,1797.4000244140625,24.132999420166016,1.2990000247955322,18.799999237060547,0.0037346122321662177,0.005026505278791214,0.008272393485056758,0.015107536156266189,0.0018530302557449654,0.0015155955638316823
2898,2021-09-10,92.58000183105469,1789.5999755859375,23.854999542236328,1.340999960899353,20.950000762939453,-0.00434907227353077,-0.011586354668226174,0.008006676707327612,0.0153586199482862,0.0010546557313506353,0.0007666835451869361
2899,2021-09-13,92.62000274658203,1792.0,23.753000259399414,1.3240000009536743,19.3700008392334,0.0013401970011455836,-0.004284970564990357,0.00799550034701913,0.014934809957522409,0.0011565770722035073,0.0013171345097023103
2900,2021-09-14,92.6500015258789,1804.699951171875,23.841999053955078,1.2769999504089355,19.459999084472656,0.007062031376286556,0.003739842402388194,0.007491681151440791,0.013620834541026144,0.0007848228951658159,0.00014802705816574865
2901,2021-09-15,92.48999786376953,1792.4000244140625,23.759000778198242,1.3040000200271606,18.18000030517578,-0.0068388283782960125,-0.0034872527955650936,0.007545216178842744,0.013643444887312135,0.00014634423740228397,-4.207053890814942e-05
2902,2021-09-16,92.86000061035156,1754.5999755859375,22.75200080871582,1.3309999704360962,18.690000534057617,-0.021314620752901005,-0.043308349654827376,0.008883090420182696,0.016577837149065532,-0.0008179770682749564,-0.0018393088536534697
2903,2021-09-17,93.19999694824219,1749.4000244140625,22.295000076293945,1.3700000047683716,20.809999465942383,-0.002968010838533277,-0.02029064766419272,0.008892608793170685,0.016977702037317938,-0.000868520823727519,-0.002327918950133186
2904,2021-09-20,93.23999786376953,1761.800048828125,22.163000106811523,1.309000015258789,25.709999084472656,0.007063155449170932,-0.005938204904561468,0.009059637550176894,0.01694511607806553,-0.0004947451764656488,-0.00221855762388331
2905,2021-09-21,93.19999694824219,1776.0,22.572999954223633,1.3240000009536743,24.360000610351562,0.008027603161512306,0.018330263176616197,0.00924809450623934,0.017509439559833972,-0.00013387427321649383,-0.0011092630826854122
2906,2021-09-22,93.45999908447266,1776.699951171875,22.868999481201172,1.3359999656677246,20.8700008392334,0.0003940390072630704,0.01302775921505073,0.008795398027882555,0.016929310105065053,-0.0007050073165493673,-0.0015970751835584
2907,2021-09-23,93.0999984741211,1747.699951171875,22.642000198364258,1.409999966621399,18.6299991607666,-0.01645707372556822,-0.009975661571749726,0.009423642089984512,0.016800635296128213,-0.0015520153880101892,-0.002554920874880465
2908,2021-09-24,93.33000183105469,1749.699951171875,22.38800048828125,1.4600000381469727,17.75,0.0011437069101939464,-0.011281474577748921,0.00925112245956725,0.01690199666412312,-0.0010364372976891854,-0.0028543439825050414
2909,2021-09-27,93.37999725341797,1750.0,22.656999588012695,1.4839999675750732,18.760000228881836,0.00017147117355570008,0.011943713932584702,0.009225571607553515,0.017126457646556927,-0.0011346714422743897,-0.0018327189426219713
2910,2021-09-28,93.7699966430664,1735.800048828125,22.43000030517578,1.534000039100647,23.25,-0.008147357577374788,-0.010069474633837849,0.008701150852269614,0.016336408306012483,-0.0021665799185000764,-0.0033405393434195263
2911,2021-09-29,94.33999633789062,1721.5,21.458999633789062,1.5410000085830688,22.559999465942383,-0.008272426561606493,-0.04425524140906797,0.008793705803269472,0.018620369349871775,-0.0023608667912722323,-0.005249600681325936
2912,2021-09-30,94.25,1755.300048828125,22.020999908447266,1.5290000438690186,23.139999389648438,0.01944380650125953,0.025852418637790055,0.009943497093454106,0.019801911926811636,-0.0015926503532911116,-0.004018533127145458
2913,2021-10-01,94.04000091552734,1757.0,22.510000228881836,1.4789999723434448,21.100000381469727,0.0009679989072590911,0.021963125720112112,0.009958737092119908,0.02041993965100039,-0.0014966792752045695,-0.0034020049912962154
2914,2021-10-04,93.80999755859375,1766.199951171875,22.618000030517578,1.4809999465942383,22.959999084472656,0.005222509201740211,0.004786385711748274,0.010062348983125597,0.0203815280173797,-0.0011322861799227524,-0.002575515979447488
2915,2021-10-05,93.9800033569336,1759.5999755859375,22.582000732421875,1.5290000438690186,21.299999237060547,-0.0037438217890526193,-0.001592889606186165,0.009596877986088591,0.018323317161249054,-0.001891484093011145,-0.004388429699136433
2916,2021-10-06,94.2699966430664,1760.5,22.506000518798828,1.5240000486373901,21.0,0.0005113629953223071,-0.0033711978128261526,0.008734926067181377,0.018077976043042673,-0.0009480210963769811,-0.00371869385412003
2917,2021-10-07,94.22000122070312,1757.9000244140625,22.631999969482422,1.5709999799728394,19.540000915527344,-0.001477930901064451,0.0055828692714563165,0.008724546011820166,0.018046557866617095,-0.0008803166133834378,-0.0028185160246305776
2918,2021-10-08,94.06999969482422,1756.300048828125,22.679000854492188,1.6050000190734863,18.770000457763672,-0.0009105774646536376,0.002074591203567866,0.008660340339833933,0.01799381590027298,-0.001101516122755812,-0.0029590833615459754
2919,2021-10-11,94.31999969482422,1754.5999755859375,22.639999389648438,1.6139999628067017,20.0,-0.000968454449423833,-0.001721197478417263,0.008628316065563588,0.017885771461476994,-0.0009405343216078626,-0.002489313971555074
2920,2021-10-12,94.5199966430664,1758.300048828125,22.490999221801758,1.5800000429153442,19.850000381469727,0.00210656414060376,-0.006603031787385128,0.008640057490159012,0.017904550860810577,-0.0009040406483003304,-0.0025996978392881587
2921,2021-10-13,94.08000183105469,1793.699951171875,23.14900016784668,1.5490000247955322,18.639999389648438,0.019933037412385866,0.028836395717073308,0.009632882960676142,0.019143543037560395,-0.0002911355989622679,-0.001404623871922201
2922,2021-10-14,93.95999908447266,1796.699951171875,23.45599937438965,1.5190000534057617,16.860000610351562,0.0016711234290114187,0.013174708726906324,0.009522022698225581,0.019396525913953428,0.00011410020138570498,-0.0006111971327568954
2923,2021-10-15,93.94000244140625,1767.199951171875,23.327999114990234,1.5759999752044678,16.299999237060547,-0.01655527628627928,-0.005471981143999637,0.009030442181539701,0.016818016750944718,0.00034073565217721577,0.0011905347010920445
2924,2021-10-18,93.94999694824219,1764.800048828125,23.243000030517578,1.5839999914169312,16.309999465942383,-0.001358948308654003,-0.0036503051433159498,0.009007762076342223,0.01613338235061465,0.00041735767740956213,0.0019829319639909386
2925,2021-10-19,93.79000091552734,1769.699951171875,23.86199951171875,1.6349999904632568,15.699999809265137,0.0027726159189181846,0.026283202245626122,0.008897470313735348,0.0168582920904569,0.00021304627120705033,0.003517284685428443
2926,2021-10-20,93.55999755859375,1784.0999755859375,24.423999786376953,1.6360000371932983,15.489999771118164,0.008104059610460861,0.023279031695241207,0.008900842863019037,0.017108442874808463,0.00021668705449031484,0.003752940329172491
2927,2021-10-21,93.7699966430664,1781.199951171875,24.149999618530273,1.6759999990463257,15.010000228881836,-0.0016268056619152453,-0.01128188238340318,0.008909749204745571,0.017271159618531123,0.00012045635595801412,0.0025953383482937332
2928,2021-10-22,93.61000061035156,1795.5,24.429000854492188,1.6549999713897705,15.430000305175781,0.00799626763164088,0.011486621828968266,0.00820491301185054,0.017124469672145606,0.0012849011824917808,0.0036173518435660187
2929,2021-10-25,93.80999755859375,1806.0,24.57200050354004,1.6349999904632568,15.239999771118164,0.005830920310793144,0.005836617662410707,0.008264418054863278,0.016783839812867796,0.001508101820615552,0.004432499093097429
2930,2021-10-26,93.94999694824219,1792.699951171875,24.086000442504883,1.61899995803833,15.979999542236328,-0.0073916189533362806,-0.019976826583953847,0.008487363367773827,0.0174997462349306,0.0011479546717159338,0.002912473354214641
2931,2021-10-27,93.86000061035156,1797.9000244140625,24.18899917602539,1.5290000438690186,16.979999542236328,0.0028964946878651475,0.0042671730968140194,0.008220563740735402,0.017245780657665067,0.0016738523986321212,0.003595170865198064
2932,2021-10-28,93.3499984741211,1801.5999755859375,24.117000579833984,1.5679999589920044,16.530000686645508,0.0020558146825891866,-0.0029809402504977836,0.007898389545610836,0.01345511057138116,0.0021656734102604874,0.00556061377751093
2933,2021-10-29,94.12000274658203,1783.0,23.94499969482422,1.5570000410079956,16.260000228881836,-0.0103778065309083,-0.007157489006767026,0.007294337437606185,0.012881972903757232,0.000745596599204876,0.003988713413484403
2934,2021-11-01,93.87999725341797,1795.0999755859375,24.06399917602539,1.5750000476837158,16.40999984741211,0.006763378213492534,0.004957392476754506,0.007411855545167173,0.0122126822821617,0.0010215670423588494,0.0031789165923721352
2935,2021-11-02,94.08999633789062,1788.699951171875,23.5,1.5490000247955322,16.030000686645508,-0.003571645375540873,-0.023716492376349277,0.007411069477761697,0.013537143076271914,0.0006027977767740359,0.0018216366834151088
2936,2021-11-03,93.86000061035156,1763.5999755859375,23.22599983215332,1.5789999961853027,15.100000381469727,-0.014131911060620329,-0.011728087553219023,0.008036040297633938,0.013842198805356183,0.00010812685908033553,0.0013390082097468772
2937,2021-11-04,94.3499984741211,1793.0,23.9060001373291,1.5240000486373901,15.4399995803833,0.01653303396466099,0.028857145603440444,0.008800427053177566,0.015029522462116439,0.000871063571905987,0.002873691229569096
2938,2021-11-05,94.31999969482422,1816.4000244140625,24.152000427246094,1.4529999494552612,16.479999542236328,0.012966339059569584,0.010237730894087652,0.00916458713834414,0.015105609134219423,0.0015588859509837983,0.0030953513068372553
2939,2021-11-08,94.05000305175781,1827.4000244140625,24.53700065612793,1.496999979019165,17.219999313354492,0.006037671259816749,0.015814999066872684,0.009196345623647064,0.015354715260835575,0.0018897549378633404,0.003749656443185103
2940,2021-11-09,93.95999908447266,1830.199951171875,24.312999725341797,1.4320000410079956,17.780000686645508,0.0015310188776383894,-0.009171033738161893,0.009173650564492496,0.015571956760380888,0.0020087774772472554,0.0033949023355782167
2941,2021-11-10,94.8499984741211,1847.5999755859375,24.767000198364258,1.559999942779541,18.729999542236328,0.009462262540359543,0.01850095450131798,0.009316881668553793,0.015728860203738503,0.002359048829616579,0.004590330254087888
2942,2021-11-11,95.18000030517578,1863.199951171875,25.301000595092773,1.559999942779541,17.65999984741211,0.00840792702102006,0.021331814240127187,0.008536698373064538,0.015227712593956434,0.0018102340490753499,0.004232969231376169
2943,2021-11-12,95.12999725341797,1867.9000244140625,25.3439998626709,1.5820000171661377,16.290000915527344,0.002519404872046127,0.0016980660488331383,0.008538014078121232,0.015096131263710625,0.0018506284035055738,0.0036864624371822073
2944,2021-11-15,95.41000366210938,1866.0999755859375,25.10700035095215,1.6230000257492065,16.489999771118164,-0.0009641397790913792,-0.009395304516305625,0.0074683461150529835,0.015238743625762535,0.0025930634752764263,0.0034996375146914456
2945,2021-11-16,95.91999816894531,1853.5999755859375,24.944000244140625,1.6339999437332153,16.3700008392334,-0.006720997509486058,-0.0065133835941358405,0.007698337763158408,0.015318509577995573,0.0023377277990463286,0.003363300445604784
2946,2021-11-17,95.83000183105469,1869.699951171875,25.16699981689453,1.6039999723434448,17.110000610351562,0.008648283108735479,0.008900283153679807,0.007820735555026121,0.01446388976306886,0.002617521474751914,0.0025355423936073407
2947,2021-11-18,95.54000091552734,1861.0,24.900999069213867,1.5889999866485596,17.59000015258789,-0.004663986413490948,-0.010625679329303132,0.007869032179625786,0.013914503321618062,0.0020095192831351616,0.0009210323448195151
2948,2021-11-19,96.06999969482422,1851.199951171875,24.780000686645508,1.5360000133514404,17.90999984741211,-0.005279926579310966,-0.004871022016685097,0.007992843738742823,0.013702094216121912,0.0018355611442115551,0.0012263114099013285
2949,2021-11-22,96.5,1806.0,24.297000885009766,1.625,19.170000076293945,-0.02471959608600904,-0.019683981551047666,0.00973130285258653,0.014213808643460822,0.00027766287194251155,-0.0002580030367660969
2950,2021-11-23,96.48999786376953,1783.5,23.434999465942383,1.6670000553131104,19.3799991607666,-0.012536729177984571,-0.03612231377383363,0.01002813495976206,0.016133684793276443,-0.0005969871037135701,-0.00225604739087297
2951,2021-11-24,96.83999633789062,1784.0999755859375,23.496000289916992,1.6449999809265137,18.579999923706055,0.0003363468974658657,0.002599597649532308,0.009907396295050594,0.0156384075060824,-0.00022898872986584876,-0.0011809795702307725
2952,2021-11-26,96.08999633789062,1785.300048828125,23.10700035095215,1.4819999933242798,28.6200008392334,0.0006724229725988722,-0.01669458912081203,0.009884175170508097,0.015939356803632246,-0.00033489690678329044,-0.0021791587234510604
2953,2021-11-29,96.33999633789062,1782.300048828125,22.798999786376953,1.5299999713897705,22.959999084472656,-0.00168180324307445,-0.013418951134933549,0.009872618200894,0.016127249908521706,-0.0005128787127672732,-0.0026762068608051446
2954,2021-11-30,95.98999786376953,1773.5999755859375,22.764999389648438,1.4429999589920044,27.190000534057617,-0.0048933268890934195,-0.0014924240037843192,0.009669051065723102,0.016095892345809524,-0.0002517130155379931,-0.002406441860663111
2955,2021-12-01,96.05000305175781,1781.5999755859375,22.298999786376953,1.434000015258789,31.1200008392334,0.00450045770286688,-0.02068241714445489,0.00959931962109175,0.016477310870436596,-0.00035947113509159567,-0.0036273851759587965
2956,2021-12-02,96.12999725341797,1760.699951171875,22.280000686645508,1.4479999542236328,27.950000762939453,-0.011800393739534874,-0.0008523789533261744,0.009900229783258926,0.015826038990654937,-0.0007513162952817861,-0.002538617870100553
2957,2021-12-03,96.12000274658203,1782.0,22.44499969482422,1.343000054359436,30.670000076293945,0.012024899530579426,0.0073784127592897535,0.009777275770292183,0.01582053667700613,0.000494246113822964,-0.00162878452188585
2958,2021-12-06,96.29000091552734,1777.5,22.22800064086914,1.434000015258789,27.18000030517578,-0.0025284463533586377,-0.009715074388001598,0.009073297298976234,0.014266981767048544,-0.0004134434251303515,-0.003465556902430709
2959,2021-12-07,96.37000274658203,1782.5999755859375,22.48699951171875,1.4800000190734863,21.889999389648438,0.0028650763234604835,0.011584558491471518,0.008583023232407044,0.014334529768095433,-0.000894455936373642,-0.003401422254936239
2960,2021-12-08,95.88999938964844,1783.4000244140625,22.389999389648438,1.5089999437332153,19.899999618530273,0.0004487093895392277,-0.004322939390105097,0.008442831307258895,0.013641557744347372,-0.0011605969778154287,-0.004360371705268515
2961,2021-12-09,96.2699966430664,1774.5999755859375,21.974000930786133,1.4869999885559082,21.579999923706055,-0.004946636746660119,-0.01875442471344692,0.00845789339779835,0.013966951792506626,-0.001469056769448691,-0.004816723656472563
2962,2021-12-10,96.05000305175781,1782.9000244140625,22.15999984741211,1.4889999628067017,18.690000534057617,0.004666234090444804,0.008428876356138912,0.008209055788001535,0.01328234891594881,-0.0016974390765874883,-0.005296346425290614
2963,2021-12-13,96.31999969482422,1786.300048828125,22.290000915527344,1.4240000247955322,20.309999465942383,0.001905203055442121,0.005849333477885206,0.00792659748440523,0.012108196532735423,-0.002007092598757866,-0.006033607413968804
2964,2021-12-14,96.56999969482422,1770.4000244140625,21.886999130249023,1.437999963760376,21.889999389648438,-0.008940945262643642,-0.018245374947531125,0.007993603127312926,0.012252707695288427,-0.002552823557552617,-0.0069832950804623395
2965,2021-12-15,96.51000213623047,1762.5999755859375,21.507999420166016,1.4630000591278076,19.290000915527344,-0.00441554571258348,-0.01746788153526194,0.00799478701736528,0.012457091382581068,-0.0027171762210522407,-0.0073677035099364505
2966,2021-12-16,96.04000091552734,1796.5999755859375,22.454999923706055,1.4220000505447388,20.56999969482422,0.019105998391674383,0.04308837115362396,0.009237936035668061,0.016630558253986058,-0.0014873192733779342,-0.005005715188614555
2967,2021-12-17,96.56999969482422,1803.800048828125,22.506999969482422,1.4019999504089355,21.56999969482422,0.003999601595126616,0.0023130674384799804,0.009036415356522769,0.016415893043587912,-0.001708685059740261,-0.005319392127433594
2968,2021-12-20,96.55000305175781,1793.699951171875,22.274999618530273,1.4190000295639038,22.8700008392334,-0.0056150794682417494,-0.010361414349135928,0.009054333454077395,0.01641172274178267,-0.001753975205204585,-0.005306808080758966
2969,2021-12-21,96.48999786376953,1787.9000244140625,22.50200080871582,1.4869999885559082,21.010000228881836,-0.0032387379200195265,0.010139273857202058,0.009025499628119962,0.01675493271495007,-0.001656775745238326,-0.004592032086764339
2970,2021-12-22,96.08000183105469,1801.5999755859375,22.79199981689453,1.4570000171661377,18.6299991607666,0.007633384981113343,0.012805359073236456,0.007529152293863227,0.01679165425894551,-0.00011615759918487897,-0.0030449206284650946
2971,2021-12-23,96.0199966430664,1811.199951171875,22.930999755859375,1.4930000305175781,17.959999084472656,0.005314436655823481,0.006080107100254127,0.007049145192574647,0.015072381388066481,0.0007338979167107425,-0.0010352815392228208
2972,2021-12-27,96.08999633789062,1808.0999755859375,22.979000091552734,1.4809999465942383,17.68000030517578,-0.001713025395370446,0.00209106309488973,0.007069081797830034,0.015066656868003733,0.0006363087599090135,-0.0010594974703962768
2973,2021-12-28,96.19999694824219,1810.199951171875,23.111000061035156,1.4809999465942383,17.540000915527344,0.0011607527646842581,0.005727937945200141,0.007070009657146479,0.014693118724300736,0.000659562559532127,8.241913699540732e-06
2974,2021-12-29,95.93000030517578,1805.0999755859375,22.847999572753906,1.5429999828338623,16.950000762939453,-0.0028213310498173137,-0.011445129844513607,0.007093213387043552,0.014609003124769315,0.0006052993306396098,0.00010223340371953798
2975,2021-12-30,95.97000122070312,1812.699951171875,23.027999877929688,1.5149999856948853,17.329999923706055,0.004201441162821637,0.007847294054934353,0.007017948662442946,0.01469991267462719,0.0010383835235879457,0.0005469818827061415
2976,2021-12-31,95.66999816894531,1827.5,23.327999114990234,1.5119999647140503,17.219999313354492,0.00813149309174338,0.012943456375973897,0.007150980649073164,0.014090583775162922,0.0012112899706773028,0.002148213955107512
2977,2022-01-03,96.23999786376953,1799.4000244140625,22.790000915527344,1.628000020980835,16.600000381469727,-0.015495623073024625,-0.02333243445866594,0.007522955837268763,0.015144448627608642,0.001035326669082553,0.0010777351215199044
2978,2022-01-04,96.29000091552734,1814.0,23.038000106811523,1.6679999828338623,16.90999984741211,0.00808106212417286,0.010823147710714433,0.007280207096384615,0.015234493682814492,0.0008475248878250973,0.0012417701192067939
2979,2022-01-05,96.19000244140625,1824.5999755859375,23.149999618530273,1.7050000429153442,19.729999542236328,0.005826419855790741,0.004849732913435169,0.007314699346642962,0.015041042697973456,0.0012453756596893534,0.0019353323716561639
2980,2022-01-06,96.25,1788.699951171875,22.173999786376953,1.7330000400543213,19.610000610351562,-0.019871699829780518,-0.043074342337852,0.008627823559944953,0.01776957527921252,0.00016267203334454383,-0.0006674724297401942
2981,2022-01-07,95.73999786376953,1797.0,22.393999099731445,1.7710000276565552,18.760000228881836,0.0046295360824668225,0.009872603920458675,0.008682814913702656,0.01789314254718257,0.0003617590187220483,8.505823143794944e-06
2982,2022-01-10,95.98999786376953,1798.4000244140625,22.445999145507812,1.7799999713897705,19.399999618530273,0.0007787864912479449,0.0023193608885918775,0.008597265169813247,0.01737157975348141,0.0006343982205271942,0.0010120194232408803
2983,2022-01-11,95.62000274658203,1818.5999755859375,22.805999755859375,1.746000051498413,18.40999984741211,0.011169566592358682,0.01591126200479384,0.00886278588219993,0.017606458077717685,0.0009440807206183311,0.001368323501748258
2984,2022-01-12,95.0,1827.199951171875,23.200000762939453,1.725000023841858,17.6200008392334,0.004717752871602087,0.017128663027523375,0.008899212408365657,0.01791926047750764,0.0010780116642449963,0.0019054344326834092
2985,2022-01-13,94.79000091552734,1821.199951171875,23.155000686645508,1.7109999656677246,20.309999465942383,-0.0032891160891035777,-0.001941541970561844,0.008663402429816142,0.0173465906942586,0.0013471463867945233,0.0026818074315867082
2986,2022-01-14,95.16999816894531,1816.5,22.910999298095703,1.7719999551773071,19.190000534057617,-0.0025840249884074937,-0.010593655648793419,0.008611552080747884,0.017008912210374406,0.001434361659374332,0.0030091515214185427
2987,2022-01-18,95.7300033569336,1812.300048828125,23.48699951171875,1.8650000095367432,22.790000915527344,-0.002314788905823573,0.02482994186623092,0.007625929332987553,0.015231530066304568,0.0004143241690172866,0.0021397025077331596
2988,2022-01-19,95.51000213623047,1843.0999755859375,24.22599983215332,1.8270000219345093,23.850000381469727,0.016852139555948643,0.030979373861780363,0.00840409852937613,0.016481133850570102,0.001026349786199288,0.0035047647183665113
2989,2022-01-20,95.73999786376953,1842.5,24.711000442504883,1.8329999446868896,25.59000015258789,-0.00032557824789001627,0.01982207686818298,0.008273343471005137,0.016527486510515766,0.0012782307966922274,0.004942073823953126
2990,2022-01-21,95.63999938964844,1831.800048828125,24.31399917602539,1.746999979019165,28.850000381469727,-0.00582422843878814,-0.01619622428971778,0.00836267852612245,0.01710255298574321,0.0011551122005603888,0.0036880024836236105
2991,2022-01-24,95.91999816894531,1841.699951171875,23.795000076293945,1.7350000143051147,29.899999618530273,0.005389914964327385,-0.021576804465330682,0.008289794040496975,0.017816900117436196,0.0010482802949991527,0.0020507566008346988
2992,2022-01-25,95.94999694824219,1852.699951171875,23.895999908447266,1.7829999923706055,31.15999984741211,0.005954976611818967,0.0042355993031337425,0.008307435662225386,0.01780058209459391,0.0010787821976656043,0.0019629228962099185
2993,2022-01-26,96.48999786376953,1829.9000244140625,23.80699920654297,1.8480000495910645,31.959999084472656,-0.01238267432546163,-0.0037314553308660683,0.008798480971978478,0.017843779888173934,0.0005707036771850719,0.001685660114031071
2994,2022-01-27,97.26000213623047,1793.300048828125,22.67300033569336,1.8070000410079956,30.489999771118164,-0.02020380869292505,-0.0488048177012733,0.009893841778723066,0.020927669972096483,-0.0004466563922248952,-0.0009111377738962356
2995,2022-01-28,97.2699966430664,1784.9000244140625,22.302000045776367,1.781999945640564,27.65999984741211,-0.004695120268889005,-0.01649844145463178,0.009924729905284107,0.021083323336585857,-0.0005358844502759282,-0.001151771660092339
2996,2022-01-31,96.54000091552734,1795.0,22.395000457763672,1.781999945640564,24.829999923706055,0.005642617008805025,0.004161377503966101,0.009964030299006294,0.02101990708486723,-0.00046725702903862394,-0.0013272914958527321
2997,2022-02-01,96.38999938964844,1800.300048828125,22.59600067138672,1.7999999523162842,21.959999084472656,0.002948322863412963,0.008935189075947137,0.009803281033820131,0.020901709358722487,-0.0007140746589591201,-0.0015181613672825777
2998,2022-02-02,95.94000244140625,1809.199951171875,22.711000442504883,1.7660000324249268,22.09000015258789,0.0049313868291021275,0.005076478921970456,0.009261732528201188,0.020330794525750914,0.000258640098285011,-0.0001653559682046541
2999,2022-02-03,95.37999725341797,1803.0,22.375,1.8270000219345093,24.350000381469727,-0.0034327874115770577,-0.014905143936702494,0.009115144931562263,0.020410557399503575,-0.00028963845103641356,-0.001390512713319746
3000,2022-02-04,95.4800033569336,1806.5999755859375,22.475000381469727,1.9299999475479126,23.219999313354492,0.0019946679986083213,0.004459333169833733,0.009024494642379036,0.020404766404973428,-0.00047210282518795737,-0.0014091031773007668
3001,2022-02-07,95.4000015258789,1820.5999755859375,23.076000213623047,1.9160000085830688,22.860000610351562,0.007719491459363494,0.026389528321259015,0.008010420678419852,0.01888662062760935,0.0008417634266760432,0.0018987001874188052
3002,2022-02-08,95.63999938964844,1826.5999755859375,23.19499969482422,1.9539999961853027,21.440000534057617,0.003290198230438897,0.005143599394730986,0.007984043398934399,0.018814847962375886,0.0007779854337223326,0.0016735094957174865
3003,2022-02-09,95.48999786376953,1835.199951171875,23.336000442504883,1.9290000200271606,19.959999084472656,0.004697138876945367,0.006060526481005058,0.008029718627193393,0.018838965443364764,0.000964573642565067,0.0018516602382133522
3004,2022-02-10,95.55000305175781,1836.199951171875,23.518999099731445,2.0309998989105225,23.90999984741211,0.0005447513489833872,0.00781131531364952,0.007681752525295401,0.01861834206061153,0.0004586300595471957,0.0014659484910160038
3005,2022-02-11,96.08000183105469,1840.800048828125,23.365999221801758,1.9550000429153442,27.360000610351562,0.002502094128990784,-0.006526625851167957,0.007635405315786108,0.018336803866838964,0.00035312250037522887,0.00033950616345927373
3006,2022-02-14,96.37000274658203,1868.0,23.844999313354492,1.996000051498413,28.329999923706055,0.014668053542140463,0.020292581963752755,0.008192326898448682,0.018833678344518726,0.0012082258161487548,0.001398273969855207
3007,2022-02-15,95.98999786376953,1854.800048828125,23.33799934387207,2.0450000762939453,25.700000762939453,-0.007091439946204802,-0.021491617684212715,0.008354101446749163,0.019324381050900636,0.0009935870086345971,0.0008793233967400024
3008,2022-02-16,95.69999694824219,1870.199951171875,23.60099983215332,2.046999931335449,24.290000915527344,0.008268451050258554,0.011206171633599544,0.008463051888595025,0.01869867280768852,0.0014975508160670792,0.0002305724332813654
3009,2022-02-17,95.80000305175781,1900.699951171875,23.874000549316406,1.972000002861023,28.110000610351562,0.016176862774401283,0.011500946778458108,0.008402862712656067,0.017544618466841147,0.0014653947788505384,-0.000696971713543504
3010,2022-02-18,96.04000091552734,1898.5999755859375,23.990999221801758,1.9320000410079956,27.75,-0.0011054540785265011,0.004888703898944224,0.008412891157665662,0.016964406627788014,0.0014282578345345155,-0.0014080847120786827
3011,2022-02-22,96.02999877929688,1906.0999755859375,24.31100082397461,1.9479999542236328,28.809999465942383,0.003942497337925904,0.013250229129555886,0.008260494130607726,0.016897793886834468,0.0018933400143780414,-5.8726444942224784e-06
3012,2022-02-23,96.19000244140625,1909.199951171875,24.55500030517578,1.9769999980926514,31.020000457763672,0.0016250236299235957,0.009986555209134662,0.008221576038653347,0.016275460069445052,0.0017140594746445277,0.00149714448286127
3013,2022-02-24,97.13999938964844,1925.0999755859375,24.68600082397461,1.968999981880188,30.31999969482422,0.008293621186042542,0.005320802780489067,0.008297382311484088,0.016286308909717776,0.0018254235019885072,0.001548820838925809
3014,2022-02-25,96.62000274658203,1886.5,23.996999740600586,1.9859999418258667,27.59000015258789,-0.020254641338243038,-0.02830750297481681,0.00910944409180764,0.017520894469273497,0.0014505679299512974,0.000378532855880536
3015,2022-02-28,96.70999908447266,1899.4000244140625,24.361000061035156,1.8389999866485596,30.149999618530273,0.006814799258052393,0.015054683682561874,0.007696558428388403,0.013678139684556072,0.0027371683085692707,0.0034194614932060202
3016,2022-03-01,97.41000366210938,1942.4000244140625,25.534000396728516,1.7070000171661377,33.31999969482422,0.022386274771780384,0.04702741752772728,0.008604257089967222,0.015897472683410088,0.004026758548601146,0.006444502397127881
3017,2022-03-02,97.38999938964844,1920.9000244140625,25.183000564575195,1.8650000095367432,30.739999771118164,-0.011130495531632012,-0.013841726820856272,0.009204344462274753,0.016500723162054223,0.00322803890381843,0.005587211714993481
3018,2022-03-03,97.79000091552734,1934.4000244140625,25.204999923706055,1.843999981880188,30.479999542236328,0.007003374578962224,0.0008731983930900082,0.009240646722059704,0.016512715151615724,0.0034211366045588717,0.00520330739676219
3019,2022-03-04,98.6500015258789,1965.0999755859375,25.781999588012695,1.7239999771118164,31.979999542236328,0.015745908688366235,0.02263417353360702,0.009622476176872018,0.016944814240438238,0.0039361138359524,0.006039388092554407
3020,2022-03-07,99.29000091552734,1993.9000244140625,25.71299934387207,1.7510000467300415,36.45000076293945,0.014549409887335826,-0.002679882973771152,0.009733406996944183,0.016390195024153065,0.0047924089454244425,0.006621543376503518
3021,2022-03-08,99.05999755859375,2040.0999755859375,26.88800048828125,1.871999979019165,35.130001068115234,0.022906282220362194,0.044683433515131744,0.010474363191938124,0.018357226919222425,0.005788200098841294,0.008536976726279613
3022,2022-03-09,97.97000122070312,1985.9000244140625,25.756999969482422,1.9479999542236328,32.45000076293945,-0.026926590113771603,-0.04297367494057658,0.01265625088236267,0.021030075972544218,0.004138386690596765,0.005233967047144586
3023,2022-03-10,98.51000213623047,1998.0999755859375,26.20199966430664,2.010999917984009,30.229999542236328,0.00612449262362708,0.01712929727768503,0.012661864765012935,0.021189539655074644,0.0042733530902723926,0.005804714565380493
3024,2022-03-11,99.12000274658203,1982.699951171875,26.106000900268555,2.003999948501587,30.75,-0.007737189270018215,-0.003670523468015239,0.012928974087607951,0.021289830090437972,0.00368124222613127,0.0053413312344747655
3025,2022-03-14,99.05999755859375,1959.5999755859375,25.243999481201172,2.140000104904175,31.770000457763672,-0.011719169211706966,-0.03357672428109673,0.01334792199815731,0.02290423709475636,0.003097246008955539,0.003370472206153515
3026,2022-03-15,99.06999969482422,1928.5,25.12299919128418,2.1600000858306885,29.829999923706055,-0.015997859657440227,-0.004804754140094932,0.013984476662364985,0.022870091966092992,0.0022162958286493003,0.003452466097156991
3027,2022-03-16,98.37999725341797,1908.0,24.670000076293945,2.187999963760376,26.670000076293945,-0.010686925640050688,-0.018195795396681043,0.013950171165153968,0.022994933279567625,0.0010089158675925785,0.0016196862228506207
3028,2022-03-17,98.01000213623047,1942.0999755859375,25.583999633789062,2.191999912261963,25.670000076293945,0.017714276252213116,0.03637920814369207,0.014276375048120515,0.023547774193411444,0.0021901404484696223,0.004375439833703229
3029,2022-03-18,98.2300033569336,1928.199951171875,25.05500030517578,2.1480000019073486,23.8700008392334,-0.007182949353329487,-0.020893721185614698,0.01434544840106298,0.024117170414235233,0.0014543594768701917,0.0028468735089787413
3030,2022-03-21,98.5,1928.5999755859375,25.281999588012695,2.315000057220459,23.530000686645508,0.00020743851021229863,0.009019243185766183,0.01394363040243026,0.024078693964122752,0.0006939107023850021,0.0027286971474219835
3031,2022-03-22,98.48999786376953,1920.699951171875,24.885000228881836,2.372999906539917,22.940000534057617,-0.004104660928568712,-0.015827442269588966,0.01397829890800362,0.024407886647667874,0.0005510913285734682,0.0017422139965394506
3032,2022-03-23,98.62000274658203,1936.5999755859375,25.170000076293945,2.321000099182129,23.56999969482422,0.008244168082008863,0.011387590670270679,0.01406175209906468,0.0243673267721468,0.0007559327925774187,0.0016535169270496788
3033,2022-03-24,98.79000091552734,1961.5999755859375,25.899999618530273,2.3410000801086426,21.670000076293945,0.012826608725129677,0.028590141798560627,0.014306691295115966,0.025014989379525655,0.0012893416066348511,0.002539402002736629
3034,2022-03-25,98.80999755859375,1953.800048828125,25.594999313354492,2.492000102996826,20.809999465942383,-0.0039842350856929614,-0.011845960894714763,0.014256929237585191,0.025199368167848714,0.0007046817841712557,0.0017219370658221613
3035,2022-03-28,99.08999633789062,1939.5999755859375,25.176000595092773,2.4769999980926514,19.6299991607666,-0.007294465566171339,-0.016505809682806533,0.013568152729664329,0.024621143580557805,0.001321833011412765,0.0022839224606797932
3036,2022-03-29,98.4000015258789,1912.0,24.715999603271484,2.4000000953674316,18.899999618530273,-0.014331939032686957,-0.01844039225216232,0.013920252815611966,0.024836459424792626,0.00031484547375851035,0.000688918844740546
3037,2022-03-30,97.79000091552734,1933.5,25.10300064086914,2.3580000400543213,19.329999923706055,0.011182017436005276,0.015536595290250066,0.013229584893064365,0.022762874269412176,-0.0002186905898498281,-0.000810644118948845
3038,2022-03-31,98.30999755859375,1949.199951171875,25.121000289916992,2.3269999027252197,20.559999465942383,0.00808717487165785,0.0007167748281660187,0.013101090852779218,0.02256701125163732,0.0006964365722115939,-0.0001173821356620694
3039,2022-04-01,98.62999725341797,1919.0999755859375,24.642000198364258,2.377000093460083,19.6299991607666,-0.015562693516428947,-0.01925184901334289,0.013477953386307877,0.02294696053984477,-0.0003781380989975095,-0.0010757177264445884
3040,2022-04-04,98.98999786376953,1929.199951171875,24.583999633789062,2.4119999408721924,18.56999969482422,0.005249070482197901,-0.0023565023204492473,0.013037519516002134,0.0222946201104686,-0.0008779875373864778,-0.0022657499099710773
3041,2022-04-05,99.47000122070312,1922.9000244140625,24.527999877929688,2.555999994277954,21.030000686645508,-0.003270908031756635,-0.0022804927791870203,0.012554158070891705,0.02229441951781346,-0.0017265741049623093,-0.0022467313292765948
3042,2022-04-06,99.5999984741211,1918.4000244140625,24.454999923706055,2.6089999675750732,22.100000381469727,-0.0023429578535094993,-0.002980626281132575,0.011214681725145805,0.019532968449581505,-0.0029289188703847707,-0.004516448462432039
3043,2022-04-07,99.75,1933.800048828125,24.732999801635742,2.6519999504089355,21.549999237060547,0.007995486299766241,0.01130368543368134,0.010001905443339999,0.017694304544446548,-0.0012659628506924924,-0.0019318122541340426
3044,2022-04-08,99.80000305175781,1941.5999755859375,24.819000244140625,2.7130000591278076,21.15999984741211,0.004025358538914993,0.0034711224077661742,0.009934615425440121,0.0172028354379387,-0.0013659216166311634,-0.002582201533653988
3045,2022-04-11,99.93000030517578,1944.300048828125,24.97800064086914,2.7799999713897705,24.3700008392334,0.0013896773770587837,0.006385964385237895,0.009841151597241454,0.017310659494583127,-0.0009313089191513062,-0.0021033211596895533
3046,2022-04-12,100.29000091552734,1972.0999755859375,25.725000381469727,2.7249999046325684,24.260000228881836,0.014196912221042413,0.029467833450631163,0.01004357363489295,0.017044168946008152,0.00030279019669390226,0.0008988006370593943
3047,2022-04-13,99.87999725341797,1981.0,26.020000457763672,2.687000036239624,21.81999969482422,0.004502815262256247,0.011402194128252847,0.009352494933413889,0.017139656900875596,0.001279012811917544,0.0016705600784092886
3048,2022-04-14,100.31999969482422,1970.9000244140625,25.690000534057617,2.828000068664551,22.700000762939453,-0.0051114641128363805,-0.01276365876678833,0.009070715151130997,0.01686360907306861,0.00154451097988013,0.0019292332512613228
3049,2022-04-18,100.77999877929688,1982.9000244140625,26.139999389648438,2.861999988555908,22.170000076293945,0.006070128331346491,0.01736485293640974,0.008360983452048425,0.015365330035941751,0.0009900277455531477,0.0010237877652002595
3050,2022-04-19,100.95999908447266,1955.699951171875,25.391000747680664,2.9130001068115234,21.3700008392334,-0.013812271285541397,-0.029071874874191484,0.008798689192347997,0.01603754062629864,0.0006743457487811521,0.0006343518752680318
3051,2022-04-20,100.38999938964844,1952.300048828125,25.270000457763672,2.8399999141693115,20.31999969482422,-0.001739970932198888,-0.004776870457542728,0.008814105065441611,0.015959269480908443,0.0005816119658091908,-2.2605917270488018e-05
3052,2022-04-21,100.58000183105469,1944.9000244140625,24.621000289916992,2.9170000553131104,22.68000030517578,-0.0037976152973985644,-0.026018190424132802,0.008806193702426787,0.016605718753989033,0.0005962331863411026,-0.0005078796389154325
3053,2022-04-22,101.22000122070312,1931.0,24.256999969482422,2.9059998989105225,28.209999084472656,-0.007172570973407727,-0.014894514825885365,0.008779312225643795,0.016654696262666514,-0.00013789724486921122,-0.0017594084720657206
3054,2022-04-25,101.75,1893.199951171875,23.667999267578125,2.8259999752044678,27.020000457763672,-0.019769510187740744,-0.024581340396203067,0.009241895652099543,0.01583144757327515,-0.0016900933835773263,-0.004291383814673515
3055,2022-04-26,102.30000305175781,1901.4000244140625,23.54199981689453,2.7720000743865967,33.52000045776367,0.0043219765242018485,-0.005337841656319794,0.00931624713915165,0.015739601567967033,-0.0012945594973918593,-0.003981473374749946
3056,2022-04-27,102.94999694824219,1885.9000244140625,23.45800018310547,2.818000078201294,31.600000381469727,-0.008185296301079753,-0.003574456307481623,0.009346910737038716,0.01547586017143506,-0.0013369800085779743,-0.003365694642591616
3057,2022-04-28,103.62000274658203,1888.699951171875,23.128999710083008,2.86299991607666,29.989999771118164,0.0014835623851351678,-0.014124367026406844,0.008872627427787829,0.015293234506191864,-0.0005838608934435874,-0.0031601696318413553
3058,2022-04-29,102.95999908447266,1909.300048828125,23.040000915527344,2.88700008392334,33.400001525878906,0.010847972444223454,-0.0038553533144596226,0.008850751257440576,0.014681055246627661,-0.0005997677978141504,-0.00408359575587515
3059,2022-05-02,103.73999786376953,1861.800048828125,22.54400062561035,2.996000051498413,32.34000015258789,-0.02519292038456543,-0.02176289265715888,0.010107756822179886,0.015126331431317377,-0.0021845342385866874,-0.005154056112319193
3060,2022-05-03,103.47000122070312,1868.800048828125,22.621000289916992,2.9600000381469727,29.25,0.0037527518532821575,0.0034097082850144183,0.009700116389847479,0.014876581877926145,-0.0012647511257433016,-0.0040749343362069404
3061,2022-05-04,102.58999633789062,1867.0,22.36199951171875,2.9170000553131104,25.420000076293945,-0.0009636752202483986,-0.011515623302110943,0.009585582727023917,0.014957723545291766,-0.0015605961591931253,-0.004511082954381307
3062,2022-05-05,103.75,1874.0,22.399999618530273,3.065999984741211,31.200000762939453,0.003742319256644968,0.001697873941231605,0.00964500261711059,0.015012481141622163,-0.0012266329549835253,-0.004321636920075657
3063,2022-05-06,103.66000366210938,1881.199951171875,22.325000762939453,3.122999906539917,30.190000534057617,0.003834661316685816,-0.0033537808943137483,0.009703284864959284,0.015011035283450644,-0.0009324606135456532,-0.004339406187369999
3064,2022-05-09,103.6500015258789,1857.0999755859375,21.781999588012695,3.0789999961853027,34.75,-0.012893727062383077,-0.024623239197404688,0.009812388575670345,0.015185333674068388,-0.0019271850593622875,-0.006050212122183619
3065,2022-05-10,103.91999816894531,1839.9000244140625,21.389999389648438,2.993000030517578,32.9900016784668,-0.00930488248338918,-0.018160427179498204,0.009839195477815307,0.015240745685652972,-0.0025619584413767715,-0.007080285912053352
3066,2022-05-11,103.8499984741211,1852.5999755859375,21.549999237060547,2.9210000038146973,32.560001373291016,0.006878809072376239,0.007452286586654321,0.010020661728964495,0.015289552319393392,-0.0023005712177902263,-0.007029508664366855
3067,2022-05-12,104.8499984741211,1823.800048828125,20.756999969482422,2.816999912261963,31.770000457763672,-0.015667781369351496,-0.037492243431980266,0.009675528802684491,0.014243986797001906,-0.0037226994839994593,-0.01021808375401502
3068,2022-05-13,104.55999755859375,1807.4000244140625,20.983999252319336,2.934999942779541,28.8700008392334,-0.009032901296614637,0.010876669219030285,0.009550214000786875,0.0142045102581751,-0.004367257415374264,-0.010243108749692283
3069,2022-05-16,104.19000244140625,1813.5,21.53499984741211,2.877000093460083,27.469999313354492,0.003369317747265814,0.025919304486914086,0.009695379220584978,0.016225710153222276,-0.003963410660131302,-0.00840106288046836
3070,2022-05-17,103.36000061035156,1818.199951171875,21.73699951171875,2.9679999351501465,26.100000381469727,0.0025882941096002548,0.0093363438070918,0.009543802181330172,0.01567344441827116,-0.0041292122897382665,-0.00878337283900731
3071,2022-05-18,103.80999755859375,1815.9000244140625,21.533000946044922,2.885999917984009,30.959999084472656,-0.0012657478221988101,-0.00942916916846436,0.009296840953877297,0.01497257125416831,-0.003531758791483857,-0.007848005900639351
3072,2022-05-19,102.72000122070312,1841.199951171875,21.898000717163086,2.8550000190734863,29.350000381469727,0.013836280412998598,0.01680865514227168,0.010038700119885094,0.015905800016304324,-0.0027900325369506433,-0.006820123729219617
3073,2022-05-20,103.1500015258789,1841.800048828125,21.66900062561035,2.7869999408721924,29.43000030517578,0.00032587437499885286,-0.010512644593362633,0.010058314918965363,0.01531912165289757,-0.0025936758858840997,-0.006081764403944847
3074,2022-05-23,102.08000183105469,1847.800048828125,21.722999572753906,2.8589999675750732,28.479999542236328,0.003252387863293797,0.002488890798845536,0.0100782660570422,0.01528874041281933,-0.0020972492746125985,-0.005253983183719566
3075,2022-05-24,101.86000061035156,1865.0999755859375,22.062999725341797,2.759999990463257,29.450000762939453,0.009318889191803466,0.015530397470540348,0.009510931090596949,0.01525899516970065,-0.0007120873993962076,-0.003343900428160356
3076,2022-05-25,102.05999755859375,1846.199951171875,21.860000610351562,2.749000072479248,28.3700008392334,-0.01018521174530886,-0.009243474208096002,0.00965280439977831,0.01530823546596213,-0.0014029058884205271,-0.003529882930625889
3077,2022-05-26,101.83000183105469,1847.4000244140625,21.94099998474121,2.75600004196167,27.5,0.0006498122657287857,0.0036985212950428285,0.00953422358048145,0.01538923395700901,-0.0009821864328582158,-0.003183550663839011
3078,2022-05-27,101.66999816894531,1851.300048828125,22.059999465942383,2.743000030517578,25.719999313354492,0.0021088629963046065,0.005408957651668868,0.009543281500364435,0.015284847214997352,-0.0009524102132787186,-0.0022533923458354053
3079,2022-05-31,101.75,1842.699951171875,21.650999069213867,2.8440001010894775,26.190000534057617,-0.004656260527504244,-0.018714389848235688,0.009177437514018836,0.015700979892967766,-0.001690707021456228,-0.002960965514110456
3080,2022-06-01,102.55000305175781,1843.300048828125,21.884000778198242,2.930999994277954,25.690000534057617,0.00032560914897010034,0.010704211993925534,0.007433738568340657,0.015351619055301515,-0.0004755389484307266,-0.001414912911677865
3081,2022-06-02,101.7699966430664,1866.5,22.253999710083008,2.9130001068115234,24.719999313354492,0.0125075493629948,0.016765942946148416,0.007912779817147175,0.015830691690387113,-5.864382892060073e-05,-0.0007789017373381506
3082,2022-06-03,102.13999938964844,1845.4000244140625,21.889999389648438,2.9570000171661377,24.790000915527344,-0.011368949980497233,-0.016491871055768482,0.008289119163325843,0.016035362500271277,-0.0005541331032181643,-0.0010158659160837478
3083,2022-06-06,102.44000244140625,1839.199951171875,22.073999404907227,3.0380001068115234,25.06999969482422,-0.003365401473737211,0.008370534739595663,0.008249933203770307,0.016157470306227772,-0.0008925959951411253,-0.0006981201637806975
3084,2022-06-07,102.31999969482422,1847.5,22.159000396728516,2.9719998836517334,24.020000457763672,0.004502705921952788,0.003843334019086466,0.008270335624441332,0.016174644683318685,-0.0008607843472712694,-0.000355400405999735
3085,2022-06-08,102.54000091552734,1851.9000244140625,22.073999404907227,3.0290000438690186,23.959999084472656,0.0023787784288539122,-0.0038433340190864194,0.007818455627506462,0.015223432886195805,-0.00013352218102188903,0.000634118888205897
3086,2022-06-09,103.22000122070312,1848.800048828125,21.797000885009766,3.0439999103546143,26.09000015258789,-0.001675345880327806,-0.012628032142960297,0.007543395925911624,0.014926905858047363,0.00022978908579055732,0.0008975662708981782
3087,2022-06-10,104.1500015258789,1871.5,21.913000106811523,3.1559998989105225,27.75,0.012203441973600668,0.00530768663887095,0.007860869089690118,0.014887102065934719,0.00048334303346791107,0.000795442463860875
3088,2022-06-13,105.08000183105469,1828.0,21.236000061035156,3.365999937057495,34.02000045776367,-0.02351777533038834,-0.03138221529205024,0.00879808422299519,0.014142477135224036,0.0001095337972280613,0.0010863961848099238
3089,2022-06-14,105.5199966430664,1809.5,20.93600082397461,3.4830000400543213,32.689998626708984,-0.01017190901029815,-0.01422765301088647,0.008860552715915676,0.014333270802267246,5.5295334671703726e-05,-0.000109047730900398
3090,2022-06-15,105.16000366210938,1815.300048828125,21.402000427246094,3.3949999809265137,29.6200008392334,0.00320020619069026,0.022014190983039517,0.0088574664733427,0.014000159684055451,4.724240340620116e-05,-0.0002950055167991869
3091,2022-06-16,103.62999725341797,1845.699951171875,21.867000579833984,3.306999921798706,32.95000076293945,0.016607812663686532,0.021494282016864683,0.00955910668913732,0.014654454533530571,0.0007148385250293572,0.0002839439217614264
3092,2022-06-17,104.69999694824219,1835.5999755859375,21.572999954223633,3.239000082015991,31.1299991607666,-0.00548719263781298,-0.013536146918041099,0.009646824042986736,0.014817064309891315,0.0005138173433334443,8.837355273396266e-05
3093,2022-06-21,104.44000244140625,1834.5999755859375,21.753999710083008,3.306999921798706,30.190000534057617,-0.0005449294523729552,0.008355104678054516,0.009151526298006672,0.014450390903722587,-0.00017100217406520096,-0.00031417646937161655
3094,2022-06-22,104.19999694824219,1834.300048828125,21.406999588012695,3.1559998989105225,28.950000762939453,-0.00016349682819632593,-0.016079683244955224,0.009150820831157853,0.014695820139650982,-0.00019430556469354283,-0.0005792735480188828
3095,2022-06-23,104.43000030517578,1825.699951171875,21.031999588012695,3.068000078201294,29.049999237060547,-0.004699515565206118,-0.017672884260651146,0.009165578473408747,0.015137310656141668,-0.0005729676327173483,-0.0015393580746615818
3096,2022-06-24,104.19000244140625,1826.5,21.115999221801758,3.125,27.229999542236328,0.0004381188607517011,0.003985942268895444,0.008886997289770963,0.014689400030870074,-0.0009958614580055276,-0.002089094036644672
3097,2022-06-27,103.94000244140625,1820.9000244140625,21.159000396728516,3.194000005722046,26.950000762939453,-0.003070669489849738,0.0020343555361408134,0.008651661015778155,0.014620756659458617,-0.0006570737315550932,-0.001552054525014348
3098,2022-06-28,104.51000213623047,1817.5,20.797000885009766,3.2060000896453857,28.360000610351562,-0.001868967337812985,-0.017256577553555336,0.008650096515548046,0.014955740886548012,-0.0007770156174380347,-0.002549916374947594
3099,2022-06-29,105.11000061035156,1813.699951171875,20.667999267578125,3.0929999351501465,28.15999984741211,-0.0020929997061283,-0.006222213103011398,0.008628575108522158,0.01486133186363409,-0.0009771043175538874,-0.0031037816489799873
3100,2022-06-30,104.69000244140625,1804.0999755859375,20.281999588012695,2.9719998836517334,28.709999084472656,-0.005307091775332891,-0.018852802110603945,0.008643606303206866,0.014868630300212184,-0.001008096281736204,-0.0031103727090927616
3101,2022-07-01,105.13999938964844,1798.9000244140625,19.597000122070312,2.8889999389648438,26.700000762939453,-0.0028864583859110646,-0.03435727335090417,0.008647244557684765,0.015984925913527938,-0.001161051878635307,-0.005256157725513223
3102,2022-07-05,106.5,1761.800048828125,19.052000045776367,2.809000015258789,27.540000915527344,-0.02083933914969923,-0.02820441418462703,0.009063520300779535,0.01589922185727448,-0.002748998950668356,-0.007397603303169197
3103,2022-07-06,107.0999984741211,1734.9000244140625,19.084999084472656,2.9130001068115234,26.729999542236328,-0.015386252486003978,0.0017305528848290213,0.00929401989336141,0.015875311677777768,-0.002940299069978201,-0.0065298688298074115
3104,2022-07-07,107.12999725341797,1737.9000244140625,19.121999740600586,3.007999897003174,26.079999923706055,0.0017277129141139384,0.0019368528716087517,0.009348664370239785,0.015633621952472553,-0.0026977698134138606,-0.006836234633044884
3105,2022-07-08,107.01000213623047,1740.5999755859375,19.16699981689453,3.1010000705718994,24.639999389648438,0.0015523655104664287,0.0023505496373949896,0.009256761877667231,0.015585955875657465,-0.00283826221396083,-0.00690731960360162
3106,2022-07-11,108.0199966430664,1730.0,19.066999435424805,2.990999937057495,26.170000076293945,-0.006108458837354837,-0.0052309782629155685,0.009202715169648044,0.015575254140171003,-0.0032424163694945796,-0.006973397900926818
3107,2022-07-12,108.06999969482422,1723.300048828125,18.89900016784668,2.9579999446868896,27.290000915527344,-0.003880322870210738,-0.008850042978090673,0.009196518429523052,0.015528422428986222,-0.0033474152737747198,-0.006793493654980645
3108,2022-07-13,107.95999908447266,1734.199951171875,19.13800048828125,2.9040000438690186,26.81999969482422,0.0063050981654516405,0.012566893376626904,0.008778394473083309,0.015887911673517875,-0.003628288788448483,-0.0064478171436589335
3109,2022-07-14,108.54000091552734,1704.5,18.16900062561035,2.9600000381469727,26.399999618530273,-0.017274371209107783,-0.05195903331762649,0.008154667025788306,0.017997081943622067,-0.003330983830292266,-0.007427665621067326
3110,2022-07-15,108.05999755859375,1702.4000244140625,18.54800033569336,2.930000066757202,24.229999542236328,-0.0012327780896654707,0.020645105074695302,0.008011775553052814,0.018923305513505156,-0.0029053109293097575,-0.005767058093182479
3111,2022-07-18,107.37000274658203,1709.199951171875,18.791000366210938,2.9600000381469727,25.299999237060547,0.003986361713753098,0.013016066667807653,0.008043504622570051,0.01835617371813371,-0.002867874952021051,-0.006195540203431617
3112,2022-07-19,106.68000030517578,1710.0,18.670000076293945,3.0190000534057617,24.5,0.0004679742946601952,-0.0064600896555730685,0.00675788546791666,0.017226598977008924,-0.0036364386838794475,-0.0075267007592619865
3113,2022-07-20,107.08000183105469,1699.5,18.638999938964844,3.0360000133514404,23.8799991607666,-0.006159280360534849,-0.0016618051650045757,0.006768671399404878,0.01721435958459304,-0.0036684428611519176,-0.006961255913879293
3114,2022-07-21,106.91000366210938,1712.699951171875,18.687000274658203,2.9100000858306885,23.110000610351562,0.007736953992708003,0.002571953162867601,0.007188041529260462,0.01700203234936154,-0.0032740674590052052,-0.007236644081269147
3115,2022-07-22,106.7300033569336,1727.0999755859375,18.584999084472656,2.7829999923706055,23.030000686645508,0.008372643085123987,-0.005473355150353342,0.007602168252779062,0.016883327663583667,-0.0028675846059899525,-0.006731580838669058
3116,2022-07-25,106.4800033569336,1719.0,18.29400062561035,2.819999933242798,23.360000610351562,-0.004700960831153482,-0.015781583055844463,0.007602185672934563,0.016826994896861566,-0.0028676534281779223,-0.006641518876535406
3117,2022-07-26,107.19000244140625,1717.699951171875,18.48699951171875,2.7869999408721924,24.690000534057617,-0.000756568166326809,0.010494584526424789,0.007580650120854211,0.017090408123172415,-0.0029245432866102324,-0.0063315835309387695
3118,2022-07-27,106.44999694824219,1719.0999755859375,18.55299949645996,2.7339999675750732,23.239999771118164,0.0008147256292718839,0.003563717945946867,0.007624195147858687,0.017131050278127127,-0.0027395244714139644,-0.006258756749519433
3119,2022-07-28,106.3499984741211,1750.300048828125,19.82699966430664,2.680999994277954,22.329999923706055,0.017986345847998488,0.06641315432118908,0.008867349778374726,0.023126120750920603,-0.0017940333673277038,-0.002274483803103034
3120,2022-07-29,105.9000015258789,1762.9000244140625,20.1560001373291,2.6419999599456787,21.329999923706055,0.007172964446712137,0.01645738940635982,0.009079721995220539,0.023459703946986928,-0.001352796979097207,-0.0011945027312282141
3121,2022-08-01,105.44999694824219,1769.0,20.32200050354004,2.6059999465942383,22.84000015258789,0.003454221019280375,0.008202050210101487,0.00909022204941824,0.023182728892430865,-0.0009355916079251466,9.382356975775882e-05
3122,2022-08-02,106.23999786376953,1771.0999755859375,20.104999542236328,2.740999937057495,23.93000030517578,0.001186393518112395,-0.010735550261175446,0.009089966356490923,0.02196884712959354,-0.0007416462791621247,0.0012186675264115074
3123,2022-08-03,106.51000213623047,1758.0,19.864999771118164,2.747999906539917,21.950000762939453,-0.007424009432775246,-0.012009139835891056,0.008014725306650759,0.02115345383311315,-0.00010282105454669681,0.001989871066827507
3124,2022-08-04,105.69000244140625,1788.5,20.099000930786133,2.6760001182556152,21.440000534057617,0.01720048045395003,0.011710731148987664,0.00806216771479169,0.021259182734271066,0.0014489281330701607,0.0024651176508350605
3125,2022-08-05,106.62000274658203,1772.9000244140625,19.819000244140625,2.8399999141693115,21.149999618530273,-0.008760642024044224,-0.014029023032961139,0.008363283463065902,0.021562346916306926,0.000949482659824534,0.0017048378458555421
3126,2022-08-08,106.44000244140625,1786.800048828125,20.591999053955078,2.765000104904175,21.290000915527344,0.007809700130070115,0.03826151905069303,0.008496248684639975,0.022992673476935614,0.001247450975043757,0.003414884008393544
3127,2022-08-09,106.37000274658203,1794.0,20.45800018310547,2.796999931335449,21.770000457763672,0.004021425813643075,-0.006528591926290372,0.008343931788126148,0.023018799133076334,0.0017298264346150862,0.003353092881566172
3128,2022-08-10,105.19999694824219,1795.5999755859375,20.718000411987305,2.7860000133514404,19.739999771118164,0.0008914506924313416,0.012628894536259774,0.008247935423723185,0.022926466631565834,0.0019570537471218516,0.0043758994298685756
3129,2022-08-11,105.08999633789062,1789.699951171875,20.326000213623047,2.888000011444092,20.200000762939453,-0.003291233570665182,-0.01910204229597014,0.008260818925374027,0.02339745781488006,0.001500085569211527,0.00286785487403062
3130,2022-08-12,105.62999725341797,1798.5999755859375,20.677000045776367,2.8489999771118164,19.530000686645508,0.004960590165981755,0.017121108407094868,0.0070738069776129465,0.019898174507103187,0.0025588932537396005,0.006157385432350685
3131,2022-08-15,106.55000305175781,1781.4000244140625,20.250999450683594,2.7909998893737793,19.950000762939453,-0.009608985203734186,-0.020817825708597103,0.007520353731911492,0.020438504729352977,0.0021600262483077565,0.004182960156955808
3132,2022-08-16,106.5,1773.199951171875,20.065000534057617,2.8239998817443848,19.690000534057617,-0.0046137893685845414,-0.009227117588657059,0.007648991611102054,0.020533991285010936,0.0017504952443869169,0.0031237609066479648
3133,2022-08-17,106.56999969482422,1760.300048828125,19.711000442504883,2.8929998874664307,19.899999618530273,-0.007301519543719817,-0.01780015234082373,0.007897977714640646,0.020943653272706007,0.001380519347321202,0.0025837579216360287
3134,2022-08-18,107.4800033569336,1755.300048828125,19.447999954223633,2.880000114440918,19.559999465942383,-0.002844466510612898,-0.013432643334394177,0.007771871485763195,0.021218664905072102,0.0015383676258889135,0.002023241818331762
3135,2022-08-19,108.16999816894531,1747.5999755859375,19.058000564575195,2.989000082015991,20.600000381469727,-0.00439640617260913,-0.020257244109990805,0.007738954688911646,0.021766873971744576,0.0009605885703976218,0.0009361371862908858
3136,2022-08-22,109.05000305175781,1734.0,18.87299919128418,3.0369999408721924,23.799999237060547,-0.00781252576674173,-0.00975470414445909,0.007769759023274345,0.02184980056162727,0.00018986624411830198,0.0007322634246668024
3137,2022-08-23,108.62000274658203,1746.800048828125,19.011999130249023,3.053999900817871,24.110000610351562,0.007354692223817934,0.0073380265986983245,0.007835421984797624,0.021556613270219294,0.0007639449610217028,0.0018331972177402683
3138,2022-08-24,108.68000030517578,1747.800048828125,18.895000457763672,3.1059999465942383,22.81999969482422,0.0005723115660449006,-0.006172951976126684,0.007827890601215953,0.021528587290488756,0.0008272249482774984,0.0010395050033330554
3139,2022-08-25,108.47000122070312,1757.699951171875,19.111000061035156,3.0260000228881836,21.780000686645508,0.005648226308946638,0.01136672767240151,0.007898249211953522,0.02164137462417239,0.0010573916473096297,0.0014110768950689908
3140,2022-08-26,108.80000305175781,1736.0999755859375,18.739999771118164,3.0350000858306885,25.559999465942383,-0.012364904253983925,-0.01960382410383191,0.007407255765668015,0.016172520452073,-0.0003879059765942948,-0.002684969696598675
3141,2022-08-29,108.83999633789062,1736.5999755859375,18.55500030517578,3.109999895095825,26.209999084472656,0.0002879603826907875,-0.009920953637078718,0.007205489207002587,0.015626585943558046,-0.000715763312976264,-0.003941081270095749
3142,2022-08-30,108.7699966430664,1723.199951171875,18.159000396728516,3.109999895095825,26.209999084472656,-0.007746165501607033,-0.021572983534505565,0.007295359943888511,0.015819316211874917,-0.0012491150520661405,-0.005358940019838941
3143,2022-08-31,108.69999694824219,1712.800048828125,17.761999130249023,3.132999897003174,25.8700008392334,-0.006053512283144235,-0.022105032555786015,0.007345406910913155,0.01620244349394884,-0.001593872471173599,-0.005900343938629921
3144,2022-09-01,109.69000244140625,1696.5999755859375,17.551000595092773,3.265000104904175,25.559999465942383,-0.009503252799611197,-0.011950332617319865,0.007441310317199528,0.016201339936112627,-0.001692884060070549,-0.005897543594888435
3145,2022-09-02,109.52999877929688,1709.800048828125,17.775999069213867,3.193000078201294,25.469999313354492,0.0077501991662910705,0.012738218283275987,0.006463055893827944,0.016258625899788135,-0.0021428974547209757,-0.005848615636112801
3146,2022-09-06,110.20999908447266,1700.4000244140625,17.795000076293945,3.3399999141693115,26.90999984741211,-0.0055129013074622065,0.00106834271422042,0.006334358433914341,0.016212541040126063,-0.001988243134883737,-0.005129693457675584
3147,2022-09-07,109.83999633789062,1715.300048828125,18.136999130249023,3.265000104904175,24.639999389648438,0.00872448903953951,0.019036479431236524,0.006407827339822252,0.01403662392885573,-0.001944681758242337,-0.006045171534792561
3148,2022-09-08,109.70999908447266,1708.0,18.329999923706055,3.2920000553131104,23.610000610351562,-0.004264925533494193,0.010585055008595348,0.00627584424532131,0.01449641411939682,-0.0023392699176298264,-0.0052302359664646685
3149,2022-09-09,109.0,1716.199951171875,18.658000946044922,3.321000099182129,22.790000915527344,0.004789420573202699,0.017736001553918346,0.0064318798201544744,0.014849541986432535,-0.0021536523042597613,-0.004987040394195213
3150,2022-09-12,108.33000183105469,1728.0999755859375,19.7549991607666,3.361999988555908,23.8700008392334,0.0069100090105372255,0.0571315221379905,0.006720423843937172,0.019739452497623693,-0.0016678788480120276,-0.0013568706592447062
3151,2022-09-13,109.81999969482422,1705.0,19.389999389648438,3.421999931335449,27.270000457763672,-0.013457414214637989,-0.01864914360436421,0.007007799243710504,0.01960813300584209,-0.002544926675660587,-0.00306021599312371
3152,2022-09-14,109.66000366210938,1696.5,19.47100067138672,3.4119999408721924,26.15999984741211,-0.004997805493332346,0.00416877583793803,0.0068457584445841485,0.019231189780343327,-0.0023253466894509753,-0.0018703778242410846
3153,2022-09-15,109.73999786376953,1665.4000244140625,19.174999237060547,3.4590001106262207,26.270000457763672,-0.018501955762987212,-0.01531890614976994,0.007695937458930059,0.019392972134248877,-0.0029866879463272935,-0.002160462993817889
3154,2022-09-16,109.76000213623047,1671.699951171875,19.29599952697754,3.447999954223633,26.299999237060547,0.003775694038622129,0.006290488565676519,0.007764721587888684,0.019132341625522974,-0.002459201585263391,-0.0010132896173178768
3155,2022-09-19,109.73999786376953,1666.199951171875,19.273000717163086,3.490000009536743,25.760000228881836,-0.003295488264191871,-0.0011926061030788178,0.0077664640809020835,0.018920342906957155,-0.0024806788116242947,-0.000430430701540955
3156,2022-09-20,110.22000122070312,1659.699951171875,19.101999282836914,3.571000099182129,27.15999984741211,-0.0039087215289053045,-0.008912185859008593,0.007761176636119506,0.01848282458233208,-0.0024574557333526836,0.00010981016755343611
3157,2022-09-21,110.63999938964844,1664.5999755859375,19.410999298095703,3.509999990463257,27.989999771118164,0.002948005938547933,0.016046875460151995,0.007745146003893096,0.018651107841176198,-0.0019450494616722236,0.0013384568153920592
3158,2022-09-22,111.3499984741211,1670.800048828125,19.54800033569336,3.7079999446868896,27.350000381469727,0.0037177432020477504,0.007033117051857949,0.007565374682273578,0.01864632184179076,-0.0021182375103279464,0.0013239373131615651
3159,2022-09-23,113.19000244140625,1645.300048828125,18.840999603271484,3.697000026702881,29.920000076293945,-0.015379814777475905,-0.036837671341476745,0.008066010860238214,0.02038263232391657,-0.0028778625743051283,-0.0001362874185217713
3160,2022-09-26,114.0999984741211,1623.300048828125,18.4060001373291,3.878000020980835,32.2599983215332,-0.013461623673598822,-0.023358619361433852,0.008133703351924404,0.020806933866106762,-0.0037878554306168166,-0.0017898753725139314
3161,2022-09-27,114.11000061035156,1626.699951171875,18.256999969482422,3.9639999866485596,32.599998474121094,0.0020922483593887654,-0.008128139417952025,0.007981853282352024,0.020463547766376138,-0.0030994195918847833,-0.0012434141969958415
3162,2022-09-28,112.5999984741211,1660.4000244140625,18.79599952697754,3.7049999237060547,30.18000030517578,0.020505159126874725,0.029095489614626924,0.009487986752820478,0.021386672810716864,-0.0021366958421617393,0.0006145116721329985
3163,2022-09-29,112.25,1658.5,18.611000061035156,3.746999979019165,31.84000015258789,-0.0011449724954999327,-0.009891249033098121,0.009401808820908882,0.02092771285684677,-0.0018223533180614006,0.001170784743628591
3164,2022-09-30,112.12000274658203,1662.4000244140625,18.959999084472656,3.803999900817871,31.6200008392334,0.002348776643889567,0.01857864149822029,0.009391522692510978,0.02054487272751882,-0.001422244321535982,0.0031081025557241296
3165,2022-10-03,111.75,1692.9000244140625,20.518999099731445,3.6510000228881836,30.100000381469727,0.01818069303365146,0.07901979375716747,0.010115560156777526,0.026061072337804646,-0.00010396118661871235,0.007440013335461621
3166,2022-10-04,110.06999969482422,1721.0999755859375,21.03700065612793,3.617000102996826,29.06999969482422,0.016520558026136455,0.024931581044391485,0.010624300285493112,0.026319568655153575,0.00031367494956440124,0.008020649657419502
3167,2022-10-05,111.06999969482422,1711.4000244140625,20.479000091552734,3.759000062942505,28.549999237060547,-0.005651843841279974,-0.026882848016384357,0.010628152792006044,0.02737435859812338,0.0003070586384302218,0.006689640575009751
3168,2022-10-06,112.26000213623047,1711.699951171875,20.594999313354492,3.8259999752044678,30.520000457763672,0.00017523692601385205,0.005648319222903012,0.010451881207105562,0.027227940355959143,-0.00010004860507099999,0.006052109136517679
3169,2022-10-07,112.80000305175781,1700.5,20.191999435424805,3.882999897003174,31.360000610351562,-0.006564674728268202,-0.019761836149183226,0.010509590278897954,0.02777514437664641,-0.00020956047148880993,0.004607019081385366
3170,2022-10-10,113.13999938964844,1667.300048828125,19.555999755859375,3.888000011444092,32.45000076293945,-0.01971674459509101,-0.03200432616624275,0.011260489458760386,0.02870485936877981,-0.001376520717598034,0.0022384320470919803
3171,2022-10-11,113.22000122070312,1678.699951171875,19.427000045776367,3.938999891281128,33.630001068115234,0.006814074389340839,-0.006618278819248242,0.011256978484540199,0.025837031019477364,-0.0013810890328931004,-0.0007972727603955786
3172,2022-10-12,113.31999969482422,1670.300048828125,18.878000259399414,3.9019999504089355,33.56999969482422,-0.005016375012451831,-0.028666616769386852,0.010950744391874538,0.026271920295707712,-0.0009791347851699499,-0.0012742952920633233
3173,2022-10-13,112.36000061035156,1670.0,18.857999801635742,3.9519999027252197,31.940000534057617,-0.00017965381824740632,-0.001060020118937043,0.010912744965919041,0.02624251597276396,-0.0007496989911182862,-0.001523285575724041
3174,2022-10-14,113.30999755859375,1641.699951171875,18.014999389648438,4.010000228881836,32.02000045776367,-0.01709136585274509,-0.04573250620477758,0.010801788644674066,0.027832967798968242,-0.0006825280430115185,-0.0029715522450101195
3175,2022-10-17,112.04000091552734,1657.0,18.673999786376953,4.014999866485596,31.3700008392334,0.009276477868507263,0.03592746030226707,0.010980523499140195,0.029050820566899338,-0.0004205859558741312,-0.0015602678766010458
3176,2022-10-18,112.12999725341797,1649.0,18.570999145507812,3.997999906539917,30.5,-0.004839694866963967,-0.00553099242340114,0.01100587987269696,0.029063498347567135,-0.0004941196036251834,-0.001766857701378299
3177,2022-10-19,112.9800033569336,1627.5,18.336000442504883,4.126999855041504,30.760000228881836,-0.013123948476874548,-0.01273481353328678,0.011327835357132313,0.029122399653994022,-0.0009329399344808616,-0.0019488875906296414
3178,2022-10-20,112.87999725341797,1630.800048828125,18.666000366210938,4.22599983215332,29.979999542236328,0.00202562680358335,0.017837342097249978,0.011313814432699429,0.029180282704138864,-0.000976862750431556,-0.0018636272745773562
3179,2022-10-21,112.01000213623047,1651.0,19.042999267578125,4.2129998207092285,29.690000534057617,0.012310443033820328,0.019995834752504944,0.011642691231395089,0.02951309918339096,-0.0005676865679661953,-0.0012463550031179755
3180,2022-10-24,111.98999786376953,1648.699951171875,19.173999786376953,4.234000205993652,29.850000381469727,-0.0013940959691325695,0.006855641998313741,0.011142294851463468,0.028397580207610792,9.830004195491595e-05,0.0008342789654434762
3181,2022-10-25,110.94999694824219,1652.800048828125,19.339000701904297,4.107999801635742,28.459999084472656,0.0024837799570480903,0.00856863516140015,0.010706834851459722,0.02788766278572799,0.0008576049767476261,0.002354624418911762
3182,2022-10-26,109.69999694824219,1664.0,19.479999542236328,4.014999866485596,27.280000686645508,0.006753493473110318,0.007264456040309623,0.01078176418484068,0.027800512896303704,0.0010795690297819855,0.0030876051550194593
3183,2022-10-27,110.58999633789062,1660.699951171875,19.47800064086914,3.937000036239624,27.389999389648438,-0.001985171570581598,-0.0001026182740154149,0.009830771678007354,0.027157449414804257,8.60090133168455e-06,0.0016972190650841102
3184,2022-10-28,110.66999816894531,1639.5999755859375,19.14699935913086,4.010000228881836,25.75,-0.012786876070645195,-0.017139644521139016,0.010219640255226422,0.027357425082434814,-0.0005457754593895184,0.001352057375177401
3185,2022-10-31,111.52999877929688,1635.9000244140625,19.125,4.077000141143799,25.8799991607666,-0.002259168215868315,-0.0011496322074729581,0.010203840255329473,0.027073551514278406,-0.0007652014050922746,0.00041261577014438893
3186,2022-11-01,111.4800033569336,1645.0,19.67300033569336,4.052000045776367,25.809999465942383,0.005547257675413403,0.028250774645187594,0.009369277365465173,0.021368997068332472,-0.0013667935650083726,-0.0020049565685213194
3187,2022-11-02,111.3499984741211,1645.699951171875,19.600000381469727,4.059000015258789,25.860000610351562,0.0004254117317392756,-0.0037175686585747135,0.008445667314647926,0.02045843619399421,-0.0021332291028368098,-0.003369201792472091
3188,2022-11-03,112.93000030517578,1627.300048828125,19.43600082397461,4.124000072479248,25.299999237060547,-0.011243566259035888,-0.00840252676130852,0.008647874303349627,0.019782734980481602,-0.0023995015989204246,-0.0024891864946113367
3189,2022-11-04,110.87999725341797,1672.5,20.790000915527344,4.156000137329102,24.549999237060547,0.02739728333020796,0.06734508696892601,0.010820457714327688,0.024956439383142185,-0.0011032136749111817,0.0004487548266278537
3190,2022-11-07,110.12000274658203,1676.5,20.898000717163086,4.214000225067139,24.350000381469727,0.0023887739038996633,0.005181349022395795,0.010770782651431816,0.024536483049581167,-0.0006768589781412832,0.0016365255490839977
3191,2022-11-08,109.62000274658203,1712.0999755859375,21.476999282836914,4.125999927520752,25.540000915527344,0.02101238604477114,0.02732906676078699,0.01083768391155733,0.02387628449972699,0.0012626234332807238,0.00446192521227589
3192,2022-11-09,110.55000305175781,1710.0999755859375,21.29800033569336,4.151000022888184,26.09000015258789,-0.0011688389084410285,-0.008369374335089143,0.010773037264921558,0.023919933675655976,0.0008824847048149205,0.004378539711521561
3193,2022-11-10,108.20999908447266,1750.300048828125,21.677000045776367,3.8289999961853027,23.530000686645508,0.023235395651179536,0.017638605369611312,0.011721806558231051,0.022830908885466444,0.0022278071173687957,0.006583550289569094
3194,2022-11-11,106.29000091552734,1766.0,21.645999908447266,3.812999963760376,22.520000457763672,0.008929872470112414,-0.0014311170811253343,0.011796578312876047,0.022837263602983087,0.0026615940834811675,0.006565879005655366
3195,2022-11-14,106.66000366210938,1773.5999755859375,22.091999053955078,3.865000009536743,23.729999542236328,0.004294263372937783,0.020394833572566717,0.01089470752413245,0.01959426102356072,0.003679957379942257,0.009714799947433664
3196,2022-11-15,106.4000015258789,1773.800048828125,21.499000549316406,3.7990000247955322,24.540000915527344,0.00011279993292139435,-0.02720906124117694,0.010842734658363787,0.020205382013953357,0.0032435917639619775,0.006708298921555379
3197,2022-11-16,106.27999877929688,1773.0,21.503999710083008,3.691999912261963,24.110000610351562,-0.0004511383955566457,0.00023250288393674096,0.010720756246676818,0.02006950812123719,0.0034525706435528025,0.00698275107904766
3198,2022-11-17,106.69000244140625,1760.800048828125,20.954999923706055,3.7750000953674316,23.93000030517578,-0.006904748131308381,-0.025861673122547987,0.010318293281776542,0.02090152090376397,0.003748723040960715,0.006357662527178077
3199,2022-11-18,106.93000030517578,1751.9000244140625,20.97599983215332,3.818000078201294,23.1200008392334,-0.005067351765360675,0.0010016412833119732,0.010492144462904569,0.02076159707289855,0.003410962156725285,0.005555962488419126
3200,2022-11-21,107.83999633789062,1737.4000244140625,20.849000930786133,3.825000047683716,22.360000610351562,-0.008311170299651035,-0.006072888911419793,0.010582200842589819,0.02063399823137731,0.0024289805694171253,0.004314594694898899
3201,2022-11-22,107.22000122070312,1738.300048828125,21.034000396728516,3.757999897003174,21.290000915527344,0.0005178953391911294,0.008834164851053148,0.010555855589507756,0.02065069108526084,0.0025200277745753966,0.004408810068838871
3202,2022-11-23,106.08000183105469,1744.9000244140625,21.35700035095215,3.7060000896453857,20.350000381469727,0.0037896091787737837,0.015239376263364558,0.0105594769473841,0.020768845508863456,0.0025822101184670965,0.004726464407027653
3203,2022-11-25,105.95999908447266,1753.300048828125,21.424999237060547,3.690999984741211,20.5,0.004802492929499426,0.003178857651568949,0.010529482090044796,0.020763017239769147,0.0024893053306761013,0.004531912102801907
3204,2022-11-28,106.68000030517578,1740.0999755859375,20.90999984741211,3.703000068664551,22.209999084472656,-0.007557185534083681,-0.024330922730888965,0.010716418366469246,0.021686042940761582,0.0022239713324140975,0.003378183319141261
3205,2022-11-29,106.81999969482422,1748.4000244140625,21.20400047302246,3.747999906539917,21.889999389648438,0.004758529161550502,0.013962359290552891,0.010156947840867025,0.02127283377449196,0.0030594668196615112,0.004859231119698018
3206,2022-11-30,105.94999694824219,1746.0,21.549999237060547,3.703000068664551,20.579999923706055,-0.001373640553271435,0.01618591571280278,0.01013557844985772,0.02136415917718726,0.0031016348035946967,0.0056847334016159115
3207,2022-12-01,104.7300033569336,1801.0999755859375,22.636999130249023,3.5290000438690186,19.84000015258789,0.0310701183883798,0.04920991615280104,0.011831809209902575,0.02290506810792115,0.004317009123259763,0.006682787759121313
3208,2022-12-02,104.55000305175781,1795.9000244140625,23.038000106811523,3.50600004196167,19.059999465942383,-0.002891273168903714,0.017559333841299648,0.011908243276036934,0.022892594092241716,0.004159071747038669,0.007695973592448664
3209,2022-12-05,105.29000091552734,1767.4000244140625,22.198999404907227,3.5989999771118164,20.75,-0.015996748721572914,-0.0370978151291924,0.012255743867086727,0.024687576454476622,0.003932729725013096,0.0063295312892160975
3210,2022-12-06,105.58000183105469,1769.300048828125,22.12299919128418,3.513000011444092,22.170000076293945,0.0010744618189316108,-0.0034294612390245297,0.011019652371885104,0.020400175205458906,0.002679262033999936,0.0029593147078851197
3211,2022-12-07,105.0999984741211,1785.5,22.709999084472656,3.4079999923706055,22.68000030517578,0.009114472318120768,0.026187561031207687,0.01110816876775736,0.02102016238421494,0.002999533387058084,0.003959610517828543
3212,2022-12-08,104.7699966430664,1788.699951171875,23.062999725341797,3.490999937057495,22.290000915527344,0.0017905836665891154,0.015424274069870219,0.010313177954593395,0.020512804284521593,0.0020842094642875113,0.0033927156277848876
3213,2022-12-09,104.80999755859375,1798.0999755859375,23.53499984741211,3.566999912261963,22.829999923706055,0.005241466558799575,0.020259078496165032,0.010306944203866544,0.020642919141416267,0.002389462105584683,0.0047559752864160375
3214,2022-12-12,105.12999725341797,1780.5,23.219999313354492,3.6110000610351562,25.0,-0.009836314542059353,-0.013474721671211684,0.009453824313628345,0.020788099078980857,0.000814618763049498,0.0032743882844720866
3215,2022-12-13,103.9800033569336,1813.9000244140625,23.801000595092773,3.500999927520752,22.549999237060547,0.01858501310552256,0.02471367490586922,0.010082128557271483,0.021269523371939453,0.0012743873647356955,0.004519378379090874
3216,2022-12-14,103.7699966430664,1807.5,23.945999145507812,3.503000020980835,21.139999389648438,-0.0035345617904352757,0.0060736380062031,0.01010958473523331,0.020962432621232978,0.0009015861664798356,0.0038374166854545115
3217,2022-12-15,104.55999755859375,1777.199951171875,23.128000259399414,3.450000047683716,22.829999923706055,-0.0169056104459163,-0.034757243680659,0.010832258327942292,0.021577097287534805,9.11856722494693e-05,0.0034779794264315567
3218,2022-12-16,104.69999694824219,1790.0,23.150999069213867,3.4820001125335693,22.6200008392334,0.007176555247797316,0.0009939200087054397,0.010940507754804946,0.021572010074269125,0.0004544091790758484,0.003514237384753876
3219,2022-12-19,104.72000122070312,1787.699951171875,23.02899932861328,3.5810000896453857,22.420000076293945,-0.0012857697271356746,-0.005283673826656105,0.010819569660262079,0.020617137310533266,0.0007219795792745487,0.00449414211312968
3220,2022-12-20,103.97000122070312,1815.9000244140625,24.0939998626709,3.684000015258789,21.479999542236328,0.015651375902693578,0.04520857903302778,0.011203104585679887,0.022420677003806812,0.0017085856587057036,0.00659923438692567
3221,2022-12-21,104.16000366210938,1815.9000244140625,24.03499984741211,3.684000015258789,20.06999969482422,0.0,-0.002451746147585476,0.010975940712881192,0.022332093803355095,0.0021043556729748005,0.006771669756632066
3222,2022-12-22,104.43000030517578,1787.0,23.47599983215332,3.6689999103546143,21.969999313354492,-0.016042989850930472,-0.023532479450979193,0.01166870739384029,0.023279443880560975,0.0013157420924928196,0.005230400980344812
3223,2022-12-23,104.30999755859375,1795.9000244140625,23.763999938964844,3.750999927520752,20.8700008392334,0.004968066459595485,0.012193212378733375,0.01168402321180556,0.023223382012022,0.0013718591058652816,0.005085345557267136
3224,2022-12-27,104.18000030517578,1814.800048828125,24.040000915527344,3.859999895095825,21.649999618530273,0.010468993076297851,0.01154731982539849,0.01183171068709382,0.023260800759787856,0.0016416924461890158,0.005483843756020924
3225,2022-12-28,104.45999908447266,1807.9000244140625,23.663000106811523,3.88700008392334,22.139999389648438,-0.0038093315032526956,-0.01580649644372974,0.011713694944389593,0.02278398016877209,0.001820161685752396,0.005889768817314219
3226,2022-12-29,103.83999633789062,1819.5,24.077999114990234,3.8350000381469727,21.440000534057617,0.0063957738601456895,0.017385872450107413,0.011739649829002241,0.022856761157373912,0.0018981257190188337,0.006052793253483483
3227,2022-12-30,103.5199966430664,1819.699951171875,23.86199951171875,3.878999948501587,21.670000076293945,0.0001098874339190406,-0.009011308765988294,0.0117234297480363,0.02295936004320057,0.0019687699088850466,0.004852925421160098
3228,2023-01-03,104.5199966430664,1839.699951171875,24.05900001525879,3.7929999828338623,22.899999618530273,0.010930862804251935,0.008221932566338118,0.009906798008614024,0.0206233498122322,0.0010097577382122914,0.0029011166789475787
3229,2023-01-04,104.25,1852.800048828125,23.79199981689453,3.7090001106262207,22.010000228881836,0.007095546441984838,-0.011159765535528691,0.009949779790013921,0.020554829933810234,0.001485320576826032,0.001533540518146229
3230,2023-01-05,105.04000091552734,1834.800048828125,23.257999420166016,3.7200000286102295,22.459999084472656,-0.009762524397120638,-0.022700248081371922,0.009484204991415212,0.0194101063798169,0.0017821884017999497,0.002219138948994823
3231,2023-01-06,103.87999725341797,1864.199951171875,23.82200050354004,3.569000005722046,21.1299991607666,0.01589647009927115,0.02396041065598128,0.009968082656289982,0.019924980242556144,0.0024879983199113565,0.0035234185630427187
3232,2023-01-09,103.0,1872.699951171875,23.711999893188477,3.5169999599456787,21.969999313354492,0.004549233258291233,-0.004628299987172659,0.009865595574242814,0.01929723301909219,0.0022706059837289978,0.0020559966097865117
3233,2023-01-10,103.23999786376953,1871.5999755859375,23.506999969482422,3.621000051498413,20.579999923706055,-0.0005875467452382744,-0.00868299677199429,0.009885010942232382,0.01917890099899985,0.002157361678403884,0.0009080313316024877
3234,2023-01-11,103.19000244140625,1874.5999755859375,23.32699966430664,3.553999900817871,21.09000015258789,0.0016016233411999265,-0.007686774261492892,0.009860109253360139,0.01873342393571477,0.0019840358108991385,-0.0004227235616193183
3235,2023-01-12,102.25,1895.5,23.863000869750977,3.4489998817443848,18.829999923706055,0.01108736566761589,0.022717705083103695,0.009661100827522083,0.019133181168438713,0.0029804015351693885,0.0013007253314433187
3236,2023-01-13,102.19999694824219,1918.4000244140625,24.231000900268555,3.510999917984009,18.350000381469727,0.012008862043122856,0.01530366362309661,0.009226828433527826,0.018661821882133053,0.0026672514845789263,0.0008526295560731944
3237,2023-01-17,102.38999938964844,1907.199951171875,23.944000244140625,3.5350000858306885,19.360000610351562,-0.005855345730477272,-0.011915061535139595,0.009318269571713689,0.01882235070398861,0.0025567379636245455,-3.975183990743418e-06
3238,2023-01-18,102.36000061035156,1904.4000244140625,23.530000686645508,3.375,20.34000015258789,-0.0014691611288529948,-0.017441548825739995,0.00825433509894907,0.017560779094554686,0.003291806978722798,0.0008205817138625425
3239,2023-01-19,102.05999755859375,1922.0999755859375,23.753999710083008,3.3970000743865967,20.520000457763672,0.00925131447113823,0.00947469322609755,0.00831534856987462,0.01766218831119356,0.0033906050369771268,0.0012244280575478815
3240,2023-01-20,102.01000213623047,1926.4000244140625,23.829999923706055,3.4839999675750732,19.850000381469727,0.002234663176594187,0.0031943627619855537,0.008251599824391956,0.01760278451289561,0.0035582446990595016,0.0016281440855784365
3241,2023-01-23,102.13999938964844,1927.0999755859375,23.45199966430664,3.5250000953674316,19.809999465942383,0.0003632807471507761,-0.015989523121150876,0.00779298454713242,0.014882783871962738,0.002830240167843177,-0.0012860512550967376
3242,2023-01-24,101.91999816894531,1933.9000244140625,23.64900016784668,3.4690001010894775,19.200000762939453,0.0035224324574504432,0.008365073055384616,0.007766885472997643,0.015026907320750366,0.002997975046769389,-0.0007709646263838759
3243,2023-01-25,101.63999938964844,1941.199951171875,23.839000701904297,3.4619998931884766,19.079999923706055,0.003767611384967313,0.008002086608890022,0.006425868140526223,0.014190991840458942,0.0039413370103835695,0.000730681376467039
3244,2023-01-26,101.83999633789062,1929.0999755859375,23.93000030517578,3.493000030517578,18.729999542236328,-0.0062527531393145016,0.0038099902209531716,0.006792294775186952,0.01396859141640714,0.0034070122675783315,0.00033148032133464833
3245,2023-01-27,101.93000030517578,1928.5999755859375,23.527000427246094,3.5179998874664307,18.510000228881836,-0.00025922182084070467,-0.01698419871503318,0.0066362428026510425,0.014208631951778145,0.002896144891524115,-0.0010271634186859073
3246,2023-01-30,102.27999877929688,1922.9000244140625,23.645000457763672,3.5510001182556152,19.940000534057617,-0.0029598625643060456,0.005002979497587616,0.006595791910649952,0.013847414374750707,0.002936595793378717,-3.623599290889048e-05
3247,2023-01-31,102.0999984741211,1929.5,23.74799919128418,3.5290000438690186,19.399999618530273,0.0034264261246514465,0.004346586898678545,0.006549593808199148,0.013309020699181835,0.0027951982821647057,-0.0006571543525007414
3248,2023-02-01,101.22000122070312,1927.800048828125,23.520999908447266,3.3970000743865967,17.8700008392334,-0.000881420299387641,-0.009604647113344415,0.006573444363801771,0.013328258711965095,0.002747993152007245,-0.0006854085595176995
3249,2023-02-02,101.75,1916.300048828125,23.534000396728516,3.3959999084472656,18.729999542236328,-0.005983212723418652,0.0005525656583878591,0.006556885220330183,0.013176191684895928,0.001942560984022931,-0.0010506165075153309
3250,2023-02-03,102.91999816894531,1862.9000244140625,22.333999633789062,3.5320000648498535,18.329999923706055,-0.02826184255379748,-0.05233603627282669,0.009181712524301269,0.017203927660390944,0.0002588757937475829,-0.0030113913045295214
3251,2023-02-06,103.62000274658203,1866.199951171875,22.177000045776367,3.634000062942505,19.43000030517578,0.0017698252343863036,-0.007054446776556029,0.008892688863822816,0.01663812044113669,0.0008080353000098182,-0.002266353147157336
3252,2023-02-07,103.43000030517578,1871.699951171875,22.117000579833984,3.6740000247955322,18.65999984741211,0.0029428310618131773,-0.002709148046779756,0.008217373274709167,0.015516159616507291,0.00019119534584515277,-0.003536332133003099
3253,2023-02-08,103.41000366210938,1877.4000244140625,22.367000579833984,3.6530001163482666,19.6299991607666,0.003040771209810025,0.011240114448520447,0.008183897921361278,0.01584327045674899,0.00011936381972700003,-0.0027806933503510467
3254,2023-02-09,103.22000122070312,1866.199951171875,22.097000122070312,3.683000087738037,20.709999084472656,-0.005983602271623308,-0.01214482602450834,0.008291211107936831,0.01592555099712395,-0.00013759120533895396,-0.0029455423623755256
3255,2023-02-10,103.62999725341797,1862.800048828125,22.034000396728516,3.74399995803833,20.530000686645508,-0.0018234933150134012,-0.0028551253041003088,0.008288975787661416,0.015888487542735544,-0.00030069199849196956,-0.002715463840594926
3256,2023-02-13,103.3499984741211,1851.9000244140625,21.81800079345703,3.7170000076293945,20.34000015258789,-0.005868606069231897,-0.009851379380512988,0.007942812753190968,0.014836516197921666,-0.00110811922405615,-0.004266372624576673
3257,2023-02-14,103.2300033569336,1854.0,21.841999053955078,3.760999917984009,18.90999984741211,0.0011333148745895825,0.0010993249197790347,0.007379370077272903,0.014210279511656468,-0.0016260024225577343,-0.0049427697056870345
3258,2023-02-15,103.91999816894531,1834.199951171875,21.54599952697754,3.809000015258789,18.229999542236328,-0.0107370746218953,-0.013644515944499553,0.007593061055462046,0.014257640023980948,-0.00185846570310145,-0.005025124677561317
3259,2023-02-16,103.86000061035156,1842.0,21.68400001525879,3.8429999351501465,20.170000076293945,0.004243545311346955,0.006384499583853171,0.007709151885522731,0.014167895943862157,-0.0015864320630919286,-0.0038905509437711663
3260,2023-02-17,103.86000061035156,1840.4000244140625,21.694000244140625,3.828000068664551,20.020000457763672,-0.0008689852683103383,0.00046107377007684696,0.007303428204472911,0.013876281147956486,-0.002068351098303765,-0.00431977091786739
3261,2023-02-21,104.18000030517578,1833.0,21.868999481201172,3.9549999237060547,22.8700008392334,-0.004028983707236791,0.00803434931130365,0.0072465894325325145,0.014046476698907406,-0.002366619997533812,-0.004089295367899862
3262,2023-02-22,104.58999633789062,1832.0,21.660999298095703,3.9230000972747803,22.290000915527344,-0.000545702605629464,-0.009556709028378272,0.007232168433025544,0.013842645730095632,-0.0024099049190947756,-0.003782970887291643
3263,2023-02-23,104.5999984741211,1818.0,21.298999786376953,3.878999948501587,21.139999389648438,-0.0076712704966514795,-0.016853262928041388,0.007185429449559585,0.01382995002920446,-0.002942938393099629,-0.004983844029359548
3264,2023-02-24,105.20999908447266,1808.800048828125,20.805999755859375,3.9489998817443848,21.670000076293945,-0.005073326778902653,-0.023418718312183114,0.0070299110766362215,0.014052664939549164,-0.0033639354485220084,-0.006480072835124935
3265,2023-02-27,104.66999816894531,1817.0,20.670000076293945,3.921999931335449,20.950000762939453,0.004523120437649741,-0.006558017529834096,0.007199735690030699,0.013853789514740034,-0.002850798611523711,-0.00697378748992433
3266,2023-02-28,104.87000274658203,1828.9000244140625,20.961000442504883,3.9159998893737793,20.700000762939453,0.006527917163400628,0.013980211964566013,0.007469184479751634,0.014373159963579504,-0.0025276015170360286,-0.005499291743276747
3267,2023-03-01,104.4800033569336,1837.699951171875,20.958999633789062,3.99399995803833,20.579999923706055,0.004800056571569328,-9.545843099704883e-05,0.007636801078665047,0.014229231263843366,-0.0021580815581848205,-0.00574207450178078
3268,2023-03-02,105.02999877929688,1833.5,20.766000747680664,4.072999954223633,19.59000015258789,-0.0022880546197603423,-0.0092510610319913,0.0075289101715356474,0.01405551096899997,-0.0024301996888710957,-0.006389581546098391
3269,2023-03-03,104.5199966430664,1847.699951171875,21.093000411987305,3.9639999866485596,18.489999771118164,0.007714887423290701,0.015624181530776498,0.007844408712825266,0.01482414864650753,-0.002020851702076889,-0.005188208753521205
3270,2023-03-06,104.3499984741211,1847.9000244140625,20.983999252319336,3.9830000400543213,18.610000610351562,0.00010827646049621364,-0.005181044483494941,0.007803079132989485,0.014765814877950626,-0.0017307807885571336,-0.005461237807896577
3271,2023-03-07,105.62000274658203,1813.9000244140625,20.054000854492188,3.9749999046325684,19.59000015258789,-0.0185706355718125,-0.0453315292222871,0.006296713400836935,0.013694237560992152,-0.0012692947417959441,-0.005127689853108978
3272,2023-03-08,105.66000366210938,1812.699951171875,20.0049991607666,3.9760000705718994,19.110000610351562,-0.0006618172911648265,-0.002446477353280922,0.006260284361348474,0.013698737610317556,-0.0013850872430126646,-0.004908262737714925
3273,2023-03-09,105.30999755859375,1829.300048828125,20.024999618530273,3.924999952316284,22.610000610351562,0.009115987157307687,0.0009992735467330557,0.006608896400264716,0.013752302072937485,-0.0010911274289414972,-0.004731671233261934
3274,2023-03-10,104.58000183105469,1862.0,20.375,3.694999933242798,24.799999237060547,0.017717772147514535,0.01732718522217796,0.007745949015465185,0.014163769016236491,-0.00039222262238413984,-0.0044418107202306234
3275,2023-03-13,103.5999984741211,1911.699951171875,21.792999267578125,3.515000104904175,26.520000457763672,0.026341694156230083,0.06728012457862191,0.009575163130868519,0.020972065099036163,0.0011470772075136406,-0.0006596702153196594
3276,2023-03-14,103.5999984741211,1906.199951171875,21.929000854492188,3.638000011444092,23.729999542236328,-0.0028811671051432153,0.006221217015658931,0.009594332109336386,0.02101803275730229,0.0010967117889360304,-0.00022746343818826672
3277,2023-03-15,104.6500015258789,1926.5999755859375,21.77400016784668,3.492000102996826,26.139999389648438,0.010645072763326822,-0.0070933955536361185,0.009671333742003234,0.020963436111959846,0.001883077447629303,-9.613087500365389e-05
3278,2023-03-16,104.41999816894531,1919.0,21.58799934387207,3.5850000381469727,22.989999771118164,-0.003952561643726087,-0.008579030804353153,0.009754370163476406,0.021042080512330415,0.0016408928515190327,-0.0005570049571051866
3279,2023-03-17,103.70999908447266,1969.800048828125,22.35099983215332,3.3949999809265137,25.510000228881836,0.026127822516268665,0.03473348091515795,0.0106879257172205,0.022156341552428918,0.0033963641438125546,0.0017467091790689798
3280,2023-03-20,103.27999877929688,1979.199951171875,22.533000946044922,3.4809999465942383,24.149999618530273,0.004760658443617601,0.00810988807847109,0.01069057054633586,0.02217758846827691,0.0034209885786825856,0.0018288705359555475
3281,2023-03-21,103.26000213623047,1938.0,22.323999404907227,3.6059999465942383,21.3799991607666,-0.021036184516874452,-0.009318637087745324,0.011929266505775896,0.022310031653036393,0.00246064575732239,0.0013631700189163964
3282,2023-03-22,102.3499984741211,1946.800048828125,22.674999237060547,3.5,22.260000228881836,0.004530510589810312,0.01560065608537496,0.011842356670786739,0.022483577874484014,0.0028682407238484423,0.0017234703414912209
3283,2023-03-23,102.52999877929688,1993.800048828125,23.143999099731445,3.4059998989105225,22.610000610351562,0.023855366038062705,0.020472566420784745,0.012659541245027292,0.022684323673105498,0.00403019637354807,0.0031534358390704117
3284,2023-03-24,103.12000274658203,1982.0999755859375,23.246999740600586,3.380000114440918,21.739999771118164,-0.005885513691905922,0.0044405515162579635,0.012582775560651615,0.02221639905749593,0.004115232411869287,0.004167427003084667
3285,2023-03-27,102.86000061035156,1952.4000244140625,23.054000854492188,3.5280001163482666,20.600000381469727,-0.015097478869044783,-0.00833675304788632,0.013127144656067156,0.021512665046620662,0.003637891836148233,0.004885615825194038
3286,2023-03-28,102.43000030517578,1972.4000244140625,23.323999404907227,3.563999891281128,19.969999313354492,0.01019169021018235,0.011643520602094889,0.013204311894419663,0.021394896215254117,0.003907823730078357,0.005752355736238275
3287,2023-03-29,102.63999938964844,1966.0999755859375,23.375999450683594,3.565999984741211,19.1200008392334,-0.0031992150318794522,0.00222698366345414,0.013278208814145372,0.02132250488742654,0.003444626958874544,0.005192678198090091
3288,2023-03-30,102.13999938964844,1980.300048828125,23.902000427246094,3.5510001182556152,19.020000457763672,0.007196500323830662,0.022252323810417272,0.013300718922473254,0.02160123763538323,0.003558743328029846,0.006256858304824107
3289,2023-03-31,102.51000213623047,1969.0,24.076000213623047,3.49399995803833,18.700000762939453,-0.005722573380642285,0.007253347238788308,0.01339697458432859,0.02130703588221736,0.0033951948156068956,0.007042782508194563
3290,2023-04-03,102.08999633789062,1983.9000244140625,23.94099998474121,3.430000066757202,18.549999237060547,0.007538817015696076,-0.005623032843895042,0.01339419080188702,0.021383499119748274,0.0033868105104833423,0.006031010395114967
3291,2023-04-04,101.58999633789062,2022.199951171875,25.02199935913086,3.3369998931884766,19.0,0.01912138685643545,0.04416294256848885,0.013798008631805908,0.022756834718270152,0.004292196719813782,0.008380724064257052
3292,2023-04-05,101.8499984741211,2020.9000244140625,24.96299934387207,3.2869999408721924,19.079999923706055,-0.0006430347062673179,-0.0023607099805963857,0.0128336346072994,0.01936480650906745,0.005145891999125457,0.01042695355195661
3293,2023-04-06,101.81999969482422,2011.9000244140625,25.024999618530273,3.2880001068115234,18.399999618530273,-0.004463407474970126,0.0024806076553540043,0.01294597331063343,0.019230415758079305,0.004964863895134728,0.010661576647605892
3294,2023-04-10,102.58000183105469,1989.0999755859375,24.84600067138672,3.4149999618530273,18.969999313354492,-0.011397298492928634,-0.007178509144330005,0.013383600377048641,0.019516533742977286,0.003988040768933,0.010272158424221937
3295,2023-04-11,102.19999694824219,2004.800048828125,25.131000518798828,3.434000015258789,19.100000381469727,0.007862066660321815,0.011405363670152952,0.013046632249438486,0.01945217550104369,0.0035187214600190604,0.009990166921744556
3296,2023-04-12,101.5,2010.9000244140625,25.40399932861328,3.4210000038146973,19.09000015258789,0.0030380656754726365,0.010804451028780478,0.011953608767172686,0.014377735237645113,0.002409024865697277,0.0073008491336568684
3297,2023-04-13,101.01000213623047,2041.300048828125,25.874000549316406,3.4519999027252197,17.799999237060547,0.015004488526765062,0.01833200921380793,0.01219262410190686,0.014573815477506902,0.003260722752931005,0.007877553524044916
3298,2023-04-14,101.55000305175781,2002.199951171875,25.423999786376953,3.5220000743865967,17.06999969482422,-0.01934033210150383,-0.017545023334206763,0.013012811480711007,0.015272357889455973,0.0018328463307962116,0.007379856963065361
3299,2023-04-17,102.0999984741211,1994.199951171875,25.05299949645996,3.5910000801086426,16.950000762939453,-0.004003608688523414,-0.014700040651733082,0.01301395095719514,0.015646005813748476,0.0018304155191391958,0.007088380303666317
3300,2023-04-18,101.75,2007.4000244140625,25.24799919128418,3.572000026702881,16.829999923706055,0.006597421632108531,0.007753351892366626,0.01183523363768191,0.014313415647833509,0.0009003964294172849,0.005803612254961969
3301,2023-04-19,101.97000122070312,1995.199951171875,25.365999221801758,3.6019999980926514,16.459999084472656,-0.006096093088757149,0.004662751333868365,0.011895149296756594,0.014305408348417247,0.00038340826120896343,0.0056394628861713625
3302,2023-04-20,101.83999633789062,2007.5999755859375,25.368000030517578,3.5450000762939453,17.170000076293945,0.006195695166983959,7.887447259596853e-05,0.010884764930834085,0.013956833733655903,0.0016801644366307926,0.006086963436663805
3303,2023-04-21,101.81999969482422,1979.5,25.05299949645996,3.569999933242798,16.770000457763672,-0.014095679073773076,-0.012494977698831093,0.011388139017784363,0.01434059544379872,0.0007932030240792025,0.004749076113606374
3304,2023-04-24,101.3499984741211,1989.0999755859375,25.305999755859375,3.515000104904175,16.889999389648438,0.004837975290905525,0.010047951379322668,0.01015152467861664,0.013944046399163218,-0.00011238701149971083,0.004252665873536751
3305,2023-04-25,101.86000061035156,1994.0,24.87700080871582,3.3959999084472656,18.760000228881836,0.002460408684692786,-0.017097797788319987,0.010077307365759139,0.014701097063895559,0.0002850378635764181,0.0032270301923663725
3306,2023-04-26,101.47000122070312,1985.699951171875,24.871000289916992,3.431999921798706,18.84000015258789,-0.004171199318677286,-0.00024123658018062132,0.009509452589567563,0.014487291087834472,0.0008053368897843941,0.0036125309765428345
3307,2023-04-27,101.5,1989.9000244140625,24.982999801635742,3.5280001163482666,17.030000686645508,0.0021129262655032468,0.004493107872334915,0.00927117038807825,0.014372675458586878,0.00042063384479967494,0.00327203513226855
3308,2023-04-28,101.66999816894531,1990.0999755859375,24.999000549316406,3.4519999027252197,15.779999732971191,0.00010047797590101929,0.000640260418347243,0.009234643269331483,0.01438261139761902,0.0005777620832654117,0.003196476882501555
3309,2023-05-01,102.1500015258789,1983.4000244140625,25.009000778198242,3.5739998817443848,16.079999923706055,-0.003372320383288464,0.0003999451587614697,0.009143437908103593,0.013709752267907655,7.448490673592946e-05,0.0021558874228988978
3310,2023-05-02,101.95999908447266,2014.300048828125,25.40399932861328,3.438999891281128,17.780000686645508,0.015459208663897123,0.015670824311866238,0.009627481078239094,0.013986496293358346,0.0010831411945711393,0.002556719664474037
3311,2023-05-03,101.33999633789062,2028.5999755859375,25.47599983215332,3.4030001163482666,18.34000015258789,0.007074123181844181,0.002830210408353765,0.00961242339430375,0.013860384712873208,0.0010610129167686682,0.002959255057438266
3312,2023-05-04,101.4000015258789,2048.0,26.03499984741211,3.3510000705718994,20.09000015258789,0.009517819252434986,0.02170495483329123,0.008913255025358308,0.011117206219933597,0.000603700173721027,0.0018898270700479034
3313,2023-05-05,101.20999908447266,2017.4000244140625,25.743000030517578,3.446000099182129,17.190000534057617,-0.015054141436917398,-0.011279034075422483,0.009546325039794287,0.011452968760931619,-8.254300392897684e-05,0.0014651449702942794
3314,2023-05-08,101.37000274658203,2026.300048828125,25.63599967956543,3.5209999084472656,16.979999542236328,0.00440192824598679,-0.004165145535982329,0.009538926470802183,0.011515154647140343,0.00033961583992611437,0.001148680532611597
3315,2023-05-09,101.63999938964844,2036.199951171875,25.697999954223633,3.5209999084472656,17.709999084472656,0.004873807724603167,0.002415564937386548,0.00919243986093616,0.011357498589064628,0.0011144304217133429,0.001605541203169528
3316,2023-05-10,101.4800033569336,2030.5,25.461000442504883,3.438999891281128,16.940000534057617,-0.002803233566718523,-0.009265279044605907,0.0090951083195267,0.011361441910081847,0.0006065589823304698,0.0006212248834191062
3317,2023-05-11,102.05999755859375,2014.699951171875,24.2549991607666,3.3970000743865967,16.93000030517578,-0.007811791440417504,-0.048525139938612204,0.00925680998031306,0.015371556949519584,8.989911966903445e-05,-0.0022039937340757832
3318,2023-05-12,102.68000030517578,2014.5,23.992000579833984,3.4630000591278076,17.030000686645508,-9.925105453308255e-05,-0.010902281482237642,0.008603773658258932,0.014729105085125078,-0.0006293265746784962,-0.0035961028148398582
3319,2023-05-15,102.43000030517578,2018.0,24.12700080871582,3.507999897003174,17.1200008392334,0.0017358962821522753,0.00561111324791682,0.007466050633092823,0.014497581739035802,0.00037430334835274697,-0.002493429644262545
3320,2023-05-16,102.55999755859375,1988.4000244140625,23.73699951171875,3.5490000247955322,17.989999771118164,-0.014776614414791786,-0.016296587234085284,0.008123102490754087,0.01456880563681787,-0.00013869692432669933,-0.002569455671993602
3321,2023-05-17,102.87999725341797,1980.699951171875,23.75200080871582,3.5810000896453857,16.8700008392334,-0.003880014587498261,0.0006317798814387328,0.008009652257410111,0.01439839300336473,-0.0006376224585936894,-0.002908578148704454
3322,2023-05-18,103.58000183105469,1956.5,23.4950008392334,3.6480000019073486,16.049999237060547,-0.012293130260797066,-0.010879103235345518,0.008328618790263002,0.014389190937442814,-0.0009327194667860664,-0.003648666461524163
3323,2023-05-19,103.19999694824219,1978.699951171875,23.920000076293945,3.691999912261963,16.809999465942383,0.011282876071055622,0.01792726399753942,0.008615369827778377,0.015128504169491814,-0.0006904727570683682,-0.0027987431508125697
3324,2023-05-22,103.19999694824219,1974.800048828125,23.71500015258789,3.7190001010894775,17.209999084472656,-0.001972886611210169,-0.008607166508196908,0.00806051728857464,0.015027364739198596,-0.00011319692551775353,-0.002613609284591894
3325,2023-05-23,103.48999786376953,1972.4000244140625,23.474000930786133,3.697999954223633,18.530000686645508,-0.001216064382496189,-0.01021430043405838,0.00798246730312841,0.014822851929103095,-0.0004014845290130732,-0.0035784784185624204
3326,2023-05-24,103.88999938964844,1962.800048828125,23.114999771118164,3.7190001010894775,20.030000686645508,-0.004879037635297988,-0.015411717791408036,0.008011518633303608,0.014750350791618584,-0.0007509819728221577,-0.0034981888948999464
3327,2023-05-25,104.20999908447266,1943.0999755859375,22.785999298095703,3.813999891281128,19.139999389648438,-0.010087426800028507,-0.014335466066581445,0.008238607836484741,0.014914483585032633,-0.0010327070909817398,-0.004169342679966652
3328,2023-05-26,104.20999908447266,1944.0999755859375,23.239999771118164,3.809999942779541,17.950000762939453,0.0005145091760760677,0.019728640663361954,0.008215443953176159,0.01570646135773629,-0.001108822190478272,-0.0034438411184891738
3329,2023-05-30,104.16999816894531,1958.0,23.125,3.700000047683716,17.459999084472656,0.00712441162188973,-0.004960638736605484,0.008407867751986375,0.01568117588762281,-0.000774349159716905,-0.003710550602058352
3330,2023-05-31,104.31999969482422,1963.9000244140625,23.474000930786133,3.63700008392334,17.940000534057617,0.0030087604621398334,0.014979181931233088,0.008424572111005174,0.01618683700602349,-0.00047048816707746213,-0.0030163012319406554
3331,2023-06-01,103.55999755859375,1978.0,23.875,3.6080000400543213,15.649999618530273,0.007153928630061794,0.016938421037071886,0.00781204244798117,0.01626219482508392,-0.0008659776924981921,-0.0029559394831213393
3332,2023-06-02,104.0199966430664,1952.4000244140625,23.64299964904785,3.690999984741211,14.600000381469727,-0.013026835665023308,-0.009764813170979696,0.008019230018945632,0.016270382311789483,-0.0018231662090156915,-0.0035557025107086464
3333,2023-06-05,104.0,1958.0,23.534000396728516,3.693000078201294,14.729999542236328,0.0028641465728216076,-0.004620872296402563,0.007672697673592538,0.01520614718959934,-0.002140007765187757,-0.004809313326408351
3334,2023-06-06,104.12999725341797,1965.5,23.573999404907227,3.6989998817443848,13.960000038146973,0.003823121771459306,0.001698183661359424,0.007173634918206657,0.01519376358964259,-0.0012410904695507713,-0.004191350577037785
3335,2023-06-07,104.0999984741211,1942.699951171875,23.43899917602539,3.7839999198913574,13.9399995803833,-0.011667932951336448,-0.0057431180320549466,0.00739526530610342,0.015197529017235159,-0.002006321955137592,-0.004266492124469813
3336,2023-06-08,103.33999633789062,1963.5999755859375,24.263999938964844,3.7139999866485596,13.649999618530273,0.010700777840001093,0.03459250134210239,0.007766325844855101,0.017371480393085177,-0.001728847187737691,-0.0027342570575785824
3337,2023-06-09,103.55999755859375,1962.199951171875,24.333999633789062,3.744999885559082,13.829999923706055,-0.0007132429056668153,0.002880766445086372,0.007765260734942174,0.017345339134791856,-0.001629323822925705,-0.002155873939021808
3338,2023-06-12,103.62999725341797,1955.300048828125,23.985000610351562,3.765000104904175,15.010000228881836,-0.003522608540493114,-0.014445873914658404,0.0076500688065886035,0.014076303625067075,-0.0014250770181674006,-0.00053305174740496
3339,2023-06-13,103.33999633789062,1944.5999755859375,23.756000518798828,3.8389999866485596,14.609999656677246,-0.005487371483662416,-0.009593508408988939,0.007693611012048124,0.014030922739575341,-0.0016816541814592735,-0.0004707292201074027
3340,2023-06-14,103.01000213623047,1955.300048828125,24.04400062561035,3.7960000038146973,13.880000114440918,0.005487371483662365,0.012050359204053344,0.00781945687401481,0.014239294636881185,-0.0015030125051968882,-0.00016409846029137777
3341,2023-06-15,102.12000274658203,1957.800048828125,23.891000747680664,3.7279999256134033,14.5,0.0012777594632126471,-0.0063836609209334625,0.0072185484301458235,0.013836359094434909,-0.0007385185110062012,0.00030794564985870895
3342,2023-06-16,102.30000305175781,1958.4000244140625,24.076000213623047,3.7690000534057617,13.539999961853027,0.0003064070167053769,0.007713652283009814,0.007185183098243644,0.01393062821232524,-0.0005391651012822184,0.0006451776689811413
3343,2023-06-20,102.54000091552734,1935.5,23.19300079345703,3.7290000915527344,13.880000114440918,-0.011762134766634989,-0.03736495934088398,0.007142559232367772,0.01606207446708927,-0.0005138796015602147,-0.0006160535741397376
3344,2023-06-21,102.06999969482422,1933.300048828125,22.77400016784668,3.7230000495910645,13.199999809265137,-0.0011372784228845022,-0.018231001458988982,0.006611363338397522,0.015912225462284983,-0.0011053155298430778,-0.0023378757387363283
3345,2023-06-22,102.38999938964844,1912.699951171875,22.43600082397461,3.7990000247955322,12.90999984741211,-0.01071258172670636,-0.014952693386866816,0.006935820560885447,0.016096413553907448,-0.001521491487723849,-0.0026400436853396573
3346,2023-06-23,102.9000015258789,1919.0999755859375,22.327999114990234,3.739000082015991,13.4399995803833,0.003340482534468814,-0.004825391774395566,0.007016655080450217,0.016012360996702613,-0.0013045130631064677,-0.0023834289872604756
3347,2023-06-26,102.69000244140625,1923.699951171875,22.80500030517578,3.7190001010894775,14.25,0.0023940761271535643,0.021138366948379922,0.0070108927580867205,0.016504299392750183,-0.0009581743125135366,-0.0006429487615562871
3348,2023-06-27,102.48999786376953,1914.0,22.93899917602539,3.7679998874664307,13.739999771118164,-0.00505509651683476,0.005858659306108646,0.006764938819155041,0.016253006906504854,-0.0007185395371233581,0.0003186762561908601
3349,2023-06-28,102.91000366210938,1912.300048828125,22.868000030517578,3.7100000381469727,13.430000305175781,-0.0008885614102553915,-0.003099928115505437,0.006759077968379327,0.01564181646737036,-0.000785352422186761,-0.00076839844756473
3350,2023-06-29,103.33999633789062,1909.199951171875,22.590999603271484,3.8540000915527344,13.539999961853027,-0.0016224510460784893,-0.012186975422502484,0.006512280119770231,0.015817159677972516,-0.0012018696920900094,-0.00111250971832173
3351,2023-06-30,102.91000366210938,1921.0999755859375,22.809999465942383,3.819000005722046,13.59000015258789,0.0062136453694543944,0.009647433569253088,0.006651944060129324,0.015587063470339366,-0.0010492561250750303,-0.0013664024974636348
3352,2023-07-03,102.98999786376953,1921.699951171875,22.895999908447266,3.8580000400543213,13.569999694824219,0.00031225960354315117,0.003763205932475039,0.0063925726723896735,0.015070021991733944,-0.0013750498882425847,-0.0019937936929206278
3353,2023-07-05,103.37000274658203,1919.5999755859375,23.19700050354004,3.944999933242798,14.180000305175781,-0.0010933672637802037,0.013060762857791362,0.00580875900352569,0.015302863020451436,-0.0008067894881833893,-0.0009068615010743865
3354,2023-07-06,103.16999816894531,1908.699951171875,22.68600082397461,4.040999889373779,15.4399995803833,-0.005694461811811971,-0.02227495121556032,0.0058384891357183165,0.015986732706043262,-0.001214342268404036,-0.0017475319257961844
3355,2023-07-07,102.2699966430664,1926.199951171875,23.091999053955078,4.050000190734863,14.829999923706055,0.009126768323334932,0.017738165772480902,0.006172447536246782,0.016533421354541247,-0.0009617876706956726,-0.000983723253838019
3356,2023-07-10,101.97000122070312,1925.0,23.150999069213867,4.00600004196167,15.069999694824219,-0.0006231570554215221,0.0025517397083946606,0.005664213923237441,0.016513103404300615,-0.0004358459613663906,-0.0005887300281023233
3357,2023-07-11,101.7300033569336,1931.300048828125,23.086000442504883,3.9800000190734863,14.84000015258789,0.0032674088391857186,-0.0028115435781746662,0.005141618930439263,0.01441223701014085,-0.0007898159137861703,-0.002369875024305993
3358,2023-07-12,100.5199966430664,1956.199951171875,24.118999481201172,3.8610000610351562,13.539999961853027,0.012810414334619996,0.0437734977593467,0.005937071202916609,0.017573081432177156,-0.0001458322356772745,-0.0004226021045793106
3359,2023-07-13,99.7699966430664,1959.199951171875,24.76799964904785,3.760999917984009,13.609999656677246,0.0015324108197861239,0.026552593117997784,0.005895648186906948,0.018203339243375565,9.488297195507009e-05,0.0015297058493566984
3360,2023-07-14,99.91000366210938,1960.0999755859375,25.013999938964844,3.819000005722046,13.34000015258789,0.00045927816023401885,0.009883182448938037,0.005755261221651181,0.01810417353502832,0.00037805676452156697,0.0024571673187817923
3361,2023-07-17,99.83999633789062,1952.4000244140625,24.8439998626709,3.796999931335449,13.479999542236328,-0.003936082358076451,-0.006819396517275104,0.0057041155845762,0.018072481415025553,-7.067913270409094e-05,0.0015586075225280567
3362,2023-07-18,99.94000244140625,1977.199951171875,25.083999633789062,3.7890000343322754,13.300000190734863,0.012622280219577665,0.009613908911990812,0.006339965059547823,0.018058118906763225,0.000469536141408529,0.0023203965621911176
3363,2023-07-19,100.27999877929688,1977.5,25.2189998626709,3.742000102996826,13.760000228881836,0.0001517429045972916,0.005367495153217485,0.006340253865032278,0.018030319817943518,0.0004621711836890963,0.0022086747941057684
3364,2023-07-20,100.87999725341797,1968.300048828125,24.80500030517578,3.8540000915527344,13.989999771118164,-0.004663169815610156,-0.016552415178601492,0.005824139719743472,0.016228259104748944,0.0008002171337378979,0.0031997483256430296
3365,2023-07-21,101.06999969482422,1964.300048828125,24.697999954223633,3.8369998931884766,13.600000381469727,-0.002034278228194697,-0.004322991213820371,0.005842320727797746,0.015580807684423313,0.0007575028572945553,0.003862034527793916
3366,2023-07-24,101.3499984741211,1960.300048828125,24.43600082397461,3.8570001125335693,13.90999984741211,-0.002038424953129538,-0.010664778334965565,0.005269372339887249,0.015348273735758604,0.0011705579417505944,0.004066220958836833
3367,2023-07-25,101.3499984741211,1962.0999755859375,24.68000030517578,3.9119999408721924,13.859999656677246,0.0009177681383586431,0.00993572289527332,0.0052459580866081375,0.015258447940312909,0.001055190589554872,0.004769131181202017
3368,2023-07-26,100.88999938964844,1968.9000244140625,24.825000762939453,3.8510000705718994,13.1899995803833,0.0034597077644024344,0.005858029261448681,0.005264677285888397,0.014796148113452631,0.0011059349532333898,0.004041496053252911
3369,2023-07-27,101.7699966430664,1945.4000244140625,24.236000061035156,4.01200008392334,14.40999984741211,-0.012007399562659367,-0.024012107062832685,0.0058567744029641815,0.015999584129281486,0.0007748729034322179,0.002619078607112848
3370,2023-07-28,101.62000274658203,1960.4000244140625,24.3700008392334,3.9690001010894775,13.329999923706055,0.007680922504028945,0.005513768473156253,0.006031026780471815,0.015955990890372394,0.0011829435660171863,0.0030292546351443567
3371,2023-07-31,101.86000061035156,1970.5,24.854000091552734,3.9590001106262207,13.630000114440918,0.005138771146053185,0.019665806993158022,0.0060542016415387956,0.01595117526919328,0.0015049065275472662,0.004546053797794857
3372,2023-08-01,102.30000305175781,1940.699951171875,24.20800018310547,4.051000118255615,13.930000305175781,-0.015238610077067491,-0.02633554445758319,0.006961774294249727,0.017255133940574686,0.0004833705539033668,0.002832578653659796
3373,2023-08-02,102.58999633789062,1937.4000244140625,23.753999710083008,4.078000068664551,16.09000015258789,-0.0017018269642495524,-0.018932239462768494,0.006978103850338479,0.017892884637809022,0.00038746166972276175,0.0017518431586481993
3374,2023-08-03,102.54000091552734,1932.0,23.586000442504883,4.189000129699707,15.920000076293945,-0.0027911448212779625,-0.007097590717958219,0.007005897845236215,0.0177963153341065,0.00030661511936572563,0.0007919215598029812
3375,2023-08-04,102.0199966430664,1939.5999755859375,23.617000579833984,4.059999942779541,17.100000381469727,0.0039260178715701454,0.0013134818174508024,0.006907720060279229,0.0169939287421845,0.0007647331995267788,0.0019151802756606539
3376,2023-08-07,102.05000305175781,1933.5,23.142000198364258,4.078000068664551,15.770000457763672,-0.0031499215966817747,-0.02031765922080711,0.006680403482913626,0.017249406478861282,0.00018012891762122135,0.00010299813312312922
3377,2023-08-08,102.52999877929688,1924.0999755859375,22.716999053955078,4.026000022888184,15.989999771118164,-0.004873518808943379,-0.01853565578947546,0.006769747541091614,0.017707439689993054,-2.2269261117914684e-05,-0.0009011635572516384
3378,2023-08-09,102.48999786376953,1915.4000244140625,22.649999618530273,4.01200008392334,15.960000038146973,-0.004531822404694159,-0.0029536661491704488,0.006794141414277929,0.01770823348150727,-0.00039366122511219463,-0.0009079312987276279
3379,2023-08-10,102.5199966430664,1914.4000244140625,22.746000289916992,4.079999923706055,15.850000381469727,-0.0005222204866973095,0.004229483420985414,0.006084452916044691,0.014538105617642957,-0.0010285485975558759,-0.0027909796005543557
3380,2023-08-11,102.83999633789062,1912.9000244140625,22.673999786376953,4.168000221252441,14.84000015258789,-0.0007838424255554935,-0.003170434334188932,0.0060566378303007805,0.012892167349290993,-0.0011388463711435718,-0.004206361860182294
3381,2023-08-14,103.19000244140625,1910.5999755859375,22.643999099731445,4.184000015258789,14.819999694824219,-0.0012031118637709465,-0.0013240077569839797,0.006045559391046122,0.0125059411485739,-0.001218007800858094,-0.004740037584273819
3382,2023-08-15,103.20999908447266,1902.5,22.594999313354492,4.2210001945495605,16.459999084472656,-0.0042485053218494105,-0.002166263942950154,0.00605296251819842,0.01250847877803103,-0.0012328850848472826,-0.0045184598426392985
3383,2023-08-16,103.41999816894531,1896.0999755859375,22.479999542236328,4.257999897003174,16.780000686645508,-0.0033696785716191323,-0.005102607811637225,0.005163279770298395,0.01208210468552196,-0.0019944069320471302,-0.005219246353288252
3384,2023-08-17,103.44000244140625,1884.0999755859375,22.670000076293945,4.308000087738037,17.889999389648438,-0.00634889183821112,0.008416463222514601,0.005222702565181266,0.012233061505727866,-0.002303960967418959,-0.005074057397607437
3385,2023-08-18,103.37999725341797,1886.0999755859375,22.69499969482422,4.250999927520752,17.299999237060547,0.0010609517869105895,0.0011021545767478894,0.005242751891866012,0.01200938525854806,-0.002031383748251305,-0.004233363599733657
3386,2023-08-21,103.33000183105469,1893.300048828125,23.304000854492188,4.3420000076293945,17.1299991607666,0.0038101719353384462,0.02648043386272246,0.005395489598487158,0.01375254999343221,-0.0017530765976068693,-0.0027665338341839978
3387,2023-08-22,103.55999755859375,1896.4000244140625,23.420000076293945,4.328000068664551,16.969999313354492,0.0016360008536025392,0.0049653051028895855,0.0054451246927223924,0.013726649962161093,-0.001578103940143437,-0.0020222441466670863
3388,2023-08-23,103.36000061035156,1918.5,24.363000869750977,4.197999954223633,15.979999542236328,0.011586265785144559,0.039475262240837465,0.006142634050620336,0.01628790472545476,-0.001070080242677441,-0.0006155994159259366
3389,2023-08-24,103.9800033569336,1918.199951171875,24.211000442504883,4.235000133514404,17.200000762939453,-0.0001564098483359136,-0.006258530048336469,0.006059423217316436,0.016261704406867628,-0.0012422763194745053,-0.0011925784306776102
3390,2023-08-25,104.08000183105469,1911.0999755859375,24.219999313354492,4.238999843597412,15.680000305175781,-0.0037082411186100178,0.00037161615488155296,0.0055733539609755045,0.01539848005059239,-0.000847078298329298,-3.144875364359905e-05
3391,2023-08-28,104.05999755859375,1917.9000244140625,24.238000869750977,4.211999893188477,15.079999923706055,0.0035518704503101632,0.0007429756554771033,0.005324742150458121,0.015347687488378555,-0.0010436998246968591,-0.0002586293640092729
3392,2023-08-29,103.55000305175781,1936.5,24.777000427246094,4.122000217437744,14.449999809265137,0.009651369784435556,0.021994135310275085,0.005666786802625572,0.015506409075106012,-0.0008288141752500795,-0.0001477565870036985
3393,2023-08-30,103.16000366210938,1944.300048828125,24.733999252319336,4.118000030517578,13.880000114440918,0.004019820260445598,-0.001737035649343444,0.004692841351200709,0.014312383402425254,8.825393606006754e-05,0.0010236009752934321
3394,2023-08-31,103.62000274658203,1938.199951171875,24.472000122070312,4.0929999351501465,13.569999694824219,-0.003142358107314131,-0.010649173254238429,0.0047306915339243635,0.01384131019755386,1.9657214961754267e-05,0.0014180326995091497
3395,2023-09-01,104.23999786376953,1939.800048828125,24.23200035095215,4.172999858856201,13.09000015258789,0.0008252180232353599,-0.00985552362882496,0.004688893271268054,0.013938888747110913,0.00019186496946238863,0.0012867025608964476
3396,2023-09-05,104.80999755859375,1926.199951171875,23.558000564575195,4.26800012588501,14.010000228881836,-0.007035775353867591,-0.028208598706019508,0.004859461599830631,0.015353048450748667,-0.00033012518412988453,-0.00011911079736404349
3397,2023-09-06,104.86000061035156,1918.0999755859375,23.20599937438965,4.289999961853027,14.449999809265137,-0.004214024777917077,-0.015054650535558297,0.004895747365119091,0.01504674700903276,-0.0003807967641887085,0.00013150866383828096
3398,2023-09-07,105.05999755859375,1917.5,22.950000762939453,4.260000228881836,14.399999618530273,-0.0003128457579778613,-0.011092869216259248,0.004786420622357948,0.014667954323242686,-0.00016362185699987428,0.00048592707208667185
3399,2023-09-08,105.08999633789062,1918.4000244140625,22.892000198364258,4.257999897003174,13.84000015258789,0.00046926375810114266,-0.0025304565380251994,0.004681478517480138,0.014663282238733782,7.452510313323533e-05,0.0005060799107126363
3400,2023-09-11,104.56999969482422,1923.300048828125,23.10300064086914,4.288000106811523,13.800000190734863,0.0025509680494884674,0.009174993752794956,0.004709839429571076,0.014765430206465641,0.0002208674143801771,0.0007415804027035668
3401,2023-09-12,104.70999908447266,1911.300048828125,23.12700080871582,4.263999938964844,14.229999542236328,-0.006258821711373876,0.0010382941488321288,0.004915288793333814,0.014738214390428212,-3.984588494450779e-05,0.0009419960447521889
3402,2023-09-13,104.7699966430664,1909.0999755859375,22.91200065612793,4.249000072479248,13.479999542236328,-0.001151750325271196,-0.009339981698601717,0.004914693767494429,0.014902724179876045,-3.740009739690063e-05,0.0005602829999132489
3403,2023-09-14,105.41000366210938,1910.0,22.74799919128418,4.288000106811523,12.819999694824219,0.0004713280283196849,-0.007183625521623996,0.004819485928917749,0.01498859410122428,0.0001873538716587706,0.0003213610199763994
3404,2023-09-15,105.31999969482422,1923.699951171875,23.125999450683594,4.322000026702881,13.789999961853027,0.00714714748905865,0.016480308060094873,0.004975280395277159,0.015334062054656273,0.0006881551126434269,0.0013491189186303088
3405,2023-09-18,105.19999694824219,1931.5,23.23200035095215,4.318999767303467,14.0,0.00404651357660179,0.004573151795222842,0.0047522674359089,0.015268288757116307,0.0011831744181107083,0.0011661040887592726
3406,2023-09-19,105.19999694824219,1932.0,23.194000244140625,4.364999771118164,14.109999656677246,0.00025883266612720474,-0.0016370186882602954,0.004756520509204949,0.015280557827056996,0.0011449782695019757,0.0010356672666160258
3407,2023-09-20,105.16000366210938,1945.5999755859375,23.57900047302246,4.348999977111816,15.140000343322754,0.007014664451038297,0.016462870389549557,0.0048956650034837354,0.01458713946018555,0.0012975731512019687,0.0005586404345601732
3408,2023-09-21,105.36000061035156,1919.199951171875,23.444000244140625,4.480000019073486,17.540000915527344,-0.013661993139932882,-0.005741896422124769,0.005881668924824996,0.014612514461708755,0.0005690972467479009,4.877369527377536e-05
3409,2023-09-22,105.58000183105469,1925.4000244140625,23.59600067138672,4.438000202178955,17.200000762939453,0.003225343940292486,0.006462625566279454,0.005358308597512536,0.011630357279418753,0.00017095811127875463,-0.0015232566225623204
3410,2023-09-25,106.0,1916.5999755859375,23.145000457763672,4.541999816894531,16.899999618530273,-0.004580980852414224,-0.019298440332926756,0.005457888532781269,0.012228535159267707,-3.9735746058307795e-05,-0.002144204731352334
3411,2023-09-26,106.2300033569336,1900.4000244140625,22.950000762939453,4.558000087738037,18.940000534057617,-0.008488367011878772,-0.008460824511211376,0.005712286350328028,0.012289420075843896,-0.00026736078859491513,-0.0025647971440234257
3412,2023-09-27,106.66999816894531,1871.5999755859375,22.476999282836914,4.625999927520752,18.219999313354492,-0.015270736211994373,-0.020825437493943617,0.006504798523339486,0.012885950351842724,-0.0011636753915617978,-0.0035918644368529836
3413,2023-09-28,106.22000122070312,1860.4000244140625,22.514999389648438,4.5970001220703125,17.34000015258789,-0.006002135474614082,0.0016891943887116746,0.006086975312585468,0.011564098844522972,-0.001909080403897495,-0.00455876638549886
3414,2023-09-29,106.16999816894531,1848.0999755859375,22.236000061035156,4.572999954223633,17.520000457763672,-0.006633460391607215,-0.01246912680876772,0.006011609072625782,0.01166982138504051,-0.0024163794825666765,-0.005069818345471445
3415,2023-10-02,106.9000015258789,1830.0,21.218000411987305,4.683000087738037,17.610000610351562,-0.009842104245885983,-0.04686270238214628,0.006226017021642313,0.014793177517563467,-0.00273541501297486,-0.0067942721134670574
3416,2023-10-03,107.0,1824.5999755859375,21.17799949645996,4.802000045776367,19.780000686645508,-0.002955195304593962,-0.0018870142222570296,0.006172339127216987,0.014812913736090469,-0.0029154346952524465,-0.006414819284582869
3417,2023-10-04,106.80000305175781,1818.5,20.95599937438965,4.735000133514404,18.579999923706055,-0.0033487861038289848,-0.010537911539246493,0.006101305861229123,0.013992158761328154,-0.0027398637785839416,-0.0055733579909270125
3418,2023-10-05,106.33000183105469,1816.5999755859375,20.847999572753906,4.7170000076293945,18.489999771118164,-0.0010453767983573286,-0.005166971803349597,0.006102207341472117,0.013822490449571307,-0.002588975779557287,-0.005102516146536122
3419,2023-10-06,106.04000091552734,1830.199951171875,21.540000915527344,4.783999919891357,17.450000762939453,0.007458615173471331,0.03265371434272826,0.0064716150366800436,0.01599959664602526,-0.00221890621139304,-0.003019345500870049
3420,2023-10-09,106.08000183105469,1849.5,21.740999221801758,4.796999931335449,17.700000762939453,0.010490108470351069,0.009288128769380163,0.0070254787826032885,0.016223941241604523,-0.0017417231298573292,-0.002456555724326937
3421,2023-10-10,105.83000183105469,1861.0,21.775999069213867,4.65500020980835,17.030000686645508,0.006198645369741984,0.0016085601642278893,0.007180305352954339,0.01603563434668956,-0.0015680242098452565,-0.0028168620856872735
3422,2023-10-11,105.81999969482422,1872.800048828125,21.957000732421875,4.59499979019165,16.09000015258789,0.0063206856067081355,0.008277625478859983,0.007293244928779697,0.016199631458144407,-0.0009690000518413512,-0.002472132022352614
3423,2023-10-12,106.56999969482422,1869.300048828125,21.79199981689453,4.711999893188477,16.690000534057617,-0.0018706079095983437,-0.007543107079615609,0.007295832109673258,0.01616625322400036,-0.0010032313653807394,-0.002386566564305656
3424,2023-10-13,106.6500015258789,1927.4000244140625,22.726999282836914,4.629000186920166,19.31999969482422,0.03060790174466398,0.042010691871635385,0.010045955636131292,0.018788051658092553,0.0004318435734927986,-4.398002176949528e-05
3425,2023-10-16,106.23999786376953,1921.0999755859375,22.610000610351562,4.711999893188477,17.209999084472656,-0.003274031158004244,-0.005161300151680522,0.009954625103976903,0.018426407343144355,-6.440302874829167e-05,-0.0010745327937587996
3426,2023-10-17,106.25,1922.699951171875,22.863000869750977,4.8470001220703125,17.8799991607666,0.0008324968566677746,0.011127608109306604,0.009912880794999341,0.018581711298860538,-0.00021745144398324477,-0.0007624158264214775
3427,2023-10-18,106.56999969482422,1955.300048828125,22.944000244140625,4.9039998054504395,19.219999313354492,0.016813236521731816,0.0035365536639810997,0.010587897998942197,0.01860381888224794,0.0005708535015217366,-0.0005160552382195064
3428,2023-10-19,106.25,1968.4000244140625,22.886999130249023,4.98799991607666,21.399999618530273,0.006677383090401854,-0.002487449283691296,0.010577885581970332,0.018194151976792347,0.0005547924843485727,-0.0014184514131357375
3429,2023-10-20,106.16000366210938,1982.5,23.35099983215332,4.923999786376953,21.709999084472656,0.007137632114181281,0.020070776788115235,0.010145069958841091,0.01875087969221545,0.0015452508297825805,-0.00018927649836240388
3430,2023-10-23,105.54000091552734,1976.300048828125,23.07200050354004,4.8379998207092285,20.3700008392334,-0.0031322401557761035,-0.012020019635088806,0.010187198805600633,0.018856512682413954,0.0012425087299697906,-0.001069402460332321
3431,2023-10-24,106.2699966430664,1975.0,22.979999542236328,4.840000152587891,18.969999313354492,-0.0006580360180047346,-0.003995530426743355,0.010110753177603545,0.018407164950837385,0.0014293156268464326,-0.0003406924647997781
3432,2023-10-25,106.52999877929688,1984.0999755859375,22.87700080871582,4.953000068664551,20.190000534057617,0.004597000160347399,-0.00449217811626727,0.009869312878783117,0.018339878287309683,0.002052428349333393,-0.00015170930313577306
3433,2023-10-26,106.5999984741211,1987.199951171875,22.78700065612793,4.84499979019165,20.68000030517578,0.0015611896722705911,-0.003941847680325298,0.009040809944507662,0.0177488179142291,0.0028539486295364866,0.0006522711641793851
3434,2023-10-27,106.55999755859375,1988.5999755859375,22.770000457763672,4.84499979019165,21.270000457763672,0.0007042731011225338,-0.0007463265244723167,0.008828289919307305,0.017749660768459116,0.003173301418857278,0.0005362939778372903
3435,2023-10-30,106.12000274658203,1996.199951171875,23.281999588012695,4.875,19.75,0.003814487522985263,0.022236611951065636,0.008537606583420286,0.018090626567865666,0.003670822748123587,0.0021889482044960213
3436,2023-10-31,106.66000366210938,1985.199951171875,22.840999603271484,4.875,18.139999389648438,-0.0055257086747362814,-0.019123362833162894,0.008242888796907034,0.015094575341213657,0.0038763653943688107,0.003509869135399992
3437,2023-11-01,106.87999725341797,1978.800048828125,22.684999465942383,4.789000034332275,16.8700008392334,-0.0032290150880346837,-0.006853259723754133,0.008254444118876951,0.015221724159127793,0.003863326357062109,0.003273381254376321
3438,2023-11-02,106.12000274658203,1985.5999755859375,22.750999450683594,4.669000148773193,15.65999984741211,0.003430498125606122,0.0029051867565586162,0.008089194085608781,0.014890929990791028,0.004186149415606639,0.003913528792271802
3439,2023-11-03,105.0199966430664,1991.5,23.201000213623047,4.558000087738037,14.90999984741211,0.0029670004669155115,0.01958631406894446,0.00800641008667119,0.01511423044424146,0.00437721499966725,0.005092256690952471
3440,2023-11-06,105.22000122070312,1981.5999755859375,23.14900016784668,4.6620001792907715,14.890000343322754,-0.004983536766927965,-0.0022438000934274878,0.008224381214774023,0.013793097557731249,0.0037847315739339494,0.0034304702892307692
3441,2023-11-07,105.54000091552734,1966.800048828125,22.507999420166016,4.571000099182129,14.8100004196167,-0.0074967054908099675,-0.028080814495886248,0.00842529434254723,0.015325049211723063,0.002928216623402472,0.0016509968004085587
3442,2023-11-08,105.58999633789062,1951.5,22.64699935913086,4.5229997634887695,14.449999809265137,-0.007809573743291399,0.006156588717613193,0.008703366697944501,0.01535652344325708,0.002261158570400882,0.0018675695886650019
3443,2023-11-09,105.91000366210938,1964.199951171875,22.83099937438965,4.630000114440918,15.289999961853027,0.006486705243964605,0.008091869668116931,0.008707313047113883,0.015352699595061376,0.002269064267413095,0.0018587240738677136
3444,2023-11-10,105.86000061035156,1932.5999755859375,22.21500015258789,4.627999782562256,14.170000076293945,-0.01621877893218127,-0.0273514909389634,0.009568715004007335,0.01652311342459731,0.0015858180282424799,0.0009154676996130568
3445,2023-11-13,105.66000366210938,1945.5,22.298999786376953,4.631999969482422,14.760000228881836,0.006652779492155402,0.0037740815747684523,0.007025926281162998,0.013619836441312054,0.0004450979209801664,-0.0009053232669044161
3446,2023-11-14,104.11000061035156,1961.800048828125,23.07900047302246,4.440999984741211,14.15999984741211,0.008343430595057662,0.03438130880937484,0.007174251234254837,0.015592584714296363,0.0009983103854116857,0.0009776581121934583
3447,2023-11-15,104.38999938964844,1960.0999755859375,23.485000610351562,4.534999847412109,14.180000305175781,-0.0008669641439555301,0.017438811827251318,0.007185790974530379,0.01585658432628063,0.0009173836710962902,0.001278191622571778
3448,2023-11-16,104.37000274658203,1983.9000244140625,23.892000198364258,4.445000171661377,14.319999694824219,0.01206913677911117,0.017181737704644734,0.006720578698558225,0.01622895817427323,0.0006914741595429263,0.0019279622911748079
3449,2023-11-17,103.81999969482422,1981.5999755859375,23.80900001525879,4.440999984741211,13.800000190734863,-0.0011600298000505828,-0.00348002207494996,0.006587850636249098,0.016243899146531522,0.000318264021902334,0.0018806969201624908
3450,2023-11-20,103.47000122070312,1977.699951171875,23.57900047302246,4.421999931335449,13.40999984741211,-0.001970058216140758,-0.00970715564756238,0.006413961944442598,0.015872081619615588,-0.00011543551763681065,0.00046270013751117554
3451,2023-11-21,103.58999633789062,1999.300048828125,23.843000411987305,4.418000221252441,13.350000381469727,0.010862615061766792,0.011134185035356098,0.006800250605347547,0.01576545655160634,0.0005509861593890415,0.0015652813122942661
3452,2023-11-22,103.91999816894531,1991.4000244140625,23.672000885009766,4.415999889373779,12.850000381469727,-0.00395922248666503,-0.007197738001180554,0.006867421164201118,0.015837253540053567,0.0003937868037385512,0.0014127952373210661
3453,2023-11-24,103.4000015258789,2002.199951171875,24.32900047302246,4.4720001220703125,12.460000038146973,0.005408630384414501,0.027376121388464295,0.00689448966133093,0.016744008227699746,0.00043243586202746086,0.00293033330897495
3454,2023-11-27,103.19999694824219,2011.800048828125,24.672000885009766,4.388999938964844,12.6899995803833,0.004783316372955456,0.01399995937921098,0.006956441058915468,0.016833325587967768,0.0005858704668219783,0.003784705073714773
3455,2023-11-28,102.75,2039.699951171875,24.93000030517578,4.335999965667725,12.6899995803833,0.013772846290545529,0.010402876524836593,0.007528582247707231,0.016859074233526512,0.001208183475842121,0.004315619504634245
3456,2023-11-29,102.7699966430664,2047.0999755859375,25.07200050354004,4.270999908447266,12.979999542236328,0.0036214312587581126,0.005679795920651761,0.007525357740630003,0.016358809500533835,0.0011989903204027326,0.0035271996936621555
3457,2023-11-30,103.5,2038.0999755859375,25.292999267578125,4.3520002365112305,12.920000076293945,-0.004406156206906349,0.008775942953729599,0.007479159671716047,0.01553970558000846,0.0012523023426803486,0.00485573806446656
3458,2023-12-01,103.2699966430664,2071.0,25.499000549316406,4.22599983215332,12.630000114440918,0.016013593082084946,0.008111608600660593,0.008058963339139196,0.015317449033098552,0.00216861701744795,0.005568350841819643
3459,2023-12-04,103.63999938964844,2024.0999755859375,24.55500030517578,4.288000106811523,13.079999923706055,-0.022906437155782732,-0.03772374533235326,0.009729012287470695,0.018001378838720727,0.0009144772421437189,0.003633639789966696
3460,2023-12-05,104.05000305175781,2018.5,24.201000213623047,4.171000003814697,12.850000381469727,-0.0027704839468059126,-0.014521548469481158,0.009749031056272832,0.018028752596550377,0.0006412636986331748,0.002009455859565476
3461,2023-12-06,104.1500015258789,2030.5,23.888999938964844,4.120999813079834,12.970000267028809,0.005927406833356961,-0.01297586406151147,0.009724988623224504,0.01830533174004026,0.0011608324415038856,0.0014984051944186196
3462,2023-12-07,103.54000091552734,2029.9000244140625,23.73200035095215,4.129000186920166,13.0600004196167,-0.00029552536040616107,-0.0065937362039322515,0.009529445704518927,0.01713223637358055,0.001503745781046924,0.002521599398797381
3463,2023-12-08,104.01000213623047,1998.300048828125,22.97100067138672,4.244999885559082,12.350000381469727,-0.01568969924387106,-0.03259178315786239,0.010055163771897295,0.018733005608637995,0.00112850170959075,0.000676438833298544
3464,2023-12-11,104.0999984741211,1978.0,22.773000717163086,4.238999843597412,12.630000114440918,-0.01021061033941788,-0.008656924832120076,0.010268191855202172,0.018758031412507762,0.0003333914437153934,-0.00012112280956988472
3465,2023-12-12,103.87000274658203,1977.800048828125,22.72800064086914,4.205999851226807,12.069999694824219,-0.00010109265866683018,-0.0019779824453282804,0.009546096701285348,0.017703914785622454,0.0011009003138827476,0.0010871394996508352
3466,2023-12-13,102.87000274658203,1982.300048828125,22.638999938964844,4.0329999923706055,12.1899995803833,0.0022726708042306704,-0.003923592697075769,0.009466243552966604,0.017725177186853416,0.0008923237096958558,0.0007205835819439675
3467,2023-12-14,101.95999908447266,2030.199951171875,24.09600067138672,3.930000066757202,12.479999542236328,0.0238764749712153,0.06237179942832687,0.01061474975563814,0.02111179544628747,0.001631992489512886,0.00205346408760835
3468,2023-12-15,102.55000305175781,2021.0999755859375,23.8700008392334,3.927999973297119,12.279999732971191,-0.0044923807443041424,-0.009423403971239069,0.010686663471040301,0.020946129507838862,0.001459353603782,0.0007743109543469033
3469,2023-12-18,102.51000213623047,2026.300048828125,23.83099937438965,3.9539999961853027,12.5600004196167,0.0025695884133355284,-0.0016352476199671382,0.010412644800276004,0.020608915844109663,0.0010069941577926834,-0.0001217359658727096
3470,2023-12-19,102.16999816894531,2038.4000244140625,24.040000915527344,3.921999931335449,12.529999732971191,0.005953704386447858,0.008731919861235072,0.010454251795054126,0.020681581032497565,0.0013457434047687998,0.00045978507870753
3471,2023-12-20,102.41000366210938,2034.5,24.347000122070312,3.877000093460083,13.670000076293945,-0.0019151099131709602,0.012689495916295505,0.010453387231138977,0.020708535478128322,0.0013483599906245044,0.001526292296034096
3472,2023-12-21,101.83999633789062,2039.0999755859375,24.30699920654297,3.8940000534057617,13.649999618530273,0.0022584336059977327,-0.0016443016028263176,0.010228020204574136,0.020599556056831038,0.0009386370641593111,0.0009177929323111239
3473,2023-12-22,101.69999694824219,2057.10009765625,24.290000915527344,3.9010000228881836,13.029999732971191,0.008788749383462259,-0.0006995613583617747,0.01030083630695657,0.020520206396579307,0.001545683343689182,0.0012272299153024944
3474,2023-12-26,101.47000122070312,2058.199951171875,24.143999099731445,3.885999917984009,12.989999771118164,0.0005345192470838028,-0.006028915967586296,0.010264290968364922,0.01966891787745693,0.0013135828133401012,-0.00036348614927134333
3475,2023-12-27,100.98999786376953,2081.89990234375,24.375,3.7890000343322754,12.430000305175781,0.011449100696166307,0.009522152145883377,0.010477803232329082,0.0195291949251294,0.0016310011144453798,-0.0005767150651440862
3476,2023-12-28,101.2300033569336,2073.89990234375,24.134000778198242,3.8499999046325684,12.470000267028809,-0.0038500458433421737,-0.009936349987609581,0.010157548449943937,0.01946168181111709,0.0007918157747364416,-0.0015452496609748563
3477,2023-12-29,101.33000183105469,2062.39990234375,23.85300064086914,3.865999937057495,12.449999809265137,-0.0055605396969713086,-0.011711644441401641,0.010227039678515716,0.019508834557342272,0.00035457906255885,-0.0023734134877393042
3478,2024-01-02,102.19999694824219,2064.39990234375,23.732999801635742,3.946000099182129,13.199999809265137,0.0009692741355228508,-0.005043546105692705,0.010169031657672025,0.01934634302800634,0.0006105519360078596,-0.0030314843953308424
3479,2024-01-03,102.45999908447266,2034.199951171875,22.945999145507812,3.9070000648498535,14.039999961853027,-0.014736982781769346,-0.03372288421152199,0.010053478925903813,0.020273226182142456,-0.0008537612003661544,-0.00502360310067287
3480,2024-01-04,102.41999816894531,2042.300048828125,22.98900032043457,3.990999937057495,14.130000114440918,0.0039740504436172235,0.0018722624572959715,0.008729342387835494,0.018872822293354186,0.00042626201865289125,-0.0031380789202133837
3481,2024-01-05,102.41000366210938,2042.4000244140625,23.121999740600586,4.041999816894531,13.350000381469727,4.895124937695209e-05,0.005768679439421562,0.008699347720061706,0.018780057170649338,0.0005605208375187419,-0.0021718775912180155
3482,2024-01-08,102.20999908447266,2026.5999755859375,23.1200008392334,4.001999855041504,13.079999923706055,-0.007766098913480239,-8.645393120405551e-05,0.008789689979386122,0.01861924076621468,-9.155086471160099e-05,-0.001558096156441472
3483,2024-01-09,102.56999969482422,2026.4000244140625,22.90399932861328,4.019000053405762,12.760000228881836,-9.866823194536253e-05,-0.009386541620462173,0.008789566537572801,0.01866691994499637,-8.217671573727725e-05,-0.0016910868905619443
3484,2024-01-10,102.36000061035156,2021.699951171875,22.884000778198242,4.03000020980835,12.6899995803833,-0.0023221142671955622,-0.0008735280702388448,0.008056187065402764,0.01727279123892416,0.0005543749498186988,-0.00018069379115129947
3485,2024-01-11,102.29000091552734,2014.300048828125,22.53700065612793,3.9769999980926514,12.4399995803833,-0.0036669527431482853,-0.015279578262603443,0.007739310945475161,0.017494324242223518,0.0008659776924982034,-0.0004960582402219359
3486,2024-01-12,102.4000015258789,2046.699951171875,23.16200065612793,3.950000047683716,12.699999809265137,0.015956951403282443,0.0273546009400665,0.008403754684579025,0.01851150896248091,0.0016306464573529308,0.0009007314447968632
3487,2024-01-16,103.36000061035156,2026.0,22.933000564575195,4.065999984741211,13.84000015258789,-0.010165310319773104,-0.009936087189663883,0.008785862022713488,0.01863593354676967,0.0010383616419241794,0.000614422183245048
3488,2024-01-17,103.44999694824219,2002.5999755859375,22.516000747680664,4.105999946594238,14.789999961853027,-0.011617081726109013,-0.0183507450918792,0.007491388835869459,0.012612240963449312,-0.0006518077246150735,-0.0032295085081933367
3489,2024-01-18,103.54000091552734,2018.5999755859375,22.66699981689453,4.144000053405762,14.130000114440918,0.007957865627687473,0.006683913395738166,0.007662940833515956,0.01270615889912181,-5.893884975832995e-05,-0.0024624933954801344
3490,2024-01-19,103.29000091552734,2026.5,22.570999145507812,4.145999908447266,13.300000190734863,0.0039059773581561485,-0.004244255612504738,0.0076913575029992545,0.012710420294473205,4.698719042652003e-06,-0.0025867318713152588
3491,2024-01-22,103.33000183105469,2019.800048828125,22.163000106811523,4.093999862670898,13.1899995803833,-0.003311646301174295,-0.018241621994752297,0.007598220651683254,0.012871311326270335,-0.0004365084565584029,-0.0038711862454098946
3492,2024-01-23,103.62000274658203,2023.699951171875,22.333999633789062,4.142000198364258,12.550000190734863,0.0019289741822805175,0.007685928029686044,0.007607117461448749,0.012592719376830047,-0.00025345683296547534,-0.004109451382867489
3493,2024-01-24,103.23999786376953,2013.9000244140625,22.7549991607666,4.177999973297119,13.140000343322754,-0.004854342213876016,0.018674699960745174,0.007647921780803705,0.01353682408875795,-0.0005921604434356539,-0.003141879879840274
3494,2024-01-25,103.56999969482422,2016.9000244140625,22.808000564575195,4.131999969482422,13.449999809265137,0.0014885385122534204,0.0023265117764248357,0.007360720836352293,0.013580159171523033,-0.0009397895325408367,-0.00299778115913615
3495,2024-01-26,103.47000122070312,2016.800048828125,22.7549991607666,4.159999847412109,13.260000228881836,-4.9570163444326434e-05,-0.002326511776424915,0.0073559733653216774,0.013562862040526088,-0.0009676033139945572,-0.002821476197652275
3496,2024-01-29,103.61000061035156,2025.199951171875,23.13800048828125,4.091000080108643,13.600000381469727,0.004156315901078261,0.016691444122368358,0.006898384910367709,0.013973127556021429,-0.001314878780427321,-0.002480081341629181
3497,2024-01-30,103.4000015258789,2031.5,23.10700035095215,4.059000015258789,13.3100004196167,0.003105999442300761,-0.001340691595198063,0.006937460837597021,0.013869300254760521,-0.0009836385287300385,-0.0020707642753238706
3498,2024-01-31,103.2699966430664,2048.39990234375,23.051000595092773,3.9670000076293945,14.350000381469727,0.008284516486208303,-0.0024264388486063475,0.007135790235653491,0.013693473348508144,-0.00032435013905481887,-0.0016286116280479041
3499,2024-02-01,103.05000305175781,2053.0,23.1299991607666,3.86299991607666,13.880000114440918,0.0022431851049437793,0.0034212616941241246,0.0071527321377184904,0.013712497299484067,-0.00026368771193953654,-0.0012255255423423406
3500,2024-02-02,103.91999816894531,2036.0999755859375,22.701000213623047,4.0329999923706055,13.850000381469727,-0.008265936631712222,-0.018721454169231655,0.006617390865758075,0.012247376276333292,4.4457342825088404e-05,-0.0005111717308047056
3501,2024-02-05,104.44999694824219,2025.699951171875,22.334999084472656,4.164000034332275,13.670000076293945,-0.005120905671782916,-0.016254071977408076,0.006644913646395677,0.012701332130850644,-0.00038863580552729924,-0.0013743305134096603
3502,2024-02-06,104.18000030517578,2034.5,22.39299964904785,4.090000152587891,13.0600004196167,0.004334792726306237,0.0025934805369113687,0.0067243667156906455,0.012630751366011966,-0.00018454811614971418,-0.0015255304611482407
3503,2024-02-07,104.04000091552734,2035.199951171875,22.277999877929688,4.110000133514404,12.829999923706055,0.0003439817122514089,-0.005148755406702647,0.0064961893398852565,0.012650205711282851,0.00020164619936131667,-0.0017665924361719835
3504,2024-02-08,104.1500015258789,2032.199951171875,22.565000534057617,4.170000076293945,12.789999961853027,-0.0014751441294395143,0.012800418002898257,0.0065063074500978,0.012905904171874323,0.00013609972805207133,-0.0007100705493452964
3505,2024-02-09,104.08000183105469,2023.300048828125,22.527999877929688,4.186999797821045,12.930000305175781,-0.004389060106493958,-0.0016410823894577107,0.0065607604246396565,0.012907477019714423,3.767373570452869e-05,-0.0007466207550223851
3506,2024-02-12,104.16999816894531,2018.199951171875,22.708999633789062,4.171999931335449,13.930000305175781,-0.002523865081532603,0.008002330999257071,0.006533171317800613,0.012592824915470013,9.210648149575166e-05,0.0003620415907804964
3507,2024-02-13,104.95999908447266,1992.9000244140625,22.09600067138672,4.315999984741211,15.850000381469727,-0.012615124246704407,-0.027364678504360022,0.006018938880858437,0.012387850102879199,-0.0012684685494560029,-0.002243638382763624
3508,2024-02-14,104.72000122070312,1990.300048828125,22.33099937438965,4.267000198364258,14.380000114440918,-0.0013054709316034623,0.010579192585494062,0.005664195176962484,0.012558634641154743,-0.0008465714357336391,-0.001266720298232293
3509,2024-02-15,104.30000305175781,2002.0999755859375,22.91200065612793,4.239999771118164,14.010000228881836,0.005911211825204104,0.02568499977768414,0.005275866541947404,0.013222286239230505,-1.1890790433014526e-05,0.0008302199336516756
3510,2024-02-16,104.27999877929688,2011.5,23.43899917602539,4.295000076293945,14.239999771118164,0.004684094906416618,0.022740447113613074,0.005073067410196501,0.014018010951577169,-0.00016778463430305526,0.0015948167773600047
3511,2024-02-20,104.08000183105469,2027.5,23.106000900268555,4.275000095367432,15.420000076293945,0.007922794599725029,-0.01430890350534555,0.005304780248705482,0.014394621391385884,2.3492377200224758e-05,0.0011155478300818708
3512,2024-02-21,104.01000213623047,2022.300048828125,22.85099983215332,4.324999809265137,15.34000015258789,-0.002568005317217988,-0.011097490309876161,0.005283844465031458,0.013993088234283503,5.8903852626715563e-05,0.0014557445769807342
3513,2024-02-22,103.95999908447266,2019.699951171875,22.764999389648438,4.327000141143799,14.539999961853027,-0.0012865403339371805,-0.003770630737711988,0.0052735232287870444,0.013961339565575222,-9.421588624079386e-05,0.00091019415948559
3514,2024-02-23,103.94000244140625,2038.5999755859375,22.9689998626709,4.260000228881836,13.75,0.009314324420003009,0.008921232752946038,0.0055340003436234525,0.013495275314812979,0.0005804825248963025,0.0004457433400665835
3515,2024-02-26,103.83000183105469,2028.5,22.517000198364258,4.298999786376953,13.739999771118164,-0.004966682111913958,-0.01987488644167234,0.0056589106116589375,0.014192195555151233,0.00027309106660261783,-0.0006114660988904248
3516,2024-02-27,103.83000183105469,2034.0,22.523000717163086,4.315000057220459,13.430000305175781,0.0027076939620032797,0.00026645287355052594,0.005682985760735446,0.014187807245178938,0.00040438935829059913,-0.0004879915917487371
3517,2024-02-28,103.9800033569336,2033.0,22.40999984741211,4.27400016784668,13.84000015258789,-0.0004917629801586159,-0.00502976015669073,0.005619714793092022,0.013654495526837401,0.00018305226870789066,-0.0015223346526563129
3518,2024-02-29,104.16000366210938,2045.699951171875,22.666000366210938,4.251999855041504,13.399999618530273,0.006227470697706523,0.01135873946368081,0.005740867882759089,0.013941151763718521,0.000331693757060546,-0.0009175998403287473
3519,2024-03-01,103.86000061035156,2086.89990234375,23.149999618530273,4.179999828338623,13.109999656677246,0.019939659139843434,0.02112874358647231,0.006978207200601583,0.014738483038838467,0.0008867005500907902,0.00020407551372261736
3520,2024-03-04,103.83000183105469,2117.699951171875,23.77899932861328,4.218999862670898,13.489999771118164,0.014650906546489963,0.026808045945251963,0.007596676262677481,0.015836403884300895,0.0014775444282596562,0.0013177319066334668
3521,2024-03-05,103.80000305175781,2133.5,23.76300048828125,4.13700008392334,14.460000038146973,0.007433252615668022,-0.0006730403011057334,0.007358629066733032,0.015170227877142265,0.0022251248686110964,0.0021771801860680346
3522,2024-03-06,103.37000274658203,2150.300048828125,24.27199935913086,4.104000091552734,14.5,0.00784356635087546,0.02119362650432123,0.007254610474346666,0.015096113450674608,0.002842480679213876,0.003960403923293239
3523,2024-03-07,102.81999969482422,2158.0,24.3700008392334,4.0920000076293945,14.4399995803833,0.0035744768391498196,0.004029505871729875,0.007248685253862943,0.015092864080974374,0.0028062751607778563,0.004028786082094121
3524,2024-03-08,102.73999786376953,2178.60009765625,24.339000701904297,4.089000225067139,14.739999771118164,0.009500646655496024,-0.0012728711545629936,0.007367590796937885,0.014998426365591585,0.0032423068247418854,0.0042133519988626755
3525,2024-03-11,102.87000274658203,2182.5,24.511999130249023,4.104000091552734,15.220000267028809,0.001788495240181465,0.007082727155816107,0.007297190900894552,0.014886226383392374,0.003397718223295265,0.003941081006144478
3526,2024-03-12,102.95999908447266,2160.39990234375,24.194000244140625,4.15500020980835,13.84000015258789,-0.010177664197878154,-0.013058079446905702,0.007704029387088985,0.0153029385863495,0.003122070409419828,0.003397414479599336
3527,2024-03-13,102.79000091552734,2175.39990234375,24.958999633789062,4.191999912261963,13.75,0.006919166252700285,0.031129785294960743,0.00763327090670957,0.0164408139809082,0.0035717385681928223,0.004498721827013797
3528,2024-03-14,103.36000061035156,2163.0,24.874000549316406,4.297999858856201,14.399999618530273,-0.0057163638155206895,-0.003411360608066222,0.007026110177224307,0.014876119180248813,0.0039002509696777613,0.005639356012551596
3529,2024-03-15,103.43000030517578,2157.300048828125,25.200000762939453,4.303999900817871,14.40999984741211,-0.0026386845425951824,0.013020921477243914,0.007081306308470151,0.01492611813897997,0.003836764607249584,0.005755628816920637
3530,2024-03-18,103.58000183105469,2160.699951171875,25.090999603271484,4.340000152587891,14.329999923706055,0.0015747582428707817,-0.004334824503717334,0.007081016361160267,0.01434835125184154,0.0036302668176146644,0.004326113374949138
3531,2024-03-19,103.80999755859375,2156.300048828125,24.964000701904297,4.296999931335449,13.819999694824219,-0.0020384080923120792,-0.005074385100578897,0.007182225189718549,0.013838251645680012,0.0033101476271990117,0.003001597555225711
3532,2024-03-20,103.41000366210938,2157.89990234375,24.933000564575195,4.2729997634887695,13.039999961853027,0.0007416687251718953,-0.001242565305764409,0.007122331427134579,0.013304461060090733,0.002968189252220291,0.003623804136158146
3533,2024-03-21,104.0,2182.39990234375,24.849000930786133,4.270999908447266,12.920000076293945,0.01128966261576579,-0.0033747021407657994,0.007224974207075001,0.01297997725834827,0.003628078201409995,0.003991555953734831
3534,2024-03-22,104.43000030517578,2158.10009765625,24.691999435424805,4.2179999351501465,13.0600004196167,-0.011196893703511956,-0.006338266074977604,0.007857971916409906,0.01306854225405847,0.003156156612382625,0.0038692876043412297
3535,2024-03-25,104.2300033569336,2174.800048828125,24.7450008392334,4.252999782562256,13.1899995803833,0.00770847852509448,0.0021442006521723107,0.0078026670428757395,0.01302114175619245,0.003079687760244123,0.0035465717900186704
3536,2024-03-26,104.29000091552734,2175.60009765625,24.482999801635742,4.234000205993652,13.239999771118164,0.0003678047123048936,-0.01064449126602725,0.007612119999933406,0.012328355659842569,0.0033337109423497826,0.003986114417430342
3537,2024-03-27,104.3499984741211,2190.60009765625,24.625,4.196000099182129,12.779999732971191,0.006870990033479146,0.005783196005059383,0.007649125706238068,0.012303884398822268,0.0035319631362295857,0.004248816471311716
3538,2024-03-28,104.55000305175781,2217.39990234375,24.797000885009766,4.205999851226807,13.010000228881836,0.012159770828042574,0.006960526743855418,0.007812839458450774,0.012128740181254413,0.00413441712709631,0.004819782514194866
3539,2024-04-01,105.0199966430664,2236.5,24.95400047302246,4.328999996185303,13.649999618530273,0.008576849575533693,0.006311435142598557,0.007860981820625853,0.01204238499768496,0.004246292311754746,0.0045794346893814255
3540,2024-04-02,104.81999969482422,2261.0,25.804000854492188,4.364999771118164,14.609999656677246,0.010895049405066982,0.03349540284010643,0.007176104227340882,0.013144108440495454,0.003815596610098724,0.005168323225268764
3541,2024-04-03,104.25,2294.39990234375,26.94499969482422,4.355000019073486,14.329999923706055,0.014664135564459967,0.04326818827486925,0.007177103473289784,0.014875772456293825,0.0038162265633353907,0.0059521395266791104
3542,2024-04-04,104.12000274658203,2288.800048828125,27.139999389648438,4.309000015258789,16.350000381469727,-0.002443644773025144,0.0072108918581370585,0.007251461960183968,0.014799499561119318,0.0033458981162547644,0.006327564867595435
3543,2024-04-05,104.30000305175781,2325.699951171875,27.399999618530273,4.377999782562256,16.030000686645508,0.015993363911782323,0.00953436755405249,0.007707919834946047,0.01442794906903925,0.0037339837143931863,0.0057723620604397795
3544,2024-04-08,104.13999938964844,2331.699951171875,27.711999893188477,4.423999786376953,15.1899995803833,0.002576546332762105,0.01132252905391113,0.007712027490651563,0.014471607239558282,0.003686463214089009,0.0061196488786388874
3545,2024-04-09,104.1500015258789,2343.5,27.891000747680664,4.366000175476074,14.979999542236328,0.005047944048811655,0.00643855442338505,0.007604643776586622,0.01437214137127628,0.0034744297566278487,0.006486859620445936
3546,2024-04-10,105.25,2329.60009765625,27.961000442504883,4.559999942779541,15.800000190734863,-0.005948917440644637,0.0025066149818774508,0.007873113744351987,0.014397324508575582,0.0031059815337313684,0.006268949516925049
3547,2024-04-11,105.27999877929688,2354.800048828125,28.176000595092773,4.576000213623047,14.90999984741211,0.010759197967561912,0.007659874943460391,0.007419437190014608,0.01369967150740326,0.0041029749701808945,0.00725551877360915
3548,2024-04-12,106.04000091552734,2356.199951171875,28.2549991607666,4.499000072479248,17.309999465942383,0.0005943121990892287,0.002799830505280628,0.00742777154867242,0.012580290432182315,0.0038017914438184634,0.005906473307433905
3549,2024-04-15,106.20999908447266,2365.800048828125,28.650999069213867,4.627999782562256,19.229999542236328,0.00406612066202905,0.013917910698854246,0.007100540098677242,0.012506668368985757,0.004267624037987499,0.006731676703001546
3550,2024-04-16,106.26000213623047,2390.800048828125,28.31800079345703,4.658999919891357,18.399999618530273,0.010511806622644015,-0.011690641196232426,0.007040635951032349,0.013036646731128143,0.004893837902998889,0.005554935623312197
3551,2024-04-17,105.94999694824219,2371.699951171875,28.34600067138672,4.585000038146973,18.209999084472656,-0.00802108139040866,0.0009882775478184814,0.0075591175873093944,0.012885613809507292,0.00443689315855701,0.005808416673385331
3552,2024-04-18,106.1500015258789,2382.300048828125,28.32900047302246,4.646999835968018,18.0,0.004459451082454631,-0.000599918783620577,0.0074123733609365704,0.012732750841982284,0.0047463150240220926,0.006021486498002394
3553,2024-04-19,106.1500015258789,2398.39990234375,28.808000564575195,4.614999771118164,18.709999084472656,0.006735379565596977,0.016767114297929667,0.007365711332986728,0.012825201321597675,0.005031729825947097,0.006879090288654492
3554,2024-04-22,106.08000183105469,2332.199951171875,27.21299934387207,4.623000144958496,16.940000534057617,-0.02798980048135961,-0.056958369754345824,0.01015594287499867,0.018872032966191533,0.003161279202274458,0.004327487068960205
3555,2024-04-23,105.69000244140625,2327.699951171875,27.33099937438965,4.5980000495910645,15.6899995803833,-0.001931372558694458,0.004326790018385346,0.009691628853674876,0.01871349502697894,0.003602494494884816,0.004835346882929871
3556,2024-04-24,105.86000061035156,2324.5,27.323999404907227,4.6519999504089355,15.970000267028809,-0.0013756724603899396,-0.0002561511179960878,0.00970192462515474,0.01873806905770794,0.0031699158765284147,0.004721044417683756
3557,2024-04-25,105.5999984741211,2329.800048828125,27.341999053955078,4.705999851226807,15.369999885559082,0.0022774857931127522,0.0006585318188921598,0.009683278814743628,0.018434512784388568,0.0032608530708525983,0.005259283612203728
3558,2024-04-26,105.94000244140625,2334.800048828125,27.240999221801758,4.669000148773193,15.029999732971191,0.0021438073190774686,-0.003700784149520535,0.009650047582669068,0.018536923187158803,0.0030357491320715663,0.004807665509604685
3559,2024-04-29,105.58000183105469,2345.39990234375,27.37299919128418,4.613999843597412,14.670000076293945,0.004529666146779777,0.0048339338028291975,0.009430482685662458,0.018530381743501866,0.0026724108139161945,0.004706399179079626
3560,2024-04-30,106.22000122070312,2291.39990234375,26.391000747680664,4.685999870300293,15.649999618530273,-0.02329297954868033,-0.0365340252931376,0.0108849739845431,0.020589173783089235,0.0011547999032393366,0.002666139158330285
3561,2024-05-01,105.76000213623047,2299.89990234375,26.48900032043457,4.59499979019165,15.390000343322754,0.0037026594091494527,0.003706493304399831,0.010674289073961379,0.019347692665900702,0.0008123051415289779,0.001247619656629971
3562,2024-05-02,105.30000305175781,2299.199951171875,26.58300018310547,4.571000099182129,14.680000305175781,-0.0003043861623244103,0.0035423560473991462,0.010191941361082538,0.016809301370113033,9.95183926344839e-05,-0.0006440866399162244
3563,2024-05-03,105.02999877929688,2299.0,26.44499969482422,4.5,13.489999771118164,-8.696932457233537e-05,-0.0052048276434164585,0.010175499989177444,0.016737400398225407,0.0002117410330369986,-0.0012353113780854395
3564,2024-05-06,105.05000305175781,2321.60009765625,27.368999481201172,4.488999843597412,13.489999771118164,0.00978239943094232,0.034343874097811734,0.009776290006688,0.018334930896699804,-8.401918033633481e-05,-5.390630457309432e-05
3565,2024-05-07,105.41000366210938,2315.199951171875,27.30299949645996,4.4629998207092285,13.229999542236328,-0.002760589407145369,-0.002414399255071969,0.009773039229949916,0.018152901419060043,-0.00033816850128430976,-0.000708045747858004
3566,2024-05-08,105.55000305175781,2313.60009765625,27.361000061035156,4.492000102996826,13.0,-0.0006912606128823438,0.002122076204098687,0.009694823058883688,0.018092270528479677,-0.0006114639613649764,-0.0009135923297287832
3567,2024-05-09,105.2300033569336,2332.10009765625,28.131999969482422,4.448999881744385,12.6899995803833,0.007964395898361993,0.02778907333620911,0.00978680421944716,0.01914198530973175,5.107476906391076e-05,0.0002903342585727245
3568,2024-05-10,105.30999755859375,2367.300048828125,28.274999618530273,4.504000186920166,12.550000190734863,0.01498089474872309,0.005070291149797904,0.010057379523656864,0.01910043266428555,0.00025210794911920495,0.0001670207445887965
3569,2024-05-13,105.22000122070312,2336.10009765625,28.22100067138672,4.480999946594238,13.600000381469727,-0.013267171767020015,-0.0019116030625229788,0.010479794652119465,0.01909563107111666,-0.0004079627159336162,-5.733323483042289e-05
3570,2024-05-14,105.01000213623047,2353.39990234375,28.485000610351562,4.445000171661377,13.420000076293945,0.007378135479851928,0.009311248911233184,0.010574983375081557,0.018952987718097527,-0.0002502477246087172,-0.00027669808185999727
3571,2024-05-15,104.3499984741211,2388.699951171875,29.513999938964844,4.355999946594238,12.449999809265137,0.014888214910604233,0.03548707061377038,0.010837538142113086,0.020281884121995747,-4.184732994394488e-05,0.0019698596233782314
3572,2024-05-16,104.45999908447266,2380.0,29.665000915527344,4.376999855041504,12.420000076293945,-0.0036487767790969396,0.00510320559956136,0.010717919779262052,0.020291801926573285,0.0001663576515470894,0.0021658085782231304
3573,2024-05-17,104.44999694824219,2412.199951171875,31.047000885009766,4.420000076293945,11.989999771118164,0.013438686241467436,0.045534283286817155,0.01107104506795073,0.02236847018012775,0.0005939402781667468,0.00436267534348207
3574,2024-05-20,104.56999969482422,2433.89990234375,32.20500183105469,4.436999797821045,12.149999618530273,0.008955695038778591,0.036619562995446865,0.011142997109548844,0.023318274221650486,0.0006996695864134903,0.005308030043363841
3575,2024-05-21,104.66000366210938,2421.699951171875,31.868000030517578,4.414000034332275,11.859999656677246,-0.005025116242057949,-0.010519404379332051,0.009132091749518186,0.01890178195732972,0.0017932259787611887,0.007519409346935925
3576,2024-05-22,104.94000244140625,2389.199951171875,31.295000076293945,4.434000015258789,12.289999961853027,-0.01351119128257647,-0.018144029661183704,0.009700178361605598,0.019710304224756243,0.001241806039528712,0.006449370314575494
3577,2024-05-23,105.11000061035156,2335.0,30.284000396728516,4.474999904632568,12.770000457763672,-0.02294667031813439,-0.032838809473232394,0.011040703959408621,0.02146854107096605,0.00021461566535040474,0.004897815154802337
3578,2024-05-24,104.72000122070312,2332.5,30.329999923706055,4.4670000076293945,11.930000305175781,-0.0010712373814988035,0.0015177858437001555,0.011033600649399686,0.021460874902111644,5.5152657035568696e-05,0.004938732013126527
3579,2024-05-28,104.61000061035156,2355.199951171875,31.97100067138672,4.541999816894531,12.920000076293945,0.0096849750810076,0.05269194372176627,0.011226018461039053,0.023733600436653745,0.00041425588379414636,0.007624100006997327
3580,2024-05-29,105.0999984741211,2340.300048828125,32.202999114990234,4.624000072479248,14.279999732971191,-0.0063464816760843545,0.007230325523375319,0.011277428552566426,0.02372527382670957,-0.00010365591729462178,0.007738213898451905
3581,2024-05-30,104.72000122070312,2342.89990234375,31.38800048828125,4.553999900817871,14.470000267028809,0.001110289464388048,-0.025633918608639887,0.009947308065025227,0.02280984732334234,0.0010584045118991105,0.0082572665977137
3582,2024-05-31,104.66999816894531,2322.89990234375,30.297000885009766,4.513999938964844,12.920000076293945,-0.00857307357068379,-0.03537694289786557,0.010142919092224248,0.024714650098871783,0.0004738457985737179,0.006396150588082015
3583,2024-06-03,104.13999938964844,2346.60009765625,30.641000747680664,4.4019999504089355,13.109999656677246,0.010151150585457774,0.011290278893180204,0.010357159616158535,0.0247277459068393,0.0009717285008490601,0.00676509929502397
3584,2024-06-04,104.11000061035156,2325.5,29.488000869750977,4.335999965667725,13.15999984741211,-0.009032443941432378,-0.03835557539429554,0.010584345003528435,0.026523096050924972,0.0005457535190938197,0.005186492259267824
3585,2024-06-05,104.2699966430664,2354.10009765625,29.947999954223633,4.289000034332275,12.630000114440918,0.012223460620860391,0.015479112417361489,0.010703589694846014,0.02579566917761268,0.0006619945281375375,0.0042881702744844786
3586,2024-06-06,104.0999984741211,2370.300048828125,31.246999740600586,4.281000137329102,12.579999923706055,0.00685801971176186,0.04246082043262687,0.010755481608053957,0.027041323199982252,0.0011200235337997864,0.006425085497708233
3587,2024-06-07,104.88999938964844,2305.199951171875,29.334999084472656,4.429999828338623,12.220000267028809,-0.027849130615993235,-0.06314205210410077,0.012478816871724587,0.031018466334563132,-0.0001732083711102559,0.003317269863984449
3588,2024-06-10,105.1500015258789,2307.699951171875,29.768999099731445,4.468999862670898,12.739999771118164,0.0010839169709689002,0.014686242189963465,0.01234407314943069,0.030630959831679,-0.0005008502247956413,0.002693325523687037
3589,2024-06-11,105.2300033569336,2307.5,29.132999420166016,4.4039998054504395,12.850000381469727,-8.664897474244984e-05,-0.02159602098106945,0.011826239849646049,0.031076980917375985,-0.001218352306865429,0.0014235011365028778
3590,2024-06-12,104.6500015258789,2336.0,30.176000595092773,4.295000076293945,12.039999961853027,0.012275377571110555,0.035175393794447285,0.011838576707591603,0.03192032643928311,-2.040433621116059e-06,0.003189548605882414
3591,2024-06-13,105.19999694824219,2300.199951171875,28.989999771118164,4.23799991607666,11.9399995803833,-0.015444010517410593,-0.04009599113341306,0.012170092471434702,0.03324008562825279,-0.001088809290633617,0.0008368228894706878
3592,2024-06-14,105.55000305175781,2331.39990234375,29.402000427246094,4.2129998207092285,12.65999984741211,0.013472849167638714,0.014111778734601446,0.012080778568974061,0.03244371537462315,-0.0011562076593462608,-0.00018104815239449934
3593,2024-06-17,105.31999969482422,2312.39990234375,29.325000762939453,4.2789998054504395,12.75,-0.008182999621581656,-0.002622293216736448,0.012167760912955825,0.032424595311671654,-0.001372123032797914,-0.0005489290484086807
3594,2024-06-18,105.26000213623047,2330.39990234375,29.5049991607666,4.2170000076293945,12.300000190734863,0.007753980763100305,0.0061192915091335225,0.011881655946407398,0.030719629032964116,-0.0016428232936725393,-0.002425833418774568
3595,2024-06-20,105.58999633789062,2353.800048828125,30.775999069213867,4.254000186920166,13.279999732971191,0.009991179448078678,0.04217542314073503,0.011929889628687605,0.03109434946991751,-0.0015935145122772968,-0.0021612686499513215
3596,2024-06-21,105.80000305175781,2316.39990234375,29.572999954223633,4.256999969482422,13.199999809265137,-0.016016849994939065,-0.039873353859219536,0.012322639325503927,0.032131357859247485,-0.002116930405271636,-0.0035590757680412023
3597,2024-06-24,105.47000122070312,2330.0,29.48900032043457,4.248000144958496,13.329999923706055,0.005854053366742159,-0.0028444580283353976,0.012150716959603824,0.03195710127448637,-0.001194775898161225,-0.0028305247379055687
3598,2024-06-25,105.61000061035156,2316.60009765625,28.836999893188477,4.23799991607666,12.84000015258789,-0.0057676319065113404,-0.022358042207853805,0.011150137333169403,0.031544193156790905,-0.00037672644998869894,-0.00233144058241135
3599,2024-06-26,106.05000305175781,2299.199951171875,28.909000396728516,4.315999984741211,12.550000190734863,-0.0075394205654809275,0.0024936979354411035,0.011259087075971015,0.03155086568012412,-0.0006847351730354667,-0.0022849685780427335
3600,2024-06-27,105.91000366210938,2324.5,28.917999267578125,4.288000106811523,12.239999771118164,0.010943747042885628,0.00031123423226139775,0.011320238714072907,0.02895061973536896,-0.000624793651041275,-0.0047792880775429656
3601,2024-06-28,105.87000274658203,2327.699951171875,29.23699951171875,4.3429999351501465,12.4399995803833,0.0013756724603899051,0.010970800459524978,0.011250290304270327,0.029039572901432158,-0.00025707202549488166,-0.004601170223440601
3602,2024-07-01,105.9000015258789,2327.60009765625,29.299999237060547,4.479000091552734,12.220000267028809,-4.2898852745440194e-05,0.002152476246215518,0.011246096001368453,0.02866391915773129,-0.0003119857548821906,-0.003278008563685581
3603,2024-07-02,105.72000122070312,2323.0,29.35300064086914,4.435999870300293,12.029999732971191,-0.0019782819678747557,0.0018072875503516634,0.011094939079266172,0.027714691587104774,2.0519404896682455e-06,-0.0015073309232942844
3604,2024-07-03,105.4000015258789,2359.800048828125,30.54800033569336,4.355000019073486,12.09000015258789,0.01571743658704651,0.0399044504806992,0.011411501145942414,0.02904672987699742,0.00026711317866056044,-0.00014475132388861814
3605,2024-07-05,104.87999725341797,2388.5,31.38800048828125,4.271999835968018,12.479999542236328,0.012088663472560882,0.027126441806346883,0.011481444908071053,0.028243331755938808,0.0012728801983745252,0.002973439971380069
3606,2024-07-08,105.01000213623047,2355.199951171875,30.618000030517578,4.269000053405762,12.369999885559082,-0.01403992502750996,-0.024837597514920484,0.011658028056204148,0.0287170471755047,2.2242786547365628e-05,0.0010535966412714031
3607,2024-07-09,105.12000274658203,2360.10009765625,30.77199935913086,4.300000190734863,12.510000228881836,0.002078403578812869,0.005017092463705716,0.011564178461770394,0.027136473261708035,-0.0002053579816883006,-0.0007294380239153184
3608,2024-07-10,105.05000305175781,2372.199951171875,30.726999282836914,4.28000020980835,12.850000381469727,0.00511374163037859,-0.0014634412045361523,0.009713337747310506,0.02307792578901675,0.0013643026014722624,0.002207638685587759
3609,2024-07-11,104.44000244140625,2415.0,31.393999099731445,4.192999839782715,12.920000076293945,0.017881513074975274,0.02147503961078302,0.010359252085814787,0.023307869606343,0.002164188130234471,0.0025309147532458325
3610,2024-07-12,104.08999633789062,2414.0,30.88599967956543,4.189000129699707,12.460000038146973,-0.0004141644291962591,-0.016313766750504333,0.01036305602096752,0.023061678200123135,0.0021485921562128607,0.002782450668987028
3611,2024-07-15,104.19000244140625,2422.89990234375,30.672000885009766,4.229000091552734,13.119999885559082,0.0036800068503831792,-0.00695278126877359,0.010109732775444991,0.02190636725029331,0.0017392887885591766,0.0007763470945479396
3612,2024-07-16,104.2699966430664,2462.39990234375,31.19499969482422,4.166999816894531,13.1899995803833,0.016171314917783012,0.016907600622622636,0.009771271486703696,0.02004085083751167,0.003244780475949348,0.003490803844835354
3613,2024-07-17,103.75,2454.800048828125,30.136999130249023,4.145999908447266,14.479999542236328,-0.00309113301982428,-0.034504191896445616,0.009570841958549396,0.021506952853126534,0.0024560194194034914,0.0011757576243093032
3614,2024-07-18,104.16999816894531,2451.800048828125,29.9950008392334,4.189000129699707,15.930000305175781,-0.0012228428297097356,-0.004722894799295391,0.009300695593382178,0.02153037297682246,0.002787455457111678,0.0010757289775207822
3615,2024-07-19,104.4000015258789,2395.5,29.08799934387207,4.238999843597412,16.520000457763672,-0.02323049125293214,-0.030705033645750963,0.01080881555973455,0.022573375533166934,0.0013120044087291804,-0.0006778103155689553
3616,2024-07-22,104.30999755859375,2392.0,29.124000549316406,4.260000228881836,14.90999984741211,-0.0014621412526544951,0.0012368999553464563,0.010636566840417638,0.020345275139812418,0.0007666081848847436,-0.0026272638005874586
3617,2024-07-23,104.44999694824219,2404.60009765625,29.131999969482422,4.238999843597412,14.720000267028809,0.005253774082549602,0.00027462991434540514,0.009948961093206947,0.018470244863092917,0.0017794950457175373,-0.000715455049465319
3618,2024-07-24,104.38999938964844,2413.300048828125,29.115999221801758,4.285999774932861,18.040000915527344,0.0036115155414233003,-0.0005494007796076636,0.009915017234542271,0.018463806491567942,0.001672707530226163,-0.0006061666090497126
3619,2024-07-25,104.36000061035156,2351.89990234375,27.80699920654297,4.25600004196167,18.459999084472656,-0.025771655108934748,-0.04600006550112902,0.011499848785745413,0.020468376250340776,0.0007201349967774296,-0.0017319772420628181
3620,2024-07-26,104.31999969482422,2380.0,27.860000610351562,4.199999809265137,16.389999389648438,0.011877017079959726,0.0019042312320985398,0.011582818986535624,0.020462694912491673,0.0016447272656079366,-0.0017600470850791306
3621,2024-07-29,104.55999755859375,2377.300048828125,27.702999114990234,4.177999973297119,16.600000381469727,-0.0011350772219737724,-0.005651311627803379,0.011396363310431453,0.020473881465089785,0.001069545157757489,-0.0020439778403203105
3622,2024-07-30,104.55000305175781,2405.0,28.364999771118164,4.14300012588501,17.690000534057617,0.011584493096314897,0.02361530407770129,0.01162550964959202,0.021053499994811507,0.0015556794737539173,-0.0014418586204071528
3623,2024-07-31,104.0999984741211,2426.5,28.777999877929688,4.109000205993652,16.360000610351562,0.008899986305409351,0.014455219390066554,0.011727370847316827,0.021327901428994996,0.0019815311479517645,-0.0008560137087951988
3624,2024-08-01,104.41999816894531,2435.0,28.33099937438965,3.9760000705718994,18.59000015258789,0.0034968666714193194,-0.015654612691776534,0.011695753873577859,0.02155802987601183,0.0022422525117276725,-0.0016875327679441606
3625,2024-08-02,103.20999908447266,2425.699951171875,28.246000289916992,3.7920000553131104,23.389999389648438,-0.003826634135013617,-0.003004724496782753,0.011342122578518094,0.019337966418966786,0.0013115824773438573,-0.0037308268144909205
3626,2024-08-05,102.69000244140625,2401.699951171875,27.076000213623047,3.7850000858306885,38.56999969482422,-0.00994332279261066,-0.042304130374756076,0.01131434404411452,0.019729818849876252,0.00026244027424045046,-0.007037044537400584
3627,2024-08-06,102.97000122070312,2389.10009765625,27.09600067138672,3.888000011444092,27.709999084472656,-0.005260032745343863,0.0007384057574275451,0.010914570289023557,0.01936202964283342,0.0006805303829150267,-0.005819139619669726
3628,2024-08-07,103.19999694824219,2390.5,26.829999923706055,3.9679999351501465,27.850000381469727,0.0005857822224360302,-0.00986547869961831,0.010909871053924132,0.019217395225558875,0.0006094531754685104,-0.006527833484589919
3629,2024-08-08,103.20999908447266,2422.199951171875,27.5,3.996999979019165,23.790000915527344,0.013173648862206806,0.024665343078598762,0.011213792162963766,0.020372802482300077,0.0009932582817460444,-0.005283605661583494
3630,2024-08-09,103.13999938964844,2432.10009765625,27.48699951171875,3.941999912261963,20.3700008392334,0.0040789238864625725,-0.0004728568075701311,0.010559874291545267,0.01947460044322662,0.0003359921299121062,-0.006328743586266977
3631,2024-08-12,103.13999938964844,2462.39990234375,27.91699981689453,3.9089999198913574,20.709999084472656,0.012381322610815695,0.015522667840409742,0.01087876313828268,0.01989311444762401,0.0009453010365793422,-0.0048127228914615445
3632,2024-08-13,102.55999755859375,2466.699951171875,27.69499969482422,3.8519999980926514,18.1200008392334,0.0017447607257966857,-0.00798393523946329,0.01086262382321852,0.019899932354298468,0.0008531464592180805,-0.004861825461494387
3633,2024-08-14,102.56999969482422,2439.39990234375,27.253999710083008,3.819999933242798,16.190000534057617,-0.011129137775200023,-0.016051591775867197,0.010567330788881805,0.019390358612669044,-0.0004468750975906354,-0.006431310813803427
3634,2024-08-15,102.9800033569336,2453.10009765625,28.341999053955078,3.9260001182556152,15.229999542236328,0.005600503269123787,0.03914448133303286,0.010628619209640061,0.020676671099242188,-3.298765525977504e-05,-0.0029242311362092143
3635,2024-08-16,102.45999908447266,2498.60009765625,28.777999877929688,3.8919999599456787,14.800000190734863,0.01837804343675201,0.015266432076365466,0.011354748453556017,0.0210465345096926,0.0009003878812384033,-0.0019723584278444114
3636,2024-08-19,101.88999938964844,2501.800048828125,29.239999771118164,3.867000102996826,14.649999618530273,0.0012798782157230325,0.015926424954448556,0.009919282736458822,0.02031056970681144,0.002067548332126745,0.00024818721978413704
3637,2024-08-20,101.44000244140625,2511.300048828125,29.454999923706055,3.818000078201294,15.880000114440918,0.0037900744796478744,0.007326045329582498,0.009892012383181307,0.020368772366667152,0.0023176538431887625,0.0005381465233191867
3638,2024-08-21,101.04000091552734,2508.39990234375,29.47599983215332,3.7780001163482666,16.270000457763672,-0.0011555060403106994,0.0007126948269382109,0.009895766975200336,0.02036871331536752,0.002012450027814463,0.0005590067572521774
3639,2024-08-22,101.51000213623047,2478.89990234375,29.006000518798828,3.861999988555908,17.549999237060547,-0.011830186756921601,-0.01607364418642986,0.010334967546318116,0.020690130328920982,0.0012771308707504195,-0.00018024292878697477
3640,2024-08-23,100.72000122070312,2508.39990234375,29.785999298095703,3.806999921798706,15.859999656677246,0.011830186756921704,0.02653573787479697,0.008510677848072506,0.018608294462974722,0.0030676947691245363,0.00327384294625712
3641,2024-08-26,100.8499984741211,2517.699951171875,29.976999282836914,3.818000078201294,16.149999618530273,0.003700706198852698,0.0063919361337561155,0.008271172411323373,0.01861754562463714,0.0026783466319289634,0.0034875431796693853
3642,2024-08-27,100.55000305175781,2516.0,29.951000213623047,3.8329999446868896,15.430000305175781,-0.0006754281156969496,-0.0008676769144129199,0.008261178499164586,0.018529192780917386,0.002700234684608812,0.0037153353088784555
3643,2024-08-28,101.08999633789062,2501.0,29.176000595092773,3.8410000801086426,17.110000610351562,-0.005979686942712076,-0.026216246215079793,0.008205674559778917,0.019037152740081217,0.0018638451589408614,0.0013424043425555466
3644,2024-08-29,101.33999633789062,2525.699951171875,29.55699920654297,3.867000102996826,15.649999618530273,0.009827580801596993,0.012974101683713005,0.008247832229871742,0.018988825254850454,0.001908016325425987,0.0012718749279672823
3645,2024-08-30,101.69999694824219,2493.800048828125,28.731000900268555,3.9110000133514404,15.0,-0.012710561536922458,-0.02834386504475752,0.008829508754706639,0.019741363022876053,0.0011362340297906641,0.0006676248159205684
3646,2024-09-03,101.83000183105469,2489.89990234375,27.951000213623047,3.8440001010894775,20.719999313354492,-0.0015651613535240963,-0.027523725762821336,0.00877960260329304,0.020672526080749126,0.0012439232098615937,-0.0004999466729384115
3647,2024-09-04,101.36000061035156,2493.39990234375,28.16699981689453,3.7679998874664307,21.31999969482422,0.0014046919562063706,0.007698088664644117,0.00839752211047217,0.018367942880831267,0.0017843048645671666,0.0018811113765568358
3648,2024-09-05,101.11000061035156,2511.39990234375,28.719999313354492,3.7309999465942383,19.899999618530273,0.0071931259247034075,0.019442646827942226,0.008314491528745672,0.018759089538121023,0.002377312420283703,0.0027717895227718204
3649,2024-09-06,101.18000030517578,2493.5,27.808000564575195,3.7100000381469727,22.3799991607666,-0.007152981683501989,-0.03226995088615425,0.008565572021571386,0.02010272239498474,0.0020087998533342734,0.0017049098948415374
3650,2024-09-09,101.55000305175781,2501.800048828125,28.291000366210938,3.697000026702881,19.450000762939453,0.0033231463116611603,0.01721997642714561,0.008184844359718165,0.019739915224705012,0.0015397283033082906,0.0013503686257247207
3651,2024-09-10,101.62999725341797,2512.300048828125,28.256999969482422,3.6459999084472656,19.079999923706055,0.004188195346663044,-0.001202532383955589,0.008186573882714923,0.019743926737752934,0.0015449317061749796,0.0013156221697063655
3652,2024-09-11,101.68000030517578,2512.10009765625,28.562999725341797,3.6530001163482666,17.690000534057617,-7.959205722123827e-05,0.01077095092700099,0.0078045420416044215,0.01959966935197247,0.0009515548172208401,0.0010893499357345201
3653,2024-09-12,101.37000274658203,2551.199951171875,29.743000030517578,3.680000066757202,17.06999969482422,0.015444721969289848,0.04048164685823996,0.008422299803462692,0.021260898786095512,0.0016039339240538479,0.0033972347975299126
3654,2024-09-13,101.11000061035156,2581.300048828125,30.698999404907227,3.6500000953674316,16.559999465942383,0.011729349341314652,0.03163625017393691,0.008167662312005977,0.021623378043899494,0.002692433310554546,0.005668084414187251
3655,2024-09-16,100.76000213623047,2580.39990234375,30.770999908447266,3.621000051498413,17.139999389648438,-0.0003487790851909712,0.0023426236301238605,0.008164927519945877,0.02022041662445139,0.0024091341508252723,0.003915614999763013
3656,2024-09-17,100.88999938964844,2564.300048828125,30.618999481201172,3.6419999599456787,17.610000610351562,-0.00625883189495714,-0.004951970658746755,0.007498482508030301,0.020134090618597694,0.0012359496112200748,0.0029528339171386218
3657,2024-09-18,100.5999984741211,2570.699951171875,30.340999603271484,3.684999942779541,18.229999542236328,0.00249266043134922,-0.009120794268719708,0.00750350634968216,0.020068901435139987,0.0012937011452975123,0.0017601091922258474
3658,2024-09-19,100.61000061035156,2588.0,31.0939998626709,3.740000009536743,16.329999923706055,0.006707160271705417,0.02451495002034595,0.007578656218811372,0.020649394400997147,0.0014326099925383476,0.0025786284632145834
3659,2024-09-20,100.72000122070312,2619.89990234375,31.176000595092773,3.7279999256134033,16.149999618530273,0.01225073519220459,0.0026337170136072154,0.007907261368033353,0.02064496957996186,0.0020710024321819328,0.0026701057101988215
3660,2024-09-23,100.91999816894531,2626.5,30.767000198364258,3.739000082015991,15.890000343322754,0.002516049581020544,-0.01320589365907841,0.007237575431748221,0.020523916483237918,0.0027541565435125113,0.002806665259120319
3661,2024-09-24,100.37000274658203,2651.199951171875,32.111000061035156,3.7360000610351562,15.390000343322754,0.009360187860914403,0.04275595899787021,0.007101495508513572,0.021731281345805313,0.002636537548464544,0.0035790567411714256
3662,2024-09-25,100.91999816894531,2659.199951171875,31.697999954223633,3.7809998989105225,15.40999984741211,0.003012958044237874,-0.012945066497275998,0.007097927454300695,0.022013973333232947,0.002603787636340029,0.002658247092074658
3663,2024-09-26,100.55999755859375,2669.89990234375,32.025001525878906,3.7909998893737793,15.369999885559082,0.004015674633472966,0.010263309463195609,0.0070632985421899015,0.022058791134475553,0.0028271734815385964,0.003188294062436969
3664,2024-09-27,100.41999816894531,2644.300048828125,31.518999099731445,3.749000072479248,16.959999084472656,-0.00963458348443632,-0.015926385393938165,0.007331105694348008,0.021479650072185264,0.002653130789075537,0.0036782874348722846
3665,2024-09-30,100.77999877929688,2636.10009765625,31.163999557495117,3.802000045776367,16.729999542236328,-0.0031058092325682647,-0.011326941765971616,0.007240958190661952,0.02160802061616283,0.002037255073162906,0.002521094889649208
3666,2024-10-01,101.19000244140625,2667.300048828125,31.44499969482422,3.743000030517578,19.260000228881836,0.01176615388576509,0.008976410021022153,0.0066979618513724045,0.02044606623726018,0.0032028129504337415,0.004298250845162525
3667,2024-10-02,101.68000030517578,2647.10009765625,31.628000259399414,3.7850000858306885,18.899999618530273,-0.007602005078805537,0.005802834119854262,0.007033949704888522,0.01910179247490034,0.0029153442016108156,0.005885229887194697
3668,2024-10-03,101.98999786376953,2657.10009765625,32.18899917602539,3.8499999046325684,20.489999771118164,0.003770601213994833,0.017581941271591642,0.00702748822297922,0.019269722604072063,0.0030280065472197905,0.006355889535144579
3669,2024-10-04,102.5199966430664,2645.800048828125,32.12799835205078,3.9809999465942383,19.209999084472656,-0.004261843753354774,-0.0018968809058246426,0.0071318199492702294,0.01910707283091896,0.002482531800645591,0.005339721547822347
3670,2024-10-07,102.54000091552734,2644.800048828125,31.7450008392334,4.026000022888184,22.639999389648438,-0.00037802895454220627,-0.011992613716898378,0.006820597810897728,0.01756124637586116,0.0028051485972627236,0.006305309032072627
3671,2024-10-08,102.55000305175781,2615.0,30.354999542236328,4.0329999923706055,21.420000076293945,-0.011331369029670978,-0.04477402555706523,0.00748250452372136,0.020585071944606275,0.0021073145333897645,0.0033532136994911584
3672,2024-10-09,102.93000030517578,2606.0,30.424999237060547,4.066999912261963,20.860000610351562,-0.0034476188142327953,0.002303380295460907,0.007561442450312324,0.020560478789659158,0.0017437043352518673,0.0035201619223205155
3673,2024-10-10,102.98999786376953,2620.60009765625,31.0049991607666,4.0960001945495605,20.93000030517578,0.0055868577505378105,0.018883840936641832,0.007594157864865431,0.020778595014482037,0.002013535278478489,0.003906490018017699
3674,2024-10-11,102.88999938964844,2657.60009765625,31.520000457763672,4.072999954223633,20.459999084472656,0.014020160169731887,0.01647382477847585,0.007473587832889006,0.019271416096423893,0.0019456990023090622,0.002763260395171788
3675,2024-10-14,103.30000305175781,2647.800048828125,31.08300018310547,4.0980000495910645,19.700000762939453,-0.0036943716604866234,-0.01396122768405725,0.007217522892630798,0.018404893833054412,0.0012112360974613824,0.0005919519257434946
3676,2024-10-15,103.26000213623047,2661.39990234375,31.527000427246094,4.038000106811523,20.639999389648438,0.0051231384715043505,0.014183283274741169,0.0072570526490931654,0.01864106425064212,0.0014718036001611595,0.0011557928612014618
3677,2024-10-16,103.58999633789062,2674.0,31.760000228881836,4.015999794006348,19.579999923706055,0.004723215245810717,0.007363308482220523,0.007065274599096651,0.018633024187779623,0.0019947582259120097,0.0017422347250570464
3678,2024-10-17,103.83000183105469,2691.0,31.572999954223633,4.0960001945495605,19.110000610351562,0.006337393065017404,-0.00590532005597657,0.007128354545985924,0.01855233025317342,0.002177840732277161,0.0018953525447114815
3679,2024-10-18,103.48999786376953,2713.699951171875,33.03200149536133,4.072999954223633,18.030000686645508,0.00840012761358353,0.04517451032430414,0.007191433815403775,0.020279168899378763,0.002258458224747548,0.0028791411306142525
3680,2024-10-21,104.01000213623047,2723.10009765625,33.86899948120117,4.182000160217285,18.3700008392334,0.0034579737223619676,0.02502329256905666,0.006827320447643704,0.020846253782429432,0.0018397552976121847,0.003945311395159464
3681,2024-10-22,104.08000183105469,2744.199951171875,34.83100128173828,4.203999996185303,18.200000762939453,0.007718602631013913,0.028007705223037017,0.006946440376848892,0.021089425137642594,0.0020874959190404405,0.005907863722879246
3682,2024-10-23,104.43000030517578,2714.39990234375,33.63999938964844,4.242000102996826,19.239999771118164,-0.01091867720094922,-0.034792014684841395,0.007286105529033994,0.021104038622867322,0.0011218356779993156,0.002215103071321551
3683,2024-10-24,104.05999755859375,2734.89990234375,33.611000061035156,4.199999809265137,19.079999923706055,0.007523937915991553,-0.0008624208011049535,0.007410088554638082,0.02083302356285807,0.0013366442433209193,0.0027904671520916006
3684,2024-10-25,104.26000213623047,2740.89990234375,33.60300064086914,4.23199987411499,20.329999923706055,0.002191461563702766,-0.00023802839052122123,0.0073877712881742505,0.020770621669220737,0.0012497769542842432,0.002290403444771752
3685,2024-10-28,104.31999969482422,2742.89990234375,33.83000183105469,4.2779998779296875,19.799999237060547,0.00072942126259476,0.006732669148295701,0.006957980578321103,0.02036149262800043,0.001743300989857152,0.003369406042020984
3686,2024-10-29,104.27999877929688,2768.39990234375,34.26900100708008,4.27400016784668,19.34000015258789,0.009253781457162933,0.012893147889623537,0.0070494292691606,0.020172497020137736,0.002331852927463399,0.004522743644668372
3687,2024-10-30,103.98999786376953,2788.5,33.91400146484375,4.265999794006348,20.350000381469727,0.007234316137240295,-0.010413233129587597,0.006811531372008191,0.02040090464195282,0.0021160511299145993,0.0035994273041631453
3688,2024-10-31,103.9800033569336,2738.300048828125,32.65299987792969,4.283999919891357,23.15999984741211,-0.01816650912342701,-0.0378912203007492,0.007872630197129209,0.022304309186214313,0.0016129795087421485,0.0015187580460391712
3689,2024-11-01,104.27999877929688,2738.60009765625,32.54199981689453,4.361000061035156,21.8799991607666,0.0001095688511384859,-0.0034051742866935317,0.007862991768341742,0.02201691302242754,0.0014386446343204176,0.0005193715908827343
3690,2024-11-04,103.88999938964844,2736.10009765625,32.47999954223633,4.309000015258789,21.979999542236328,-0.0009132920834320161,-0.0019070558906162727,0.007775071982531615,0.022016968967148845,0.001598099475745311,0.0005188870677974186
3691,2024-11-05,103.41999816894531,2740.300048828125,32.654998779296875,4.289000034332275,20.489999771118164,0.0015338367843668287,0.005373444773038057,0.007761958110526307,0.02184903496364474,0.0016891407014076455,0.0013458422339848678
3692,2024-11-06,105.08999633789062,2667.60009765625,31.22100067138672,4.426000118255615,16.270000457763672,-0.02688819289182318,-0.04490697914464325,0.009593137346662967,0.021863081913953943,0.0009483395651146839,0.001339511110766867
3693,2024-11-07,104.51000213623047,2698.39990234375,31.764999389648438,4.341000080108643,15.199999809265137,0.011479740190580862,0.017274068675740068,0.009801889787086434,0.02213842320901232,0.0016591661843915247,0.002052401033637303
3694,2024-11-08,105.0,2687.5,31.358999252319336,4.306000232696533,14.9399995803833,-0.004047575121093911,-0.012863752127841598,0.00983427906326467,0.022015215421615955,0.0012003836666947762,0.0005406108877095207
3695,2024-11-11,105.54000091552734,2611.199951171875,30.540000915527344,4.308000087738037,14.970000267028809,-0.0288015263656269,-0.026463953607600777,0.011363780033175879,0.022451036066085162,-0.0008387442635604044,-0.0015040452259131758
3696,2024-11-12,106.0199966430664,2600.0,30.68600082397461,4.432000160217285,14.710000038146973,-0.00429842206071789,0.004769221606362062,0.011372131111599959,0.022302966969797933,-0.0008675085683333218,-0.0006121190692265421
3697,2024-11-13,106.4800033569336,2580.800048828125,30.59000015258789,4.451000213623047,14.020000457763672,-0.00741199771886598,-0.0031333882238479926,0.011370944206391122,0.02204724494633331,-0.0014644198154938135,-0.0014367224739212639
3698,2024-11-14,106.66999816894531,2568.199951171875,30.507999420166016,4.418000221252441,14.3100004196167,-0.004894201906120731,-0.002684237854947701,0.011302741946773692,0.02195555584542471,-0.0019223920608238826,-0.001915177061405465
3699,2024-11-15,106.69000244140625,2565.699951171875,30.371000289916992,4.427999973297119,16.139999389648438,-0.0009739185590534587,-0.004500710003789498,0.011147128716743738,0.021944929300514168,-0.0022705497572082095,-0.0018482908684441758
3700,2024-11-18,106.27999877929688,2610.60009765625,31.163000106811523,4.414000034332275,15.579999923706055,0.017348790536743833,0.02574328178202378,0.011731179534520846,0.020203675209914205,-0.001844422951343433,-0.002773587465695622
3701,2024-11-19,106.20999908447266,2627.10009765625,31.20800018310547,4.379000186920166,16.350000381469727,0.006300496006653572,0.0014429809973550737,0.011811543085175112,0.019212502542038875,-0.001709064747329547,-0.0038964594453004594
3702,2024-11-20,106.68000030517578,2648.199951171875,30.95599937438965,4.406000137329102,17.15999984741211,0.007999532098494133,-0.00810765687306724,0.011822908236590405,0.01777660413649546,-0.0016956871536400128,-0.005616238592733995
3703,2024-11-21,106.97000122070312,2672.10009765625,30.91200065612793,4.432000160217285,16.8700008392334,0.008984571185138249,-0.0014223419427708253,0.011844331513791453,0.01648255209615805,-0.000747913420969181,-0.004027206557397301
3704,2024-11-22,107.48999786376953,2709.89990234375,31.30900001525879,4.409999847412109,15.239999771118164,0.014046981134497769,0.012761117382108377,0.012153606389960518,0.016876735897209914,-0.0004372923153260279,-0.0033784666439109524
3705,2024-11-25,106.81999969482422,2616.800048828125,30.209999084472656,4.264999866485596,14.600000381469727,-0.03495948190340738,-0.035732631544746186,0.01427121357046101,0.0182666639882879,-0.002206384861378892,-0.005068685841731189
3706,2024-11-26,107.01000213623047,2620.300048828125,30.38800048828125,4.302000045776367,14.100000381469727,0.001336617767776714,0.005874844616060839,0.014278072504639177,0.01823989323352587,-0.002177470742084513,-0.005109534628980468
3707,2024-11-27,106.08000183105469,2639.89990234375,30.111000061035156,4.242000102996826,14.100000381469727,0.007452166991228204,-0.00915725418242278,0.014211208467935992,0.017780618963870645,-0.002263261907129024,-0.006159553775268388
3708,2024-11-29,105.73999786376953,2657.0,30.684999465942383,4.177999973297119,13.510000228881836,0.006456666117155565,0.018883362909764407,0.01418621387351277,0.018562315486948505,-0.002300292860466392,-0.004764477773394483
3709,2024-12-02,106.44999694824219,2634.89990234375,30.448999404907227,4.196000099182129,13.34000015258789,-0.008352473231234763,-0.007720785086319549,0.013793619733698569,0.016969390565569065,-0.0018329578179810471,-0.0033277903822311657
3710,2024-12-03,106.37000274658203,2644.699951171875,31.07699966430664,4.2230000495910645,13.300000190734863,0.003712425318383127,0.020414851591864232,0.013841312525950202,0.01774245281599506,-0.0016613932243027306,-0.002193503435633177
3711,2024-12-04,106.33999633789062,2653.800048828125,31.5049991607666,4.179999828338623,13.449999809265137,0.003434974654697664,0.01367825181382936,0.0138855169251196,0.018077826816164357,-0.0014543329034394127,-0.0014513459258976705
3712,2024-12-05,105.70999908447266,2626.60009765625,31.134000778198242,4.179999828338623,13.539999961853027,-0.010302322170881693,-0.01184574214713371,0.0139979251807546,0.018143184789396576,-0.002017959520356009,-0.0022713072078106122
3713,2024-12-06,105.97000122070312,2638.60009765625,31.18600082397461,4.151000022888184,12.770000457763672,0.004558239129528256,0.001668807975208814,0.012838353935266222,0.015293670070158472,-0.0005205103764821311,-5.341258305575188e-05
3714,2024-12-09,106.1500015258789,2664.89990234375,32.215999603271484,4.198999881744385,14.1899995803833,0.00991798633808684,0.03249390865051901,0.012769703772793541,0.01647116078601244,-0.0005948796075532751,0.000671341701457531
3715,2024-12-10,106.4000015258789,2697.60009765625,32.362998962402344,4.2210001945495605,14.180000305175781,0.012196028210303023,0.004552551643250545,0.013039226200755639,0.016191670088698554,0.000178625312989436,0.0015006895000809661
3716,2024-12-11,106.70999908447266,2733.800048828125,32.5620002746582,4.270999908447266,13.579999923706055,0.013330075570755336,0.006130209866492007,0.011508719777614704,0.014886613618049,0.002184892071864781,0.003052792522656813
3717,2024-12-12,106.95999908447266,2687.5,31.22800064086914,4.323999881744385,13.920000076293945,-0.017081207143532985,-0.04183082396394863,0.012186839012145106,0.01780507003508528,0.001576188020302157,0.0008337427335943989
3718,2024-12-13,107.0,2656.0,30.655000686645508,4.39900016784668,13.8100004196167,-0.011790161839593786,-0.018519345166517633,0.012384142987426456,0.018286527166307055,0.001367704014553214,0.00010107811727679721
3719,2024-12-16,106.86000061035156,2651.39990234375,30.69700050354004,4.396999835968018,14.6899995803833,-0.0017334660635325901,0.001369142738318804,0.012323290986000964,0.018277047276548573,0.001518215245152649,0.0002940962407656784
3720,2024-12-17,106.95999908447266,2644.39990234375,30.572999954223633,4.385000228881836,15.869999885559082,-0.00264360600282425,-0.004047681334720163,0.012345540256829313,0.018271371370920615,0.001438706319258802,0.0003156690345308848
3721,2024-12-18,108.02999877929688,2636.5,30.40999984741211,4.49399995803833,27.6200008392334,-0.0029918795594432402,-0.005345768345800068,0.011821684641222638,0.0173440529092515,0.0004701029813451319,-0.0011647619239369173
3722,2024-12-19,108.41000366210938,2592.199951171875,29.0939998626709,4.570000171661377,24.09000015258789,-0.01694536281780769,-0.0442395340405014,0.012326024539166936,0.01970480052934401,-0.0006368426769625473,-0.0033401197828824636
3723,2024-12-20,107.62000274658203,2628.699951171875,29.65999984741211,4.52400016784668,18.360000610351562,0.01398249166131256,0.01926736893413413,0.012601688426329966,0.020270997852927998,-0.00035193984063786027,-0.0020365471253966836
3724,2024-12-23,108.04000091552734,2612.300048828125,29.88800048828125,4.598999977111816,16.780000686645508,-0.006258330803749558,0.007657746818247263,0.012475379637140835,0.020381294206112743,-0.0010777923162991843,-0.0016041619463005845
3725,2024-12-24,108.26000213623047,2620.0,29.974000930786133,4.591000080108643,14.270000457763672,0.00294323974486273,0.0028732918924558753,0.012029631685982079,0.020145686563041654,-0.0016065419062818052,-0.0020750107791411795
3726,2024-12-26,108.12999725341797,2638.800048828125,30.047000885009766,4.578999996185303,14.729999542236328,0.007149969097485895,0.002432481565120282,0.009418227736835484,0.01862135204326336,0.000398670046141684,-0.00025762444057610985
3727,2024-12-27,108.0,2617.199951171875,29.655000686645508,4.61899995803833,15.949999809265137,-0.008219261513672152,-0.013132083395891737,0.009599742046836793,0.018769705032532908,-5.637182440350008e-05,-0.0011627162506690897
3728,2024-12-30,108.12999725341797,2606.10009765625,29.106000900268555,4.545000076293945,17.399999618530273,-0.004250136932791706,-0.0186863990233293,0.009481005534867208,0.019085176620485277,-0.000613624392213972,-0.001616485052617019
3729,2024-12-31,108.48999786376953,2629.199951171875,28.940000534057617,4.572999954223633,17.350000381469727,0.008824710411780469,-0.005719629764522131,0.00958283737952649,0.018510331180257803,-0.0005008603781842145,-0.0027880561323449494
3730,2025-01-02,109.38999938964844,2658.89990234375,29.621999740600586,4.574999809265137,17.93000030517578,0.011232867866452192,0.023292580090497485,0.009732373859167745,0.01931672022698197,0.00043177491218183083,-0.001311229219163186
3731,2025-01-03,108.94999694824219,2645.0,29.805999755859375,4.5960001945495605,16.1299991607666,-0.005241401391997348,0.006192387587816029,0.00977749102200703,0.018758148863421215,5.402211687522466e-06,-0.001988489409832148
3732,2025-01-06,108.26000213623047,2638.39990234375,30.341999053955078,4.618000030517578,16.040000915527344,-0.0024984295005021796,0.01782315281090293,0.009759142835498048,0.018952043765242243,-0.0002771408433219939,-0.0017911131718762634
3733,2025-01-07,108.54000091552734,2656.699951171875,30.44700050354004,4.683000087738037,17.81999969482422,0.006912096917743294,0.003454623526523882,0.009596580140391726,0.018839949272184537,0.0005425933989934818,-0.001062524330273521
3734,2025-01-08,109.08999633789062,2664.5,30.45199966430664,4.692999839782715,17.700000762939453,0.0029316900271960217,0.00016417874723894174,0.009569073612374987,0.0188319019095938,0.0004651386798348039,-0.0011341733411292295
3735,2025-01-10,109.6500015258789,2708.5,31.090999603271484,4.776000022888184,19.540000915527344,0.016378553361116682,0.0207667130560536,0.009983076344574963,0.017937478371954214,0.0007727847285505107,-0.001692611226579963
3736,2025-01-13,109.95999908447266,2673.5,30.090999603271484,4.802999973297119,19.190000534057617,-0.013006500709167285,-0.032692264938458004,0.010055765539857398,0.019093170324260306,-0.00042733569618617066,-0.0034661739209470373
3737,2025-01-14,109.2699966430664,2677.5,30.131999969482422,4.788000106811523,18.709999084472656,0.001495047933117684,0.0013616184127786019,0.009565896996344284,0.019001469977353663,-0.0009909084408355826,-0.003693249704457199
3738,2025-01-15,109.08999633789062,2712.5,31.319000244140625,4.6529998779296875,16.1200008392334,0.012987195526811112,0.03863722097730915,0.00928322299424503,0.019039659937315618,0.0004409202577522315,0.00013856195941221899
3739,2025-01-16,108.95999908447266,2746.39990234375,31.523000717163086,4.605999946594238,16.600000381469727,0.012420208736854522,0.006492510948055647,0.009191183385540208,0.018591178068781807,0.001593795047106913,0.0013296027267728514
3740,2025-01-17,109.3499984741211,2744.300048828125,30.951000213623047,4.609000205993652,15.970000267028809,-0.000764876477197021,-0.01831214518769267,0.00917606950396661,0.01907877007563261,0.00163991836074194,0.000392398539819924
3741,2025-01-21,108.05999755859375,2755.0,31.31100082397461,4.573999881744385,15.0600004196167,0.003891391478642485,0.011564184133518922,0.009134254082478402,0.0192008823094251,0.0019511087170022607,0.0011358207049741663
3742,2025-01-22,108.16999816894531,2767.60009765625,31.23900032043457,4.598999977111816,15.100000381469727,0.004563111323176753,-0.0023021753484576053,0.009078445303984443,0.019160956829428786,0.0023108701876032125,0.0012807537048476168
3743,2025-01-23,108.05000305175781,2763.10009765625,30.67300033569336,4.638000011444092,15.020000457763672,-0.0016272807543716752,-0.018284524731740748,0.008005924054896947,0.016765246328653415,0.003040302666814452,0.0025167065290743144
3744,2025-01-24,107.44000244140625,2777.300048828125,31.023000717163086,4.625999927520752,14.850000381469727,0.005125977145751084,0.01134608824644439,0.007624892792073561,0.016455781722847715,0.002618563880359143,0.0021395026868033747
3745,2025-01-27,107.33999633789062,2737.5,30.253999710083008,4.5279998779296875,17.899999618530273,-0.014434155176814617,-0.025100490430847236,0.008281282259537118,0.01743032006101792,0.0022292389102131884,0.0005795866273226842
3746,2025-01-28,107.87000274658203,2766.800048828125,30.726999282836914,4.551000118255615,16.40999984741211,0.010646340249542608,0.015513326008537422,0.008482643772765103,0.017729168789587153,0.002596053219959849,0.0011814930138027578
3747,2025-01-29,108.0,2769.10009765625,31.238000869750977,4.554999828338623,16.559999465942383,0.000830957531606674,0.016493606712474105,0.008424906220045218,0.01804154838353801,0.002295147907298934,0.0018510704017719877
3748,2025-01-30,107.80000305175781,2823.0,32.36399841308594,4.51200008392334,15.84000015258789,0.019277756347583747,0.03541131463402841,0.008835816276590832,0.01910436076488984,0.0036045297102158813,0.0041626607841491374
3749,2025-01-31,108.37000274658203,2812.5,32.12799835205078,4.568999767303467,16.43000030517578,-0.0037263817408137866,-0.007318772136258967,0.008813246840041485,0.018578377619074167,0.0036294704336434012,0.004703976350200106
3750,2025-02-03,108.98999786376953,2833.89990234375,32.391998291015625,4.543000221252441,18.6200008392334,0.007580052840268373,0.008183553194377646,0.008780686789976884,0.018435527520813937,0.003570201025476159,0.005366032681576286
3751,2025-02-04,107.95999908447266,2853.300048828125,32.88800048828125,4.513000011444092,17.209999084472656,0.006822415916365941,0.015196438471967584,0.008639859254714338,0.01812391785108249,0.0033601795040434797,0.004980502128312957
3752,2025-02-05,107.58000183105469,2871.60009765625,32.856998443603516,4.421999931335449,15.770000457763672,0.006393163440626415,-0.0009430997788202818,0.00843121964671825,0.01816689823038587,0.003914206400835088,0.00464071701561599
3753,2025-02-06,107.69000244140625,2856.0,32.518001556396484,4.440000057220459,15.5,-0.005447355250461389,-0.010370934627571318,0.008566831762583849,0.01818576944231559,0.003773781365122745,0.0032981414233076924
3754,2025-02-07,108.04000091552734,2867.300048828125,32.334999084472656,4.486999988555908,16.540000915527344,0.00394879297438717,-0.005643623451239724,0.008536906882937964,0.018289933108694686,0.003632671653534357,0.0028648915672237108
3755,2025-02-10,108.31999969482422,2914.300048828125,32.391998291015625,4.493000030517578,15.8100004196167,0.016258833046568513,0.0017612193856637666,0.008966734102412442,0.01828146035021578,0.004267297511599715,0.002940941121434417
3756,2025-02-11,107.95999908447266,2912.5,32.23099899291992,4.5370001792907715,16.020000457763672,-0.0006178516064746903,-0.004982734876594645,0.008577506887411998,0.017885314221575695,0.003457944894095363,0.0017147769341654532
3757,2025-02-12,107.94000244140625,2909.0,32.69499969482422,4.63700008392334,15.890000343322754,-0.0012024393787544148,0.014293460585413838,0.007795763783883253,0.016227971927268683,0.004020043052686452,0.003952192435302208
3758,2025-02-13,107.30999755859375,2925.89990234375,32.650001525878906,4.525000095367432,15.100000381469727,0.005792712774394366,-0.001377249222357482,0.007782563513789926,0.01626080582678942,0.004224693759413913,0.0038217701669623944
3759,2025-02-14,106.56999969482422,2883.60009765625,32.80099868774414,4.4720001220703125,14.770000457763672,-0.014562544873085503,0.0046140602667888025,0.008518810069727642,0.01418038361615753,0.0029128013594188367,0.0022016196569376156
3760,2025-02-18,107.05000305175781,2931.60009765625,33.31700134277344,4.544000148773193,15.350000381469727,0.01650883496677148,0.01560885481005093,0.008789390746034156,0.014455189873662413,0.0031074978465577387,0.0026357312694135814
3761,2025-02-19,107.16999816894531,2919.39990234375,32.99300003051758,4.534999847412109,15.270000457763672,-0.004170300117599673,-0.009772398855257726,0.008895185833403332,0.013947626543217174,0.0029453348160623748,0.003042385856672388
3762,2025-02-20,106.33999633789062,2940.0,33.444000244140625,4.5,15.65999984741211,0.0070314990870447855,0.013576986909350268,0.008938173187273043,0.014015865250902653,0.0030948637497958172,0.003138233607902452
3763,2025-02-21,106.61000061035156,2937.60009765625,32.97600173950195,4.420000076293945,18.209999084472656,-0.0008166266630073181,-0.014092328689147974,0.008971021776565257,0.014473362406592586,0.0028386857504537188,0.0025767977345362444
3764,2025-02-24,106.5999984741211,2947.89990234375,32.57500076293945,4.39300012588501,18.979999542236328,0.003500064634192458,-0.012234930466726147,0.008912982975511735,0.014092576346963226,0.0030828450546710588,0.0028648736519178916
3765,2025-02-25,106.30999755859375,2904.5,31.801000595092773,4.297999858856201,19.43000030517578,-0.01483176087132524,-0.02404739188632005,0.009712406555776109,0.015107449968194735,0.002132476577667424,0.001179469836071966
3766,2025-02-26,106.41999816894531,2916.800048828125,32.25299835205078,4.249000072479248,19.100000381469727,0.0042258832321174136,0.014113256531151561,0.008944174290314803,0.014085671359841732,0.003021049835235616,0.0030467911199766706
3767,2025-02-27,107.23999786376953,2883.199951171875,31.801000595092773,4.284999847412109,21.1299991607666,-0.011586370186078948,-0.01411325653115164,0.009304995859485255,0.014257241354052975,0.0019623493383012563,0.0016360014752295727
3768,2025-02-28,107.61000061035156,2836.800048828125,31.2189998626709,4.230999946594238,19.6299991607666,-0.016224097946286358,-0.018470875119724065,0.010117496206510077,0.014475326721803655,0.0011502038393539687,-2.8973850113197524e-05
3769,2025-03-03,106.75,2890.199951171875,32.03200149536133,4.179999828338623,22.780000686645508,0.01864901343751476,0.02570857039029115,0.010061947978744268,0.013402659806992156,0.0011202637007792552,-0.0004910092902911626
3770,2025-03-04,105.73999786376953,2909.60009765625,32.108001708984375,4.210000038146973,23.510000228881836,0.00668996126638687,0.0023698236792854266,0.010067822071347389,0.013322390684011857,0.0016162800344554768,-2.9647584789048575e-05
3771,2025-03-05,105.73999786376953,2915.300048828125,32.858001708984375,4.264999866485596,21.93000030517578,0.001957098953760298,0.023090024999902307,0.009975632301179937,0.014153097494147223,0.00134852032557414,0.000680184405950221
3772,2025-03-06,104.05999755859375,2916.60009765625,33.0629997253418,4.285999774932861,24.8700008392334,0.0004458405723709752,0.006219525575042806,0.009897423577706144,0.013824486722410136,0.001044873880621999,0.0002527123632395173
3773,2025-03-07,103.83999633789062,2904.699951171875,32.54800033569336,4.316999912261963,23.3700008392334,-0.004088489842890409,-0.015698890922193207,0.009878500448242908,0.014256549525808099,0.0005457475337878644,-0.0004499443578734791
3774,2025-03-10,103.91000366210938,2891.0,32.275001525878906,4.2129998207092285,27.860000610351562,-0.004727634903135915,-0.008422949138073968,0.00985789540652659,0.014194974722470626,0.0005800199312795536,-0.000357183144087891
3775,2025-03-11,103.44000244140625,2912.89990234375,32.88800048828125,4.288000106811523,26.920000076293945,0.007546651957820141,0.018814880432237304,0.00995020340969221,0.014732754540524954,0.0007513465495382665,0.0008075075170300627
3776,2025-03-12,103.61000061035156,2939.10009765625,33.48400115966797,4.317999839782715,24.229999542236328,0.008954330271122598,0.01795988298893728,0.009498413056537109,0.015201776975003828,0.00040351308404084203,0.0015788724505192777
3777,2025-03-13,103.83000183105469,2984.300048828125,34.05099868774414,4.27400016784668,24.65999984741211,0.015261784579635519,0.01679161477063795,0.010030240035299882,0.01547203291367261,0.001159686235760376,0.0026157462432446397
3778,2025-03-14,103.72000122070312,2994.5,34.1870002746582,4.308000087738037,21.770000457763672,0.003412042879592822,0.003986100678783673,0.010026449527882399,0.015244877470150082,0.0013794234861578632,0.0021249195810241553
3779,2025-03-17,103.37000274658203,3000.0,34.07400131225586,4.306000232696533,20.510000228881836,0.0018350159457296321,-0.0033107942454363255,0.009976418120663083,0.015272900103902446,0.0011909617324119236,0.002032846008496591
3780,2025-03-18,103.23999786376953,3035.10009765625,34.57899856567383,4.281000137329102,21.700000762939453,0.011632116405335577,0.014711851272046782,0.009536112446581594,0.015515264362337123,0.00243832655519388,0.002513693199223162
3781,2025-03-19,103.43000030517578,3035.89990234375,33.974998474121094,4.25600004196167,19.899999618530273,0.00026348367390129166,-0.01762160478194523,0.008980346137849383,0.015804796041524856,0.0016647383983905374,0.0009312903615090589
3782,2025-03-20,103.8499984741211,3040.0,33.7859992980957,4.232999801635742,19.799999237060547,0.001349626670783865,-0.005578420399859763,0.008881252791946298,0.015688851673278655,0.00192759205498023,0.0011310036212899143
3783,2025-03-21,104.08999633789062,3018.199951171875,33.290000915527344,4.251999855041504,19.280000686645508,-0.007196904393713174,-0.014789415637026342,0.0090141534156959,0.015784552236585373,0.001250049032086994,-0.00021977745234706716
3784,2025-03-24,104.26000213623047,3013.10009765625,33.26499938964844,4.330999851226807,17.479999542236328,-0.0016911295043418105,-0.0007513042428155018,0.009026190231413482,0.015463507447093041,0.0012084060396424941,0.00041550942604971726
3785,2025-03-25,104.18000030517578,3023.699951171875,34.00199890136719,4.307000160217285,17.149999618530273,0.0035117493782604987,0.021913539259017498,0.009026338922268765,0.015857180519729702,0.0012089624560266865,0.0020416270320375096
3786,2025-03-26,104.55000305175781,3020.89990234375,34.03300094604492,4.3379998207092285,18.329999923706055,-0.0009264629905246514,0.0009113558284131655,0.008269049621493158,0.014696904979461464,0.0018711194979695715,0.0032301388279771864
3787,2025-03-27,104.06999969482422,3060.199951171875,34.89699935913086,4.36899995803833,18.690000534057617,0.012925489441903849,0.025070177330519788,0.00860405095298044,0.01528530092575012,0.0022853864603403543,0.0037518969612804357
3788,2025-03-28,104.04000091552734,3086.5,34.64400100708008,4.255000114440918,21.649999618530273,0.008557505502098309,-0.007276267725448901,0.008087598676814512,0.014954997944326427,0.0032446186359678425,0.00407746785679009
3789,2025-03-31,104.20999908447266,3122.800048828125,34.457000732421875,4.245999813079834,22.280000686645508,0.01169228804819296,-0.005412388429938357,0.006940484654227172,0.014224184823079538,0.004573970349990668,0.004699300556303695
3790,2025-04-01,104.26000213623047,3118.89990234375,34.15800094604492,4.156000137329102,21.770000457763672,-0.0012497066576345498,-0.008715344215108854,0.006246437894046274,0.013654089315625843,0.0036264122502216523,0.003060066527475123
3791,2025-04-02,103.80999755859375,3139.89990234375,34.499000549316406,4.196000099182129,21.510000228881836,0.006710576935193882,0.009933507139511303,0.006246945038475832,0.013734494163787057,0.003627393948736272,0.003420241930343022
3792,2025-04-03,102.06999969482422,3097.0,31.8439998626709,4.054999828338623,30.020000457763672,-0.013757020186500003,-0.08008137711888225,0.007308062929781893,0.022194000730151917,0.002879102561104829,-0.0014926819800752898
3793,2025-04-04,103.0199966430664,3012.0,29.115999221801758,3.984999895095825,45.310001373291016,-0.02782959105341858,-0.08956115238527464,0.009917629114726196,0.02924995427259586,0.0015326534360672315,-0.006053666644852311
3794,2025-04-07,103.26000213623047,2951.300048828125,29.510000228881836,4.15500020980835,46.97999954223633,-0.02035854214521939,0.013441372182426027,0.010959491503091182,0.029459961589644836,0.0007578890407182326,-0.004666035068441872
3795,2025-04-08,102.95999908447266,2968.39990234375,29.591999053955078,4.26200008392334,52.33000183105469,0.0057772864227977104,0.0027748258496097964,0.01093631001478091,0.02948988621961736,0.0012581233895722144,-0.004132807688075978
3796,2025-04-09,102.9000015258789,3056.5,30.322999954223633,4.400000095367432,33.619998931884766,0.02924741627141751,0.024402476400346707,0.012476953847629245,0.029731504425174193,0.0022914931187911366,-0.0038667316895945776
3797,2025-04-10,100.87000274658203,3155.199951171875,30.67099952697754,4.394000053405762,40.720001220703125,0.03178139946409088,0.01141106836288995,0.013989166566003361,0.029524748040408253,0.0033784964136943877,-0.004178580005120641
3798,2025-04-11,99.77999877929688,3222.199951171875,31.823999404907227,4.493000030517578,37.560001373291016,0.0210124709703548,0.03690313608834836,0.0142865415069444,0.030547432488180978,0.0036523386227762583,-0.003220888513801098
3799,2025-04-14,99.63999938964844,3204.800048828125,32.09199905395508,4.363999843597412,30.889999389648438,-0.00541463975573675,0.008386045000138093,0.014423154481466431,0.03061435199652641,0.0032320204020462786,-0.003011367355641363
3800,2025-04-15,100.22000122070312,3218.699951171875,32.22700119018555,4.322999954223633,30.1200008392334,0.004327834993182707,0.004197899033648493,0.014421340056214512,0.03065450215240942,0.003350726070972616,-0.0026538105328278005
3801,2025-04-16,99.37999725341797,3326.60009765625,32.92599868774414,4.2789998054504395,32.63999938964844,0.03297325457193712,0.021457931925222776,0.015726929025159687,0.030880101064176445,0.004366970745572689,-0.0023325685969622775
3802,2025-04-17,99.37999725341797,3308.699951171875,32.41999816894531,4.333000183105469,29.649999618530273,-0.005395442489893157,-0.01548711954277044,0.015848765111693818,0.03083073423072929,0.004097498071106287,-0.002230926442715859
3803,2025-04-21,98.27999877929688,3406.199951171875,32.49599838256836,4.40500020980835,33.81999969482422,0.029041937846947277,0.0023414952364157176,0.01673592550741891,0.030836178330446017,0.005416179555685498,-0.0018537876028932167
3804,2025-04-22,98.91999816894531,3400.800048828125,32.880001068115234,4.388999938964844,30.56999969482422,-0.0015865736672474797,0.0117476476084608,0.016568454770508945,0.030823312902360633,0.005683338161707673,-0.0005901179245366861
3805,2025-04-23,99.83999633789062,3276.300048828125,33.518001556396484,4.38700008392334,28.450000762939453,-0.03729596062718759,0.01921805172409203,0.019003610661617258,0.03112465315080517,0.003987870013000731,0.00036080378817319634
3806,2025-04-24,99.29000091552734,3332.0,33.481998443603516,4.304999828338623,26.469999313354492,0.016857972511505684,-0.001074719888308584,0.019208950032019712,0.030730486680503172,0.004623404447917169,-0.0007338752188423313
3807,2025-04-25,99.47000122070312,3282.39990234375,32.98899841308594,4.265999794006348,24.84000015258789,-0.01499789191023496,-0.014833810048116876,0.019652532475476436,0.030880052104453288,0.0039533364041214394,-0.0014836450224866191
3808,2025-04-28,99.01000213623047,3332.5,32.9900016784668,4.216000080108643,25.149999618530273,0.015147940676365497,3.0411657634893594e-05,0.01970916675611943,0.030281085338305445,0.00405916741528628,-0.002676014816433519
3809,2025-04-29,99.23999786376953,3318.800048828125,33.275001525878906,4.172999858856201,24.170000076293945,-0.004119486550149282,0.008601874019253955,0.019758577563701023,0.03035861124997448,0.0034555011270840136,-0.0019199128285905258
3810,2025-04-30,99.47000122070312,3305.0,32.53099822998047,4.177000045776367,24.700000762939453,-0.004166813216927875,-0.022612983680666967,0.01973107453394222,0.030687801112056493,0.002700305828744926,-0.0027389887929109356
3811,2025-05-01,100.25,3210.0,32.18899917602539,4.230999946594238,24.600000381469727,-0.02916553616172506,-0.010568672775276443,0.02091533661736739,0.0307085055854362,0.0013709806142644262,-0.002827242533871297
3812,2025-05-02,100.0,3231.89990234375,31.98900032043457,4.322000026702881,22.68000030517578,0.006799232227835648,-0.00623264996067137,0.020916477199556346,0.030574958209859903,0.001375202294866415,-0.0035970595386419007
3813,2025-05-05,99.83000183105469,3311.300048828125,32.20500183105469,4.3429999351501465,23.639999389648438,0.024270706904035648,0.006729673133900332,0.02118529921412737,0.025094309389545207,0.0031860464420347795,0.0005367999972048889
3814,2025-05-06,99.23999786376953,3411.39990234375,33.112998962402344,4.308000087738037,24.760000228881836,0.029781859324395553,0.02780414633180272,0.020692576154617844,0.015106985898364778,0.005929448840978309,0.006125623745637144
3815,2025-05-07,99.61000061035156,3381.39990234375,32.53099822998047,4.275000095367432,23.549999237060547,-0.008832939557882192,-0.017732496729755336,0.02010497215647294,0.015864793608059605,0.006478287059422938,0.004641153797438032
3816,2025-05-08,100.63999938964844,3296.60009765625,32.37799835205078,4.373000144958496,22.479999542236328,-0.025398132101867026,-0.004714297535000773,0.021276197419316786,0.015992504503829934,0.004993743320153188,0.004284528874361338
3817,2025-05-09,100.33999633789062,3335.39990234375,32.67599868774414,4.375,21.899999618530273,0.011700918988177024,0.00916169439787564,0.02061021124900474,0.015367494779927103,0.004158195830475071,0.003558777350434144
3818,2025-05-12,101.79000091552734,3220.0,32.38800048828125,4.456999778747559,18.389999389648438,-0.03521122337030222,-0.00885282442013804,0.02129414368997183,0.015485531493072961,0.0009680709335992083,0.0025938300750518585
3819,2025-05-13,101.0,3240.300048828125,32.86800003051758,4.499000072479248,18.219999313354492,0.006284573623097743,0.01471154209757003,0.020838629086927775,0.013678986395046928,0.0002667424884917295,0.0015370875040624143
3820,2025-05-14,101.04000091552734,3181.39990234375,32.22600173950195,4.5279998779296875,18.6200008392334,-0.018344612393290653,-0.01972590686783971,0.021202726851471523,0.014335040317916957,-0.0003489704942489327,0.0001984231293968046
3821,2025-05-15,100.87999725341797,3220.699951171875,32.48099899291992,4.454999923706055,17.829999923706055,0.012277391287757004,0.007881637862074197,0.02136077680484366,0.014408777554357892,2.957980549270063e-05,0.00037383926408374293
3822,2025-05-16,101.08999633789062,3182.0,32.15800094604492,4.440999984741211,17.239999771118164,-0.012088782158285714,-0.00999398925079634,0.02011284425100131,0.013726078178756748,-0.0021162314673750537,-0.0011238712681076435
3823,2025-05-19,100.43000030517578,3228.89990234375,32.3129997253418,4.474999904632568,18.139999389648438,0.014631561796196542,0.004808334795945183,0.020422005705930946,0.013374187947563058,-0.0011625645966088771,-0.00015742106150213767
3824,2025-05-20,100.12000274658203,3280.300048828125,32.97999954223633,4.480999946594238,18.09000015258789,0.015793404801633753,0.02043168571460036,0.019631608445871016,0.014105781136262888,-0.0017934471225761878,0.0007040165803161786
3825,2025-05-21,99.55999755859375,3309.300048828125,33.4630012512207,4.5960001945495605,20.8700008392334,0.008801804902702907,0.014539084973958429,0.01976749680715861,0.014227679900458926,-0.0012987624287690265,0.000836942169149399
3826,2025-05-22,99.95999908447266,3292.300048828125,33.047000885009766,4.552999973297119,20.280000686645508,-0.005150277910234424,-0.012509570825573826,0.018006814811291013,0.01385796953517665,0.00023198436727636223,-0.0006738969998823084
3827,2025-05-23,99.11000061035156,3363.60009765625,33.44200134277344,4.508999824523926,22.290000915527344,0.021425434503964738,0.011881817792984332,0.018243701687390698,0.014125080193083353,0.00044948255739346007,-5.691901505883614e-05
3828,2025-05-27,99.5199966430664,3299.10009765625,33.145999908447266,4.434000015258789,18.959999084472656,-0.019362124406121534,-0.008890592253535959,0.018452133264624856,0.013871469084469814,0.00024166196235124218,0.00022609135611168372
3829,2025-05-28,99.87999725341797,3293.60009765625,33.0,4.4770002365112305,19.309999465942383,-0.0016685124798728683,-0.004414481472766957,0.018135062342970583,0.013908466672806449,-0.000559121521279156,1.4429778473500357e-05
3830,2025-05-29,99.27999877929688,3317.10009765625,33.28300094604492,4.423999786376953,19.18000030517578,0.007109715550713264,0.00853922307881762,0.018190299700276916,0.013906539143663651,-2.439761171427294e-05,1.1446400357484376e-05
3831,2025-05-30,99.33000183105469,3288.89990234375,32.891998291015625,4.415999889373779,18.56999969482422,-0.008537804000789136,-0.01181736939409807,0.018264923701490084,0.013210493726735387,-0.00023254002999338057,0.0005255232711464795
3832,2025-06-02,98.69999694824219,3370.60009765625,34.5629997253418,4.461999893188477,18.360000610351562,0.02453766635895122,0.04955432262623009,0.017764091118453673,0.016731635825133557,0.0023247553281340616,0.0033885230521706004
3833,2025-06-03,99.25,3350.199951171875,34.50299835205078,4.460000038146973,17.690000534057617,-0.006070768059979941,-0.0017375087613678431,0.01782390959210065,0.016630844499322495,0.0017118981715714143,0.003602577394994578
3834,2025-06-04,98.79000091552734,3373.5,34.51900100708008,4.364999771118164,17.610000610351562,0.006930750112583484,0.0004636972404338521,0.017114107941612538,0.016628144778380316,0.0008861859434070253,0.003304197590543793
3835,2025-06-05,98.73999786376953,3350.699951171875,35.68899917602539,4.394000053405762,18.479999542236328,-0.006781516425104247,0.03333256871244048,0.01583986514870957,0.017073230738136904,-0.0008549271875215367,0.0035674557991455906
3836,2025-06-06,99.19000244140625,3322.699951171875,36.025001525878906,4.510000228881836,16.770000457763672,-0.008391573926159246,0.009370689272759428,0.015829039207899787,0.016393464505105457,-0.0008339097764871106,0.004858083704027246
3837,2025-06-09,98.94000244140625,3332.10009765625,36.6879997253418,4.48199987411499,17.15999984741211,0.0028250744326858415,0.018236534387529986,0.014804097184060228,0.016488152018801532,0.0005100524394439784,0.005950980462242997
3838,2025-06-10,99.05000305175781,3320.89990234375,36.54199981689453,4.473999977111816,16.950000762939453,-0.003366964044300687,-0.003987439650574705,0.014598304953824403,0.01660935478874509,-0.0002074658001978175,0.0053248312218406
3839,2025-06-11,98.62999725341797,3321.300048828125,36.16600036621094,4.4120001792907715,17.260000228881836,0.000120486130438958,-0.01034281789002882,0.012201660517506418,0.016675996103737486,0.0014749965569803337,0.0052538791518458
3840,2025-06-12,97.91999816894531,3380.89990234375,36.2130012512207,4.35699987411499,18.020000457763672,0.01778563010253441,0.0012987438501763653,0.0126771770252581,0.016552047926020007,0.002022665913143985,0.004615174473398483
3841,2025-06-13,98.18000030517578,3431.199951171875,36.28099822998047,4.423999786376953,20.81999969482422,0.014768122634469274,0.0018759345376784683,0.012061560698919326,0.015608010882904194,0.0035994628192277905,0.005643833587946968
3842,2025-06-16,98.0,3396.39990234375,36.37900161743164,4.452000141143799,19.110000610351562,-0.010194021599707037,0.0026975900657251724,0.012248536190317929,0.015611843142809287,0.0025293955388723597,0.005396974169073205
3843,2025-06-17,98.81999969482422,3386.60009765625,37.09000015258789,4.39300012588501,21.600000381469727,-0.0028895213050230267,0.01935566607328679,0.011857859183054004,0.015478270406276987,0.002967455579503917,0.006794576803553354
3844,2025-06-18,98.91000366210938,3389.800048828125,36.86600112915039,4.396999835968018,20.139999389648438,0.0009444399210661637,-0.006057647913005043,0.011557025747493259,0.015727601942580657,0.002315687871164375,0.006277149055508103
3845,2025-06-20,98.70999908447266,3368.10009765625,35.97600173950195,4.375,20.6200008392334,-0.0064221208610746846,-0.024437649882346094,0.011274963241079641,0.016724723957222614,0.0012578056967496875,0.004140514027082084
3846,2025-06-23,98.41999816894531,3377.699951171875,36.15299987792969,4.320000171661377,19.829999923706055,0.0028461738938607515,0.004907831516734243,0.011149927994197659,0.016556523087241665,0.0009742042201381562,0.003681882910071408
3847,2025-06-24,97.86000061035156,3317.39990234375,35.70100021362305,4.293000221252441,17.479999542236328,-0.018013675886811464,-0.012581223755432625,0.011835473826165108,0.01656003374788889,0.00036166145934877353,0.003678470865792418
3848,2025-06-25,97.68000030517578,3327.10009765625,36.084999084472656,4.293000221252441,16.760000228881836,0.0029197688926843124,0.01069853557138597,0.010835410905264598,0.01653271618360567,-0.0005195607126169611,0.0036221240933353525
3849,2025-06-26,97.1500015258789,3333.5,36.58599853515625,4.252999782562256,16.59000015258789,0.0019217200310753606,0.013788372377911267,0.009943512230128845,0.016414789761529915,0.0004939556891543197,0.004702074790070935
3850,2025-06-27,97.4000015258789,3273.699951171875,36.0369987487793,4.2829999923706055,16.31999969482422,-0.018101974273062114,-0.015119459819264816,0.010737180997570196,0.016871916185433586,-0.0002885901105213588,0.0041923139164281795
3851,2025-06-30,96.87999725341797,3294.39990234375,35.85200119018555,4.230000019073486,16.729999542236328,0.006303198845365553,-0.005146767019170644,0.010710805048524426,0.016959708989268935,-0.0003269956679188688,0.003540600102238262
3852,2025-07-01,96.81999969482422,3336.699951171875,36.082000732421875,4.250999927520752,16.829999923706055,0.012758252337171075,0.006394759637125254,0.010901002135516634,0.016596865992742616,0.0006871022529363793,0.004407844341820326
3853,2025-07-02,96.77999877929688,3348.0,36.42599868774414,4.293000221252441,16.639999389648438,0.003380872641776682,0.009488623021671569,0.009470293511263451,0.013077247531852963,-0.00032036411454812246,0.0024999538844603956
3854,2025-07-03,97.18000030517578,3331.60009765625,36.784000396728516,4.3480000495910645,16.3799991607666,-0.004910454236063616,0.00978020945508253,0.009438397254598718,0.01313205439377884,-0.00026511107531401176,0.0030484166566723185
3855,2025-07-07,97.4800033569336,3332.199951171875,36.6150016784668,4.394999980926514,17.790000915527344,0.0001800334682463348,-0.004604940452187878,0.009294930033518204,0.013228164588204808,-0.0005865737726633997,0.0028070529570236643
3856,2025-07-08,97.51000213623047,3307.0,36.47200012207031,4.414999961853027,16.809999465942383,-0.007591297859755788,-0.003913192095893367,0.009323551108967477,0.01128490580888741,-0.0006251347933610922,0.0010334452994839574
3857,2025-07-09,97.47000122070312,3311.60009765625,36.35100173950195,4.3420000076293945,15.9399995803833,0.0013900517720019155,-0.0033230844876732876,0.009159037355689955,0.011155220190059469,-0.00015934309344865595,0.00042897988232049473
3858,2025-07-10,97.6500015258789,3317.39990234375,37.03799819946289,4.3460001945495605,15.779999732971191,0.0017498283805606845,0.01872260225614796,0.009144513214079561,0.01119445202165846,-0.00021054528640699678,0.00045212597130230296
3859,2025-07-11,97.8499984741211,3356.0,38.67599868774414,4.422999858856201,16.399999618530273,0.011568474452741711,0.04327485466526427,0.00946203601665277,0.014515549661606137,0.0005006660705950222,0.0027027114149136824
3860,2025-07-14,98.08000183105469,3351.5,38.46200180053711,4.427000045776367,17.200000762939453,-0.0013417817890844313,-0.005548430989781301,0.009470350491354012,0.014336709136581013,0.0004310342649034322,0.0029310155530207073
3861,2025-07-15,98.62000274658203,3329.800048828125,37.83399963378906,4.488999843597412,17.3799991607666,-0.006495750023279325,-0.016462628137999764,0.008696187717155229,0.01494866461530417,-0.0007252219315638886,0.00208523593453613
3862,2025-07-16,98.38999938964844,3352.5,37.85300064086914,4.454999923706055,17.15999984741211,0.006794079381100563,0.0005020943467253442,0.008142302831713577,0.014952632089172573,-0.0011049382769623985,0.002019814973062171
3863,2025-07-17,98.7300033569336,3340.10009765625,38.055999755859375,4.4629998207092285,16.520000457763672,-0.0037055602760010316,0.0053484988038978365,0.00789964853360211,0.01496982005687287,-0.0007959639282144936,0.002146048722498965
3864,2025-07-18,98.4800033569336,3353.0,38.222999572753906,4.432000160217285,16.40999984741211,0.003854691586396078,0.004378664774949515,0.007947227910241977,0.014456905685806971,-0.0004748109333850124,0.0014328581844829044
3865,2025-07-21,97.8499984741211,3401.89990234375,39.10100173950195,4.372000217437744,16.649999618530273,0.01447860287732854,0.0227106691096158,0.00859079853665283,0.015061988095133228,0.00016967301691319593,0.0028027780427029446
3866,2025-07-22,97.38999938964844,3439.199951171875,39.31999969482422,4.335999965667725,16.5,0.010904801640990577,0.005585200918381937,0.008756515667456796,0.013711397112172905,0.0009947645646305894,0.004232437604642375
3867,2025-07-23,97.20999908447266,3394.10009765625,39.27799987792969,4.388000011444092,15.369999885559082,-0.013200213092493647,-0.001068724932451854,0.00927183839182865,0.013758621782524773,0.00023065089861371336,0.003947839678490655
3868,2025-07-24,97.37999725341797,3371.0,39.020999908447266,4.4079999923706055,15.390000343322754,-0.006829222657993172,-0.006564602181705882,0.008456859158237429,0.013456543326650063,0.0007632439095098225,0.004234345467715738
3869,2025-07-25,97.6500015258789,3334.0,38.16699981689453,4.386000156402588,14.930000305175781,-0.011036651923321424,-0.02212869728845116,0.008819526517670135,0.014531826887790564,9.865244208097798e-05,0.002671143902961589
3870,2025-07-28,98.66000366210938,3309.10009765625,38.0260009765625,4.420000076293945,15.029999732971191,-0.0074965057238816635,-0.0037011011461839253,0.008960524149830475,0.014363019873015996,-0.00034983449863126127,0.001838311830385628
3871,2025-07-29,98.91000366210938,3323.39990234375,38.08399963378906,4.329999923706055,15.979999542236328,0.0043120472958143976,0.0015240748387354282,0.008026491390117603,0.013829802424084688,0.0007174998617914298,0.0026308610998142107
3872,2025-07-30,99.94000244140625,3295.800048828125,37.566001892089844,4.375999927520752,15.479999542236328,-0.008339380490785232,-0.013694800449260934,0.00815201987614573,0.014191238419142905,2.0234179117582877e-05,0.0022238118888575306
3873,2025-07-31,100.02999877929688,3293.199951171875,36.551998138427734,4.360000133514404,16.719999313354492,-0.0007892237945701002,-0.02736358302676405,0.007611724368813737,0.015542802513872947,-0.0006248837319177111,0.0006162717620056589
3874,2025-08-01,98.69000244140625,3347.699951171875,36.7869987487793,4.21999979019165,20.3799991607666,0.01641380667687466,0.006408634549875711,0.008440821636213684,0.015469252275958231,-4.26782548447419e-06,0.0004696056443010942
3875,2025-08-04,98.77999877929688,3374.39990234375,37.19200134277344,4.199999809265137,17.520000457763672,0.007943973509988255,0.01094923261068545,0.00853283328466341,0.015506491351473842,0.0006078477814703769,0.0005252734136155189
3876,2025-08-05,98.77999877929688,3381.89990234375,37.6870002746582,4.196000099182129,17.850000381469727,0.0022201510582657955,0.013221494196824215,0.008539330125284038,0.01569835651140965,0.0007049962381379702,0.0013741512540446663
3877,2025-08-06,98.18000030517578,3380.0,37.76599884033203,4.21999979019165,16.770000457763672,-0.0005619433653809127,0.0020939815637874963,0.008333147292418859,0.01565185565957295,0.001039727404536774,0.0016602071426008978
3878,2025-08-07,98.4000015258789,3400.300048828125,38.15800094604492,4.24399995803833,16.56999969482422,0.005987967888747476,0.010326262845232513,0.008402923676777684,0.01571783602500326,0.0012586757910484673,0.00231017606321546
3879,2025-08-08,98.18000030517578,3439.10009765625,38.41699981689453,4.284999847412109,15.149999618530273,0.01134616025997749,0.00676460609637975,0.00868709796203737,0.01530469270693802,0.0017156439757826008,0.0017407476746550692
3880,2025-08-11,98.5199966430664,3353.10009765625,37.6619987487793,4.2729997634887695,16.25,-0.025324517441945554,-0.019848469853247078,0.010194585660650582,0.01271995278232114,-4.116516205965001e-05,-0.0012651249214645191
3881,2025-08-12,98.0999984741211,3348.89990234375,37.89899826049805,4.293000221252441,14.729999542236328,-0.0012534156557426127,0.006273085276564444,0.010194040199202071,0.012782345636430813,-3.6957250948134836e-05,-0.000702195575448055
3882,2025-08-13,97.83999633789062,3358.699951171875,38.499000549316406,4.23799991607666,14.489999771118164,0.002922075262479989,0.01570760058111391,0.010102438787108682,0.012726694971162085,0.0004115106198023087,0.0008297200778430723
3883,2025-08-14,98.25,3335.199951171875,37.981998443603516,4.293000221252441,14.829999923706055,-0.007021346864233285,-0.013519958883922833,0.01011584578292034,0.013106903685970143,-0.00024636682045168405,0.00016200325733601627
3884,2025-08-15,97.8499984741211,3336.0,37.89400100708008,4.328000068664551,15.09000015258789,0.0002398515522892742,-0.0023195075284289193,0.010084978571750166,0.013061923143891055,-5.849006672357428e-05,-0.00020313990134621023
3885,2025-08-18,98.16999816894531,3331.699951171875,37.95100021362305,4.341000080108643,14.989999771118164,-0.0012898149154139478,0.0015030447981110365,0.010047583647047697,0.013026513511893597,-0.000303466566809766,-0.00034007418595756635
3886,2025-08-19,98.2699966430664,3313.39990234375,37.26100158691406,4.302000045776367,15.569999694824219,-0.005507846531911064,-0.018348613749446335,0.009509555508844606,0.012462930121744738,-0.001255202252964033,-0.0022952781316271918
3887,2025-08-20,98.22000122070312,3343.39990234375,37.70500183105469,4.296000003814697,15.6899995803833,0.009013401028552843,0.011845514382182482,0.009396917276331823,0.012732804765980552,-0.0013452689487944013,-0.0019971679666843088
3888,2025-08-21,98.62000274658203,3336.89990234375,38.027000427246094,4.329999923706055,16.600000381469727,-0.0019460210593331287,0.00850368475593492,0.00899953057219474,0.012937404808067637,-0.0008093550424534241,-0.0015413389339039858
3889,2025-08-22,97.72000122070312,3374.39990234375,39.00299835205078,4.260000228881836,14.220000267028809,0.011175298783647576,0.025342079023089208,0.009251453421423382,0.014136010631433755,4.8003121434230565e-05,-2.1973162247077082e-05
3890,2025-08-25,98.43000030517578,3373.800048828125,38.676998138427734,4.275000095367432,14.789999961853027,-0.00017778178523024962,-0.008393464012582622,0.008897623858786256,0.013358381057800489,0.0005650921756290484,0.0006320855651752343
3891,2025-08-26,98.2300033569336,3388.60009765625,38.582000732421875,4.257999897003174,14.619999885559082,0.004377165544111227,-0.002459194534489997,0.008735511496783671,0.013340976259076133,0.0011305050931525195,0.0006912239752558976
3892,2025-08-27,98.2300033569336,3404.60009765625,38.68899917602539,4.23799991607666,14.850000381469727,0.0047106015210283785,0.0027694351598420612,0.008743198893380913,0.013347629787020886,0.0011494838657817566,0.0007505268476895468
3893,2025-08-28,97.80999755859375,3431.800048828125,39.189998626708984,4.206999778747559,14.430000305175781,0.007957432015570034,0.01286627656061418,0.008580597857888233,0.013167599493548019,0.0019255225565605787,0.0020153400386359807
3894,2025-08-29,97.7699966430664,3473.699951171875,40.20000076293945,4.2270002365112305,15.359999656677246,0.012135375150160638,0.02544543743390251,0.008835864128986938,0.012289756348884495,0.0025409796491668046,0.004530055298667722
3895,2025-09-02,98.4000015258789,3549.39990234375,41.07099914550781,4.2769999504089355,17.170000076293945,0.02155825335719171,0.021435240936227385,0.009298900509672263,0.012830171735384255,0.0027859533006104734,0.005245607983732087
3896,2025-09-03,98.13999938964844,3593.199951171875,41.54199981689453,4.210999965667725,16.350000381469727,0.012264609179004047,0.011402703706401692,0.009465045724375542,0.012840628561035985,0.002991697856277892,0.00526720184543286
3897,2025-09-04,98.3499984741211,3565.800048828125,40.9109992980957,4.176000118255615,15.300000190734863,-0.007654710471889562,-0.015306000859251006,0.009746407199976685,0.013451519435924373,0.0025214663548419223,0.003908749699905468
3898,2025-09-05,97.7699966430664,3613.199951171875,41.07400131225586,4.085999965667725,15.180000305175781,0.013205346467745164,0.003976391479531736,0.009988646837899257,0.013445091963603982,0.0031770515849907834,0.003998388267321861
3899,2025-09-08,97.44999694824219,3638.10009765625,41.42599868774414,4.046000003814697,15.109999656677246,0.00686780141163577,0.008533321489745038,0.010002861677095767,0.013408542990981353,0.0032189484194140357,0.003913010107536743
3900,2025-09-09,97.79000091552734,3643.300048828125,40.87799835205078,4.073999881744385,15.039999961853027,0.0014282835584511465,-0.01331669065047948,0.009832638836330562,0.013901993933661334,0.0027466685764842096,0.0029567578814958277
3901,2025-09-10,97.77999877929688,3643.60009765625,41.132999420166016,4.0320000648498535,15.350000381469727,8.235294082891736e-05,0.006218724240319515,0.007489940908467545,0.012890914712611588,0.0039565195470925175,0.004198052838332332
3902,2025-09-11,97.54000091552734,3636.89990234375,41.696998596191406,4.011000156402588,14.710000038146973,-0.001840587103648067,0.013618445157770219,0.0075114276250099745,0.013048721051211899,0.003928559001954162,0.004547831880294511
3903,2025-09-12,97.55000305175781,3649.39990234375,42.387001037597656,4.060999870300293,14.760000228881836,0.0034311001737597525,0.016412585827095046,0.007508838181386894,0.013079737580208969,0.003952798283443675,0.004581402606293614
3904,2025-09-15,97.30000305175781,3682.199951171875,42.516998291015625,4.033999919891357,15.6899995803833,0.008947642619622902,0.003062219825449937,0.0071415206960487665,0.012416008993615757,0.004713226354103494,0.005371030163882793
3905,2025-09-16,96.62999725341797,3688.89990234375,42.47100067138672,4.026000022888184,16.360000610351562,0.0018178977764950366,-0.0010824498677873453,0.007100280347004461,0.012380581062958309,0.004788371412399006,0.005429937671532392
3906,2025-09-17,96.87000274658203,3681.800048828125,41.72200012207031,4.076000213623047,15.720000267028809,-0.0019265078645296421,-0.017792935340694444,0.007128834305407863,0.01336362013359953,0.004758052700536354,0.004511081474446416
3907,2025-09-18,97.3499984741211,3643.699951171875,41.707000732421875,4.104000091552734,15.699999809265137,-0.01040214079746196,-0.00035957256245239787,0.007548866400717631,0.012364211814567885,0.004524991068843455,0.00536770248335089
3908,2025-09-19,97.63999938964844,3671.5,42.5359992980957,4.138999938964844,15.449999809265137,0.007600662414640123,0.019681761715175473,0.00751307716397272,0.012683613027432239,0.004457717801514278,0.005740857118255318
3909,2025-09-22,97.33000183105469,3740.699951171875,43.79899978637695,4.14300012588501,16.100000381469727,0.018672448725779663,0.02926022149357021,0.007967852289155771,0.013679349722469326,0.005439549696043458,0.006729263629571285
3910,2025-09-23,97.26000213623047,3780.60009765625,44.19200134277344,4.119999885559082,16.639999389648438,0.010610006389506373,0.008932826417680423,0.007948436921593404,0.01301554626949562,0.005412631010608162,0.005947870648361342
3911,2025-09-24,97.87000274658203,3732.10009765625,43.777000427246094,4.146999835968018,16.18000030517578,-0.01291164894810577,-0.009435232545841922,0.008832774243576534,0.013074791007534479,0.0048062563838045655,0.005898262622968043
3912,2025-09-25,98.55000305175781,3736.89990234375,44.696998596191406,4.171999931335449,16.739999771118164,0.001285260502940439,0.02079777880006118,0.008865991421088626,0.013314268990987758,0.004659022810415482,0.0070057375436609545
3913,2025-09-26,98.1500015258789,3775.300048828125,46.22100067138672,4.186999797821045,15.289999961853027,0.010223498096000606,0.033527900927235434,0.008948825517791404,0.0144668975357777,0.004921541694937968,0.008470426389727306
3914,2025-09-29,97.91000366210938,3820.89990234375,46.61199951171875,4.140999794006348,16.1200008392334,0.012006108728818521,0.008423753442250954,0.009060417931516126,0.014431842148135567,0.005114335824140277,0.008258877669805247
3915,2025-09-30,97.7699966430664,3840.800048828125,46.25299835205078,4.1479997634887695,16.280000686645508,0.005194719543134664,-0.007731717144935334,0.00891695293273475,0.014271417646687547,0.004783828414281897,0.006679013166051065
3916,2025-10-01,97.70999908447266,3867.5,47.290000915527344,4.105999946594238,16.290000915527344,0.006927612517481628,0.02217258492499441,0.008072367508828296,0.01431039106982589,0.00408713123143856,0.00671412478456378
3917,2025-10-02,97.8499984741211,3839.699951171875,46.0,4.0879998207092285,16.6299991607666,-0.0072140776340165556,-0.027657479526539994,0.008203782473146853,0.016097387956453827,0.0031595747165328167,0.004854116059185605
3918,2025-10-03,97.72000122070312,3880.800048828125,47.59700012207031,4.11899995803833,16.649999618530273,0.010647104699776156,0.0341283401166873,0.007966194109638313,0.01660827898834677,0.004031089724707375,0.007208132296135049
3919,2025-10-06,98.11000061035156,3948.5,48.082000732421875,4.1620001792907715,16.3700008392334,0.017294429424654912,0.010138165326561265,0.0082466900815944,0.01660275818924195,0.004225807960750696,0.007501550098374549
3920,2025-10-07,98.58000183105469,3976.60009765625,47.17900085449219,4.126999855041504,17.239999771118164,0.007091447444070091,-0.018959005487523575,0.008250416124363658,0.017572899914307816,0.004236457771818998,0.006192391670885568
3921,2025-10-08,98.8499984741211,4043.300048828125,48.65599822998047,4.129000186920166,16.299999237060547,0.016633994907520277,0.03082619811195045,0.008649249201372194,0.017761709003253003,0.004960539264631813,0.008294433992906039
3922,2025-10-09,99.54000091552734,3946.300048828125,46.849998474121094,4.1479997634887695,16.43000030517578,-0.024282758867578195,-0.037824118441793564,0.010722160598845067,0.020420343223346637,0.003800295845183855,0.006197155769948276
3923,2025-10-10,98.9800033569336,3975.89990234375,46.9379997253418,4.051000118255615,21.65999984741211,0.007472669571045818,0.0018765999645109822,0.010669655582691548,0.020367663993649508,0.004243784258264517,0.005638020284554978
3924,2025-10-13,99.2699966430664,4108.60009765625,50.130001068115234,4.051000118255615,19.030000686645508,0.03283124863445809,0.06579207650283045,0.012353649771248056,0.024169342978714634,0.00564379132782158,0.00798942460244714
3925,2025-10-14,99.05000305175781,4138.7001953125,50.31399917602539,4.021999835968018,20.809999465942383,0.007299414410765657,0.0036636994399945285,0.012336834162914881,0.02416356774589657,0.00556530427025695,0.008018066488854026
3926,2025-10-15,98.79000091552734,4176.89990234375,51.073001861572266,4.046000003814697,20.639999389648438,0.009187545165353398,0.014972666263086163,0.012329721905590155,0.02411517424459207,0.0059162398602025865,0.008782595828419431
3927,2025-10-16,98.38999938964844,4280.2001953125,53.02299880981445,3.9760000705718994,25.309999465942383,0.02443046188439831,0.037469740949892895,0.012823080950802443,0.024085368159016605,0.007171333657770583,0.011414151842256923
3928,2025-10-17,98.43000030517578,4189.89990234375,49.86399841308594,4.006999969482422,20.780000686645508,-0.02132293911227755,-0.061426491553587786,0.013758716232636112,0.028802481207494863,0.006651295642779366,0.008506203318869523
3929,2025-10-20,98.58999633789062,4336.39990234375,51.11899948120117,3.9860000610351562,18.229999542236328,0.03436764429162454,0.024856970232058594,0.015032003277529519,0.028924762381663437,0.007925913827397671,0.008752641819673482
3930,2025-10-21,98.93000030517578,4087.699951171875,47.45000076293945,3.9630000591278076,17.8700008392334,-0.059062035540049886,-0.07447969677901761,0.02074050934602706,0.03371010542011572,0.0042242717195010255,0.0038126457114550146
3931,2025-10-22,98.9000015258789,4044.39990234375,47.46099853515625,3.953000068664551,18.600000381469727,-0.01064926865576389,0.00023174916179062298,0.02093119371113329,0.033697496598403494,0.0032119252887738694,0.003398308699269786
3932,2025-10-23,98.94000244140625,4125.5,48.481998443603516,3.990999937057495,17.299999237060547,0.019854040473195667,0.021284272636443984,0.020890385830045415,0.033779206578393194,0.004772196213597747,0.004861142279378637
3933,2025-10-24,98.94999694824219,4118.39990234375,48.37699890136719,3.996999979019165,16.3700008392334,-0.0017225098547725875,-0.0021680914782260287,0.02092576891588643,0.0336087889648123,0.004628969053706651,0.003767529408984009
3934,2025-10-27,98.77999877929688,4001.89990234375,46.5620002746582,3.996999979019165,15.789999961853027,-0.028695490766858036,-0.03823970772890121,0.022096208923834938,0.034076880724887876,0.002775683869761001,0.00035002423488226446
3935,2025-10-28,98.69000244140625,3966.199951171875,47.125,3.9830000400543213,16.420000076293945,-0.008960778782097539,0.01201888204232268,0.02213194406438565,0.03412846148318741,0.001777260654955475,0.00052122083488568
3936,2025-10-29,99.22000122070312,3983.699951171875,47.72100067138672,4.058000087738037,16.920000076293945,0.004402578266743398,0.012567920885157555,0.022126502602445735,0.03417047484851469,0.001739539641793986,0.0014878702648901032
3937,2025-10-30,99.52999877929688,4001.300048828125,48.428001403808594,4.0929999351501465,16.90999984741211,0.004408297096619672,0.014706621179701264,0.022103785059109985,0.03398282703635341,0.0016195722408005593,0.0011323481817809057
3938,2025-10-31,99.80000305175781,3982.199951171875,47.99399948120117,4.10099983215332,17.440000534057617,-0.0047849023856938715,-0.009002195547953992,0.02206156069846562,0.03343197055358604,0.0017352472526254489,0.0020206950379040487
3939,2025-11-03,99.87000274658203,4000.300048828125,47.88800048828125,4.105999946594238,17.170000076293945,0.0045349523774452045,-0.002211030978419181,0.02197827038571784,0.03261752320940245,0.001444192380133499,0.0002902487952799308
3940,2025-11-04,100.22000122070312,3947.699951171875,47.130001068115234,4.089000225067139,19.0,-0.013236252040332198,-0.01595519770785064,0.02188696647635837,0.03272045797545563,-9.649594389696656e-06,-0.0009522923015968266
3941,2025-11-05,100.19999694824219,3980.300048828125,47.862998962402344,4.1570000648498535,18.010000228881836,0.008224087134207535,0.015432978063345005,0.02190672702954081,0.03263470434354111,4.4285628950181636e-05,0.0006854212008254866
3942,2025-11-06,99.7300033569336,3979.89990234375,47.79399871826172,4.0929999351501465,19.5,-0.0001005367923334668,-0.0014426598739446322,0.021574940147892446,0.03189589011491605,-0.0007525968329476157,-0.0008511910842171364
3943,2025-11-07,99.5999984741211,3999.39990234375,48.016998291015625,4.0929999351501465,19.079999923706055,0.004887656635851291,0.0046549974929010725,0.02091313595345664,0.030760648144117515,0.000636470571977598,0.001171623960292132
3944,2025-11-10,99.62000274658203,4111.7998046875,50.176998138427734,4.110000133514404,17.600000381469727,0.027716515886168476,0.04400163799506155,0.021695927527905213,0.03215101996776571,0.0016004632536501056,0.0031775781522231116
3945,2025-11-11,99.45999908447266,4106.7998046875,50.61800003051758,4.119999885559082,17.280000686645508,-0.0012167524528548244,0.008750527588091883,0.02048369719300945,0.028835138409498626,-2.087013146003321e-05,0.0004613139181879417
3946,2025-11-12,99.4800033569336,4204.39990234375,53.332000732421875,4.065000057220459,17.510000228881836,0.02348748385555354,0.05222929512220047,0.021069188893743433,0.030973099334399058,0.0007499903182917707,0.00277396133162632
3947,2025-11-13,99.18000030517578,4186.89990234375,53.07400131225586,4.111999988555908,20.0,-0.004170992761122764,-0.00484934911198655,0.02100326225961856,0.030884667715931645,0.00011386946465004875,0.0018300558375752385
3948,2025-11-14,99.2699966430664,4087.60009765625,50.59000015258789,4.1479997634887695,19.829999923706055,-0.024002555332014903,-0.047933259554467075,0.0208582634311254,0.03157224783295351,-0.002192464688512485,-0.0022367537102514273
3949,2025-11-17,99.58999633789062,4068.300048828125,50.625,4.132999897003174,22.3799991607666,-0.0047327908648018505,0.0006915941066914226,0.02040675738378836,0.028510998990491632,-0.0014024576291088802,0.0007212503688094876
3950,2025-11-18,99.55000305175781,4061.300048828125,50.45000076293945,4.123000144958496,24.690000534057617,-0.0017221023533426794,-0.0034627635044004925,0.018691300847858784,0.027977065109461147,-0.0031210169931549384,-0.0006273083805457071
3951,2025-11-19,100.2300033569336,4077.699951171875,50.790000915527344,4.132999897003174,23.65999984741211,0.004029960569867122,0.0067167409165909105,0.01363723045943181,0.022293650940626866,-0.00011663622601603321,0.003239188652578508
3952,2025-11-20,100.16000366210938,4056.5,50.24700164794922,4.105999946594238,26.420000076293945,-0.0052125591455094164,-0.010748626377484014,0.01347795544917366,0.02249556662781878,0.00014225470304370363,0.0027163136268987635
3953,2025-11-21,100.18000030517578,4076.699951171875,49.87300109863281,4.063000202178955,23.43000030517578,0.004967292782076356,-0.00747108027743647,0.012761816188431753,0.02218180501414902,-0.000566638044152454,0.0013470111071901708
3954,2025-11-24,100.13999938964844,4091.89990234375,50.29499816894531,4.038000106811523,20.520000457763672,0.0037215603622990662,0.00842583599603129,0.012792420267252582,0.022218302074807916,-0.00030739660524428,0.0018514838440595667
3955,2025-11-25,99.66000366210938,4139.2001953125,50.933998107910156,4.001999855041504,18.559999465942383,0.01149319363831883,0.012625007656006288,0.011245842335280183,0.020320707661963217,0.0016063502711927136,0.004273613148102782
3956,2025-11-26,99.5999984741211,4165.2001953125,52.91600036621094,3.997999906539917,17.190000534057617,0.006261760929431564,0.03817511768473202,0.01101896880542276,0.02158166757864383,0.0023312331145988615,0.005519148178693702
3957,2025-11-28,99.45999908447266,4218.2998046875,56.44599914550781,4.017000198364258,16.350000381469727,0.012667816416397979,0.06457865625867037,0.011242008047932706,0.025124582316502244,0.0027248158836300318,0.007995849863146694
3958,2025-12-01,99.41000366210938,4239.2998046875,58.417999267578125,4.0960001945495605,17.239999771118164,0.004965958221290471,0.03433963520547157,0.011246841112341349,0.025744415214427906,0.002751371175281022,0.00893075529294528
3959,2025-12-02,99.36000061035156,4186.60009765625,57.983001708984375,4.085999965667725,16.59000015258789,-0.01250914319860585,-0.007474155376065649,0.011625565452879181,0.025693304066251327,0.0023835501841899757,0.009003519110654248
3960,2025-12-03,98.8499984741211,4199.2998046875,57.92100143432617,4.057000160217285,16.079999923706055,0.0030288262173034956,-0.0010698557235385034,0.011616271501508806,0.025669595059415712,0.0023118298908498943,0.00905786078945809
3961,2025-12-04,98.98999786376953,4211.7998046875,56.84700012207031,4.107999801635742,15.779999732971191,0.0029722651693542806,-0.018716587382344694,0.011056532701991814,0.025810817478250266,0.0030836640436921075,0.00892636604305361
3962,2025-12-05,98.98999786376953,4212.89990234375,58.422000885009766,4.138999938964844,15.40999984741211,0.00026116008896670296,0.027329095870308698,0.011007864117063233,0.026089798302009817,0.0027044770415377817,0.009492847843385216
3963,2025-12-08,99.08999633789062,4187.2001953125,57.77899932861328,4.171999931335449,16.65999984741211,-0.006118924040939417,-0.011067170131485166,0.011161812002617587,0.026374485312009532,0.0024178871725565464,0.00903453783112138
3964,2025-12-09,99.22000122070312,4206.7001953125,60.16899871826172,4.185999870300293,16.93000030517578,0.0046462393338665645,0.04053187197222852,0.011159265120159752,0.027224876795790005,0.0024063911105572738,0.010742960425375068
3965,2025-12-10,98.79000091552734,4196.39990234375,60.37900161743164,4.164000034332275,15.770000457763672,-0.002451547168984526,0.003484140940118092,0.009566196842495234,0.026165105112991634,0.0009698166793595118,0.008813555803711095
3966,2025-12-11,98.3499984741211,4285.5,63.92900085449219,4.140999794006348,14.850000381469727,0.021010239753042382,0.057131716759903195,0.010496557144205476,0.028209423454787767,0.0020282448796403313,0.011117421954749728
3967,2025-12-12,98.4000015258789,4300.10009765625,61.36199951171875,4.193999767303467,15.739999771118164,0.003401069596484952,-0.04098236281946611,0.009289045630960424,0.028745346519428675,0.0010717489625418268,0.0066787715765751305
3968,2025-12-15,98.1500015258789,4306.7001953125,62.939998626708984,4.182000160217285,16.5,0.001533693992035725,0.025391126722667915,0.009211147428442246,0.02889602622206856,0.0013434007126922312,0.008118794235368201
3969,2025-12-16,98.1500015258789,4304.5,62.70000076293945,4.14900016784668,16.479999542236328,-0.0005110078294488002,-0.0038204100102420964,0.007182086664874674,0.0260841470212667,0.0024620458318620453,0.010219406118426531
3970,2025-12-17,98.37000274658203,4347.5,66.23699951171875,4.151000022888184,17.6200008392334,0.009939980130428714,0.054877752017617534,0.007160828474479946,0.027723119410192516,0.0031607492125873106,0.012799699352280156
3971,2025-12-18,98.43000030517578,4339.5,64.59200286865234,4.116000175476074,16.8700008392334,-0.0018418331441386099,-0.025148603302118783,0.007164957072440546,0.028744250637612177,0.0031550477463589324,0.011767040314293572
3972,2025-12-19,98.5999984741211,4361.39990234375,66.84500122070312,4.151000022888184,14.90999984741211,0.005033950243312225,0.034285916174315596,0.0071744302887690676,0.02912905751515711,0.0032028567784277476,0.013079858183709032
3973,2025-12-22,98.29000091552734,4444.60009765625,67.90599822998047,4.169000148773193,14.079999923706055,0.018896813791643464,0.01574784514116291,0.007672193052102133,0.028614620162410204,0.004350922156387408,0.014341594922692219
3974,2025-12-23,97.94000244140625,4482.7998046875,70.48500061035156,4.169000148773193,14.0,0.008557909489307347,0.03727556004425465,0.00772643457334867,0.028575127205871586,0.0045219039043507886,0.016472387318963222
3975,2025-12-24,97.9800033569336,4480.60009765625,71.03099822998047,4.136000156402588,13.470000267028809,-0.0004908198003828014,0.007716446667799441,0.007802556357104631,0.028585532566004747,0.004321314372794509,0.01643860687476171
3976,2025-12-26,98.0199966430664,4529.10009765625,76.48600006103516,4.136000156402588,13.600000381469727,0.010766277995574931,0.07399134179679479,0.007770695772607369,0.03119383120589197,0.004286699342187656,0.019360813262418303
3977,2025-12-29,98.04000091552734,4325.10009765625,69.85600280761719,4.116000175476074,14.199999809265137,-0.04608798173882948,-0.09067169778776503,0.013436670147584822,0.03900239084700539,0.0017938544532228456,0.013225250620870824
3978,2025-12-30,98.23999786376953,4370.10009765625,77.3740005493164,4.130000114440918,14.329999923706055,0.010350630404542907,0.10221479339062806,0.013352156708979367,0.04221270242185727,0.0016835122621821279,0.015017447627154522
3979,2025-12-31,98.27999877929688,4325.60009765625,70.13400268554688,4.163000106811523,14.949999809265137,-0.010235032825325435,-0.09824307780431558,0.01357548470899788,0.048608532488325765,0.0009596555456766088,0.008703985102878944
3980,2026-01-02,98.41999816894531,4314.39990234375,70.55599975585938,4.186999797821045,14.510000228881836,-0.0025926392560806856,0.005998981143650036,0.013252175752950141,0.04847304888461375,0.0014318700191301881,0.009345563032389214
3981,2026-01-05,98.2699966430664,4436.89990234375,76.16400146484375,4.164999961853027,14.899999618530273,0.027997669976117596,0.07648221205609913,0.014467043465300294,0.05054957057879561,0.0026208625790737163,0.013038518640943388
3982,2026-01-06,98.58000183105469,4482.2001953125,80.52999877929688,4.178999900817871,14.75,0.010158128512449065,0.05574084130399784,0.014560451468396013,0.05082139690353863,0.0029630465477925158,0.01658411048315018
3983,2026-01-07,98.68000030517578,4449.2998046875,77.13500213623047,4.138000011444092,15.380000114440918,-0.007367304357957669,-0.043072609490488835,0.014725453780884783,0.052375441830288576,0.0025997863360342124,0.013231648323112197
3984,2026-01-08,98.93000030517578,4449.7001953125,74.71600341796875,4.183000087738037,15.449999809265137,8.998553214307117e-05,-0.03186285611540196,0.014603470871056429,0.05305008319071556,0.0028954486966571882,0.012241377561973302
3985,2026-01-09,99.12999725341797,4490.2998046875,78.88400268554688,4.171000003814697,14.489999771118164,0.009082749101682023,0.05428414794887768,0.014662038365307425,0.0534997490843571,0.0031067110665531626,0.012896247846575644
3986,2026-01-12,98.86000061035156,4604.2998046875,84.61000061035156,4.186999797821045,15.119999885559082,0.025071135876622564,0.07007401715803904,0.015354116330645233,0.054869854954594836,0.004417315021105881,0.016067194333143308
3987,2026-01-13,99.12999725341797,4589.2001953125,85.87699890136719,4.171000003814697,15.979999542236328,-0.003284847544970745,0.014863556993312911,0.014951369033891982,0.054057421938221197,0.0032604061021528747,0.014054424820448533
3988,2026-01-14,99.12999725341797,4626.2998046875,90.86900329589844,4.139999866485596,16.75,0.008051610829708839,0.05650291804211882,0.01498795298517297,0.053274938766353905,0.0034818604465921077,0.018696581051952578
3989,2026-01-15,99.31999969482422,4616.2998046875,91.8759994506836,4.159999847412109,15.84000015258789,-0.002163894212595402,0.011020890663073043,0.015033633678662056,0.05327694050130997,0.003305784817800149,0.018012284096733774
3990,2026-01-16,99.38999938964844,4588.39990234375,88.09100341796875,4.230999946594238,15.859999656677246,-0.0060621179774391735,-0.04206942596458179,0.015152434054942324,0.054695578924333625,0.003041446239324417,0.01619090238462236
3991,2026-01-20,98.63999938964844,4759.60009765625,94.20600128173828,4.295000076293945,20.09000015258789,0.036632293474919336,0.06711347754309907,0.016790998785572653,0.05519122856673979,0.004312508779538256,0.016773555981073864
3992,2026-01-21,98.76000213623047,4831.7998046875,92.20999908447266,4.252999782562256,16.899999618530273,0.015055377008505682,-0.021415312804807362,0.01688592625735721,0.055055287114785335,0.005117137834426079,0.01695133171904107
3993,2026-01-22,98.36000061035156,4908.7998046875,95.97599792480469,4.249000072479248,15.640000343322754,0.015810444337397162,0.04002956396827427,0.01704626038262848,0.055159876197851974,0.0056303042198586955,0.017224838756848628
3994,2026-01-23,97.5999984741211,4976.2001953125,100.92500305175781,4.238999843597412,16.09000015258789,0.013637113842028292,0.050279558386278456,0.016879412356921017,0.05562638268074941,0.005379842317496069,0.01886920605423508
3995,2026-01-26,97.04000091552734,5079.7001953125,115.08000183105469,4.2129998207092285,16.149999618530273,0.02058565637353524,0.13124985761761132,0.01719377650519872,0.06072724847348247,0.005952592169125968,0.023344172605347307
3996,2026-01-27,96.22000122070312,5079.89990234375,105.52300262451172,4.2230000495910645,16.350000381469727,3.931395514705028e-05,-0.08669859108884624,0.017184229585144022,0.06526740092999213,0.005977836633675008,0.018848218426459413
3997,2026-01-28,96.44999694824219,5301.60009765625,113.11100006103516,4.250999927520752,16.350000381469727,0.04271712307880896,0.06944067448945235,0.018952821309980904,0.06508245497676603,0.007499305447162344,0.01863151998325263
3998,2026-01-29,96.27999877929688,5318.39990234375,114.03700256347656,4.2270002365112305,16.8799991607666,0.0031638076649501356,0.008153341623586855,0.014518740537195634,0.060171443230036634,0.00984462875210423,0.023337474240936056
3999,2026-01-30,96.98999786376953,4713.89990234375,78.29000091552734,4.241000175476074,17.440000534057617,-0.1206569177115754,-0.37610308700481104,0.03196012318251438,0.10364567421875714,0.0036061740799081202,0.0005604323173437197
4000,2026-02-02,97.61000061035156,4622.5,76.77799987792969,4.275000095367432,16.34000015258789,-0.0195798858862585,-0.0195017534205199,0.03222642196301491,0.10129008488814982,0.003161181077006545,0.004310019192762561
4001,2026-02-03,97.44000244140625,4903.7001953125,83.04199981689453,4.27400016784668,18.0,0.05905437776175919,0.0784283625076356,0.03440989622638338,0.10257545805517665,0.0060967533159513015,0.00775903735295235
4002,2026-02-04,97.62000274658203,4920.39990234375,84.16500091552734,4.275000095367432,18.639999389648438,0.0033997461243729043,0.013432667047822297,0.03404381778275,0.10137911763531009,0.0049254236087253635,0.004756678066843929
4003,2026-02-05,97.81999969482422,4861.39990234375,76.52899932861328,4.210000038146973,21.770000457763672,-0.012063365980342067,-0.09510942355652635,0.03421794435428991,0.10291859733892554,0.003867257204306738,-0.0024266678788953185
4004,2026-02-06,97.62999725341797,4951.2001953125,76.73500061035156,4.205999851226807,20.3700008392334,0.018303568705588632,0.0026881903887896004,0.034255047350291994,0.10249856244475215,0.005089679731142276,-0.00024758217035825
4005,2026-02-09,96.81999969482422,5050.89990234375,82.06500244140625,4.197999954223633,17.360000610351562,0.01993641500519393,0.0671537103524874,0.0343837445305393,0.1032462213001125,0.006034747801287555,0.004467492423350768
4006,2026-02-10,96.80000305175781,5003.7998046875,80.21800231933594,4.146999835968018,17.790000915527344,-0.009368841148208894,-0.022763688428083004,0.034537375090003486,0.10275524270212494,0.005156100646530845,0.000798547833971687
4007,2026-02-11,96.83000183105469,5071.60009765625,83.75399780273438,4.171999931335449,17.649999618530273,0.013458784179660236,0.04313594701844096,0.034294686334613494,0.10201264812633573,0.004603131518104067,-0.00048421741077107894
4008,2026-02-12,96.93000030517578,4923.7001953125,75.5459976196289,4.104000091552734,20.81999969482422,-0.02959604886955879,-0.10314219378519979,0.035069151871413594,0.10434835917269299,0.0033502171693141603,-0.006103538876414541
4009,2026-02-13,96.87999725341797,5022.0,77.85099792480469,4.056000232696533,20.600000381469727,0.01976794067778529,0.030055006017955858,0.0352404668117583,0.10371262315079921,0.003908137638270182,-0.007362963258517539
4010,2026-02-17,97.16000366210938,4882.89990234375,73.4469985961914,4.052000045776367,20.290000915527344,-0.028088975078812035,-0.058232678195794293,0.03591152352951608,0.10419873851732928,0.0026736099779741513,-0.010660752251796937
4011,2026-02-18,97.69999694824219,4986.5,77.50900268554688,4.078999996185303,19.6200008392334,0.020994975203204404,0.053830054736415583,0.03606747057464264,0.10485279275804593,0.003962042986576227,-0.006094110313654205
4012,2026-02-19,97.93000030517578,4975.89990234375,77.56500244140625,4.074999809265137,20.229999542236328,-0.0021280217137131566,0.000722232694612371,0.035295503428143325,0.10352762420762553,0.002116313691879441,-0.009255598163582143
4013,2026-02-20,97.80000305175781,5059.2998046875,82.28299713134766,4.085999965667725,19.09000015258789,0.016621856057854087,0.05904816413025689,0.03532585865511701,0.1045391365418125,0.0021909079323246036,-0.005424004023817179
4014,2026-02-23,97.69999694824219,5204.7001953125,86.52300262451172,4.0289998054504395,21.010000228881836,0.028334005840505903,0.05024581475846893,0.03567129591053525,0.1047847205401206,0.0027872680039012104,-0.004937515890950765
4015,2026-02-24,97.87999725341797,5155.7998046875,87.45700073242188,4.0329999923706055,19.549999237060547,-0.009439844361431814,0.01073694749555926,0.035675797697804185,0.10409588336733584,0.001688365232307872,-0.006820497361937395
4016,2026-02-25,97.69999694824219,5206.39990234375,90.93900299072266,4.047999858856201,17.93000030517578,0.009766362602618253,0.03904173258606675,0.03546676127592529,0.09983839608054712,0.0011731607670261107,-0.011211360458677613
4017,2026-02-26,97.79000091552734,5176.5,86.99800109863281,4.017000198364258,18.6299991607666,-0.0057594670615880765,-0.0443038424494124,0.03549858982875039,0.09865731361636405,0.0008970283376577712,-0.009192562904418857
4018,2026-02-27,97.61000061035156,5230.5,92.68199920654297,3.9619998931884766,19.860000610351562,0.010377723577647786,0.0632891278862492,0.034274012826185946,0.09842101353353747,-0.0006429430671594276,-0.009485493695047578
4019,2026-03-02,98.37999725341797,5294.39990234375,88.28399658203125,4.047999858856201,21.440000534057617,0.012142763938335153,-0.0486154183765808,0.034379719988839624,0.09869155968582598,-0.00021537372080776006,-0.012188767980769849
4020,2026-03-03,99.05000305175781,5107.39990234375,82.9229965209961,4.056000232696533,23.56999969482422,-0.0359591903930027,-0.06264642761396048,0.022437861797662526,0.05487896212748563,0.0038178513896004636,0.0027377396092706546
4021,2026-03-04,98.7699966430664,5120.2001953125,82.63300323486328,4.079999923706055,21.149999618530273,0.0025030895869677847,-0.003503268780937199,0.021794730475178794,0.05466542630041652,0.004869421650230287,0.003499572211155546
4022,2026-03-05,99.31999969482422,5065.2998046875,81.68699645996094,4.145999908447266,23.75,-0.01078021153640931,-0.011514328486069848,0.018134049715342396,0.051957697711177045,0.0015439650169841678,-0.0007834130742589997
4023,2026-03-06,98.98999786376953,5146.10009765625,83.81600189208984,4.132999897003174,29.489999771118164,0.015825837818907902,0.02572911548343984,0.018398437975210503,0.052194666460997456,0.002135683669104882,-0.00019786791065816434
4024,2026-03-09,99.18000030517578,5091.5,84.03199768066406,4.136000156402588,25.5,-0.010666682586894306,0.0025737084547117705,0.018346995772763067,0.0474503749721477,0.002202192402126204,0.004453709804162699
4025,2026-03-10,98.83000183105469,5229.7001953125,89.08300018310547,4.136000156402588,24.93000030517578,0.02678146977213648,0.05837087039100905,0.01880652682587731,0.048881008117684144,0.0026059019767237204,0.007105265994744577
4026,2026-03-11,99.2300033569336,5167.39990234375,85.06500244140625,4.208000183105469,24.229999542236328,-0.01198431063117268,-0.04615282263613243,0.01862487052465449,0.04816965665985719,0.0010858674226110244,0.0017097168048102991
4027,2026-03-12,99.73999786376953,5115.7998046875,84.66999816894531,4.2729997634887695,27.290000915527344,-0.010035890037833716,-0.004654372806172859,0.01864415110780699,0.047870791715185275,0.0010541031897717476,0.002572065167758401
4028,2026-03-13,100.36000061035156,5052.5,80.91400146484375,4.284999847412109,27.190000534057617,-0.012450581437074204,-0.04537444568017897,0.018639502900640405,0.04801699776850281,-0.00017967612531084485,-0.0016427154369377858
4029,2026-03-16,99.70999908447266,4994.0,80.26300048828125,4.21999979019165,23.510000228881836,-0.011645978438057513,-0.008078131604690005,0.017606009448996908,0.04208418364415402,0.0006750891333320731,0.002884144666896013
4030,2026-03-17,99.58000183105469,5001.0,79.52999877929688,4.202000141143799,22.3700008392334,0.0014007005791852262,-0.009174455123458344,0.017057778809380794,0.04168659318013229,-0.0001995413475536443,0.0010160750887334322
4031,2026-03-18,100.08999633789062,4889.89990234375,77.23799896240234,4.258999824523926,25.09000015258789,-0.022466059027850406,-0.029242743148298937,0.016637049127952077,0.04007530568143968,6.821655963500475e-05,0.0023965481862332112
4032,2026-03-19,99.2300033569336,4600.7001953125,70.9020004272461,4.281000137329102,24.059999465942383,-0.0609633251253208,-0.08559290256097903,0.020619024009901493,0.04259793719725436,-0.003834559646485243,-0.004242640256499865
4033,2026-03-20,99.6500015258789,4570.39990234375,69.36000061035156,4.390999794006348,26.780000686645508,-0.006607801222592188,-0.02198830663875218,0.020623658720365194,0.042753586616669975,-0.0040478824802413875,-0.0053240945104696055
4034,2026-03-23,98.94999694824219,4404.10009765625,69.04900360107422,4.334000110626221,26.149999618530273,-0.037064759654085296,-0.004493891628405335,0.021251272830674857,0.04013852177142714,-0.006604387990333739,-0.008349906689453521
4035,2026-03-24,99.43000030517578,4399.2998046875,69.27400207519531,4.392000198364258,26.950000762939453,-0.001090554444362892,0.0032532357356046945,0.019749448268049925,0.03795921211045782,-0.008005557527708445,-0.010587648547685152
4036,2026-03-25,99.5999984741211,4549.7998046875,72.36100006103516,4.328000068664551,25.329999923706055,0.03363784006254085,0.043597795685774,0.021730811626985962,0.03952716718957235,-0.005954239221804983,-0.009022846252913021
4037,2026-03-26,99.9000015258789,4375.5,67.6709976196289,4.415999889373779,27.440000534057617,-0.03906243403134702,-0.06700978850855925,0.022561075928622235,0.03985263654431997,-0.008279420013898567,-0.01407291868599045
4038,2026-03-27,100.1500015258789,4492.0,69.54499816894531,4.440000057220459,31.049999237060547,0.026277237882447974,0.027316306173566753,0.0237896842682086,0.04019922428047915,-0.006753862635611137,-0.01066243541822954
4039,2026-03-30,100.51000213623047,4526.0,70.3239974975586,4.3420000076293945,30.610000610351562,0.007540510335148854,0.011139100266054582,0.023695396263047775,0.036875818585862204,-0.006888968028111087,-0.013145770066810234
4040,2026-03-31,99.95999908447266,4647.60009765625,74.69000244140625,4.310999870300293,25.25,0.026512431127413087,0.06023314806008035,0.024467376233381796,0.03921651350492837,-0.006204698161964519,-0.007962504998397799
4041,2026-04-01,99.6500015258789,4783.2001953125,75.86699676513672,4.318999767303467,24.540000915527344,0.02875884107881785,0.015635517552750514,0.024607641618498998,0.03743889780992189,-0.0031228871394968732,-0.0042347933237925125
4042,2026-04-02,100.02999877929688,4651.5,72.73500061035156,4.313000202178955,23.8700008392334,-0.02792007119110018,-0.04215905699204803,0.025149447849499164,0.038340566192070824,-0.0045716090813096326,-0.006075545143369219
4043,2026-04-06,99.9800033569336,4656.7998046875,72.66100311279297,4.335000038146973,24.170000076293945,0.0011387268075569185,-0.0010178753480512444,0.025136816545003122,0.03833453633757935,-0.0040040405887398125,-0.005575714041558809
4044,2026-04-07,99.63999938964844,4657.10009765625,71.82599639892578,4.3429999351501465,25.780000686645508,6.448275631096513e-05,-0.011558354907611788,0.024747414194372114,0.037669832599968686,-0.004754581306006334,-0.007351307869704125
4045,2026-04-08,99.12999725341797,4749.5,75.2239990234375,4.290999889373779,21.040000915527344,0.01964639155775591,0.046223838631510875,0.025263994551025137,0.03940900021045859,-0.003311101584832514,-0.0052727302422375015
4046,2026-04-09,98.81999969482422,4792.2001953125,76.2770004272461,4.293000221252441,19.489999771118164,0.00895028757749345,0.013901140778676418,0.024489821048965448,0.03693531237598107,-0.004160205498863135,-0.007390336414253341
4047,2026-04-10,98.6500015258789,4761.89990234375,76.3239974975586,4.316999912261963,19.229999542236328,-0.006342909169258469,0.0006159471096186054,0.024430573855992843,0.03587600747880995,-0.003891567334010077,-0.0051632521406461485
4048,2026-04-13,98.37000274658203,4742.39990234375,75.52300262451172,4.296999931335449,19.1200008392334,-0.004103411668917365,-0.010550123505336753,0.024390238863290652,0.03589488991842024,-0.003609068364061679,-0.005444002173939667
4049,2026-04-14,98.12000274658203,4825.0,79.39099884033203,4.25600004196167,18.360000610351562,0.017267418703531354,0.04994771671981459,0.024711611824407644,0.036612827669251724,-0.0021939255002233187,-0.0009048515834637827
4050,2026-04-15,98.05999755859375,4800.0,79.49099731445312,4.2820000648498535,18.170000076293945,-0.005194816877104023,0.0012587768248807636,0.024628192624000216,0.036578037819006134,-0.0018867273306541047,-0.0004602368963413655
4051,2026-04-16,98.22000122070312,4785.39990234375,78.60600280761719,4.309000015258789,17.940000534057617,-0.003046322343529432,-0.011195705803187449,0.024617629051078265,0.036604764144623,-0.002098490326973851,-0.0005564869287094181
4052,2026-04-17,98.0999984741211,4857.60009765625,81.73799896240234,4.245999813079834,17.479999542236328,0.014974913312609497,0.03907092920060741,0.024423823226947087,0.036961723046643906,-0.0003155868821900457,0.00269654508790517
4053,2026-04-20,98.05000305175781,4806.60009765625,79.95099639892578,4.25,18.8700008392334,-0.010554515098820284,-0.022105095339678606,0.02029303824667215,0.031584439237328406,0.0020848326428814074,0.005719774003205189
4054,2026-04-21,98.41000366210938,4698.39990234375,76.41100311279297,4.291999816894531,19.5,-0.022767989342933774,-0.045287196374536626,0.020935392411497403,0.03298458722789554,0.0013152998752460935,0.004610303063405931
4055,2026-04-22,98.58999633789062,4732.5,77.89299774169922,4.294000148773193,18.920000076293945,0.007231599660169754,0.019209355449914436,0.01901887246522671,0.03306293346711068,0.0034246503187820485,0.005739029114754491
4056,2026-04-23,98.80000305175781,4705.10009765625,75.46499633789062,4.322999954223633,19.309999465942383,-0.00580655654933497,-0.0316671369693541,0.019102511907282564,0.03405739660518288,0.0032000787899738544,0.004076154224042167
4057,2026-04-24,98.51000213623047,4722.2998046875,76.38300323486328,4.309999942779541,18.709999084472656,0.003648880135128687,0.01209127659018988,0.017789094593489724,0.032903751878667724,0.001772033079144704,0.002575843790919114
4058,2026-04-27,98.4800033569336,4675.39990234375,75.00299835205078,4.335999965667725,18.020000457763672,-0.00998122799658474,-0.01823210990977018,0.015426358861437792,0.02926657673988538,0.003156852414133384,0.00489859039086145
4059,2026-04-28,98.62000274658203,4591.5,73.20500183105469,4.354000091552734,17.829999923706055,-0.01810793161911003,-0.024264341106409223,0.015138160697139573,0.029454948132329708,0.0010432729140591932,0.0024423690918149756
4060,2026-04-29,98.91999816894531,4545.2001953125,71.56900024414062,4.418000221252441,18.809999465942383,-0.010134994038567446,-0.022601726928767742,0.015249820386535815,0.02987410367736347,0.0002015822295965122,0.0008356630349186747
4061,2026-04-30,98.08000183105469,4614.7001953125,73.53399658203125,4.389999866485596,16.889999389648438,0.015175128715866765,0.02708581508247884,0.014451584816437666,0.027347695920038502,-0.0003382893138104555,-0.0007427813925861594
4062,2026-05-01,98.20999908447266,4629.89990234375,75.95099639892578,4.377999782562256,16.989999771118164,0.0032883457515008366,0.03234051028706715,0.012869698687192255,0.028081040344432987,-0.001551170043682694,5.2694451905109356e-05
4063,2026-05-04,98.47000122070312,4519.5,73.0719985961914,4.446000099182129,18.290000915527344,-0.024133880243911433,-0.03864311086758685,0.01250311982603038,0.027826103989828266,-0.0013708752366737064,0.00022012045783183188
4064,2026-05-05,98.4800033569336,4555.7998046875,73.10800170898438,4.415999889373779,17.3799991607666,0.007999735337601302,0.0004925860370199081,0.012660625489105432,0.02782469606876148,-0.0010441605447668307,0.00029204719045426773
4065,2026-05-06,98.0199966430664,4681.89990234375,76.81099700927734,4.355999946594238,17.389999389648438,0.027302885994594444,0.049409996859493835,0.014094014126482098,0.029647435397905642,0.00025290627610381094,0.003195302036506916
4066,2026-05-07,98.25,4699.7998046875,79.70099639892578,4.392000198364258,17.079999923706055,0.0038159234729661404,0.03693426745875091,0.013411709424340985,0.029036323803185885,-0.0005009255374576067,0.0027529415044707274
4067,2026-05-08,97.83999633789062,4720.39990234375,80.3949966430664,4.363999843597412,17.190000534057617,0.00437360801983576,0.008669855854270698,0.013287056132465773,0.028958234035670827,-0.00071886265925083,0.002503832698546646
4068,2026-05-11,97.94000244140625,4718.7001953125,85.48500061035156,4.409999847412109,18.3799991607666,-0.0003601417575905551,0.061388985654068036,0.013224431069468507,0.03166986667540034,-0.0004339689729809294,0.005397786914949
4069,2026-05-12,98.29000091552734,4677.60009765625,85.12999725341797,4.4629998207092285,17.989999771118164,-0.008748200566985706,-0.004161461462360497,0.013327313763744577,0.03153942684637847,-0.0006551493966984694,0.005702008916995488
4070,2026-05-13,98.4800033569336,4697.7001953125,88.88800048828125,4.480999946594238,17.8700008392334,0.0042878900568158315,0.04319768814234728,0.012742720944442992,0.031097252737445152,-0.0012732221893992086,0.005380578984735139
4071,2026-05-14,98.87999725341797,4678.10009765625,84.91200256347656,4.460999965667725,17.260000228881836,-0.004181003348170271,-0.04576169949958473,0.01272903390682778,0.03304091690598855,-0.0012249453546880776,0.003141508683570116
4072,2026-05-15,99.2699966430664,4555.7998046875,77.16100311279297,4.59499979019165,18.43000030517578,-0.026490961871465643,-0.09572126789731866,0.013873439367246528,0.039409465248807576,-0.0023413567607802784,-0.0008835180828170844
4073,2026-05-18,98.97000122070312,4552.5,77.072998046875,4.623000144958496,17.81999969482422,-0.0007245709743039084,-0.0011411890349353334,0.013305018482910238,0.038333292887708904,-0.0030889512506332975,-0.002798380855938167
4074,2026-05-19,99.30000305175781,4506.2998046875,74.8280029296875,4.666999816894531,18.059999465942383,-0.01020015827174435,-0.02956081370414114,0.01329529800130971,0.03855493381205059,-0.003072077116010634,-0.003153415063769716
4075,2026-05-20,99.11000061035156,4531.2998046875,75.85099792480469,4.572000026702881,17.440000534057617,0.005532456591871891,0.013578676625470947,0.012616000158121553,0.03746288609701245,-0.0017244368334008405,-0.00035027825424554626
4076,2026-05-21,99.19000244140625,4539.7998046875,76.41400146484375,4.585999965667725,16.760000228881836,0.0018740842574405403,0.007395082363679344,0.012479265114590748,0.03724253046497622,-0.001979556614483184,-0.0009128626869234078
4077,2026-05-22,99.31999969482422,4521.0,75.89299774169922,4.558000087738037,16.700000762939453,-0.0041497068847259145,-0.00684152084999231,0.012459081142346966,0.03660607665165739,-0.0019006590114065626,0.0002693095092366776
4078,2026-05-26,99.16999816894531,4500.39990234375,76.30500030517578,4.493000030517578,17.010000228881836,-0.004566948297148642,0.005414047164153904,0.012404981850256435,0.0365271702041589,-0.002291888936753102,-4.8653796765035544e-05
4079,2026-05-27,99.20999908447266,4447.5,74.5989990234375,4.480999946594238,16.290000915527344,-0.011824119457466382,-0.022611381738951775,0.012468454698732636,0.036648471072692985,-0.002379645672985561,-0.00025719055053558774
4080,2026-05-28,99.0199966430664,4499.2998046875,75.6449966430664,4.454999923706055,15.739999771118164,0.011579645153313877,0.013924210616022194,0.012277542343604512,0.036343865730814974,-0.0009659515409653747,0.0015613119124373372
4081,2026-05-29,98.91000366210938,4560.5,75.61599731445312,4.453000068664551,15.319999694824219,0.013510480926909142,-0.00038343433042259146,0.012477244213003835,0.035926281364730396,0.00016002345739065326,0.002619325845691868
4082,2026-06-01,99.19999694824219,4475.2001953125,75.00700378417969,4.474999904632568,16.049999237060547,-0.018881179529217973,-0.008086372523528021,0.01264024601576873,0.035546482267657394,-0.001461705506661001,0.0009444597692153508
4083,2026-06-02,99.22000122070312,4489.10009765625,75.31099700927734,4.454999923706055,15.770000457763672,0.00310117087321733,0.004044673797169336,0.012636794633884814,0.03482586752169657,-0.0014706185961030726,-0.00040296101601787856
4084,2026-06-03,99.52999877929688,4436.7001953125,73.47599792480469,4.491000175476074,16.059999465942383,-0.011741357101359375,-0.024667372721902413,0.0117862698418426,0.034186234492345605,-0.0008804984464577364,0.0002625503242528091
4085,2026-06-04,99.41000366210938,4475.7998046875,73.77899932861328,4.4770002365112305,15.399999618530273,0.008774162180750182,0.004115335127439906,0.011816616471223684,0.03419659240511705,-0.0008436209777363611,0.0004350621857013805
4086,2026-06-05,100.06999969482422,4337.10009765625,68.94300079345703,4.535999774932861,21.510000228881836,-0.03147911854461129,-0.067794041416322,0.011777981813846731,0.03534874276391831,-0.003642764051031872,-0.005146082494099374
4087,2026-06-08,100.05000305175781,4335.89990234375,68.42500305175781,4.552000045776367,18.920000076293945,-0.00027676589880344627,-0.007541788224980273,0.011681860750790134,0.03400842519548036,-0.0038376540211161377,-0.007263989907610384
4088,2026-06-09,99.91000366210938,4260.0,65.09400177001953,4.5279998779296875,19.8700008392334,-0.017660018336772308,-0.04990589326666833,0.011895024621393612,0.03502321913894111,-0.004886874323811761,-0.010053311294321765
4089,2026-06-10,99.94999694824219,4108.2001953125,64.5989990234375,4.541999816894531,22.219999313354492,-0.03628413636623409,-0.007633490584834579,0.013663226192993264,0.03098992522201444,-0.006597540733747166,-0.013340095877126654
4090,2026-06-11,99.86000061035156,4090.300048828125,63.8849983215332,4.4629998207092285,19.440000534057617,-0.004366694979494386,-0.011114349905247218,0.01366219631697033,0.030924031019106592,-0.006388897610533295,-0.0136711858029784
4091,2026-06-12,99.75,4215.0,67.85900115966797,4.486999988555908,17.68000030517578,0.03003126251826821,0.06034747434521539,0.015674801879734232,0.03267766946372115,-0.005163022731416515,-0.012854529317127536
