Date,gold,silver,vix,interest,usd_idx,au_returns,ag_returns,au_vol,ag_vol,au_mean,ag_mean,garch_vol_au,garch_vol_ag,vol_regime_au,vol_regime_ag,period_regime
2010-02-03,79.37000275,1111.400024,16.30999947,3.703000069,21.60000038,0.004546044,-0.005384076,0.004341228,0.011362473,0.001306222,-8.09e-05,0.004727547100690529,0.014509121552718308,high_vol,high_vol,pre_covid
2010-02-04,79.91999817,1062.400024,15.34300041,3.609999895,26.07999992,0.006905614,-0.045089981,0.004521395,0.014987113,0.002022312,-0.003723115,0.004717459605380931,0.014090027957125138,high_vol,high_vol,pre_covid
2010-02-05,80.44000244,1052.199951,14.82299995,3.546000004,26.11000061,0.006485484,-0.009647359,0.004594788,0.014458968,0.002721947,-0.003456027,0.004814419846520096,0.017352251558187527,high_vol,high_vol,pre_covid
2010-02-08,80.30000305,1065.699951,15.07800007,3.592000008,26.51000023,-0.001741936,0.012748651,0.004577428,0.014895589,0.002662787,-0.002730514,0.0048837196462887455,0.016908777613658218,high_vol,high_vol,pre_covid
2010-02-09,79.86000061,1076.699951,15.43099976,3.632999897,26.0,-0.00549455,0.010268948,0.004564445,0.015091409,0.00180686,-0.001949852,0.00480133286240825,0.016589228746045327,high_vol,high_vol,pre_covid
2010-02-10,80.02999878,1075.800049,15.30200005,3.694000006,25.39999962,0.00212644,-0.000836146,0.004226105,0.014777727,0.001701255,-0.000796224,0.004831450045429817,0.01619172206688417,high_vol,high_vol,pre_covid
2010-02-11,79.98999786,1094.199951,15.59200001,3.73300004,23.95999908,-0.000499949,0.016958842,0.004221825,0.014931007,0.001372035,0.000973465,0.004754264102494916,0.015637595787067117,high_vol,high_vol,pre_covid
2010-02-12,80.31999969,1089.5,15.44900036,3.693000078,22.72999954,0.004117052,-0.004304583,0.004185373,0.014824321,0.001076491,0.000598391,0.004663368232401379,0.015617645653833643,high_vol,high_vol,pre_covid
2010-02-16,79.69999695,1119.300049,16.14999962,3.664000034,22.25,-0.007749105,0.026984658,0.004648396,0.016059502,0.000578835,0.001349184,0.0046410079969400626,0.01512478147435709,high_vol,high_vol,pre_covid
2010-02-17,80.37999725,1119.5,16.09799957,3.742000103,21.71999931,0.008495807,0.000178624,0.004704256,0.015895223,0.00171909,0.000187758,0.00480032899630137,0.015932413459056778,high_vol,high_vol,pre_covid
2010-02-18,80.40000153,1118.0,16.05999947,3.802999973,20.62999916,0.00024884,-0.001340782,0.004715536,0.015763943,0.00128937,0.000592087,0.004985593727276378,0.015387561703793375,high_vol,high_vol,pre_covid
2010-02-19,80.63999939,1121.300049,16.41300011,3.782000065,20.02000046,0.002980602,0.002947395,0.00425315,0.014834143,0.000896869,0.005395825,0.004887799321868221,0.014871242049681523,high_vol,high_vol,pre_covid
2010-02-22,80.51000214,1112.599976,16.22200012,3.799000025,19.94000053,-0.00161337,-0.007789173,0.004289395,0.014808538,8.7e-05,0.005581643,0.004825781452214613,0.01438753371207156,high_vol,high_vol,pre_covid
2010-02-23,80.84999847,1102.699951,15.88799953,3.690999985,21.37000084,0.00421414,-0.008937923,0.004312788,0.01468091,0.000682591,0.003412986,0.004743174941851704,0.014040152069929965,high_vol,high_vol,pre_covid
2010-02-24,80.84999847,1096.5,15.93999958,3.694999933,20.27000046,0.0,-0.005638385,0.004284142,0.014695839,0.001232046,0.001822253,0.0047209252369580824,0.013751877276779248,high_vol,high_vol,pre_covid
2010-02-25,80.79000092,1107.800049,16.11000061,3.64199996,20.10000038,-0.00074236,0.010252822,0.004299277,0.014857053,0.000945166,0.002931149,0.004629548237430109,0.013376358016468071,high_vol,high_vol,pre_covid
2010-02-26,80.36000061,1118.300049,16.5,3.595000029,19.5,-0.005336659,0.009433608,0.004520094,0.014678676,0.000461495,0.002178626,0.004543186746664813,0.013161738165011799,high_vol,high_vol,pre_covid
2010-03-01,80.66000366,1117.800049,16.4489994,3.605999947,19.26000023,0.003726287,-0.000447207,0.004543086,0.01467663,0.000422418,0.002564364,0.004579309504692669,0.012926153998524155,high_vol,high_vol,pre_covid
2010-03-02,80.51999664,1136.900024,17.04400063,3.614000082,19.05999947,-0.001737276,0.01694277,0.004362368,0.015047363,0.001023601,0.001560175,0.004547685499390042,0.012516883848809255,high_vol,high_vol,pre_covid
2010-03-03,79.98000336,1142.699951,17.30900002,3.625,18.82999992,-0.006728914,0.005088559,0.004595891,0.014545981,-0.000498871,0.002051168,0.0044745119420104874,0.01275653778496918,high_vol,high_vol,pre_covid
2010-03-04,80.55999756,1132.599976,17.15600014,3.605999947,18.71999931,0.007225573,-0.008877987,0.004755761,0.014523092,0.000198802,0.001297448,0.004585231547034902,0.012407694462009025,high_vol,high_vol,pre_covid
2010-03-05,80.43000031,1134.800049,17.36199951,3.681999922,17.42000008,-0.001614973,0.001940614,0.004711045,0.01445891,-0.000260755,0.00119677,0.004708775234379814,0.012213728689802618,high_vol,high_vol,pre_covid
2010-03-08,80.43000031,1123.599976,17.25200081,3.707999945,17.79000092,0.0,-0.009918672,0.004486902,0.010290229,-9.94e-05,0.00098382,0.004629365036317322,0.01184353058690633,high_vol,high_vol,pre_covid
2010-03-09,80.58999634,1122.0,17.31800079,3.700999975,17.92000008,0.001987282,-0.001424987,0.004279575,0.009949014,-0.000322104,0.001735113,0.004540262307052007,0.011733048293581495,high_vol,high_vol,pre_covid
2010-03-10,80.44999695,1107.800049,16.99399948,3.720000029,18.56999969,-0.001738691,-0.012736696,0.004279505,0.010257487,-0.000495973,0.001025282,0.004469028546848675,0.011385357652828791,high_vol,high_vol,pre_covid
2010-03-11,80.31999969,1108.0,17.13599968,3.720000029,18.05999947,-0.001617183,0.000180478,0.004106723,0.0100779,-0.000583455,1.8e-05,0.004398089427465148,0.01146710264806692,high_vol,high_vol,pre_covid
2010-03-12,79.83000183,1101.5,17.02400017,3.710000038,17.57999992,-0.006119256,-0.005883701,0.004309871,0.010192552,-0.000661715,-0.001513683,0.0043272931268506995,0.011125385449453159,high_vol,high_vol,pre_covid
2010-03-15,80.25,1105.099976,17.08300018,3.703999996,18.0,0.005247365,0.003262919,0.004464198,0.009546382,-0.000509607,-0.001142671,0.004414054268010091,0.010896908631147088,high_vol,high_vol,pre_covid
2010-03-16,79.75,1122.199951,17.33300018,3.653000116,17.69000053,-0.00625002,0.015355194,0.004575916,0.010007388,-0.000960882,-0.001301428,0.004446488819846338,0.010607251545408114,high_vol,high_vol,pre_covid
2010-03-17,79.63999939,1124.0,17.50200081,3.64199996,16.90999985,-0.00138027,0.001602751,0.004260428,0.008118376,-0.000426017,-0.001650009,0.00453279655895171,0.010913411491047709,high_vol,high_vol,pre_covid
2010-03-18,80.22000122,1127.400024,17.40699959,3.671999931,16.62000084,0.007256404,0.003020367,0.004143305,0.008141661,-0.000422934,-0.000460173,0.0044550766130834404,0.010603529375365406,high_vol,high_vol,pre_covid
2010-03-19,80.72000122,1107.400024,17.0170002,3.687000036,16.96999931,0.006213516,-0.017899171,0.004366481,0.009061866,0.000359915,-0.002444152,0.004589566272290879,0.01032513167260541,high_vol,high_vol,pre_covid
2010-03-22,80.65000153,1099.300049,16.92000008,3.663000107,16.87000084,-0.000867568,-0.007341289,0.004324017,0.00914653,0.000273158,-0.002186414,0.004658174195337667,0.010920377353389927,high_vol,high_vol,pre_covid
2010-03-23,80.90000153,1103.5,17.01199913,3.680000067,16.35000038,0.003095019,0.003813289,0.004357794,0.009062383,0.000383932,-0.001662586,0.0045719959197513295,0.010755876715046558,high_vol,high_vol,pre_covid
2010-03-24,81.83999634,1088.599976,16.62599945,3.828999996,17.54999924,0.011552234,-0.013594502,0.00494753,0.00933484,0.001713024,-0.001748367,0.004522941595089809,0.01048322651586699,high_vol,high_vol,pre_covid
2010-03-25,82.12000275,1092.699951,16.72699928,3.901000023,18.39999962,0.003415549,0.003759208,0.004983536,0.009307088,0.002216297,-0.001390494,0.004969673117183849,0.010703466756116735,high_vol,high_vol,pre_covid
2010-03-26,81.68000031,1104.199951,16.8939991,3.855000019,17.77000046,-0.005372448,0.010469394,0.005152071,0.009319321,0.002290978,0.000244816,0.004915638686734537,0.010432527347762259,high_vol,high_vol,pre_covid
2010-03-29,81.36000061,1110.300049,17.37299919,3.864000082,17.59000015,-0.003925418,0.005509246,0.005080543,0.009155337,0.0013737,0.000469449,0.004934975955650919,0.010427937491506325,high_vol,high_vol,pre_covid
2010-03-30,81.47000122,1104.5,17.31599998,3.868000031,17.12999916,0.00135111,-0.005237549,0.005033426,0.009217558,0.002133813,-0.001589826,0.0049006691774535595,0.010214042065711628,high_vol,high_vol,pre_covid
2010-03-31,81.06999969,1113.300049,17.51199913,3.832999945,17.59000015,-0.004921894,0.007935878,0.005150058,0.008547098,0.00177965,-0.000956513,0.004811324340303021,0.010017985041856385,high_vol,high_vol,pre_covid
2010-04-01,80.77999878,1125.099976,17.87599945,3.858999968,17.46999931,-0.00358358,0.010543277,0.004977527,0.008819879,0.000695652,-0.000204222,0.004817132299402386,0.009917472781628495,high_vol,high_vol,pre_covid
2010-04-05,81.08999634,1132.900024,18.10400009,3.993999958,17.02000046,0.003830209,0.00690884,0.0047992,0.008764098,0.000457321,0.002276579,0.004776822007171025,0.009957228716794317,high_vol,high_vol,pre_covid
2010-04-06,81.38999939,1135.099976,17.91699982,3.967999935,16.22999954,0.003692804,0.001939993,0.004832281,0.008764091,0.000913358,0.003204707,0.004741100073366023,0.009818599045105368,high_vol,high_vol,pre_covid
2010-04-07,81.44000244,1152.300049,18.18499947,3.862999916,16.62000084,0.000614175,0.015039256,0.004830549,0.009037962,0.000665274,0.004327304,0.0047025829954462145,0.009567091850922835,high_vol,high_vol,pre_covid
2010-04-08,81.52999878,1152.199951,18.11599922,3.895999908,16.47999954,0.001104453,-8.69e-05,0.004821653,0.009023227,-0.000379504,0.005678067,0.004612859871585343,0.009959377619692017,high_vol,high_vol,pre_covid
2010-04-09,81.08999634,1161.099976,18.34000015,3.888000011,16.13999939,-0.005411432,0.007694695,0.004973134,0.008525834,-0.001262202,0.006071616,0.004528640850091895,0.009692356899598322,high_vol,high_vol,pre_covid
2010-04-12,80.55999756,1161.599976,18.40299988,3.845999956,15.57999992,-0.006557386,0.000430533,0.00518455,0.008522991,-0.001380696,0.00506773,0.0045689007247314,0.009603257821277961,high_vol,high_vol,pre_covid
2010-04-13,80.51000214,1152.800049,18.23800087,3.811000109,16.20000076,-0.000620791,-0.007604536,0.004987631,0.008612897,-0.001050233,0.003756352,0.004664017279482154,0.009354355156585748,high_vol,low_vol,pre_covid
2010-04-14,80.19000244,1159.0,18.40399933,3.855000019,15.59000015,-0.003982578,0.005363756,0.004945981,0.008638418,-0.001583602,0.004816482,0.0045760183519957575,0.009305432315898558,high_vol,low_vol,pre_covid
2010-04-15,80.48000336,1159.699951,18.42399979,3.84800005,15.89000034,0.003609899,0.000603745,0.004792161,0.008104226,-0.000730423,0.004083269,0.004557310616544074,0.009153277394157723,high_vol,low_vol,pre_covid
2010-04-16,80.81999969,1136.300049,17.66900063,3.769999981,18.36000061,0.004215708,-0.020383896,0.004841568,0.00941359,4.95e-05,0.000990551,0.004522981765228676,0.008928277614921746,high_vol,low_vol,pre_covid
2010-04-19,81.0,1135.199951,17.72500038,3.806999922,17.34000015,0.002224699,-0.000968609,0.004620347,0.009400814,-0.000111045,0.000202807,0.004509586446690733,0.009991185631576083,high_vol,high_vol,pre_covid
2010-04-20,81.05000305,1138.599976,17.81500053,3.805000067,15.72999954,0.000617131,0.002990612,0.004429397,0.008430814,-0.000418612,0.000307868,0.004443365478281608,0.009726397135653363,high_vol,high_vol,pre_covid
2010-04-21,81.16000366,1148.199951,18.07299995,3.737999916,16.31999969,0.001356274,0.00839604,0.004429325,0.008320862,-0.000344402,-0.000356453,0.00436019740720864,0.009493628238616261,high_vol,high_vol,pre_covid
2010-04-22,81.56999969,1142.300049,18.00600052,3.772000074,16.46999931,0.005038983,-0.00515164,0.00451023,0.008455959,4.91e-05,-0.00086293,0.004285165828962631,0.009450776412633952,high_vol,high_vol,pre_covid
2010-04-23,81.34999847,1153.099976,18.18899918,3.816999912,16.62000084,-0.002700729,0.00941013,0.003756364,0.007851411,0.000320121,-0.000691386,0.004314922863180668,0.00929755681161812,high_vol,low_vol,pre_covid
2010-04-26,81.48000336,1153.5,18.33399963,3.815000057,17.46999931,0.001596818,0.000346852,0.003687082,0.007864585,0.001135541,-0.000699755,0.004268052060684393,0.00932217324502647,high_vol,low_vol,pre_covid
2010-04-27,82.15000153,1161.699951,18.11599922,3.690000057,22.80999947,0.00818923,0.007083609,0.003946132,0.007728253,0.002016544,0.00076906,0.004198576200613007,0.009087854583812524,high_vol,low_vol,pre_covid
2010-04-28,82.37999725,1171.300049,18.10700035,3.773000002,21.07999992,0.002795793,0.008229877,0.003860199,0.007805099,0.002694381,0.001055672,0.004414125340528508,0.009013607803526747,high_vol,low_vol,pre_covid
2010-04-29,82.0,1168.400024,18.54899979,3.727999926,18.44000053,-0.004623408,-0.002478972,0.004018473,0.007689899,0.00187105,0.0007474,0.0043628936760334545,0.008997824982930355,high_vol,low_vol,pre_covid
2010-04-30,81.87000275,1180.099976,18.61100006,3.663000107,22.04999924,-0.00158659,0.009963848,0.003864358,0.007771527,0.00129082,0.003782175,0.004377259143274245,0.008804083801447347,high_vol,low_vol,pre_covid
2010-05-03,82.26999664,1182.699951,18.81299973,3.704999924,20.19000053,0.004873823,0.002200759,0.003861748,0.007565046,0.001555733,0.004099112,0.004306595087414989,0.008901750366402374,high_vol,low_vol,pre_covid
2010-05-04,83.30000305,1168.599976,17.81800079,3.612999916,23.84000015,0.012442105,-0.011993489,0.004581895,0.008104251,0.00273823,0.002600701,0.0043281908168429474,0.008702323044441556,high_vol,low_vol,pre_covid
2010-05-05,84.08000183,1174.599976,17.51099968,3.549999952,24.90999985,0.009320163,0.005121213,0.004884593,0.008142969,0.003534619,0.002273219,0.004884329842310445,0.008981257443804583,high_vol,low_vol,pre_covid
2010-05-06,84.88999939,1196.900024,17.49300003,3.398000002,32.79999924,0.009587545,0.018807258,0.005182209,0.008487465,0.003989475,0.004669108,0.00511746619239287,0.008841406937899067,high_vol,low_vol,pre_covid
2010-05-07,84.44999695,1210.0,18.42900085,3.428999901,40.95000076,-0.005196686,0.010885458,0.005412482,0.008700031,0.003739879,0.004816641,0.0053487691927696715,0.009691289665014407,high_vol,high_vol,pre_covid
2010-05-10,84.16000366,1200.400024,18.53000069,3.539000034,28.84000015,-0.003439815,-0.007965505,0.005299318,0.008886438,0.003236216,0.003985406,0.005341731078012566,0.009770018800435517,high_vol,high_vol,pre_covid
2010-05-11,84.47000122,1219.900024,19.27199936,3.535000086,28.31999969,0.003676664,0.016114053,0.004954632,0.009427142,0.002784959,0.00488845,0.005279723989300974,0.009708672790913492,high_vol,high_vol,pre_covid
2010-05-12,84.83000183,1242.699951,19.63999939,3.566999912,25.52000046,0.004252819,0.018517484,0.004927166,0.009767716,0.002930662,0.005917211,0.005222225756723615,0.010176637377556008,high_vol,high_vol,pre_covid
2010-05-13,85.20999908,1228.800049,19.47599983,3.563999891,26.68000031,0.004469512,-0.011248269,0.00471264,0.01027517,0.003839954,0.005040281,0.005183134406986079,0.010806234946988227,high_vol,high_vol,pre_covid
2010-05-14,86.09999847,1227.400024,19.20199966,3.441999912,31.23999977,0.010390607,-0.001139992,0.004988545,0.01030069,0.005037674,0.003929897,0.005152341829729067,0.01084343123833142,high_vol,high_vol,pre_covid
2010-05-17,86.20999908,1227.699951,18.83499908,3.471999884,30.84000015,0.001276776,0.00024433,0.005000258,0.008873875,0.004677969,0.003734254,0.005436719040105371,0.010536961071455391,high_vol,high_vol,pre_covid
2010-05-18,87.16000366,1214.300049,18.85499954,3.375999928,33.54999924,0.010959382,-0.010974641,0.00528143,0.009389823,0.004529697,0.003836139,0.005333030968795621,0.010240624616094976,high_vol,high_vol,pre_covid
2010-05-19,86.38999939,1192.599976,18.0909996,3.358999968,35.31999969,-0.008873631,-0.018032042,0.005908437,0.010472355,0.002710317,0.001520813,0.005641694100355543,0.010307092777044417,high_vol,high_vol,pre_covid
2010-05-20,85.56999969,1187.800049,17.69400024,3.263999939,45.79000092,-0.00953717,-0.00403288,0.006510977,0.01045626,0.000797846,-0.0007632,0.005796619967406444,0.01091707766835232,high_vol,high_vol,pre_covid
2010-05-21,85.37000275,1175.699951,17.63100052,3.200000048,40.09999847,-0.002339968,-0.010239224,0.006567085,0.010677468,0.001083518,-0.002875669,0.005980286228275563,0.01065001575850555,high_vol,high_vol,pre_covid
2010-05-24,86.20999908,1193.800049,17.98200035,3.226999998,38.31999969,0.009791386,0.015277864,0.006668982,0.010971062,0.002406638,-0.000551332,0.005877229619165096,0.010641420148916387,high_vol,high_vol,pre_covid
2010-05-25,86.77999878,1197.800049,17.76300049,3.157999992,34.61000061,0.006589997,0.003345044,0.006714179,0.010972739,0.002697971,-0.001828233,0.006061944024013079,0.010938098383327464,high_vol,high_vol,pre_covid
2010-05-26,87.12000275,1213.300049,18.29199982,3.217999935,35.02000046,0.003910344,0.012857379,0.006613018,0.011182229,0.002663723,-0.002394243,0.006072746373942303,0.010647669404557969,high_vol,high_vol,pre_covid
2010-05-27,86.18000031,1211.900024,18.45700073,3.338000059,29.68000031,-0.010848374,-0.001154564,0.007252499,0.01111102,0.001131935,-0.001384873,0.0059956255622522145,0.010770324378280117,high_vol,high_vol,pre_covid
2010-05-28,86.48000336,1212.199951,18.4109993,3.301000118,32.06999969,0.003475076,0.000247454,0.007087915,0.011076573,0.000440382,-0.001246128,0.006247558753356839,0.010467586709204071,high_vol,high_vol,pre_covid
2010-06-01,86.63999939,1224.800049,18.54000092,3.296000004,35.54000092,0.001848383,0.010340755,0.007027468,0.01109084,0.000497543,-0.000236486,0.006155263412229076,0.010174699816455546,high_vol,high_vol,pre_covid
2010-06-02,86.79000092,1220.599976,18.30400085,3.334000111,30.17000008,0.001729823,-0.003435084,0.007012239,0.011147946,-0.000425413,0.00051747,0.0060391884480283245,0.010182702406001314,high_vol,high_vol,pre_covid
2010-06-03,87.13999939,1208.300049,17.92000008,3.378999949,29.45999908,0.004024595,-0.010128068,0.006649528,0.011041962,0.000864409,0.001307868,0.005924746761452157,0.009942079750503185,high_vol,high_vol,pre_covid
2010-06-04,88.23000336,1216.199951,17.29000092,3.194999933,35.47999954,0.012431066,0.00651675,0.006849004,0.011068439,0.003061233,0.002362831,0.005855194739524413,0.009982248031798743,high_vol,high_vol,pre_covid
2010-06-07,88.40000153,1239.300049,18.15299988,3.184000015,36.56999969,0.001924908,0.01881554,0.006642005,0.01106908,0.00348772,0.005268307,0.00622233228435109,0.009827506633346332,high_vol,high_vol,pre_covid
2010-06-08,88.38999939,1244.0,18.46800041,3.167999983,33.70000076,-0.000113153,0.003785251,0.006459434,0.010879948,0.002497266,0.004119046,0.006105430195054409,0.010532888956091113,high_vol,high_vol,pre_covid
2010-06-09,87.90000153,1228.5,18.18000031,3.187000036,33.72999954,-0.005559012,-0.012538081,0.006567136,0.01111821,0.001282366,0.002530733,0.005980677369144271,0.010271427435344056,high_vol,high_vol,pre_covid
2010-06-10,87.16999817,1220.800049,18.34199905,3.319000006,30.56999969,-0.008339608,-0.006287491,0.006933469,0.010671531,5.74e-05,0.000616246,0.005960778273568463,0.010436744188741926,high_vol,high_vol,pre_covid
2010-06-11,87.51000214,1228.900024,18.22200012,3.21600008,28.79000092,0.003892883,0.006613059,0.006926761,0.00993115,0.001531496,0.001393008,0.006065373938505424,0.010262293441499395,high_vol,high_vol,pre_covid
2010-06-14,86.51000214,1223.300049,18.40200043,3.275000095,28.57999992,-0.011493058,-0.004567315,0.007439308,0.009674377,3.47e-05,0.000911531,0.005988059417591005,0.010093803045341345,high_vol,high_vol,pre_covid
2010-06-15,85.98000336,1233.199951,18.56900024,3.309999943,25.87000084,-0.006145289,0.008060212,0.007237024,0.009837273,-0.000764685,0.000683477,0.006284638104053263,0.009885254093617107,high_vol,high_vol,pre_covid
2010-06-16,86.08000183,1229.300049,18.43199921,3.282000065,25.92000008,0.001162368,-0.003167436,0.007236005,0.009865063,-0.00082143,0.000710242,0.0062737919667781306,0.009799226553704691,high_vol,high_vol,pre_covid
2010-06-17,85.69000244,1247.5,18.7670002,3.190000057,25.04999924,-0.004540957,0.014696607,0.006833882,0.01001841,-0.001677985,0.00319271,0.006148639829957317,0.009573998083009391,high_vol,high_vol,pre_covid
2010-06-18,85.69999695,1257.199951,19.17499924,3.22300005,23.95000076,0.000116629,0.007745438,0.006580373,0.009067375,-0.002909429,0.003315578,0.0060895459904387874,0.009937177572802292,high_vol,high_vol,pre_covid
2010-06-21,85.93000031,1239.699951,18.80200005,3.243000031,24.87999916,0.002680225,-0.014017612,0.006262887,0.009669515,-0.002833897,3.23e-05,0.005965069280822416,0.009833817113643882,high_vol,high_vol,pre_covid
2010-06-22,86.11000061,1239.900024,18.89599991,3.165999889,27.04999924,0.002092541,0.000161375,0.006247681,0.009267313,-0.002613328,-0.000330124,0.005865670254650446,0.010151119652935286,high_vol,high_vol,pre_covid
2010-06-23,85.73999786,1234.099976,18.45400047,3.11500001,26.90999985,-0.00430612,-0.004688811,0.005939133,0.008911654,-0.002488039,0.000454803,0.0057600268189720305,0.009874106229469498,high_vol,high_vol,pre_covid
2010-06-24,85.73000336,1245.5,18.7310009,3.122999907,29.73999977,-0.000116574,0.009195116,0.005728952,0.00905976,-0.001665735,0.002003063,0.005707580079370523,0.009681566549199907,high_vol,high_vol,pre_covid
2010-06-25,85.30999756,1255.800049,19.10499954,3.112999916,28.53000069,-0.00491121,0.008235803,0.005706637,0.008832532,-0.002546144,0.002165338,0.005592311146578859,0.009665150702256854,high_vol,high_vol,pre_covid
2010-06-28,85.65000153,1238.199951,18.67300034,3.032000065,29.0,0.00397759,-0.014114186,0.005332099,0.009467433,-0.00099908,0.001210651,0.005565164523341515,0.009602431492166668,high_vol,high_vol,pre_covid
2010-06-29,86.02999878,1242.0,18.59399986,2.967000008,34.13000107,0.004426816,0.003064311,0.005369647,0.009475856,5.81e-05,0.000711061,0.005506184762166895,0.009952215785163846,high_vol,high_vol,pre_covid
2010-06-30,86.01999664,1245.5,18.67099953,2.950999975,34.54000092,-0.00011627,0.002814072,0.00534836,0.009250773,-6.97e-05,0.001309211,0.005462126061672939,0.009708581749612503,high_vol,high_vol,pre_covid
2010-07-01,84.72000122,1206.300049,17.76000023,2.927000046,32.86000061,-0.015228073,-0.031979192,0.006227794,0.011681539,-0.001138445,-0.003358368,0.005352755867560639,0.009473970528394784,high_vol,high_vol,pre_covid
2010-07-02,84.43000031,1207.400024,17.69799995,2.979000092,30.12000084,-0.003428923,0.000911444,0.006129793,0.011476077,-0.001493,-0.004041768,0.006035169121450021,0.01197983886030772,high_vol,high_vol,pre_covid
2010-07-06,84.08000183,1194.800049,17.83300018,2.931999922,29.64999962,-0.004154044,-0.010490459,0.005249814,0.011590099,-0.002176427,-0.003689053,0.005951243711435038,0.011614826931008687,high_vol,high_vol,pre_covid
2010-07-07,83.81999969,1198.599976,17.97900009,2.980000019,26.84000015,-0.003097109,0.00317534,0.005161656,0.010734465,-0.002695392,-0.003387656,0.005887981561686759,0.011549009622732245,high_vol,high_vol,pre_covid
2010-07-08,83.81999969,1195.800049,17.85199928,3.019999981,25.70999908,0.0,-0.00233873,0.005164367,0.010664086,-0.00226478,-0.003152648,0.005801278177893002,0.011225124492305344,high_vol,high_vol,pre_covid
2010-07-09,83.94999695,1209.599976,18.0529995,3.055999994,24.97999954,0.001549708,0.011474248,0.005188677,0.010751332,-0.002098151,-0.002924735,0.005683667636083622,0.010912042981927628,high_vol,high_vol,pre_covid
2010-07-12,84.19999695,1198.5,17.89699936,3.046000004,24.43000031,0.002973538,-0.009218931,0.005104825,0.010845601,-0.001309677,-0.004670208,0.005576322020589759,0.010927424116843372,high_vol,high_vol,pre_covid
2010-07-13,83.63999939,1213.300049,18.23699951,3.114000082,24.55999947,-0.006673018,0.012273185,0.005051537,0.011108222,-0.002374738,-0.002031471,0.005493342922842442,0.010845579288113576,high_vol,high_vol,pre_covid
2010-07-14,83.43000031,1206.800049,18.27400017,3.049999952,24.88999939,-0.002513907,-0.005371692,0.004579467,0.011123932,-0.00306881,-0.002875071,0.005541452951237987,0.010914150177749748,high_vol,high_vol,pre_covid
2010-07-15,82.55999756,1208.099976,18.34600067,2.977999926,25.13999939,-0.010482688,0.001076589,0.004876891,0.010953709,-0.004105452,-0.00304882,0.005453394812911406,0.010682026451983915,high_vol,high_vol,pre_covid
2010-07-16,82.48999786,1188.0,17.77300072,2.938999891,26.25,-0.000848224,-0.016777636,0.004832624,0.011479668,-0.002667467,-0.001528664,0.005726806887837908,0.010380456700522001,high_vol,high_vol,pre_covid
2010-07-19,82.51000214,1181.699951,17.5340004,2.963999987,25.96999931,0.000242476,-0.005317183,0.004821001,0.010871353,-0.002300327,-0.002151527,0.005613819133118892,0.010867308285128233,high_vol,high_vol,pre_covid
2010-07-20,82.75,1191.5,17.68499947,2.931999922,23.93000031,0.00290449,0.008258979,0.00491393,0.01089629,-0.001594473,-0.000276583,0.005500780177793414,0.010636220716023605,high_vol,high_vol,pre_covid
2010-07-21,83.38999939,1191.599976,17.79800034,2.89199996,25.63999939,0.007704377,8.39e-05,0.005247222,0.010584686,-0.000514325,-0.000585727,0.00541862496520449,0.0105088502807113,high_vol,high_vol,pre_covid
2010-07-22,82.59999847,1195.5,18.11499977,2.931999922,24.62999916,-0.009518729,0.003267587,0.005464861,0.010636282,-0.001466198,-2.51e-05,0.005514987527687126,0.01021396674736871,high_vol,high_vol,pre_covid
2010-07-23,82.45999908,1187.699951,18.09600067,2.993999958,23.46999931,-0.001696346,-0.006545885,0.005438972,0.010669723,-0.001790803,-0.001827108,0.005718717850490488,0.009959871578222248,high_vol,high_vol,pre_covid
2010-07-26,82.08999634,1183.0,18.19499969,2.993999958,22.72999954,-0.004497154,-0.003965038,0.005452853,0.010372443,-0.002537872,-0.001301719,0.0056136501952985755,0.009824659797806069,high_vol,high_vol,pre_covid
2010-07-27,82.18000031,1158.0,17.62100029,3.046999931,23.19000053,0.001095805,-0.021359206,0.005453696,0.010847398,-0.00176099,-0.004664958,0.005572191780300915,0.009615745276950513,high_vol,high_vol,pre_covid
2010-07-28,82.18000031,1160.400024,17.42300034,3.000999928,24.25,0.0,0.002070415,0.005310938,0.010655744,-0.001509599,-0.003920747,0.00546371155966823,0.01067292913674646,high_vol,high_vol,pre_covid
2010-07-29,81.63999939,1168.400024,17.60099983,2.999000072,24.12999916,-0.006592637,0.006870518,0.005190384,0.010797096,-0.001120594,-0.003341354,0.005354196939465626,0.010379052535932578,high_vol,high_vol,pre_covid
2010-07-30,81.54000092,1181.699951,17.98699951,2.907000065,23.5,-0.001225622,0.011318726,0.005170581,0.011175363,-0.001158334,-0.000531718,0.0054058501081080505,0.010212704662747823,high_vol,high_vol,pre_covid
2010-08-02,80.94000244,1183.400024,18.40299988,2.963000059,22.01000023,-0.007385539,0.001437634,0.004440554,0.00892005,-0.001921135,0.000143763,0.005303740916287078,0.010274647211542203,high_vol,high_vol,pre_covid
2010-08-03,80.59999847,1185.199951,18.40699959,2.914000034,22.62999916,-0.004209539,0.001519824,0.004454833,0.008927256,-0.002632538,-0.000530152,0.005397669029491693,0.00999551794800871,high_vol,high_vol,pre_covid
2010-08-04,80.88999939,1193.699951,18.26300049,2.951999903,22.20999908,0.003591569,0.007146191,0.004604038,0.008807086,-0.003043819,0.000176076,0.005355195032451628,0.009731190892439923,high_vol,high_vol,pre_covid
2010-08-05,80.81999969,1197.199951,18.30800056,2.914999962,22.10000038,-0.000865744,0.00292777,0.004599365,0.008802726,-0.002178521,0.000142095,0.005293028674330975,0.009616436353016844,high_vol,high_vol,pre_covid
2010-08-06,80.41000366,1203.400024,18.45899963,2.823999882,21.73999977,-0.005085864,0.005165448,0.004637152,0.008857555,-0.002517472,0.001313228,0.0051908329660771664,0.009388566669875711,high_vol,low_vol,pre_covid
2010-08-09,80.70999908,1200.699951,18.22900009,2.822000027,22.13999939,0.00372388,-0.002246225,0.004742912,0.008490663,-0.001695369,0.001485109,0.005186351249792925,0.009225272115107314,high_vol,low_vol,pre_covid
2010-08-10,80.80000305,1196.199951,18.14599991,2.780999899,22.37000084,0.001114531,-0.003754855,0.004664609,0.008286612,-0.001693496,0.003245545,0.0051332352655132476,0.009015117707319296,high_vol,low_vol,pre_covid
2010-08-11,82.29000092,1197.5,17.88999939,2.684999943,25.38999939,0.018272601,0.001086225,0.006296118,0.00779712,0.000133764,0.003147126,0.00503582933271282,0.008847556871957443,high_vol,low_vol,pre_covid
2010-08-12,82.63999939,1214.800049,18.0529995,2.734999895,25.72999954,0.004244213,0.014343444,0.006375006,0.008363264,0.001217449,0.003894418,0.006080735626198893,0.00864087324319629,high_vol,low_vol,pre_covid
2010-08-13,82.94999695,1214.900024,18.09700012,2.687999964,26.23999977,0.003744162,8.23e-05,0.006000829,0.008361549,0.001714427,0.002770775,0.006011835860624831,0.009081939052093592,high_vol,low_vol,pre_covid
2010-08-16,82.52999878,1224.5,18.41799927,2.575000048,26.10000038,-0.005076131,0.007870808,0.006108572,0.007538779,0.001945368,0.003414093,0.00593262872657321,0.00886035493749941,high_vol,low_vol,pre_covid
2010-08-17,82.23000336,1226.599976,18.58600044,2.644999981,24.32999992,-0.003641609,0.001713497,0.00616018,0.007378044,0.002002161,0.00343346,0.005897922853994095,0.008838277562875784,high_vol,low_vol,pre_covid
2010-08-18,82.22000122,1229.699951,18.38999939,2.641000032,24.59000015,-0.000121643,0.002524103,0.006120128,0.007230744,0.00163084,0.002971251,0.005823176633376266,0.008636881720841634,high_vol,low_vol,pre_covid
2010-08-19,82.44999695,1233.800049,18.31800079,2.578999996,26.44000053,0.002793416,0.00332868,0.005888172,0.007233577,0.001996756,0.003011342,0.005705149906988089,0.008456793898145751,high_vol,low_vol,pre_covid
2010-08-20,83.05999756,1227.199951,17.98200035,2.611999989,25.48999977,0.007371197,-0.005363766,0.005752351,0.007381214,0.003242462,0.001958421,0.005614995568320814,0.008301693993303643,high_vol,low_vol,pre_covid
2010-08-23,83.12000275,1226.900024,17.9829998,2.607000113,25.65999985,0.000722171,-0.000244429,0.005735316,0.007173774,0.002942291,0.0021586,0.00568312087529545,0.008230086013887198,high_vol,low_vol,pre_covid
2010-08-24,83.15000153,1231.800049,18.36899948,2.499000072,27.45999908,0.000360844,0.003985871,0.005625703,0.007077525,0.002866922,0.002932673,0.005569769498801707,0.008055823552617634,high_vol,low_vol,pre_covid
2010-08-25,83.26000214,1239.5,19.02199936,2.538000107,26.70000076,0.001322043,0.006231519,0.005626894,0.004700928,0.001171866,0.003447202,0.005457979623713191,0.007940783624389566,high_vol,low_vol,pre_covid
2010-08-26,82.93000031,1235.400024,18.97800064,2.499000072,27.37000084,-0.003971385,-0.003313248,0.005714884,0.00490998,0.000350306,0.001681533,0.005354154153765457,0.007911270245329073,high_vol,low_vol,pre_covid
2010-08-27,82.91999817,1236.0,19.03899956,2.65199995,24.45000076,-0.000120617,0.000485535,0.005487054,0.004854551,-3.62e-05,0.001721857,0.005306155027512575,0.007799706614525188,high_vol,low_vol,pre_covid
2010-08-30,83.16000366,1237.099976,19.03800011,2.545000076,27.20999908,0.002890242,0.000889552,0.00548681,0.004442394,0.000760466,0.001023731,0.0052005624136803475,0.0076495422647078195,high_vol,low_vol,pre_covid
2010-08-31,83.19999695,1248.300049,19.39800072,2.476999998,26.04999924,0.000480804,0.009012754,0.005148309,0.004680141,0.001172707,0.001753657,0.0051269846885320805,0.007509568828015345,high_vol,low_vol,pre_covid
2010-09-01,82.51999664,1246.300049,19.35899925,2.582000017,23.88999939,-0.008206664,-0.001603464,0.005428875,0.004763153,0.000364205,0.0013409,0.005026248818658938,0.0076645909714806275,high_vol,low_vol,pre_covid
2010-09-02,82.45999908,1251.5,19.63800049,2.628000021,23.19000053,-0.000727331,0.004163631,0.005412386,0.004657657,1.21e-05,0.001424395,0.005185071698895729,0.0075346133730384915,high_vol,low_vol,pre_covid
2010-09-03,83.09999847,1249.199951,19.91500092,2.70600009,21.30999947,0.007731367,-0.001839525,0.005593049,0.004738533,4.81e-05,0.00177682,0.005084665400942104,0.007458393510020752,high_vol,low_vol,pre_covid
2010-09-07,82.81999969,1257.300049,19.88299942,2.608999968,23.79999924,-0.003375109,0.006463296,0.005506802,0.004789732,-0.000361581,0.002447592,0.005203486213012413,0.007344519724503237,high_vol,low_vol,pre_covid
2010-09-08,82.58999634,1255.599976,19.97800064,2.654000044,23.25,-0.002781011,-0.001353077,0.005552675,0.004753162,-0.000675766,0.001913697,0.0051443358957619315,0.007370864042141748,high_vol,low_vol,pre_covid
2010-09-09,82.66999817,1248.900024,19.81399918,2.760999918,22.80999947,0.000968194,-0.005350343,0.005552743,0.004863386,-0.000711151,0.000755511,0.0050731173612762834,0.00725557485014301,high_vol,low_vol,pre_covid
2010-09-10,82.69999695,1244.5,19.80200005,2.795000076,21.98999977,0.000362808,-0.003529341,0.003915701,0.005011308,-0.000277732,0.000733902,0.0049761402348645735,0.007259073532402239,high_vol,low_vol,pre_covid
2010-09-13,81.91000366,1245.099976,20.11000061,2.740999937,21.20999908,-0.009598437,0.000481986,0.004348553,0.004113605,-0.001225514,0.000733547,0.004878786969743128,0.007196227106723093,high_vol,low_vol,pre_covid
2010-09-14,81.08000183,1269.699951,20.40099907,2.665999889,21.55999947,-0.010184784,0.019564785,0.004727052,0.005733334,-0.002533016,0.00260107,0.005141820651903904,0.007082149896400631,high_vol,low_vol,pre_covid
2010-09-15,81.48999786,1266.699951,20.54199982,2.72300005,22.10000038,0.005043943,-0.002365559,0.004814947,0.005652831,-0.002076702,0.001463239,0.005422493159915021,0.008346325748346315,high_vol,low_vol,pre_covid
2010-09-16,81.23999786,1271.900024,20.74500084,2.759000063,21.71999931,-0.003072577,0.00409681,0.00479857,0.005678805,-0.001563294,0.002033266,0.00540177397448906,0.008187883954378555,high_vol,low_vol,pre_covid
2010-09-17,81.40000153,1275.599976,20.79000092,2.746000051,22.01000023,0.001967581,0.002904772,0.004830033,0.005682083,-0.001293802,0.001907381,0.005329112531316976,0.00806752143333994,high_vol,low_vol,pre_covid
2010-09-20,81.33999634,1279.0,20.77700043,2.70600009,21.5,-0.000737436,0.002661886,0.004771586,0.00567465,-0.002140683,0.002357522,0.005235923028744874,0.007927125903666826,high_vol,low_vol,pre_covid
2010-09-21,80.44000244,1272.400024,20.62000084,2.594000101,22.35000038,-0.01112626,-0.005173623,0.004922646,0.005662933,-0.002915798,0.00119383,0.005134318225952707,0.007790731850629216,high_vol,low_vol,pre_covid
2010-09-22,79.83000183,1290.199951,21.0359993,2.548000097,22.51000023,-0.007612199,0.013892307,0.005066183,0.00622936,-0.003398917,0.002718368,0.005486168051289878,0.007747402414786032,high_vol,low_vol,pre_covid
2010-09-23,80.01000214,1294.300049,21.19400024,2.555000067,23.87000084,0.002252257,0.003172839,0.005125287,0.006221504,-0.00327051,0.003570686,0.005581021297229606,0.00826155177744063,high_vol,low_vol,pre_covid
2010-09-24,79.38999939,1296.0,21.38299942,2.611999989,21.70999908,-0.007779246,0.001312552,0.005228905,0.00616063,-0.004084716,0.004054876,0.005485200684725066,0.008114823333203212,high_vol,low_vol,pre_covid
2010-09-27,79.33999634,1296.699951,21.45499992,2.51699996,22.54000092,-0.000630039,0.00053994,0.005225268,0.006046969,-0.003187876,0.004060671,0.005588949497969992,0.007950457540452188,high_vol,low_vol,pre_covid
2010-09-28,79.01000214,1306.599976,21.68799973,2.45600009,22.60000038,-0.004167915,0.007605787,0.005222965,0.006138709,-0.002586189,0.002864771,0.005478108813953152,0.007791677856147355,high_vol,low_vol,pre_covid
2010-09-29,78.69000244,1308.5,21.92900085,2.506000042,23.25,-0.00405834,0.001453118,0.005096273,0.006131879,-0.003496417,0.003246639,0.005431507441435669,0.007839322490205724,high_vol,low_vol,pre_covid
2010-09-30,78.72000122,1307.800049,21.79800034,2.51699996,23.70000076,0.000381155,-0.00053507,0.005093276,0.005990565,-0.003151044,0.002783451,0.005383325076726858,0.007692096200389305,high_vol,low_vol,pre_covid
2010-10-01,78.08999634,1316.099976,22.03700066,2.526000023,22.5,-0.008035307,0.006326426,0.005084034,0.00598761,-0.004151333,0.003125616,0.005276080565107307,0.007550148663289893,high_vol,low_vol,pre_covid
2010-10-04,78.44999695,1315.400024,22.01300049,2.479000092,23.53000069,0.004599479,-0.000531979,0.005311384,0.006013718,-0.003617642,0.00280623,0.005407369034002077,0.007554046666386903,high_vol,low_vol,pre_covid
2010-10-05,77.75,1338.900024,22.7140007,2.473999977,21.76000023,-0.008962889,0.017707579,0.004961064,0.006791799,-0.003401304,0.00509435,0.005372321882813491,0.00742027691903681,high_vol,low_vol,pre_covid
2010-10-06,77.38999939,1346.400024,23.02000046,2.398999929,21.48999977,-0.004640986,0.005585982,0.004971375,0.006774057,-0.003104183,0.004263717,0.005551983128851815,0.008387361749616984,high_vol,low_vol,pre_covid
2010-10-07,77.38999939,1333.900024,22.56500053,2.395999908,21.55999947,0.0,-0.009327382,0.005020705,0.007252229,-0.003329409,0.003013695,0.005517391195020649,0.008301259488531627,high_vol,low_vol,pre_covid
2010-10-08,77.31999969,1344.199951,23.08699989,2.381000042,20.70999908,-0.000904915,0.007692004,0.004961165,0.007068226,-0.002641976,0.003651641,0.00540658391039428,0.008432174673327545,high_vol,low_vol,pre_covid
2010-10-11,77.44000244,1353.300049,23.33099937,2.381000042,18.95999908,0.001550824,0.006747086,0.005010185,0.006911094,-0.002423889,0.004272355,0.005301843410289762,0.008433537514275119,high_vol,low_vol,pre_covid
2010-10-12,77.36000061,1345.699951,23.12899971,2.421999931,18.93000031,-0.001033615,-0.005631803,0.004801504,0.007189473,-0.002110459,0.002948596,0.005204238566912092,0.008390665893376436,high_vol,low_vol,pre_covid
2010-10-13,77.06999969,1369.5,23.91399956,2.430999994,19.06999969,-0.003755763,0.017531422,0.004497163,0.006975637,-0.002080202,0.004556427,0.005105528137536559,0.008323372455600733,high_vol,low_vol,pre_covid
2010-10-14,76.65000153,1376.699951,24.41699982,2.494999886,19.87999916,-0.005464471,0.005243586,0.00420052,0.00684653,-0.002664764,0.005134292,0.005060013422447254,0.009117872488544993,high_vol,low_vol,pre_covid
2010-10-15,77.04000092,1371.099976,24.27199936,2.575999975,19.03000069,0.005075154,-0.004075976,0.004547285,0.00706741,-0.001353718,0.004094052,0.0050763932382445155,0.008973426372706867,high_vol,low_vol,pre_covid
2010-10-18,76.93000031,1371.199951,24.39699936,2.490999937,19.09000015,-0.001428858,7.29e-05,0.004438503,0.007107765,-0.001956552,0.004154541,0.005071094367541373,0.008816809017541928,high_vol,low_vol,pre_covid
2010-10-19,78.18000031,1335.099976,23.76399994,2.474999905,20.62999916,0.016117943,-0.026680056,0.006043122,0.009685308,0.000551531,-0.000284222,0.00497967807885347,0.008609471478076077,high_vol,low_vol,pre_covid
2010-10-20,77.16999817,1343.300049,23.84799957,2.470000029,19.79000092,-0.013003108,0.006123132,0.006198481,0.009577495,-0.000284681,-0.000230507,0.005799142441792282,0.01055809239716897,high_vol,high_vol,pre_covid
2010-10-21,77.41999817,1324.699951,23.12299919,2.530999899,19.27000046,0.003234365,-0.013943328,0.006157139,0.009856068,3.88e-05,-0.000692102,0.006227553816403171,0.010355434938110373,high_vol,high_vol,pre_covid
2010-10-22,77.47000122,1324.400024,23.125,2.562999964,18.78000069,0.000645659,-0.000226437,0.00611857,0.009850936,0.000193813,-0.001483946,0.0061309418652855975,0.010613828069981308,high_vol,high_vol,pre_covid
2010-10-25,77.09999847,1338.300049,23.54400063,2.553999901,19.85000038,-0.00478752,0.010440643,0.005999614,0.010060193,-0.000440021,-0.00111459,0.006006525628042853,0.010314243066472759,high_vol,high_vol,pre_covid
2010-10-26,77.70999908,1338.0,23.8239994,2.635999918,20.21999931,0.007880677,-0.000224227,0.006332023,0.010065332,0.000451408,-0.000573833,0.005959814870769303,0.01031708516054881,high_vol,high_vol,pre_covid
2010-10-27,78.15000153,1322.199951,23.39800072,2.711999893,20.70999908,0.005646139,-0.011878983,0.006446757,0.010367217,0.001391598,-0.003514873,0.006033879796069177,0.010032286972729756,high_vol,high_vol,pre_covid
2010-10-28,77.30999756,1342.099976,23.87100029,2.661000013,20.87999916,-0.010806795,0.014938554,0.006790904,0.010832196,0.000857366,-0.002545376,0.006009933149655788,0.010174465908278781,high_vol,high_vol,pre_covid
2010-10-29,77.26999664,1357.099976,24.55999947,2.611999989,21.20000076,-0.000517543,0.011114519,0.006785637,0.011034907,0.000298096,-0.001026327,0.006257937699202565,0.010492704538940271,high_vol,high_vol,pre_covid
2010-11-01,77.30000305,1350.199951,24.54800034,2.628000021,21.82999992,0.000388257,-0.005097359,0.006587936,0.011080134,0.000479807,-0.001543354,0.006130542605341907,0.01052002320278267,high_vol,high_vol,pre_covid
2010-11-02,76.72000122,1356.400024,24.83200073,2.594000101,21.56999969,-0.007531549,0.004581456,0.006651436,0.011095927,-0.001885142,0.001582797,0.006005407770411717,0.010302169225630273,high_vol,high_vol,pre_covid
2010-11-03,76.48000336,1337.099976,24.43199921,2.618999958,19.55999947,-0.003133134,-0.014331078,0.006422918,0.010952142,-0.000898144,-0.000462624,0.006066898823056447,0.010070564119066922,high_vol,high_vol,pre_covid
2010-11-04,75.87999725,1382.699951,26.03899956,2.483999968,18.52000046,-0.007876204,0.033535003,0.00655744,0.013150598,-0.002009201,0.004285209,0.0059757095874104415,0.010387734966258288,high_vol,high_vol,pre_covid
2010-11-05,76.55000305,1397.300049,26.74399948,2.536000013,18.26000023,0.008791053,0.010503764,0.006892388,0.013063538,-0.001194662,0.005358229,0.0060556460609904154,0.012819049555019139,high_vol,high_vol,pre_covid
2010-11-08,77.02999878,1402.800049,27.4279995,2.562999964,18.29000092,0.006250779,0.003928436,0.007047527,0.013010295,-9.08e-05,0.004707009,0.0061710140833522754,0.012650443784206147,high_vol,high_vol,pre_covid
2010-11-09,77.44000244,1409.800049,28.90200043,2.65899992,19.07999992,0.005308534,0.004977611,0.007140731,0.012983934,-0.000348046,0.005227192,0.006163631185690513,0.012284262476852555,high_vol,high_vol,pre_covid
2010-11-10,77.62999725,1399.099976,26.86100006,2.648000002,18.46999931,0.002450441,-0.00761873,0.007155973,0.013049005,-0.000667616,0.005653218,0.006123230376859115,0.011956925082003128,high_vol,high_vol,pre_covid
2010-11-11,78.22000122,1403.099976,27.40099907,2.648000002,18.63999939,0.00757147,0.002854902,0.007271561,0.012550831,0.00117021,0.004444852,0.006015886414142301,0.01174016603257263,high_vol,high_vol,pre_covid
2010-11-12,78.08000183,1365.400024,25.93799973,2.756000042,20.61000061,-0.001791419,-0.027236613,0.00715904,0.013945513,0.001042823,0.000609739,0.006072048364201558,0.01140240757915786,high_vol,high_vol,pre_covid
2010-11-15,78.51999664,1368.400024,26.08799934,2.911000013,20.20000076,0.005619361,0.002194748,0.007175949,0.013929823,0.001565933,0.00133895,0.005959054785696785,0.012837326664697522,high_vol,high_vol,pre_covid
2010-11-16,79.20999908,1338.300049,25.22900009,2.846999884,22.57999992,0.008749215,-0.022242004,0.007351918,0.014743811,0.00319401,-0.001343396,0.005937151904583799,0.012439871599629554,high_vol,high_vol,pre_covid
2010-11-17,79.08000183,1336.800049,25.50699997,2.864000082,21.76000023,-0.00164252,-0.001121453,0.006550974,0.013537062,0.003343071,-2.24e-05,0.0060576142931002,0.013176782611866824,high_vol,high_vol,pre_covid
2010-11-18,78.62000275,1352.900024,26.82999992,2.90199995,18.75,-0.005833867,0.01197172,0.005970744,0.013726858,0.003547305,-0.002178762,0.005943285990775806,0.012758980150750538,high_vol,high_vol,pre_covid
2010-11-19,78.5,1352.199951,27.17499924,2.875,18.04000092,-0.00152753,-0.000517595,0.005967539,0.01333547,0.002515446,-0.003280898,0.005935073001901098,0.0126661393019657,high_vol,high_vol,pre_covid
2010-11-22,78.68000031,1357.699951,27.45700073,2.812999964,18.37000084,0.002290373,0.004059196,0.005978129,0.013348896,0.002119406,-0.003267822,0.005822605133127977,0.012269142991280086,high_vol,high_vol,pre_covid
2010-11-23,79.68000031,1377.5,27.56800079,2.762000084,20.62999916,0.01262962,0.014478206,0.006368649,0.013516927,0.002851514,-0.002317762,0.005720878985605174,0.011924022490867126,high_vol,high_vol,pre_covid
2010-11-24,79.87000275,1372.900024,27.52400017,2.914000034,19.55999947,0.00238173,-0.003344953,0.006207091,0.013552494,0.002844643,-0.001890385,0.0061170821100558935,0.01204397229075935,high_vol,high_vol,pre_covid
2010-11-26,80.36000061,1362.300049,26.69499969,2.864000082,22.21999931,0.0061162,-0.007750825,0.00622435,0.013381763,0.002699116,-0.002950957,0.006008881362906287,0.011705487536097079,high_vol,high_vol,pre_covid
2010-11-29,80.83999634,1366.0,27.14800072,2.822000027,21.53000069,0.0059553,0.002712278,0.005637519,0.01302555,0.003473788,4.39e-05,0.006003267034426818,0.011508856204337822,high_vol,high_vol,pre_covid
2010-11-30,81.19999695,1385.0,28.18499947,2.796999931,23.54000092,0.004443362,0.013813378,0.005625127,0.013144756,0.003356188,0.001205795,0.005991801865138292,0.011180650266415062,high_vol,high_vol,pre_covid
2010-12-01,80.70999908,1387.300049,28.38800049,2.963999987,21.36000061,-0.006052738,0.001659308,0.005906701,0.01307133,0.001875993,0.003595926,0.005931285255074225,0.011320500784788256,high_vol,high_vol,pre_covid
2010-12-02,80.30000305,1388.5,28.54199982,3.0,19.38999939,-0.005092813,0.00086458,0.005730119,0.013049691,0.001530964,0.003794529,0.005932028064860073,0.010991070892067599,high_vol,high_vol,pre_covid
2010-12-03,79.37999725,1405.400024,29.24099922,3.01699996,18.01000023,-0.011523246,0.012097949,0.006374734,0.01275683,0.000962026,0.003807152,0.005897899750284735,0.010673451627641637,high_vol,high_vol,pre_covid
2010-12-06,79.56999969,1415.300049,29.70499992,2.940999985,18.02000046,0.002390721,0.00701958,0.005979194,0.010657719,0.001353851,0.00456087,0.00620470999464196,0.010745326831957322,high_vol,high_vol,pre_covid
2010-12-07,79.86000061,1408.300049,29.74799919,3.164999962,17.98999977,0.003637976,-0.004958219,0.005800891,0.010509344,0.001488611,0.003659128,0.006094327619103806,0.010562113169939078,high_vol,high_vol,pre_covid
2010-12-08,80.0,1382.5,28.22400093,3.236000061,17.73999977,0.001751525,-0.018489883,0.005719166,0.011243174,0.000400802,0.000362319,0.00601014863182861,0.01033789493605655,high_vol,high_vol,pre_covid
2010-12-09,80.06999969,1392.099976,28.78899956,3.22300005,17.25,0.000874614,0.006919926,0.005664807,0.01130001,0.00025009,0.001388807,0.005896672735479137,0.010987326120755972,high_vol,high_vol,pre_covid
2010-12-10,80.06999969,1384.300049,28.57600021,3.296000004,17.61000061,0.0,-0.005618749,0.005671439,0.011246213,-0.00036153,0.001602015,0.005778900615658405,0.010786117162883973,high_vol,high_vol,pre_covid
2010-12-13,79.27999878,1397.300049,29.59900093,3.282999992,17.54999924,-0.009915374,0.009347206,0.006005292,0.011430954,-0.001948597,0.002265508,0.005661824436000928,0.010568749265287582,high_vol,high_vol,pre_covid
2010-12-14,79.37000275,1403.599976,29.75900078,3.454999924,17.61000061,0.001134623,0.004498509,0.005979925,0.009634052,-0.002279471,0.001334021,0.0058795089373320075,0.010495869799101004,high_vol,high_vol,pre_covid
2010-12-15,80.26000214,1385.5,29.22500038,3.519999981,17.94000053,0.011150894,-0.012979262,0.006316113,0.0101214,-0.000559108,-0.000129836,0.005763755314067634,0.010251681022371808,high_vol,high_vol,pre_covid
2010-12-16,80.18000031,1370.400024,28.75699997,3.476999998,17.38999939,-0.00099728,-0.010958399,0.006075085,0.009096225,-0.000149555,-0.001312134,0.0060464654785465245,0.010449654467006799,high_vol,high_vol,pre_covid
2010-12-17,80.37000275,1378.599976,29.11300087,3.329999924,16.11000061,0.002366895,0.005965788,0.006064751,0.009139936,0.001239459,-0.00192535,0.005926663380714142,0.010498108903605948,high_vol,high_vol,pre_covid
2010-12-20,80.62999725,1385.5,29.33499908,3.348999977,16.40999985,0.003229748,0.004992612,0.005891274,0.008861485,0.001323362,-0.002128047,0.005823300755093277,0.010293960113841323,high_vol,high_vol,pre_covid
2010-12-21,80.72000122,1388.199951,29.37599945,3.325999975,16.48999977,0.001115637,0.001946823,0.005858182,0.008854837,0.001071128,-0.001437543,0.005738331169346418,0.01007327028599618,high_vol,high_vol,pre_covid
2010-12-22,80.73000336,1386.800049,29.36700058,3.345999956,15.44999981,0.000123904,-0.001008939,0.005859463,0.008843537,0.000908366,0.000310552,0.005625902946893192,0.00980864585752139,high_vol,high_vol,pre_covid
2010-12-23,80.5,1380.0,29.30999947,3.392999887,16.46999931,-0.002853111,-0.004915471,0.005300053,0.008366498,0.000535594,-0.000872988,0.005512481618937002,0.009553538917698563,high_vol,high_vol,pre_covid
2010-12-27,80.37000275,1382.400024,29.23500061,3.351000071,17.67000008,-0.001616178,0.001737638,0.005300415,0.008335732,0.000373976,-0.00013735,0.005431788428397267,0.009386621980901512,high_vol,low_vol,pre_covid
2010-12-28,80.36000061,1405.199951,30.29700089,3.480999947,17.52000046,-0.000124459,0.01635847,0.005130059,0.00881391,0.001353067,0.000563777,0.005333181000948293,0.009155874438200132,high_vol,low_vol,pre_covid
2010-12-29,79.80000305,1413.099976,30.67900085,3.34100008,17.28000069,-0.006993005,0.005606249,0.005156563,0.008856719,0.000540304,0.000674551,0.005226938857799735,0.009714519819547292,high_vol,high_vol,pre_covid
2010-12-30,79.51999664,1405.599976,30.48800087,3.368999958,17.52000046,-0.003515023,-0.005321615,0.005057592,0.008516693,-0.000926287,0.001440316,0.005305143176527698,0.009545276943148167,high_vol,high_vol,pre_covid
2010-12-31,79.02999878,1421.099976,30.90999985,3.305000067,17.75,-0.006181008,0.010966962,0.005064078,0.008806217,-0.00144466,0.003632852,0.005246260441998408,0.009391857641499295,high_vol,low_vol,pre_covid
2011-01-03,79.12999725,1422.599976,31.09600067,3.342000008,17.61000061,0.001264523,0.001054964,0.004996856,0.00880601,-0.001554897,0.003141769,0.00528457748207034,0.009501241378320738,high_vol,high_vol,pre_covid
2011-01-04,79.44000244,1378.5,29.49200058,3.345999956,17.37999916,0.003910016,-0.031490215,0.004427786,0.010969127,-0.00148687,-0.000506513,0.0051846084244881714,0.009259587781293408,high_vol,low_vol,pre_covid
2011-01-05,80.26000214,1373.400024,29.17300034,3.48300004,17.02000046,0.010269341,-0.003706517,0.004941289,0.01082977,-0.0005715,-0.001071847,0.0051367187097570745,0.01174949080994074,high_vol,high_vol,pre_covid
2011-01-06,80.79000092,1371.400024,29.11000061,3.41899991,17.39999962,0.006581815,-0.001457301,0.005077297,0.010799663,7.43e-05,-0.001116684,0.0054138270109495125,0.011432383847630883,high_vol,high_vol,pre_covid
2011-01-07,81.01000214,1368.5,28.6609993,3.328000069,17.13999939,0.002719423,-0.002116884,0.005093105,0.010059564,0.000631545,-0.000836825,0.005455390893641339,0.011099521437645372,high_vol,high_vol,pre_covid
2011-01-10,80.87999725,1373.699951,28.85099983,3.303999901,17.54000092,-0.001606089,0.003792544,0.005115076,0.009967189,0.000632553,-0.000631334,0.005370969383657281,0.0107898826797354,high_vol,high_vol,pre_covid
2011-01-11,80.84999847,1384.0,29.48999977,3.34100008,16.88999939,-0.000370974,0.007470063,0.005117454,0.010048773,0.000607902,-0.001520175,0.005273822302252461,0.010515057167948821,high_vol,high_vol,pre_covid
2011-01-12,80.02999878,1385.699951,29.53199959,3.355000019,16.23999977,-0.010194018,0.001227535,0.005145987,0.009824425,0.000287801,-0.001958046,0.005169596575151537,0.010363001110105385,high_vol,high_vol,pre_covid
2011-01-13,79.19000244,1386.900024,29.25200081,3.301000118,16.38999939,-0.01055149,0.000865666,0.005672946,0.009765722,-0.000415846,-0.001339318,0.005448352454706294,0.010078117228262407,high_vol,high_vol,pre_covid
2011-01-14,79.16000366,1360.400024,28.30900002,3.332999945,15.46000004,-0.000378892,-0.019292266,0.005052841,0.010251884,0.000164366,-0.004365241,0.005727056074550236,0.009805946119768124,high_vol,high_vol,pre_covid
2011-01-18,78.95999908,1368.099976,28.90099907,3.364000082,15.86999989,-0.002529783,0.005644106,0.00506904,0.010073663,-0.000215065,-0.003906327,0.005611886570536612,0.01060888603500588,high_vol,high_vol,pre_covid
2011-01-19,78.63999939,1370.199951,28.79199982,3.336999893,17.30999947,-0.004060915,0.001533781,0.005066747,0.009986719,-0.001012158,-0.000603927,0.0055221297571016684,0.010388627127378038,high_vol,high_vol,pre_covid
2011-01-20,78.81999969,1346.5,27.45899963,3.459000111,17.98999977,0.0022863,-0.017448046,0.005031087,0.010576287,-0.001810462,-0.00197808,0.005470859303818571,0.010104419086114867,high_vol,high_vol,pre_covid
2011-01-21,78.20999908,1341.0,27.41600037,3.415999889,18.46999931,-0.007769263,-0.004093029,0.005207604,0.010563992,-0.00324557,-0.002241653,0.005378548400887304,0.01068561173749954,high_vol,high_vol,pre_covid
2011-01-24,78.05000305,1344.5,27.31800079,3.407999992,17.64999962,-0.002047819,0.002606592,0.005195203,0.010604301,-0.003722294,-0.001769305,0.0054883825098033644,0.010432327833789685,high_vol,high_vol,pre_covid
2011-01-25,78.0,1332.300049,26.81100082,3.319000006,17.59000015,-0.000640859,-0.009115388,0.005191114,0.010711494,-0.003625771,-0.003060099,0.005394101558055342,0.010156859668917073,high_vol,high_vol,pre_covid
2011-01-26,77.90000153,1333.0,27.13199997,3.427999973,16.63999939,-0.001282854,0.000525233,0.005191258,0.010695435,-0.003716959,-0.003754582,0.005288068594396441,0.010124788097516069,high_vol,high_vol,pre_covid
2011-01-27,77.73000336,1318.400024,27.04500008,3.38499999,16.14999962,-0.002184646,-0.011013143,0.005183693,0.010027463,-0.002916022,-0.004978649,0.005189497460452429,0.009849343536181603,high_vol,high_vol,pre_covid
2011-01-28,78.12999725,1340.699951,27.93400002,3.328999996,20.04000092,0.005132744,0.016772931,0.00522629,0.010776764,-0.001347599,-0.003387923,0.005105583384862295,0.00995109460241426,high_vol,high_vol,pre_covid
2011-01-31,77.73999786,1333.800049,28.17399979,3.378000021,19.53000069,-0.005004173,-0.005159781,0.005271923,0.010774706,-0.001810127,-0.001974674,0.005101204839518102,0.010448286973953502,high_vol,high_vol,pre_covid
2011-02-01,77.06999969,1339.599976,28.52400017,3.443000078,17.62999916,-0.008655802,0.004338996,0.005417352,0.010452869,-0.002422729,-0.002105185,0.0050974762242525454,0.010236355278232103,high_vol,high_vol,pre_covid
2011-02-02,77.16000366,1331.5,28.29899979,3.489000082,17.29999924,0.00116714,-0.006064917,0.005415182,0.010436614,-0.001899923,-0.002865055,0.005278740466162126,0.010002622188308205,high_vol,high_vol,pre_covid
2011-02-03,77.75,1352.300049,28.7329998,3.540999889,16.69000053,0.007617316,0.015500756,0.005645645,0.008994791,-0.001366822,0.000429825,0.00517809918830829,0.009846775447385403,high_vol,high_vol,pre_covid
2011-02-04,78.04000092,1348.300049,29.06399918,3.65199995,15.93000031,0.003722976,-0.002962307,0.005149854,0.008984698,-0.000217598,0.000542897,0.005284629205719162,0.010246192060889508,high_vol,high_vol,pre_covid
2011-02-07,78.02999878,1347.599976,29.34799957,3.644000053,16.28000069,-0.000128175,-0.000519361,0.004832426,0.008984008,-2.56e-05,0.000230302,0.005228191734946878,0.009993038784479678,high_vol,high_vol,pre_covid
2011-02-08,78.0,1363.400024,30.27099991,3.724999905,15.81000042,-0.000384526,0.011656383,0.004738487,0.009379683,-2.06e-17,0.002307479,0.005124502714815172,0.009725632422905554,high_vol,high_vol,pre_covid
2011-02-09,77.63999939,1364.800049,30.27300072,3.64199996,15.86999989,-0.004626076,0.001026336,0.004777874,0.009340479,-0.000334322,0.002357589,0.005023973483895925,0.009850177307589619,high_vol,high_vol,pre_covid
2011-02-10,78.25,1361.900024,30.0909996,3.707999945,16.09000015,0.007826079,-0.002127132,0.0052268,0.009174112,0.00066675,0.00324619,0.005009578618785933,0.009590309106782368,high_vol,high_vol,pre_covid
2011-02-11,78.45999908,1359.900024,29.99200058,3.645999908,15.68999958,0.0026801,-0.001469616,0.004908353,0.009163674,0.000421486,0.001421936,0.005138770887945083,0.009358622918021961,high_vol,low_vol,pre_covid
2011-02-14,78.61000061,1364.599976,30.52899933,3.614000082,15.94999981,0.001909996,0.003450142,0.004417419,0.00920576,0.001112903,0.002282928,0.005062763769354642,0.009131219746527192,high_vol,low_vol,pre_covid
2011-02-15,78.56999969,1373.599976,30.69300079,3.615999937,16.37000084,-0.000508982,0.006573685,0.004417552,0.008288589,0.001927585,0.002506397,0.004975910956607672,0.008939637742033628,high_vol,low_vol,pre_covid
2011-02-16,78.22000122,1374.699951,30.62999916,3.621000051,16.71999931,-0.004464558,0.000800477,0.004484814,0.008204073,0.001364415,0.003192936,0.004879538662877586,0.00885431719939546,high_vol,low_vol,pre_covid
2011-02-17,78.0,1384.699951,31.5720005,3.573999882,16.59000015,-0.002816558,0.007247984,0.00444272,0.008343091,0.000321028,0.002367659,0.004865305329472752,0.00864593825642698,high_vol,low_vol,pre_covid
2011-02-18,77.66000366,1388.199951,32.29800034,3.588999987,16.43000031,-0.004368455,0.002524434,0.004479529,0.007263136,-0.000488116,0.002916333,0.0048034603049629246,0.008610168372535362,high_vol,low_vol,pre_covid
2011-02-22,77.76999664,1400.5,32.86399841,3.460999966,20.79999924,0.001415338,0.008821407,0.004194742,0.007316669,-0.000333764,0.00385041,0.0047889335414466275,0.008431601915526344,high_vol,low_vol,pre_covid
2011-02-23,77.41000366,1413.400024,33.30199814,3.486999989,22.12999916,-0.004639691,0.009168851,0.004286828,0.007479182,-0.000759281,0.003601657,0.004703174990269571,0.008493218795611117,high_vol,low_vol,pre_covid
2011-02-24,77.05999756,1415.300049,33.17900085,3.437999964,21.31999969,-0.004531711,0.001343391,0.004381162,0.007008883,-0.000749844,0.003633362,0.004702822539732538,0.008569733159457148,high_vol,low_vol,pre_covid
2011-02-25,77.27999878,1408.699951,32.89799881,3.424999952,19.21999931,0.002850867,-0.004674299,0.004440343,0.007185755,-0.001247366,0.003378646,0.004698416298391057,0.008379967656048164,high_vol,low_vol,pre_covid
2011-02-28,76.88999939,1409.300049,33.80400085,3.414000034,18.35000038,-0.005059353,0.000425903,0.004541894,0.006500721,-0.002021311,0.003568198,0.004639383558471943,0.00827850950200764,high_vol,low_vol,pre_covid
2011-03-01,77.05000305,1430.699951,34.41600037,3.414000034,21.01000023,0.00207878,0.015070639,0.004398568,0.006331082,-0.002004432,0.004730247,0.004658721090522877,0.008100882377717979,high_vol,low_vol,pre_covid
2011-03-02,76.66999817,1437.199951,34.82500076,3.463999987,20.70000076,-0.004944128,0.004532941,0.004395623,0.00604618,-0.002447947,0.004526173,0.004585629926400989,0.008678426646782488,high_vol,low_vol,pre_covid
2011-03-03,76.48000336,1416.0,34.31299973,3.572000027,18.60000038,-0.002481161,-0.014860747,0.004024909,0.007252981,-0.002249607,0.002960051,0.004602715203128302,0.0085397283296423,high_vol,low_vol,pre_covid
2011-03-04,76.40000153,1428.199951,35.31700134,3.492000103,19.05999947,-0.001046596,0.008578881,0.004011717,0.007075886,-0.002072611,0.00309314,0.004541605544424198,0.009081527763847923,high_vol,low_vol,pre_covid
2011-03-07,76.5,1434.099976,35.85499954,3.496999979,20.65999985,0.001308025,0.004122582,0.003589718,0.006511117,-0.001504963,0.003252955,0.004459995486628239,0.009078365901023615,high_vol,low_vol,pre_covid
2011-03-08,76.80000305,1426.900024,35.65299988,3.54399991,19.81999969,0.003913939,-0.005033182,0.003601895,0.006617513,-0.001255103,0.001867496,0.004381759896100249,0.008904892636009435,high_vol,low_vol,pre_covid
2011-03-09,76.72000122,1429.300049,36.04299927,3.469000101,20.21999931,-0.001042233,0.001680572,0.003599365,0.006581347,-0.000895357,0.001118668,0.0043637160454591106,0.008781740498775127,high_vol,low_vol,pre_covid
2011-03-10,77.27999878,1412.199951,35.06399918,3.392999887,21.87999916,0.007272728,-0.012036111,0.004008792,0.007004861,0.000285087,-0.000219282,0.0042867462810629794,0.008583134113563243,high_vol,low_vol,pre_covid
2011-03-11,76.77999878,1421.5,35.93299866,3.392999887,20.07999992,-0.006491,0.006563915,0.004125095,0.007083029,-0.0006491,0.000904539,0.004434612588565422,0.008877992609572817,high_vol,low_vol,pre_covid
2011-03-14,76.34999847,1424.599976,35.82500076,3.346999884,21.12999916,-0.005616162,0.002178403,0.003793136,0.007021514,-0.000704781,0.001079789,0.00453469647446065,0.008796447598846811,high_vol,low_vol,pre_covid
2011-03-15,76.33000183,1392.599976,34.11600113,3.322999954,24.31999969,-0.000261942,-0.022718569,0.003696916,0.008858876,-0.000938853,-0.002699131,0.004584138724872427,0.008602567627395991,high_vol,low_vol,pre_covid
2011-03-16,76.68000031,1396.0,34.47100067,3.211999893,29.39999962,0.004574852,0.002438518,0.003855334,0.008848381,1.3e-05,-0.002908574,0.004496609369790935,0.010013232615113308,high_vol,high_vol,pre_covid
2011-03-17,76.04000092,1404.0,34.25999832,3.247999907,26.37000084,-0.008381392,0.005714301,0.004157355,0.008823672,-0.000576978,-0.000851069,0.004497451441681613,0.009757267228718773,high_vol,high_vol,pre_covid
2011-03-18,75.72000122,1415.900024,35.06000137,3.27699995,24.44000053,-0.004217187,0.008440083,0.004149052,0.008969481,-0.000894037,-0.000864949,0.004709559027431279,0.00958890384891361,high_vol,high_vol,pre_covid
2011-03-21,75.40000153,1426.199951,36.0019989,3.322999954,20.61000061,-0.004235047,0.007248142,0.004182172,0.008969486,-0.001448345,-0.000552393,0.004693547034992493,0.009541328805227633,high_vol,high_vol,pre_covid
2011-03-22,75.43000031,1427.5,36.27099991,3.332000017,20.20999908,0.000397783,0.000911132,0.004154474,0.008966338,-0.00179996,4.2e-05,0.004678806864788093,0.009443307452924335,high_vol,low_vol,pre_covid
2011-03-23,75.79000092,1437.900024,37.20199966,3.34800005,19.17000008,0.004761292,0.00725907,0.004327881,0.008907353,-0.001219608,0.000599888,0.004588898586514094,0.009204023843610134,high_vol,low_vol,pre_covid
2011-03-24,75.66000366,1434.800049,37.38800049,3.404000044,18.0,-0.001716702,-0.002158232,0.00425913,0.008745655,-0.002118551,0.001587676,0.004592839490116238,0.009129332271447445,high_vol,low_vol,pre_covid
2011-03-25,76.22000122,1426.099976,37.05799866,3.444000006,17.90999985,0.007374244,-0.006082072,0.004559742,0.008868252,-0.000732026,0.000323078,0.004518091868161681,0.008923108729236217,high_vol,low_vol,pre_covid
2011-03-28,76.12999725,1419.800049,37.09700012,3.447999954,19.44000053,-0.001181542,-0.004427378,0.004495053,0.008861402,-0.000288564,-0.0003375,0.004655087014923929,0.008837475881289542,high_vol,low_vol,pre_covid
2011-03-29,76.25,1416.0,36.97700119,3.490999937,18.15999985,0.001575046,-0.002680056,0.004406648,0.008886373,-0.000104865,0.001666351,0.004571849499322425,0.008699229093322824,high_vol,low_vol,pre_covid
2011-03-30,76.12000275,1423.800049,37.50099945,3.454999924,17.70999908,-0.001706337,0.005493393,0.004377589,0.008313736,-0.000732984,0.001971838,0.004493752980493564,0.008526117062758444,high_vol,low_vol,pre_covid
2011-03-31,75.86000061,1438.900024,37.87200165,3.453999996,17.73999977,-0.003421534,0.010549562,0.004313808,0.008585325,-0.000236999,0.002455364,0.004421617495624305,0.008427527839202035,high_vol,low_vol,pre_covid
2011-04-01,75.83000183,1428.099976,37.73699951,3.450999975,17.39999962,-0.000395527,-0.007534077,0.004289998,0.008082993,0.000145167,0.000857948,0.004390837710015716,0.008596991599013925,high_vol,low_vol,pre_covid
2011-04-04,75.91000366,1432.199951,38.48400116,3.430999994,17.5,0.001054459,0.002866817,0.004298813,0.007887941,0.000674118,0.000419816,0.004308645721836478,0.008600699032475897,high_vol,low_vol,pre_covid
2011-04-05,75.87999725,1451.800049,39.17499924,3.486999989,17.25,-0.000395367,0.01359251,0.004282868,0.008382601,0.000594803,0.001687954,0.0042319264232589405,0.008428305788858474,high_vol,low_vol,pre_covid
2011-04-06,75.51000214,1457.699951,39.38399887,3.545000076,16.89999962,-0.004887983,0.004055618,0.004271545,0.00831241,-0.000370124,0.001367608,0.004153792886564128,0.008830104353186404,low_vol,low_vol,pre_covid
2011-04-07,75.58999634,1458.5,39.54199982,3.555000067,17.11000061,0.001058825,0.000548693,0.004290315,0.008311562,-9.26e-05,0.001638301,0.004189804130287648,0.008669581278243013,high_vol,low_vol,pre_covid
2011-04-08,75.06999969,1473.400024,40.59999847,3.569999933,17.87000084,-0.006902943,0.010164162,0.004082231,0.007980774,-0.00152029,0.003262924,0.004116267304089756,0.008470511969162466,low_vol,low_vol,pre_covid
2011-04-11,75.05999756,1467.400024,40.60400009,3.569999933,16.59000015,-0.000133246,-0.004080528,0.00391676,0.008015712,-0.001415461,0.003297609,0.00426289862450524,0.008610481654825005,high_vol,low_vol,pre_covid
2011-04-12,74.84999847,1452.900024,40.05799866,3.5,17.09000015,-0.002801671,-0.009930568,0.003800158,0.008392171,-0.001853133,0.002572558,0.004183172955071027,0.008476070683096158,high_vol,low_vol,pre_covid
2011-04-13,74.98000336,1454.900024,40.23500061,3.46600008,16.92000008,0.001735366,0.001375611,0.003842859,0.006409164,-0.001508962,0.00216078,0.004143332050727245,0.00863010297336137,low_vol,low_vol,pre_covid
2011-04-14,74.68000031,1471.699951,41.6609993,3.484999895,16.27000046,-0.004009133,0.011480975,0.003690515,0.006729899,-0.001567722,0.002253921,0.004079411665370468,0.008437238890948382,low_vol,low_vol,pre_covid
2011-04-15,74.83000183,1485.300049,42.56600189,3.410000086,15.31999969,0.002006576,0.009198643,0.003370346,0.006854527,-0.001327512,0.003927193,0.004082477717695163,0.008671146480073458,low_vol,low_vol,pre_covid
2011-04-18,75.5,1492.300049,42.95700073,3.371000051,16.95999908,0.008913758,0.004701782,0.003877527,0.006745141,-0.000541582,0.00411069,0.004024926714470545,0.008734476129175342,low_vol,low_vol,pre_covid
2011-04-19,75.02999878,1494.5,43.91899872,3.355999947,15.82999992,-0.006244639,0.001473116,0.004006339,0.006659164,-0.001126509,0.00289875,0.004311192562277742,0.008597191127037985,high_vol,low_vol,pre_covid
2011-04-20,74.37000275,1498.300049,44.46500015,3.400000095,15.06999969,-0.008835346,0.002539462,0.004418908,0.006652546,-0.001521245,0.002747135,0.004405736081386535,0.008406927653201045,high_vol,low_vol,pre_covid
2011-04-21,74.0,1503.199951,46.06200027,3.400000095,14.68999958,-0.004987578,0.003264972,0.004330561,0.006560286,-0.002125886,0.003018763,0.004658197355978455,0.008240229973010571,high_vol,low_vol,pre_covid
2011-04-25,73.98999786,1508.599976,47.15100098,3.362999916,15.77000046,-0.000135173,0.003585916,0.004333747,0.006492613,-0.001449109,0.002360938,0.0046736655210224565,0.008096687813144722,high_vol,low_vol,pre_covid
2011-04-26,73.83999634,1503.0,45.05799866,3.319999933,15.61999989,-0.002029379,-0.003718941,0.003880504,0.006357536,-0.001638722,0.002397097,0.004583615982620488,0.007969050090124927,high_vol,low_vol,pre_covid
2011-04-27,73.51999664,1516.699951,45.9640007,3.368000031,15.35000038,-0.004343108,0.009073779,0.003928134,0.006304307,-0.001792866,0.004297531,0.004514249207507732,0.007864707695803764,high_vol,low_vol,pre_covid
2011-04-28,73.12000275,1530.800049,47.52000046,3.312000036,14.61999989,-0.005455468,0.009253617,0.003938111,0.006290929,-0.002511949,0.005085332,0.004510900364954804,0.007990582041135813,high_vol,low_vol,pre_covid
2011-04-29,72.93000031,1556.0,48.58399963,3.296000004,14.75,-0.002601884,0.016327919,0.003939667,0.006862621,-0.002371224,0.005570026,0.004554111410982883,0.008116240281255934,high_vol,low_vol,pre_covid
2011-05-02,72.94999695,1556.699951,46.07799911,3.286000013,15.98999977,0.000274152,0.000449739,0.003957307,0.006750437,-0.002544467,0.004695136,0.004497171095943578,0.008816538759679787,high_vol,low_vol,pre_covid
2011-05-03,73.13999939,1540.099976,42.57600021,3.255000114,16.70000076,0.002601171,-0.010720831,0.004065409,0.007046064,-0.003175725,0.003152875,0.0044115276908244265,0.008609297674389808,high_vol,low_vol,pre_covid
2011-05-04,73.02999878,1514.900024,39.38299942,3.22300005,17.07999992,-0.001505105,-0.016497887,0.004016142,0.00830148,-0.002701772,0.001355774,0.0043559154266238735,0.008804455790347544,high_vol,low_vol,pre_covid
2011-05-05,74.19000244,1480.900024,36.23099899,3.167999983,18.20000076,0.015759104,-0.022699419,0.005558153,0.009591956,-0.000242327,-0.001168114,0.004284679769992758,0.009467943146408413,high_vol,high_vol,pre_covid
2011-05-06,74.83999634,1491.199951,35.28300095,3.157000065,18.39999962,0.008723049,0.006931105,0.005875525,0.009658872,0.001128736,-0.0008015,0.005199924982141338,0.01070788831204543,high_vol,high_vol,pre_covid
2011-05-09,74.73999786,1502.900024,37.11000061,3.14199996,17.15999985,-0.001337057,0.007815459,0.00586854,0.00976836,0.001008548,-0.000378546,0.005368926522014256,0.010523749682304955,high_vol,high_vol,pre_covid
2011-05-10,74.61000061,1516.599976,38.47999954,3.194999933,15.90999985,-0.001740841,0.00907438,0.005694146,0.009722415,0.001037401,0.000900786,0.005268838182977632,0.010385015338825796,high_vol,high_vol,pre_covid
2011-05-11,75.33000183,1501.099976,35.50899887,3.157000065,16.95000076,0.009603931,-0.010272815,0.006090438,0.0099865,0.002432105,-0.001033873,0.0051760863677035055,0.010311739241019635,high_vol,high_vol,pre_covid
2011-05-12,75.23999786,1506.599976,34.79299927,3.230000019,16.03000069,-0.00119551,0.003657284,0.006061256,0.009672611,0.002858101,-0.001593507,0.005403542507024991,0.010331026734993656,high_vol,high_vol,pre_covid
2011-05-13,75.76000214,1493.400024,35.01100159,3.187000036,17.06999969,0.006887501,-0.008800024,0.00622651,0.009942279,0.00380704,-0.004106301,0.005301214784324448,0.010077798148483983,high_vol,high_vol,pre_covid
2011-05-16,75.47000122,1490.400024,34.12900162,3.148999929,18.23999977,-0.003835235,-0.002010859,0.006220336,0.009680137,0.003396101,-0.004352361,0.005363052373546161,0.010035345106802979,high_vol,high_vol,pre_covid
2011-05-17,75.40000153,1479.800049,33.48799896,3.121000051,17.54999924,-0.000927947,-0.00713758,0.006217786,0.009610846,0.003043189,-0.003994036,0.0053108678279075216,0.009778590998053765,high_vol,high_vol,pre_covid
2011-05-18,75.47000122,1495.599976,35.09400177,3.171000004,16.22999954,0.000927947,0.010620471,0.005904904,0.009844994,0.003286494,-0.0012822,0.005208668731605983,0.009679317598698332,high_vol,high_vol,pre_covid
2011-05-19,75.12000275,1492.199951,34.92699814,3.171000004,15.52000046,-0.004648371,-0.002275939,0.005830561,0.009852937,0.001245747,0.000760148,0.005108046832952177,0.00974297766214058,high_vol,high_vol,pre_covid
2011-05-20,75.43000031,1508.800049,35.08200073,3.15199995,17.43000031,0.004118206,0.011063157,0.005519673,0.010137412,0.000785263,0.001173353,0.005091021915974767,0.009505293761950463,high_vol,high_vol,pre_covid
2011-05-23,76.09999847,1515.300049,34.90100098,3.134000063,18.27000046,0.008843167,0.004298806,0.005634318,0.01015486,0.001803285,0.000821688,0.0050525910946637755,0.00961093696732187,high_vol,high_vol,pre_covid
2011-05-24,75.87999725,1523.199951,36.12099838,3.122999907,17.81999969,-0.002895136,0.005199882,0.005702048,0.010186381,0.001687855,0.000434238,0.005240268173273353,0.009411119369451361,high_vol,low_vol,pre_covid
2011-05-25,75.93000031,1526.599976,37.63999939,3.128999949,17.06999969,0.000658758,0.002229671,0.005655886,0.010147036,0.000793338,0.001684487,0.005168606898568557,0.00924750894712462,high_vol,low_vol,pre_covid
2011-05-26,75.55000305,1522.800049,37.32600021,3.061000109,16.09000015,-0.005017138,-0.002492247,0.005691486,0.009984778,0.000411175,0.001069534,0.005067519508772731,0.009029554846220245,high_vol,low_vol,pre_covid
2011-05-27,74.94999695,1536.300049,37.85699844,3.063999891,15.97999954,-0.007973545,0.008826182,0.005864749,0.009965798,-0.001074929,0.002832154,0.005065737361452335,0.008834266163162602,high_vol,low_vol,pre_covid
2011-05-31,74.63999939,1535.900024,38.3030014,3.049999952,15.44999981,-0.004144635,-0.000260416,0.005923818,0.009253032,-0.001105869,0.003007199,0.005207815437996265,0.008863448969883182,high_vol,low_vol,pre_covid
2011-06-01,74.68000031,1542.400024,37.68899918,2.96600008,18.29999924,0.000535774,0.004223116,0.005922261,0.009311281,-0.000959497,0.004143268,0.005170257379349457,0.00865428682846263,high_vol,low_vol,pre_covid
2011-06-02,74.33000183,1532.0,36.20000076,3.029999971,18.09000015,-0.004697659,-0.006765589,0.006043679,0.009131176,-0.001522058,0.002404662,0.005068643098911267,0.008508583739116206,high_vol,low_vol,pre_covid
2011-06-03,73.77999878,1541.699951,36.18700027,2.996999979,17.95000076,-0.007426988,0.006311601,0.006288276,0.008431796,-0.00179992,0.003263416,0.005054977885021542,0.008481627887299161,high_vol,low_vol,pre_covid
2011-06-06,73.94999695,1546.5,36.77600098,3.002000093,18.48999977,0.002301472,0.003108641,0.00525484,0.006486464,-0.001981593,0.002467965,0.005166628901327943,0.008417017422014155,high_vol,low_vol,pre_covid
2011-06-07,73.51999664,1543.300049,37.04000092,3.010999918,18.06999969,-0.005831716,-0.002071301,0.004977977,0.006446074,-0.003449081,0.001830954,0.0050829521260301255,0.00825979690991506,high_vol,low_vol,pre_covid
2011-06-08,73.93000031,1538.099976,36.61899948,2.961999893,18.79000092,0.005561271,-0.00337514,0.005168027,0.006371754,-0.002603441,0.000973452,0.005113908946196775,0.008101442487655307,high_vol,low_vol,pre_covid
2011-06-09,74.19000244,1542.099976,37.42300034,2.997999907,17.77000046,0.003510699,0.002597235,0.005232596,0.006118291,-0.002318246,0.001010208,0.00512598320667032,0.00797952788052873,high_vol,low_vol,pre_covid
2011-06-10,74.79000092,1528.599976,36.32600021,2.970999956,18.86000061,0.008054795,-0.00879284,0.005095578,0.005991655,-0.001011053,0.000380149,0.005069242385032282,0.007838872978538223,high_vol,low_vol,pre_covid
2011-06-13,74.51000214,1515.0,34.73600006,2.990999937,19.61000061,-0.003750825,-0.008936829,0.005147213,0.00631946,-0.000588781,-0.001396152,0.005207591325767136,0.007978130631524532,high_vol,low_vol,pre_covid
2011-06-14,74.33000183,1523.800049,35.40999985,3.098999977,18.26000023,-0.00241871,0.005791808,0.004876081,0.006070216,-0.000416188,-0.00079093,0.005158384556795936,0.008113700127266421,high_vol,low_vol,pre_covid
2011-06-15,75.59999847,1525.599976,35.40599823,2.97300005,21.31999969,0.0169416,0.001180512,0.006184588,0.006031958,0.001224394,-0.00109519,0.005079501022102873,0.008053969526572904,high_vol,low_vol,pre_covid
2011-06-16,75.75,1529.300049,35.5530014,2.90899992,22.72999954,0.001982181,0.002422387,0.006193425,0.005731527,0.001892378,-0.000176393,0.0059684038976164895,0.007892140246382873,high_vol,low_vol,pre_covid
2011-06-17,74.98999786,1538.599976,35.73899841,2.944000006,21.85000038,-0.010083702,0.00606275,0.006584349,0.005450979,0.001626707,-0.000201278,0.005858674597900581,0.0077538400510556525,high_vol,low_vol,pre_covid
2011-06-20,75.02999878,1541.5,36.06499863,2.963000059,19.98999977,0.000533274,0.001883072,0.00651007,0.005387849,0.001449887,-0.000323834,0.006071770069170436,0.007730847476822306,high_vol,low_vol,pre_covid
2011-06-21,74.54000092,1546.0,36.3730011,2.984999895,18.86000061,-0.006552111,0.002914982,0.006583884,0.004943402,0.001377847,0.000174794,0.0059483931740022655,0.007594600473442701,high_vol,low_vol,pre_covid
2011-06-22,74.77999878,1552.900024,36.73400116,2.993000031,18.52000046,0.003214547,0.004453216,0.006289718,0.004948417,0.001143175,0.000957629,0.005968706652182066,0.0074833933745662076,high_vol,low_vol,pre_covid
2011-06-23,75.44999695,1520.099976,35.00500107,2.90899992,19.29000092,0.008919692,-0.02134806,0.006616011,0.006880582,0.001684074,-0.0014369,0.005879163480660229,0.007419566512128593,high_vol,low_vol,pre_covid
2011-06-24,75.66999817,1500.5,34.64099884,2.871000051,21.10000038,0.002911612,-0.01297772,0.006650012,0.007403833,0.001169756,-0.001855388,0.00601274293464359,0.008906696804750909,high_vol,low_vol,pre_covid
2011-06-27,75.38999939,1496.0,33.58000183,2.927000046,20.55999947,-0.003707124,-0.003003506,0.006608216,0.00741044,0.001174126,-0.001262056,0.005916093790556586,0.009240851265546501,high_vol,low_vol,pre_covid
2011-06-28,75.05999756,1499.699951,33.63299942,3.045000076,19.17000008,-0.004386871,0.002470176,0.006438747,0.007119763,0.00097731,-0.001594219,0.0058423755334819135,0.009043278265238885,high_vol,low_vol,pre_covid
2011-06-29,74.69000244,1509.900024,34.75,3.10800004,17.27000046,-0.004941514,0.006778384,0.006467113,0.007326335,-0.001211002,-0.001034432,0.005789415751624517,0.008839682464483429,high_vol,low_vol,pre_covid
2011-06-30,74.30000305,1502.300049,34.81200027,3.157999992,16.52000046,-0.005235254,-0.00504614,0.006566483,0.007286869,-0.001932745,-0.001781285,0.005755694392345263,0.008769599488258588,high_vol,low_vol,pre_covid
2011-07-01,74.34999847,1482.300049,33.69400024,3.197000027,15.86999989,0.00067266,-0.013402331,0.006488429,0.007671606,-0.000857109,-0.003727793,0.0057333233361146355,0.008655520531327702,high_vol,low_vol,pre_covid
2011-07-05,74.69000244,1512.300049,35.40200043,3.135999918,16.05999947,0.004562595,0.020036735,0.006326527,0.008868043,-0.000454177,-0.001912427,0.005618547839968143,0.009053142491905735,high_vol,low_vol,pre_covid
2011-07-06,75.12000275,1528.699951,35.9109993,3.095000029,16.34000015,0.005740624,0.010785966,0.006417081,0.009194532,0.000775097,-0.001125328,0.0055745816184890416,0.010003645674343444,high_vol,high_vol,pre_covid
2011-07-07,74.95999908,1530.199951,36.52799988,3.148999929,15.94999981,-0.002132246,0.000980745,0.006276677,0.009193425,0.000240417,-0.001472575,0.005573218827534547,0.010050702666490446,high_vol,high_vol,pre_covid
2011-07-08,75.18000031,1541.199951,36.5359993,3.016000032,15.94999981,0.002930616,0.007162888,0.006205339,0.009310113,-0.00035849,0.00137852,0.005477924972475078,0.009780383129495994,high_vol,high_vol,pre_covid
2011-07-11,75.98999786,1548.800049,35.68899918,2.917000055,18.38999939,0.010716482,0.004919167,0.006552342,0.009354985,0.000421997,0.003168208,0.005396961298375171,0.009663092496230702,high_vol,high_vol,pre_covid
2011-07-12,75.80999756,1561.900024,35.62900162,2.907999992,19.87000084,-0.002371547,0.008422575,0.006395451,0.009280947,0.000555555,0.004310816,0.005682053674002241,0.009476449445298489,high_vol,high_vol,pre_covid
2011-07-13,75.20999908,1585.199951,38.14799881,2.891000032,19.90999985,-0.007945989,0.014807507,0.006601818,0.009451279,0.000199643,0.00554455,0.0055876137294558394,0.009436131676314442,high_vol,low_vol,pre_covid
2011-07-14,75.25,1589.0,38.68899918,2.944000006,20.79999924,0.000531715,0.002394336,0.006569134,0.009414955,0.000746966,0.005106145,0.005693987199291772,0.009823840664682705,high_vol,high_vol,pre_covid
2011-07-15,75.12999725,1589.800049,39.06299973,2.907999992,19.53000069,-0.001595994,0.000503365,0.005403488,0.009419043,0.001110892,0.005661095,0.005579650241783382,0.009577231412186782,high_vol,high_vol,pre_covid
2011-07-18,75.48000336,1602.099976,40.33300018,2.90899992,20.95000076,0.004647855,0.007707001,0.005490318,0.009502161,0.001508411,0.007772028,0.005476981611408999,0.009329782632347225,high_vol,low_vol,pre_covid
2011-07-19,75.22000122,1600.900024,40.21099854,2.891000032,19.20999908,-0.003450596,-0.000749267,0.005065857,0.009480472,0.000707092,0.005693428,0.005440882992260013,0.00926621416336399,high_vol,low_vol,pre_covid
2011-07-20,74.79000092,1596.699951,39.54600143,2.933000088,19.09000015,-0.005732971,-0.002627018,0.005223976,0.009531587,-0.000440267,0.00435213,0.005375947043490575,0.009037767515855288,high_vol,low_vol,pre_covid
2011-07-21,74.01999664,1586.800049,38.93700027,3.00999999,17.55999947,-0.010348917,-0.006219528,0.005514179,0.00967947,-0.001261934,0.003632103,0.005388756752895555,0.008844406857134118,high_vol,low_vol,pre_covid
2011-07-22,74.19999695,1601.300049,40.11299896,2.963999987,17.52000046,0.002428827,0.009096389,0.005491521,0.009808696,-0.001312113,0.003825453,0.005658566054701522,0.008769720135317505,high_vol,low_vol,pre_covid
2011-07-25,74.05999756,1612.0,40.35400009,3.003999949,19.35000038,-0.001888567,0.006659814,0.005067367,0.008347461,-0.002572618,0.003999518,0.005563402010152404,0.008819096739756753,high_vol,low_vol,pre_covid
2011-07-26,73.47000122,1616.599976,40.69100189,2.950999975,20.22999954,-0.007998366,0.002849519,0.005215706,0.007526257,-0.0031353,0.003442212,0.005464844886408627,0.008745491321262767,high_vol,low_vol,pre_covid
2011-07-27,74.08999634,1615.0,40.5530014,2.980000019,22.97999954,0.008403345,-0.000990207,0.005603531,0.007451065,-0.001500367,0.001862441,0.005581745987120568,0.008564519360129651,high_vol,low_vol,pre_covid
2011-07-28,74.22000122,1613.400024,39.77899933,2.950999975,23.73999977,0.001753151,-0.000991188,0.005568646,0.007516347,-0.001378223,0.001523888,0.005705761185228224,0.008375848861539201,high_vol,low_vol,pre_covid
2011-07-29,73.90000153,1628.300049,40.09199905,2.805000067,25.25,-0.004320823,0.009192787,0.005545693,0.007587452,-0.001650706,0.00239283,0.005600043460363013,0.008197740095033363,high_vol,low_vol,pre_covid
2011-08-01,74.26000214,1619.0,39.29800034,2.74000001,23.65999985,0.004859629,-0.005727881,0.005552805,0.007627625,-0.001629529,0.001049342,0.00555367482803038,0.008301160519515596,high_vol,low_vol,pre_covid
2011-08-02,74.51000214,1641.900024,40.08100128,2.624000072,24.79000092,0.003360896,0.014045448,0.00560049,0.006891399,-0.00094838,0.002528814,0.005521567809614838,0.008243932611884702,high_vol,low_vol,pre_covid
2011-08-03,74.04000092,1663.400024,41.74700165,2.598999977,23.37999916,-0.006327873,0.013009592,0.00567061,0.00625976,-0.00100787,0.004092475,0.005448574442114943,0.008707667803105711,high_vol,low_vol,pre_covid
2011-08-04,75.12000275,1656.199951,39.41799927,2.457999945,31.65999985,0.014481371,-0.004337923,0.006416813,0.006373578,0.001475159,0.004280635,0.0054833091505801955,0.009029715823044215,high_vol,low_vol,pre_covid
2011-08-05,74.59999847,1648.800049,38.1969986,2.558000088,32.0,-0.006946385,-0.004478012,0.006580699,0.006602152,0.000537638,0.002923195,0.006064082545359453,0.00887708734554477,high_vol,low_vol,pre_covid
2011-08-08,74.79000092,1710.199951,39.37400055,2.338999987,48.0,0.002543712,0.036562514,0.006571946,0.009764999,0.000980866,0.005913465,0.006095824794906787,0.008737924847242118,high_vol,low_vol,pre_covid
2011-08-09,74.61000061,1740.0,37.8769989,2.181999922,35.06000137,-0.002409644,0.017274819,0.006083035,0.010128224,0.001539738,0.007355995,0.0059906478278911055,0.012125706708224446,high_vol,high_vol,pre_covid
2011-08-10,74.63999939,1781.300049,39.32500076,2.137000084,42.99000168,0.000401994,0.023458349,0.006078974,0.010847853,0.000739603,0.009800851,0.005888413482223558,0.012428027620814765,high_vol,high_vol,pre_covid
2011-08-11,74.68000031,1748.800049,38.65599823,2.335999966,39.0,0.000535774,-0.018413596,0.005853909,0.0119093,0.000617865,0.00805861,0.005769071341527987,0.013240392531133271,high_vol,high_vol,pre_covid
2011-08-12,74.61000061,1740.199951,39.10100174,2.236999989,36.36000061,-0.000937768,-0.004929845,0.005851791,0.012085439,0.000956171,0.006646347,0.005652942110312582,0.01355618573104103,high_vol,high_vol,pre_covid
2011-08-15,73.83999634,1755.5,39.29800034,2.285000086,31.87000084,-0.010374014,0.008753696,0.006241524,0.01208898,-0.000567194,0.008094504,0.005542352089662168,0.013173920857869899,high_vol,high_vol,pre_covid
2011-08-16,74.01000214,1782.400024,39.82099915,2.213999987,32.84999847,0.002299707,0.015207068,0.00615907,0.012290704,-0.000673313,0.008210666,0.0058004267724303974,0.012911402210118748,high_vol,high_vol,pre_covid
2011-08-17,73.66999817,1791.199951,40.34999847,2.164999962,31.57999992,-0.004604612,0.004924975,0.006187704,0.012218341,-0.000500986,0.007402204,0.005699430813394634,0.012996290229465489,high_vol,high_vol,pre_covid
2011-08-18,74.23999786,1818.900024,40.68700027,2.082999945,42.66999817,0.007707424,0.015346177,0.006365302,0.012261152,-0.001178381,0.009370614,0.005658195584402902,0.012631933791560858,high_vol,high_vol,pre_covid
2011-08-19,73.98999786,1848.900024,42.4280014,2.071000099,43.04999924,-0.00337314,0.016358945,0.005988346,0.012106199,-0.000821057,0.01145431,0.005740616189659694,0.012749333591775946,high_vol,high_vol,pre_covid
2011-08-22,74.06999969,1888.699951,43.32099915,2.088000059,42.43999863,0.001080668,0.021297855,0.005967981,0.012484636,-0.000967361,0.009927844,0.005664399370754215,0.012925795261476554,high_vol,high_vol,pre_covid
2011-08-23,73.87000275,1858.300049,42.28099823,2.137000084,36.27000046,-0.002703759,-0.016226618,0.005982941,0.013548309,-0.000996773,0.0065777,0.005553542375595969,0.013475379046912461,high_vol,high_vol,pre_covid
2011-08-24,74.01000214,1754.099976,39.1570015,2.25999999,35.90000153,0.001893419,-0.057706227,0.005715258,0.019542803,-0.00084763,-0.001538757,0.0054686828995352925,0.013610848018411802,high_vol,high_vol,pre_covid
2011-08-25,74.27999878,1759.800049,40.74000168,2.221999884,39.75999832,0.003641472,0.003244303,0.005468861,0.019511783,-0.00053706,0.000627033,0.005370814253512357,0.019027490635923124,high_vol,high_vol,pre_covid
2011-08-26,73.80999756,1794.099976,40.9469986,2.187999964,35.59000015,-0.006347529,0.019303296,0.00563133,0.01974874,-0.001078036,0.003050347,0.005309409967094183,0.0183637557361422,high_vol,high_vol,pre_covid
2011-08-29,73.72000122,1788.400024,40.54100037,2.270999908,32.27999878,-0.001220041,-0.003182111,0.005559832,0.019803657,-0.000162639,0.001856766,0.005352055758271907,0.01828228126173645,high_vol,high_vol,pre_covid
2011-08-30,73.94000244,1826.699951,41.39799881,2.176000118,32.88999939,0.002979837,0.021189655,0.005490415,0.019981194,-9.46e-05,0.002455025,0.005251254292491708,0.017654737190662004,high_vol,high_vol,pre_covid
2011-08-31,74.12999725,1828.5,41.69900131,2.217999935,31.62000084,0.002566285,0.000984925,0.005467296,0.019913151,0.000622464,0.00206102,0.005178048814522711,0.017745385228347146,high_vol,high_vol,pre_covid
2011-09-01,74.48000336,1826.0,41.48199844,2.145999908,31.81999969,0.004710406,-0.001368176,0.005383055,0.019875671,0.000322762,0.000389585,0.005098725412560075,0.01712316185046835,high_vol,high_vol,pre_covid
2011-09-02,74.75,1873.699951,43.02000046,1.996000051,33.91999817,0.003618534,0.025787277,0.004378584,0.020293121,0.001021929,0.001332418,0.005079318485492912,0.016531022818058783,high_vol,high_vol,pre_covid
2011-09-06,75.91999817,1869.900024,41.81800079,1.978999972,37.0,0.015530918,-0.002030093,0.005305227,0.020237629,0.002466954,-0.001000377,0.005026972556544429,0.017071533972537235,high_vol,high_vol,pre_covid
2011-09-07,75.45999908,1814.199951,41.5719986,2.036000013,33.38000107,-0.006077428,-0.030240394,0.005496523,0.020441366,0.002129587,-0.002401755,0.005777456092674997,0.0164859796302709,high_vol,high_vol,pre_covid
2011-09-08,76.23999786,1854.400024,42.47900009,1.985999942,34.31999969,0.010283529,0.021916634,0.005855451,0.020629815,0.002968598,0.005560532,0.0057860157369941665,0.01747914878373371,high_vol,high_vol,pre_covid
2011-09-09,77.19000244,1856.400024,41.57300186,1.914999962,38.52000046,0.012383715,0.001077935,0.006353831,0.02009294,0.003842823,0.005343895,0.00600857608855667,0.017633581187822784,high_vol,high_vol,pre_covid
2011-09-12,77.56999969,1809.900024,40.16400146,1.929999948,38.59000015,0.004910804,-0.025367533,0.006388832,0.020498808,0.004968656,0.000876812,0.006357137913465495,0.01701639410315743,high_vol,high_vol,pre_covid
2011-09-13,76.91000366,1826.800049,41.1230011,1.993999958,36.90999985,-0.008544796,0.00929422,0.006757327,0.02050603,0.004236181,0.002124445,0.0062975010368042875,0.01750945816681425,high_vol,high_vol,pre_covid
2011-09-14,76.83000183,1823.5,40.46900177,2.010999918,34.59999847,-0.001040742,-0.001808098,0.006227184,0.020469645,0.003834123,-0.00017533,0.006392893100441127,0.017032535459667444,high_vol,high_vol,pre_covid
2011-09-15,76.23999786,1778.5,39.45299911,2.085000038,31.96999931,-0.007708981,-0.024987419,0.006567965,0.021025926,0.002806596,-0.002772565,0.006264992091035752,0.016447052181230402,high_vol,high_vol,pre_covid
2011-09-16,76.58000183,1812.099976,40.78099823,2.075999975,30.97999954,0.004449739,0.018716068,0.006449257,0.021402859,0.002780529,-0.00076414,0.00632117227497411,0.016967579328872523,high_vol,high_vol,pre_covid
2011-09-19,77.38999939,1776.400024,39.11000061,1.940000057,32.72999954,0.010521595,-0.019897522,0.006604536,0.021565995,0.003470835,-0.00533262,0.0062498580990415905,0.016954085605913417,high_vol,high_vol,pre_covid
2011-09-20,77.02999878,1806.599976,40.08100128,1.947000027,32.86000061,-0.004662625,0.016857754,0.006662522,0.021586481,0.001451481,-0.003443835,0.0064520644611144795,0.01704616305371318,high_vol,high_vol,pre_covid
2011-09-21,77.33999634,1805.5,40.41999817,1.875,37.31999969,0.004016298,-0.00060905,0.006674874,0.020970402,0.002460854,-0.000480701,0.006386098326422903,0.01691870061909861,high_vol,high_vol,pre_covid
2011-09-22,78.37999725,1739.199951,36.5379982,1.715000033,41.34999847,0.013357519,-0.037412352,0.007013652,0.022157689,0.002768253,-0.0064136,0.0063017820829021865,0.016332246305775667,high_vol,high_vol,pre_covid
2011-09-23,78.30000305,1637.5,30.0510006,1.807999969,41.25,-0.001021116,-0.060254521,0.007061618,0.022476074,0.00142777,-0.012546845,0.006694287908433788,0.0181193603538128,high_vol,high_vol,pre_covid
2011-09-26,78.36000061,1592.5,29.92700005,1.904000044,39.02000046,0.000765959,-0.02786558,0.007069981,0.023042955,0.001013285,-0.01279665,0.006559014427777086,0.022608254049897587,high_vol,high_vol,pre_covid
2011-09-27,77.51000214,1650.599976,31.49699974,2.016000032,37.70999908,-0.010906613,0.035833735,0.007418165,0.024161178,0.000777103,-0.010142699,0.0064248897589088165,0.022776530135984976,high_vol,high_vol,pre_covid
2011-09-28,77.84999847,1616.300049,30.08499908,2.002000093,41.08000183,0.004376891,-0.020999227,0.007384741,0.024443319,0.001318867,-0.012061811,0.006646758242412512,0.023509888836062934,high_vol,high_vol,pre_covid
2011-09-29,77.91999817,1615.5,30.47200012,1.957000017,38.84000015,0.000898757,-0.00049511,0.007393287,0.02373753,0.00217964,-0.009612581,0.006563115375744534,0.023197951814972702,high_vol,high_vol,pre_covid
2011-09-30,78.55000305,1620.400024,30.04100037,1.924000025,42.95999908,0.008052768,0.003028541,0.007492151,0.02377112,0.002539943,-0.011181333,0.006429492281466727,0.022347153770362907,high_vol,high_vol,pre_covid
2011-10-03,79.44999695,1656.0,30.75,1.784999967,45.45000076,0.011392451,0.021732009,0.00771772,0.024507278,0.002627029,-0.00701838,0.006486602341447878,0.02154104268558621,high_vol,high_vol,pre_covid
2011-10-04,79.59999847,1614.699951,29.79500008,1.781000018,40.81999969,0.001886219,-0.025255905,0.007720889,0.023859892,0.003281913,-0.011229746,0.006725631614121557,0.02137488024044465,high_vol,high_vol,pre_covid
2011-10-05,78.91000366,1640.300049,30.31699944,1.904999971,37.81000137,-0.008706065,0.015730031,0.007562955,0.024357555,0.002009677,-0.009595838,0.006595683977149453,0.021466451821983323,high_vol,high_vol,pre_covid
2011-10-06,78.52999878,1651.900024,31.96999931,1.985999942,36.27000046,-0.004827307,0.007046974,0.0075022,0.023874679,0.000191194,-0.005149905,0.006682249090638146,0.021010493356617022,high_vol,high_vol,pre_covid
2011-10-07,78.72000122,1634.5,30.95800018,2.068000078,36.20000076,0.002416566,-0.010589208,0.007254928,0.023120715,0.000534963,-0.000183374,0.0066131613332720786,0.02031405229042294,high_vol,high_vol,pre_covid
2011-10-10,77.59999847,1669.599976,31.94400024,2.075999975,33.02000046,-0.014329861,0.021247115,0.007589886,0.023837698,-0.000974619,0.004727895,0.006492480605024318,0.01974946750389025,high_vol,high_vol,pre_covid
2011-10-11,77.58000183,1659.699951,31.96299934,2.160000086,32.86000061,-0.000257722,-0.005947228,0.007514697,0.02338244,9.03e-05,0.000549799,0.006951208179873164,0.01968252306548699,high_vol,high_vol,pre_covid
2011-10-12,76.98999786,1681.300049,32.75400162,2.226000071,31.26000023,-0.00763417,0.012930499,0.007465352,0.023499956,-0.001110836,0.003942772,0.006806774317141633,0.019033626633482053,high_vol,high_vol,pre_covid
2011-10-13,76.98999786,1667.300049,31.63299942,2.16899991,30.70000076,0.0,-0.008361752,0.007461206,0.023513569,-0.001200712,0.003156107,0.006832714486617857,0.018601058620026815,high_vol,high_vol,pre_covid
2011-10-14,76.62000275,1681.800049,32.13999939,2.232000113,28.23999977,-0.00481734,0.008659097,0.007335527,0.023174795,-0.002487723,0.003719163,0.0066907603745166465,0.018056639571052375,high_vol,high_vol,pre_covid
2011-10-17,77.13999939,1675.5,31.79100037,2.154999971,33.38999939,0.00676377,-0.003753049,0.007418885,0.022651205,-0.002950591,0.001170657,0.006621105968272915,0.01753446572368893,high_vol,high_vol,pre_covid
2011-10-18,77.12999725,1651.699951,31.8010006,2.151000023,31.55999947,-0.000129671,-0.014306597,0.007043076,0.022483942,-0.00315218,0.002265588,0.0066142145276051325,0.016946630203195846,high_vol,high_vol,pre_covid
2011-10-19,77.11000061,1646.0,31.25200081,2.15899992,34.43999863,-0.000259293,-0.003456929,0.006967473,0.021997557,-0.002307503,0.000346892,0.006477479437336549,0.016716708260149434,high_vol,high_vol,pre_covid
2011-10-20,76.97000122,1611.900024,30.26600075,2.180000067,34.77999878,-0.00181723,-0.02093448,0.006917519,0.022266391,-0.002006495,-0.002451253,0.0063441639917915125,0.0161613985739661,high_vol,high_vol,pre_covid
2011-10-21,76.30000305,1635.099976,31.17300034,2.203000069,31.31999969,-0.008742773,0.014290327,0.006409768,0.021391103,-0.003122429,3.67e-05,0.006224559724402128,0.01639305848642609,high_vol,high_vol,pre_covid
2011-10-24,76.01999664,1651.5,31.62000084,2.233999968,29.26000023,-0.003676559,0.009980016,0.006430549,0.017027234,-0.002057099,-0.00109001,0.006334575863614386,0.016175379301321353,high_vol,high_vol,pre_covid
2011-10-25,76.25,1699.599976,33.0340004,2.128000021,32.22000122,0.003020996,0.028708949,0.006487231,0.016804707,-0.001729227,0.002375608,0.006247195245220038,0.01579007645399004,high_vol,high_vol,pre_covid
2011-10-26,76.19999695,1722.699951,33.29100037,2.203000069,29.86000061,-0.000655993,0.013499884,0.006102474,0.015265722,-0.001031409,0.002432547,0.006145985551749945,0.0166790549968769,high_vol,high_vol,pre_covid
2011-10-27,74.87000275,1746.699951,35.09500122,2.394999981,25.45999908,-0.01760811,0.013835466,0.006989227,0.014511503,-0.00279222,0.004652268,0.006021831953748923,0.016406243017941153,high_vol,high_vol,pre_covid
2011-10-28,75.08999634,1746.199951,35.27000046,2.305999994,24.53000069,0.002934032,-0.000286295,0.007043276,0.01450856,-0.002017083,0.003757729,0.006832812697132661,0.016165860007155045,high_vol,high_vol,pre_covid
2011-10-31,76.16999817,1724.199951,34.3370018,2.174999952,29.95999908,0.014280315,-0.012678824,0.00758726,0.014943524,-0.001265428,0.002865152,0.00671411500550814,0.015611300597500256,high_vol,high_vol,pre_covid
2011-11-01,77.26000214,1711.0,32.72200012,2.000999928,34.77000046,0.014208725,-0.007685152,0.007846352,0.014466695,0.000168411,0.003527296,0.0071352199500807146,0.01538775747227457,high_vol,high_vol,pre_covid
2011-11-02,77.01000214,1728.699951,33.92900085,2.006000042,32.74000168,-0.003241074,0.010291658,0.007820968,0.013196546,-0.000129767,0.004902155,0.007510761893334522,0.014984660404273532,high_vol,high_vol,pre_covid
2011-11-03,76.66999817,1764.199951,34.48799896,2.065999985,30.5,-0.004424838,0.020327649,0.007680328,0.01344968,-0.000390528,0.009028368,0.007381340351104945,0.014676665159827186,high_vol,high_vol,pre_covid
2011-11-04,76.91000366,1755.300049,34.06999969,2.049999952,30.15999985,0.003125481,-0.005057492,0.007697449,0.013547628,0.000796298,0.007093586,0.007279598049400043,0.014965906176875432,high_vol,high_vol,pre_covid
2011-11-07,76.95999908,1790.300049,34.81200027,1.993999958,29.85000038,0.00064984,0.019743421,0.007667923,0.013655094,0.001228938,0.008069927,0.0071520885408988665,0.014517723825374324,high_vol,high_vol,pre_covid
2011-11-08,76.66999817,1798.400024,35.13700104,2.065000057,27.47999954,-0.003775321,0.004514163,0.007079101,0.013095666,0.000549306,0.005650448,0.007003587124723043,0.014778089740648967,high_vol,high_vol,pre_covid
2011-11-09,77.93000031,1790.900024,34.34799957,1.955000043,36.15999985,0.016300518,-0.004179094,0.007980825,0.013037181,0.002244957,0.00388255,0.006898532262939187,0.014320159755222384,high_vol,high_vol,pre_covid
2011-11-10,77.63999939,1758.900024,34.09500122,2.055999994,32.81000137,-0.003728241,-0.018029673,0.00783291,0.013667336,0.003632944,0.000696036,0.007460002588153055,0.013885923296317515,high_vol,high_vol,pre_covid
2011-11-11,76.94000244,1787.5,34.67100143,2.055999994,30.04000092,-0.009056821,0.016129368,0.008100806,0.01377017,0.002433858,0.002337603,0.007340928641733347,0.014111963325551598,high_vol,high_vol,pre_covid
2011-11-14,77.55999756,1777.800049,34.01300049,2.042999983,31.12999916,0.00802587,-0.005441323,0.008205513,0.013840149,0.001808414,0.003061353,0.007404327528296006,0.014158720880249305,high_vol,high_vol,pre_covid
2011-11-15,77.87999725,1781.699951,34.44800186,2.056999922,31.21999931,0.004117346,0.002191265,0.008125739,0.01376336,0.000799276,0.004048994,0.0074132710778230075,0.013758167526419306,high_vol,high_vol,pre_covid
2011-11-16,78.16000366,1773.800049,33.81399918,2.023999929,33.50999832,0.003588909,-0.004443772,0.008152842,0.013306597,0.001482274,0.002575451,0.007300592071111327,0.013318009125473868,high_vol,high_vol,pre_covid
2011-11-17,78.29000092,1719.800049,31.49300003,1.957999945,34.50999832,0.001661838,-0.030916132,0.008153122,0.015224608,0.002090942,-0.002548927,0.007180598680045993,0.012937223630188595,high_vol,high_vol,pre_covid
2011-11-18,78.01999664,1724.699951,32.4129982,2.012000084,32.0,-0.003454732,0.002845061,0.008186396,0.014281733,0.001432921,-0.001758672,0.007037371442014583,0.014540271952136037,high_vol,high_vol,pre_covid
2011-11-21,78.30000305,1678.300049,31.11300087,1.962000012,32.90999985,0.003582481,-0.027271689,0.007917074,0.015498982,0.001726185,-0.006460183,0.006924846802838216,0.014070521825631867,high_vol,high_vol,pre_covid
2011-11-22,78.23000336,1702.199951,32.94800186,1.93900001,31.96999931,-0.000894393,0.014140098,0.007853851,0.015642178,0.002014277,-0.005497589,0.006815241344291062,0.01508903749695963,high_vol,high_vol,pre_covid
2011-11-23,79.0,1695.699951,31.88199997,1.878999949,33.97999954,0.009794604,-0.003825897,0.008061624,0.014365367,0.001363686,-0.005462269,0.006676334074738071,0.014949546412110451,high_vol,high_vol,pre_covid
2011-11-25,79.61000061,1685.5,31.01199913,1.967000008,34.47000122,0.007691868,-0.00603335,0.008145684,0.014069448,0.002505697,-0.004262637,0.006807580905199666,0.014479843799976511,high_vol,high_vol,pre_covid
2011-11-28,79.29000092,1710.800049,32.15999985,1.957999945,32.13000107,-0.004027692,0.01489887,0.006956351,0.014127457,0.00300861,-0.004385687,0.006829937127510309,0.014077578198641923,high_vol,high_vol,pre_covid
2011-11-29,79.0,1713.400024,31.85300064,1.996000051,30.63999939,-0.003664176,0.001518589,0.007094382,0.014137432,0.001839605,-0.003689696,0.006735629765360658,0.014052048162948473,high_vol,high_vol,pre_covid
2011-11-30,78.38999939,1745.5,32.73099899,2.068000078,27.79999924,-0.007751492,0.018561333,0.006878074,0.014475935,0.000652722,-0.002052689,0.006636031395823181,0.01359393369825907,high_vol,high_vol,pre_covid
2011-12-01,78.31999969,1735.300049,32.69499969,2.117000103,27.40999985,-0.000893366,-0.00586071,0.00622707,0.014429221,0.000204494,-0.002194383,0.00667534552660656,0.013852503904477535,high_vol,high_vol,pre_covid
2011-12-02,78.62999725,1747.0,32.62099838,2.042000055,27.52000046,0.003950277,0.006719694,0.006200132,0.014330866,0.000433338,0.0015692,0.006539761945233633,0.013477459016436513,high_vol,high_vol,pre_covid
2011-12-05,78.61000061,1730.699951,32.30599976,2.053999901,27.84000015,-0.000254346,-0.009374108,0.006083672,0.013729372,0.000753376,0.000347283,0.0064492103297799815,0.013132388226363456,high_vol,high_vol,pre_covid
2011-12-06,78.51000214,1727.900024,32.67200089,2.092999935,28.12999916,-0.001272893,-0.00161911,0.006089414,0.01369794,0.000267839,0.002912541,0.006316551489258785,0.01291479214730487,high_vol,high_vol,pre_covid
2011-12-07,78.48000336,1740.900024,32.55500031,2.01699996,28.67000008,-0.000382174,0.007495422,0.006096376,0.01302604,0.000319061,0.002248073,0.006192245680091501,0.012512686503571657,high_vol,high_vol,pre_covid
2011-12-08,78.80999756,1709.800049,31.46699905,1.972000003,30.59000015,0.004196003,-0.018025802,0.006036537,0.013442187,-0.000240799,0.000828083,0.006065972828712884,0.012243363897103126,high_vol,high_vol,pre_covid
2011-12-09,78.62999725,1712.800049,32.17300034,2.052000046,26.37999916,-0.00228659,0.001753054,0.005002991,0.013465369,-0.001238645,0.001606723,0.005996287075310946,0.012629278406373966,high_vol,high_vol,pre_covid
2011-12-12,79.56999969,1664.199951,30.93499947,2.009000063,25.67000008,0.011883862,-0.028784989,0.005491003,0.01428049,0.00035251,-0.002761663,0.005891978891031273,0.012238060284039811,high_vol,high_vol,pre_covid
2011-12-13,80.25,1659.900024,31.19499969,1.962000012,25.40999985,0.008509628,-0.002587124,0.005184767,0.013619565,0.001569891,-0.003172234,0.006215095991909766,0.013709764467409047,high_vol,high_vol,pre_covid
2011-12-14,80.52999878,1584.300049,28.88100052,1.901000023,26.04000092,0.003483009,-0.046614674,0.005012953,0.016556016,0.002693341,-0.009689835,0.006306253807381611,0.013280442709117136,high_vol,high_vol,pre_covid
2011-12-15,80.23999786,1574.599976,29.22500038,1.912999988,25.11000061,-0.003607654,-0.006141444,0.005115963,0.016462372,0.002421912,-0.009717908,0.006212406930102038,0.016986196393049654,high_vol,high_vol,pre_covid
2011-12-16,80.25,1595.599976,29.61499977,1.853999972,24.29000092,0.000124645,0.013248569,0.005098405,0.016984219,0.002039349,-0.009065021,0.0061271575843282865,0.01646500720194576,high_vol,high_vol,pre_covid
2011-12-19,80.25,1594.400024,28.8220005,1.812999964,24.92000008,0.0,-0.000752321,0.005104694,0.015929306,0.002064784,-0.008202842,0.006001792213450815,0.01619385435485001,high_vol,high_vol,pre_covid
2011-12-20,79.87999725,1615.599976,29.49600029,1.924999952,23.21999931,-0.004621288,0.013208884,0.005163631,0.016295475,0.001729944,-0.006720042,0.005879406927092074,0.015639327089712697,high_vol,high_vol,pre_covid
2011-12-21,80.01999664,1611.900024,29.19799995,1.967000008,21.43000031,0.001751087,-0.002292767,0.005135384,0.015326621,0.00194327,-0.007698861,0.005832156259772026,0.015417509964779884,high_vol,high_vol,pre_covid
2011-12-22,79.91999817,1608.900024,29.00099945,1.950999975,21.15999985,-0.00125045,-0.001862892,0.005142654,0.014879373,0.001398625,-0.00608257,0.005723188377737303,0.014907203813536794,high_vol,high_vol,pre_covid
2011-12-23,80.01000214,1604.699951,29.04599953,2.029999971,20.72999954,0.001125542,-0.002613938,0.004734647,0.014877074,0.001739838,-0.006519269,0.005613342199443761,0.014415975617059491,high_vol,high_vol,pre_covid
2011-12-27,79.79000092,1594.199951,28.6970005,2.009000063,21.90999985,-0.002753459,-0.00656478,0.004495534,0.01488361,0.000276106,-0.004297249,0.005504061240087132,0.013954366412893498,high_vol,high_vol,pre_covid
2011-12-28,80.48999786,1562.900024,27.19199944,1.907999992,23.52000046,0.008734732,-0.019828927,0.004763237,0.014764868,0.000298616,-0.006021429,0.0054216070951081195,0.013592929027766279,high_vol,high_vol,pre_covid
2011-12-29,80.48000336,1539.900024,27.27400017,1.896999955,22.64999962,-0.000124179,-0.01482559,0.004662064,0.014872886,-6.21e-05,-0.002842521,0.00557538038637061,0.0139851831779494,high_vol,high_vol,pre_covid
2011-12-30,80.16999817,1565.800049,27.875,1.871000051,23.39999962,-0.003859391,0.016679412,0.004369809,0.014728256,-8.73e-05,-0.000560435,0.005463293544905883,0.013989450138339196,high_vol,high_vol,pre_covid
2012-01-03,79.61000061,1599.699951,29.53300095,1.960000038,22.96999931,-0.007009636,0.021419174,0.004698612,0.015826706,-0.000800704,0.000256626,0.005408362006546802,0.014081532971498866,high_vol,high_vol,pre_covid
2012-01-04,80.08999634,1611.900024,29.06299973,1.995000005,22.21999931,0.006011236,0.007597541,0.004788844,0.015857217,-0.000199581,0.001091612,0.00547711033979132,0.014515624975485263,high_vol,high_vol,pre_covid
2012-01-05,80.94000244,1619.400024,29.26499939,1.993000031,21.47999954,0.010557213,0.004642103,0.005222743,0.01590721,0.00131827,0.000234934,0.00549091200040445,0.014141614404083519,high_vol,high_vol,pre_covid
2012-01-06,81.23999786,1616.099976,28.65299988,1.960999966,20.62999916,0.003699541,-0.002039901,0.005208634,0.01590543,0.001513115,0.00026022,0.005756383232599709,0.013716001391718288,high_vol,high_vol,pre_covid
2012-01-09,81.05000305,1607.5,28.74900055,1.960000038,21.06999969,-0.002341425,-0.005335647,0.005263691,0.015719988,0.001404017,-8.71e-05,0.005684076080728552,0.01328050563935639,high_vol,high_vol,pre_covid
2012-01-10,80.80000305,1631.0,29.78300095,1.972000003,20.69000053,-0.003089283,0.014513147,0.005319285,0.015850392,0.000982535,0.001625653,0.0055890829617239665,0.012921432341921972,high_vol,high_vol,pre_covid
2012-01-11,81.34999847,1639.199951,29.8579998,1.904000044,21.04999924,0.006783812,0.005014965,0.005390862,0.01590743,0.001936262,0.002783628,0.005511102124856307,0.012961546855318036,high_vol,high_vol,pre_covid
2012-01-12,80.76999664,1647.300049,30.09199905,1.932999969,20.46999931,-0.007155247,0.004929325,0.005174949,0.014736941,0.000347264,0.005259453,0.005556909328915434,0.012600822624001575,high_vol,high_vol,pre_covid
2012-01-13,81.43000031,1630.400024,29.49300003,1.853000045,20.90999985,0.008138191,-0.010312215,0.00514753,0.014887656,0.001173501,0.00571079,0.005624564623056541,0.01225636039434193,high_vol,high_vol,pre_covid
2012-01-17,81.18000031,1655.199951,30.1060009,1.850000024,22.20000076,-0.003074844,0.015096419,0.005168817,0.010981496,0.001251956,0.005552491,0.005731418603188262,0.012137182451179365,high_vol,high_vol,pre_covid
2012-01-18,80.59999847,1659.5,30.51399994,1.896999955,20.88999939,-0.007170285,0.002594534,0.005361224,0.010818551,0.001235891,0.003670027,0.0056488708269320075,0.012280311182856905,high_vol,high_vol,pre_covid
2012-01-19,80.20999908,1654.099976,30.48200035,1.972000003,19.87000084,-0.004850447,-0.003259313,0.005474067,0.010596004,0.000149723,0.002584342,0.005712224634918392,0.011913245832951233,high_vol,high_vol,pre_covid
2012-01-20,80.22000122,1663.699951,31.64699936,2.028000116,18.28000069,0.000124692,0.005786969,0.005474162,0.01061595,-0.000893529,0.002698828,0.005678428078397315,0.011579802130787582,high_vol,high_vol,pre_covid
2012-01-23,79.69000244,1678.0,32.23300171,2.066999912,18.67000008,-0.006628738,0.0085586,0.005575165,0.010417668,-0.001926357,0.003758678,0.005563748168856155,0.011309713734395226,high_vol,high_vol,pre_covid
2012-01-24,79.86000061,1664.199951,31.93099976,2.063999891,18.90999985,0.002130971,-0.00825811,0.00558213,0.010614451,-0.001479118,0.003466432,0.005606205816757831,0.011151814765565536,high_vol,high_vol,pre_covid
2012-01-25,79.56999969,1699.800049,33.09199905,2.006999969,18.30999947,-0.003637976,0.021166128,0.005630933,0.011407409,-0.001533987,0.00413173,0.005507930184338149,0.011010643468652688,high_vol,high_vol,pre_covid
2012-01-26,79.41000366,1726.300049,33.70199966,1.930999994,18.56999969,-0.002012783,0.015469792,0.005635387,0.011672262,-0.002413646,0.005177213,0.005445583279280631,0.011787036234327104,high_vol,high_vol,pre_covid
2012-01-27,78.90000153,1731.800049,33.74700165,1.898000002,18.53000069,-0.006443104,0.00318094,0.005769707,0.011444511,-0.002342432,0.005002374,0.005351934086571064,0.011987520703213713,high_vol,high_vol,pre_covid
2012-01-30,79.16000366,1731.0,33.49700165,1.837000012,19.39999962,0.00328992,-0.000462082,0.005445595,0.010139037,-0.002827259,0.005987388,0.005396766531869957,0.011642079615065623,high_vol,high_vol,pre_covid
2012-01-31,79.27999878,1737.800049,33.23300171,1.799000025,19.44000053,0.001514708,0.003920697,0.005467366,0.009089706,-0.002368304,0.004869816,0.005325998273159201,0.011293165139438495,high_vol,high_vol,pre_covid
2012-02-01,78.91999817,1747.099976,33.77799988,1.845999956,18.54999924,-0.004551217,0.005337283,0.005489298,0.008738455,-0.002106397,0.00514409,0.005227388070689528,0.010994719103874069,high_vol,high_vol,pre_covid
2012-02-02,78.97000122,1756.800049,34.15100098,1.825000048,17.97999954,0.000633391,0.005536744,0.005303637,0.007914534,-0.001558013,0.006023696,0.005202265941474161,0.01074434024570769,high_vol,high_vol,pre_covid
2012-02-03,78.94000244,1737.900024,33.72499847,1.949000001,17.10000038,-0.000379948,-0.010816498,0.005097658,0.008544615,-0.001608477,0.004363349,0.005100242678025199,0.01051334106770022,high_vol,high_vol,pre_covid
2012-02-06,79.08999634,1722.800049,33.72200012,1.901000023,17.76000023,0.001898297,-0.008726599,0.00445182,0.008950222,-0.000755774,0.002634829,0.005000292951392742,0.010548275080728657,high_vol,high_vol,pre_covid
2012-02-07,78.56999969,1746.400024,34.16500092,1.965999961,17.64999962,-0.006596455,0.013605638,0.004463631,0.009162965,-0.001628517,0.004821204,0.004914962661937902,0.010468852556484365,high_vol,high_vol,pre_covid
2012-02-08,78.63999939,1729.300049,33.67300034,1.975000024,18.15999985,0.000890525,-0.00983981,0.004492102,0.009433577,-0.001175667,0.00172061,0.004991144511879211,0.010658605581621832,high_vol,high_vol,pre_covid
2012-02-09,78.55999756,1739.0,33.88399887,2.046999931,18.62999916,-0.001017835,0.005593505,0.004476732,0.009107027,-0.001076172,0.000732982,0.004895704241274519,0.010627697573231492,high_vol,high_vol,pre_covid
2012-02-10,79.11000061,1723.300049,33.57600021,1.968999982,20.79000092,0.006976664,-0.00906915,0.004494391,0.009466824,0.000265805,-0.000492027,0.004804683137308433,0.010404897699639433,high_vol,high_vol,pre_covid
2012-02-13,78.94000244,1723.0,33.69599915,1.99000001,19.04000092,-0.002151196,-0.000174128,0.004298461,0.009463681,-0.000278307,-0.000463232,0.004900007438659504,0.010352461837565654,high_vol,high_vol,pre_covid
2012-02-14,79.58000183,1715.900024,33.32600021,1.924000025,19.54000092,0.008074727,-0.004129219,0.004291665,0.009147832,0.000377695,-0.001268223,0.004823691683754857,0.010065771099855453,high_vol,high_vol,pre_covid
2012-02-15,79.66999817,1726.300049,33.38600159,1.930999994,21.13999939,0.001130252,0.00604268,0.004292738,0.008724785,0.000945842,-0.001197684,0.0049807607965951526,0.009847383662458466,high_vol,high_vol,pre_covid
2012-02-16,79.33999634,1726.800049,33.35400009,1.993000031,19.21999931,-0.004150711,0.000289595,0.004119058,0.008731464,0.000467432,-0.001722399,0.0048873347592718755,0.009684388794059529,high_vol,high_vol,pre_covid
2012-02-17,79.33000183,1724.5,33.20000076,2.00999999,17.78000069,-0.000125979,-0.00133286,0.004011536,0.008684619,0.000492829,-0.000774035,0.004862043750818471,0.00943118117333224,high_vol,low_vol,pre_covid
2012-02-21,79.04000092,1757.099976,34.4129982,2.045000076,18.19000053,-0.003662325,0.018727555,0.004065611,0.009397719,-6.32e-05,0.001971381,0.004767314190035451,0.009198551935844736,high_vol,low_vol,pre_covid
2012-02-22,79.20999908,1770.0,34.23899841,2.005000114,18.19000053,0.002148477,0.007314838,0.003872844,0.009362147,0.00081126,0.001342301,0.004731123069490073,0.009985279802134296,high_vol,high_vol,pre_covid
2012-02-23,78.80999756,1784.900024,35.54399872,1.983999968,16.79999924,-0.005062681,0.008382858,0.003965254,0.009102995,0.000215939,0.003164567,0.004657144759634141,0.009860815696336645,high_vol,high_vol,pre_covid
2012-02-24,78.34999847,1775.099976,35.33200073,1.976999998,17.30999947,-0.005853912,-0.005505659,0.0040772,0.00831739,-0.000267668,0.002054651,0.004675776915120985,0.009791271819078105,high_vol,high_vol,pre_covid
2012-02-27,78.55999756,1773.599976,35.51599884,1.922000051,18.19000053,0.002676684,-0.00084538,0.004131816,0.007744859,-0.000697666,0.002877028,0.004728850673631549,0.009628970880150509,high_vol,high_vol,pre_covid
2012-02-28,78.26999664,1787.0,37.13999939,1.92900002,17.95999908,-0.003698288,0.007526871,0.003975275,0.007855268,-0.000852376,0.003647128,0.004665037011848647,0.009382065823315744,high_vol,low_vol,pre_covid
2012-02-29,78.73000336,1709.900024,34.58300018,1.976999998,18.43000031,0.005859975,-0.044103333,0.004130495,0.012686043,-0.001073851,-0.000350283,0.0046337021194162295,0.009306810896245174,high_vol,low_vol,pre_covid
2012-03-01,78.77999878,1721.099976,35.61100006,2.036999941,17.26000023,0.000634822,0.006528704,0.004116037,0.012744976,-0.001123394,-0.000301681,0.0046826698203378024,0.013883993223687677,high_vol,high_vol,pre_covid
2012-03-02,79.40000153,1708.800049,34.48099899,1.985999942,17.29000092,0.007839245,-0.007172209,0.004357353,0.012752816,7.56e-05,-0.001047861,0.0045935407284258935,0.013512813159770454,high_vol,high_vol,pre_covid
2012-03-05,79.31999969,1703.0,33.65100098,2.005000114,18.04999924,-0.001008088,-0.003399997,0.004365577,0.012670678,-1.26e-05,-0.001254575,0.004753306262050583,0.013192812416672427,high_vol,high_vol,pre_covid
2012-03-06,79.86000061,1671.400024,32.74100113,1.944000006,20.87000084,0.006784809,-0.018729788,0.004591255,0.013073461,0.001032104,-0.00500031,0.004665851276630408,0.01279919319371663,high_vol,high_vol,pre_covid
2012-03-07,79.70999908,1683.300049,33.54299927,1.972000003,19.06999969,-0.001880072,0.007094568,0.004609844,0.013113649,0.00062925,-0.005022337,0.004759543383854002,0.01318435023988767,high_vol,high_vol,pre_covid
2012-03-08,79.16000366,1698.099976,33.78900146,2.013999939,17.95000076,-0.00692387,0.008753783,0.004635075,0.012882221,0.000443131,-0.004985244,0.004682669139714991,0.01286557778958401,high_vol,high_vol,pre_covid
2012-03-09,80.04000092,1710.900024,34.17499924,2.038000107,17.11000061,0.011055354,0.007509598,0.005191068,0.012865872,0.002134057,-0.003683718,0.004790569940730956,0.012620955953364231,high_vol,high_vol,pre_covid
2012-03-12,79.87000275,1699.199951,33.37400055,2.030999899,15.64000034,-0.002126174,-0.006862039,0.005216476,0.012857559,0.001653771,-0.004285384,0.005163011929943106,0.012346048686064764,high_vol,high_vol,pre_covid
2012-03-13,80.19000244,1693.699951,33.54399872,2.107000113,14.80000019,0.003998502,-0.003242067,0.005078459,0.012739368,0.00242345,-0.005362278,0.0050788639667915395,0.012080186568074325,high_vol,high_vol,pre_covid
2012-03-14,80.55999756,1642.5,32.14699936,2.273999929,15.31000042,0.004603369,-0.030695985,0.005106285,0.014306151,0.00229779,-0.004021543,0.005037271933573914,0.011738169765397814,high_vol,high_vol,pre_covid
2012-03-15,80.15000153,1659.099976,32.69300079,2.280999899,15.42000008,-0.00510232,0.010055801,0.004997702,0.014547243,0.001724076,-0.003668834,0.00501661516495714,0.013539729683926327,high_vol,high_vol,pre_covid
2012-03-16,79.77999878,1655.5,32.57300186,2.298000097,14.47000027,-0.004627067,-0.002172194,0.005108854,0.014441434,0.000477444,-0.003168832,0.0050203616269097065,0.013306878630810155,high_vol,high_vol,pre_covid
2012-03-19,79.44999695,1666.900024,32.92599869,2.378999949,15.03999996,-0.004144977,0.006862551,0.005108617,0.014564115,0.000163755,-0.002142577,0.005006149956269959,0.012891673989377574,high_vol,high_vol,pre_covid
2012-03-20,79.58999634,1646.699951,31.80500031,2.371999979,15.57999992,0.001760556,-0.012192373,0.005121644,0.014742824,-0.00033867,-0.001488836,0.004976123119371858,0.012581658130280204,high_vol,high_vol,pre_covid
2012-03-21,79.62999725,1650.0,32.19900131,2.29399991,15.13000011,0.000502461,0.002002032,0.005046487,0.013988295,-0.000100417,-0.001998089,0.0048895626235127745,0.012537935570589602,high_vol,high_vol,pre_covid
2012-03-22,79.73999786,1642.300049,31.31900024,2.275000095,15.56999969,0.001380443,-0.00467756,0.005035604,0.013789751,0.000730015,-0.003341224,0.00479474253030547,0.012152901368126988,high_vol,high_vol,pre_covid
2012-03-23,79.33999634,1662.300049,32.2480011,2.236999989,14.81999969,-0.005028946,0.012104487,0.005033807,0.013973676,-0.000878415,-0.002881735,0.00470845741097769,0.011835869923358912,high_vol,high_vol,pre_covid
2012-03-26,78.93000031,1685.5,32.72600174,2.243999958,14.26000023,-0.005180981,0.013860041,0.004994534,0.014457605,-0.001183896,-0.000809527,0.004723277334928554,0.011816835453271087,high_vol,high_vol,pre_covid
2012-03-27,79.04000092,1684.800049,32.60100174,2.187000036,15.59000015,0.001392677,-0.000415364,0.004972453,0.01446032,-0.001444478,-0.000526856,0.004743721233102493,0.011905390590903307,high_vol,high_vol,pre_covid
2012-03-28,79.16000366,1657.900024,31.81599998,2.196000099,15.47000027,0.001517102,-0.016095135,0.004892899,0.014564151,-0.001753105,0.000933228,0.004658903319263583,0.011543778621765659,high_vol,high_vol,pre_covid
2012-03-29,79.18000031,1652.199951,31.97800064,2.15899992,15.47999954,0.000252579,-0.003444052,0.004738537,0.011226521,-0.001217615,-0.000416757,0.00457775020248423,0.011848081881710028,high_vol,high_vol,pre_covid
2012-03-30,78.93000031,1669.300049,32.46900177,2.21600008,15.5,-0.003162358,0.010296703,0.004796075,0.011392401,-0.001071144,0.000830133,0.004490053598519369,0.011521112070484545,high_vol,high_vol,pre_covid
2012-04-02,78.81999969,1677.5,33.08300018,2.193000078,15.64000034,-0.00139462,0.004900184,0.004461785,0.011394083,-0.000796109,0.000633896,0.004449314851247979,0.011428818427973745,high_vol,high_vol,pre_covid
2012-04-03,79.48000336,1670.0,33.25,2.28399992,15.65999985,0.008338692,-0.004480963,0.004842697,0.011408468,-0.000138295,0.001405037,0.0043740366616337005,0.011144109221723654,high_vol,high_vol,pre_covid
2012-04-04,79.76000214,1612.300049,31.02899933,2.243000031,16.44000053,0.003516693,-0.035161865,0.004666297,0.01312466,0.000163128,-0.002311353,0.004584338660174554,0.010875419548864316,high_vol,high_vol,pre_covid
2012-04-05,80.06999969,1628.5,31.7159996,2.174999952,16.70000076,0.003879096,0.009997584,0.004722854,0.013236889,0.000412993,-0.000843838,0.004546304682747043,0.013488776485043824,high_vol,high_vol,pre_covid
2012-04-09,79.73000336,1642.5,31.51300049,2.036999941,18.80999947,-0.00425528,0.008560126,0.004554064,0.013229398,0.00049036,-0.001198274,0.004520707790621139,0.013256579545574534,high_vol,high_vol,pre_covid
2012-04-10,79.88999939,1659.5,31.67000008,1.988000035,20.38999939,0.002004712,0.010296881,0.003865694,0.013338738,0.001208929,-0.00155459,0.00451384840095239,0.012982248604654778,high_vol,high_vol,pre_covid
2012-04-11,79.77999878,1659.0,31.51099968,2.028000116,20.02000046,-0.00137785,-0.000301341,0.003849394,0.013282416,0.000931877,-0.001543188,0.004443653600142527,0.012793996408064522,high_vol,high_vol,pre_covid
2012-04-12,79.27999878,1679.5,32.51499939,2.049000025,17.20000076,-0.006286957,0.012281119,0.00396076,0.013588024,0.000151471,0.001294437,0.004368316715816657,0.012390440151294766,high_vol,high_vol,pre_covid
2012-04-13,79.87999725,1659.099976,31.37999916,1.998000026,19.54999924,0.0075396,-0.012220858,0.004196355,0.012038177,0.000880173,0.000416757,0.0044615102439929085,0.012340347586540686,high_vol,high_vol,pre_covid
2012-04-16,79.55000305,1648.699951,31.36400032,1.973999977,19.54999924,-0.004139681,-0.006288203,0.004147434,0.011915765,0.000782441,-0.001241734,0.004612685876977955,0.012316047323129313,high_vol,high_vol,pre_covid
2012-04-17,79.47000122,1650.300049,31.66500092,2.009000063,18.45999908,-0.001006186,0.00097005,0.00403481,0.0119108,0.000821284,-0.001634747,0.004597899763473681,0.012033650761419976,high_vol,high_vol,pre_covid
2012-04-18,79.52999878,1638.800049,31.47800064,1.981999993,18.63999939,0.000754686,-0.006992823,0.003934819,0.011886663,6.29e-05,-0.001885933,0.004514446236278267,0.01166629399097522,high_vol,high_vol,pre_covid
2012-04-19,79.55999756,1640.599976,31.77099991,1.952000022,18.36000061,0.00037713,0.001097717,0.003916249,0.011600678,-0.000251073,0.001740025,0.004430202126741965,0.011443786386449557,high_vol,high_vol,pre_covid
2012-04-20,79.18000031,1642.099976,31.6439991,1.970000029,17.44000053,-0.004787678,0.000913882,0.004048994,0.011592887,-0.00111775,0.000831655,0.004346472469788813,0.01110509703758951,high_vol,high_vol,pre_covid
2012-04-23,79.41999817,1631.900024,30.52499962,1.932999969,18.96999931,0.003026457,-0.006230901,0.004098171,0.011627597,-0.000389577,-0.000647448,0.0043684456047229595,0.010782084190463066,high_vol,high_vol,pre_covid
2012-04-24,79.22000122,1643.0,30.73999977,1.960999966,18.10000038,-0.002521395,0.006778844,0.003985149,0.011399302,-0.000842187,-0.000999251,0.004324468546877198,0.010584963304892621,high_vol,high_vol,pre_covid
2012-04-25,79.01000214,1641.400024,30.35099983,1.983999968,16.81999969,-0.002654354,-0.000974288,0.003859349,0.010910436,-0.000969838,-0.001066546,0.004273002256240868,0.010402806705221064,high_vol,high_vol,pre_covid
2012-04-26,78.91000366,1659.599976,31.20299911,1.958999991,16.23999977,-0.001266445,0.011027044,0.003856654,0.011235731,-0.000467787,-0.001191954,0.004226379052718172,0.01011716415691274,high_vol,high_vol,pre_covid
2012-04-27,78.69999695,1664.0,31.34700012,1.932999969,16.31999969,-0.002664892,0.002647748,0.003878062,0.010684013,-0.001488236,0.000294907,0.004155581617726137,0.01016934580316599,low_vol,high_vol,pre_covid
2012-04-30,78.79000092,1663.400024,30.95899963,1.914999962,17.14999962,0.00114298,-0.000360627,0.003888999,0.010652934,-0.00095997,0.000887665,0.004113148506289001,0.009908018264436195,low_vol,high_vol,pre_covid
2012-05-01,78.86000061,1661.699951,30.87700081,1.95599997,16.60000038,0.000888039,-0.00102257,0.003836652,0.010406502,-0.000770547,0.000688403,0.004042471542165121,0.009644337147289971,low_vol,high_vol,pre_covid
2012-05-02,79.12999725,1653.400024,30.59199905,1.922000051,16.87999916,0.003417899,-0.005007357,0.003895117,0.010387462,-0.000504226,0.000886949,0.003971397232450445,0.009397863583033027,low_vol,low_vol,pre_covid
2012-05-03,79.22000122,1634.199951,29.95899963,1.924000025,17.55999947,0.001136773,-0.011680431,0.003430887,0.010634732,-0.000428262,-0.000390866,0.003953246277270017,0.00924323167633466,low_vol,low_vol,pre_covid
2012-05-04,79.47000122,1644.699951,30.37999916,1.879999995,19.15999985,0.0031508,0.006404609,0.003412181,0.007314794,0.000365586,0.000158207,0.00388684356638567,0.009444786599416052,low_vol,low_vol,pre_covid
2012-05-07,79.59999847,1638.599976,30.0720005,1.876999974,18.94000053,0.001634466,-0.003715763,0.00331259,0.007074636,0.000226387,0.000409721,0.0038636003476270287,0.009319738325244903,low_vol,low_vol,pre_covid
2012-05-08,79.73000336,1604.0,29.41399956,1.837000012,19.04999924,0.001631895,-0.021341694,0.003206799,0.00824085,0.000641716,-0.002402333,0.0038062061025530215,0.009133479387636341,low_vol,low_vol,pre_covid
2012-05-09,80.08000183,1593.699951,29.1970005,1.835000038,20.07999992,0.004380189,-0.006442183,0.003320916,0.007882108,0.00134517,-0.002949122,0.0037504554952316116,0.010272168318776103,low_vol,high_vol,pre_covid
2012-05-10,80.11000061,1595.099976,29.13599968,1.883999944,18.82999992,0.00037454,0.000878089,0.003303549,0.007898453,0.001509269,-0.003964018,0.003778477283673403,0.010113427313738403,low_vol,high_vol,pre_covid
2012-05-11,80.27999878,1583.599976,28.8579998,1.840999961,19.88999939,0.002119811,-0.007235694,0.002971247,0.007273559,0.001987739,-0.004952362,0.003711541951743695,0.00983951164131693,low_vol,high_vol,pre_covid
2012-05-14,80.59999847,1560.599976,28.31900024,1.787999988,21.87000084,0.003978122,-0.014630374,0.002638121,0.007446553,0.002271253,-0.006379337,0.0036677449616151175,0.009740370583081493,low_vol,high_vol,pre_covid
2012-05-15,81.22000122,1556.800049,28.05400085,1.77699995,21.96999931,0.007662907,-0.002437883,0.002864063,0.007406627,0.00294874,-0.006520868,0.003682990847554607,0.01011721281307508,low_vol,high_vol,pre_covid
2012-05-16,81.37000275,1536.199951,27.17000008,1.764999986,22.27000046,0.001845151,-0.013320661,0.00283214,0.007700246,0.002791465,-0.007352199,0.003909439475669746,0.009862169056737109,low_vol,high_vol,pre_covid
2012-05-17,81.37999725,1574.5,27.99600029,1.702000022,24.48999977,0.00012282,0.024625959,0.002839619,0.009776384,0.00269007,-0.00372156,0.0038541819381461323,0.01012286520487818,low_vol,high_vol,pre_covid
2012-05-18,81.29000092,1591.599976,28.69400024,1.702000022,25.10000038,-0.00110649,0.010802023,0.002876588,0.010147761,0.002264341,-0.003281818,0.0037848022357320527,0.011420158027596328,low_vol,high_vol,pre_covid
2012-05-21,81.08000183,1588.400024,28.30400085,1.735000014,22.01000023,-0.002586675,-0.002012549,0.002688161,0.010133848,0.001842227,-0.003111497,0.0037243073854404066,0.011360675985545783,low_vol,high_vol,pre_covid
2012-05-22,81.66999817,1576.300049,28.16500092,1.792999983,22.47999954,0.007250371,-0.007646876,0.002979463,0.010170961,0.002404075,-0.001742015,0.0036948520117359705,0.011036859594531908,low_vol,high_vol,pre_covid
2012-05-23,82.08999634,1548.099976,27.50799942,1.720999956,22.32999992,0.005129447,-0.018052003,0.002952579,0.010577225,0.002479,-0.002902997,0.003890445097674327,0.010877333835833307,low_vol,high_vol,pre_covid
2012-05-24,82.29000092,1557.300049,28.1420002,1.758999944,21.54000092,0.002433443,0.005925227,0.002781671,0.010743697,0.002684891,-0.002398283,0.003945489407171545,0.011418456665057775,low_vol,high_vol,pre_covid
2012-05-25,82.40000153,1568.800049,28.37000084,1.745000005,21.76000023,0.001335851,0.007357443,0.002688226,0.010540526,0.002606495,-0.000938969,0.003901042274624005,0.011161085270780422,low_vol,high_vol,pre_covid
2012-05-29,82.44000244,1548.599976,27.7670002,1.730999947,21.03000069,0.00048533,-0.012959746,0.002492071,0.010695242,0.002257216,-0.000771907,0.0038383707923304146,0.010965158402885313,low_vol,high_vol,pre_covid
2012-05-30,83.01000214,1563.400024,27.96199989,1.625,24.13999939,0.006890323,0.009511671,0.002677617,0.011047717,0.002179957,0.000423049,0.0037702593755670564,0.011097201985328438,low_vol,high_vol,pre_covid
2012-05-31,83.04000092,1562.599976,27.74099922,1.58099997,24.05999947,0.000361322,-0.000511867,0.002695725,0.011052739,0.002031574,0.001703928,0.003934735905396414,0.010995832230192001,low_vol,high_vol,pre_covid
2012-06-01,82.88999939,1620.5,28.49699974,1.467000008,26.65999985,-0.00180801,0.036383659,0.002840165,0.013969198,0.001838491,0.002879698,0.003863661086667049,0.010678354693045698,low_vol,high_vol,pre_covid
2012-06-04,82.55000305,1612.199951,27.99200058,1.52699995,26.12000084,-0.004110213,-0.005135068,0.003152929,0.013789843,0.001538119,0.001285989,0.0038116689397888976,0.013457433715319354,low_vol,high_vol,pre_covid
2012-06-05,82.80000305,1615.199951,28.38999939,1.555999994,24.68000031,0.003023891,0.001859082,0.003150654,0.013709087,0.002099175,0.001673152,0.0038311690191990383,0.013084709590258892,low_vol,high_vol,pre_covid
2012-06-06,82.31999969,1632.800049,29.47599983,1.651000023,22.15999985,-0.00581401,0.010837605,0.003578692,0.013923772,0.000792737,0.0035216,0.0038062238722617586,0.012673019772286642,low_vol,high_vol,pre_covid
2012-06-07,82.05000305,1586.599976,28.5189991,1.654000044,21.71999931,-0.003285233,-0.028703016,0.003733992,0.01456152,-4.87e-05,0.002456499,0.003910317408955698,0.012529456050284264,low_vol,high_vol,pre_covid
2012-06-08,82.51000214,1590.099976,28.46100044,1.636999965,21.22999954,0.005590669,0.002203545,0.003791747,0.014507813,0.000266992,0.002084331,0.0038948470750060082,0.013941185129898509,low_vol,high_vol,pre_covid
2012-06-11,82.51000214,1595.5,28.6060009,1.600000024,23.55999947,0.0,0.003390275,0.003797804,0.014526693,0.000133407,0.001687614,0.003973070633631264,0.013492752274210418,low_vol,high_vol,pre_covid
2012-06-12,82.41000366,1612.699951,28.94300079,1.661000013,22.09000015,-0.001212691,0.010722596,0.003835904,0.014607068,-3.64e-05,0.004055848,0.003900609370295599,0.013078009361630291,low_vol,high_vol,pre_covid
2012-06-13,82.05000305,1618.099976,28.93499947,1.598999977,24.27000046,-0.004377978,0.003342844,0.003969503,0.01417375,-0.001163225,0.003438965,0.0038381727256351504,0.012902838559639591,low_vol,high_vol,pre_covid
2012-06-14,81.90000153,1618.400024,28.40099907,1.610999942,21.68000031,-0.001829845,0.000185416,0.003685078,0.01414678,-0.001382342,0.003508694,0.0038677711948986704,0.012515420516884188,low_vol,high_vol,pre_covid
2012-06-15,81.58999634,1627.0,28.73399925,1.587000012,21.11000061,-0.003792349,0.005299806,0.003778467,0.013725793,-0.001580776,0.000400308,0.0038160645333135366,0.01212416053952737,low_vol,high_vol,pre_covid
2012-06-18,81.94000244,1625.699951,28.66500092,1.583999991,18.31999969,0.004280641,-0.000799366,0.003885568,0.012787535,-0.000741691,0.000833879,0.0038226503233526514,0.01181255758331672,low_vol,high_vol,pre_covid
2012-06-19,81.37000275,1622.199951,28.36199951,1.620000005,18.37999916,-0.006980613,-0.00215524,0.004193154,0.012629088,-0.001742141,0.000432446,0.0038428494071220455,0.011456929766604474,low_vol,high_vol,pre_covid
2012-06-20,81.48999786,1614.800049,28.38299942,1.64199996,17.23999977,0.001473599,-0.004572082,0.004159123,0.012670953,-0.00101338,-0.001108522,0.004016540080110904,0.011130044168576008,low_vol,high_vol,pre_covid
2012-06-21,82.31999969,1564.5,26.83300018,1.618000031,20.07999992,0.010133801,-0.031644856,0.00444022,0.014429542,0.000328523,-0.001402706,0.003952418442217287,0.010864349191029181,low_vol,high_vol,pre_covid
2012-06-22,82.22000122,1566.0,26.65699959,1.672000051,18.11000061,-0.001215492,0.000958313,0.004314803,0.013848596,-0.000352093,-0.001527229,0.004348650438723505,0.012978087375313663,high_vol,high_vol,pre_covid
2012-06-25,82.45999908,1587.5,27.51799965,1.60800004,20.37999916,0.00291472,0.013635854,0.004329208,0.014098275,-6.06e-05,-0.000502671,0.004273929918598931,0.012566593430570823,high_vol,high_vol,pre_covid
2012-06-26,82.37000275,1574.0,27.03700066,1.628000021,19.71999931,-0.00109199,-0.008540302,0.004326923,0.014161704,-4.86e-05,-0.002428961,0.004230271411303285,0.01258105866328844,high_vol,high_vol,pre_covid
2012-06-27,82.55999756,1577.5,26.94099998,1.621000051,19.45000076,0.002303946,0.002221165,0.004355591,0.013842502,0.000619642,-0.002541129,0.004157373056752021,0.012362736353011397,high_vol,high_vol,pre_covid
2012-06-28,82.66999817,1549.699951,26.24699974,1.577000022,19.70999908,0.001331485,-0.017779983,0.004080554,0.014266296,0.000935775,-0.004337669,0.004103338716914487,0.011987911553002717,low_vol,high_vol,pre_covid
2012-06-29,81.65000153,1603.5,27.57999992,1.659000039,17.07999992,-0.012414919,0.034127408,0.004869553,0.01613515,7.35e-05,-0.001454909,0.004035000493639662,0.012380653364694887,low_vol,high_vol,pre_covid
2012-07-02,81.87000275,1597.199951,27.46800041,1.580000043,16.79999924,0.002690819,-0.003936675,0.004921846,0.014000696,-8.55e-05,-0.00176864,0.004649640853399705,0.014438673652639534,high_vol,high_vol,pre_covid
2012-07-03,81.77999878,1621.300049,28.24300003,1.631000042,16.65999985,-0.001099957,0.014976261,0.004857601,0.01436452,0.000502601,-5.55e-05,0.004588567009837837,0.01399464521750774,high_vol,high_vol,pre_covid
2012-07-05,82.80999756,1608.900024,27.63800049,1.597000003,17.5,0.012516098,-0.007677596,0.005583977,0.014462122,0.001606851,-0.000366041,0.004506245526770701,0.013979903600979261,high_vol,high_vol,pre_covid
2012-07-06,83.29000092,1578.400024,26.88899994,1.54400003,17.10000038,0.005779707,-0.01913904,0.005552857,0.014795203,0.001171442,0.000884541,0.005042902947909522,0.01365085296645605,high_vol,high_vol,pre_covid
2012-07-09,83.16000366,1588.599976,27.4109993,1.513000011,17.97999954,-0.001561998,0.006441419,0.005505758,0.013509606,0.001136791,0.001432851,0.005067452192331973,0.013982648109243772,high_vol,high_vol,pre_covid
2012-07-10,83.36000061,1579.300049,26.85099983,1.498000026,18.71999931,0.002402078,-0.005871368,0.005405453,0.013560365,0.001085527,-0.000517871,0.004977724554505182,0.01360418844942162,high_vol,high_vol,pre_covid
2012-07-11,83.56999969,1575.199951,26.99500084,1.498000026,17.95000076,0.002516015,-0.002599524,0.005421953,0.013541302,0.001446327,7.62e-05,0.004901145039302988,0.013242054681040337,high_vol,high_vol,pre_covid
2012-07-12,83.65000153,1564.900024,27.13599968,1.478999972,18.32999992,0.000956845,-0.006560278,0.005406175,0.013341852,0.001311617,-0.000801938,0.004828917264912431,0.012834766845055254,high_vol,high_vol,pre_covid
2012-07-13,83.30000305,1591.599976,27.34399986,1.498999953,16.73999977,-0.00419286,0.016917844,0.005397606,0.013901912,0.000759183,0.002667845,0.004738005992977884,0.012532436384055927,high_vol,high_vol,pre_covid
2012-07-16,83.08999634,1591.199951,27.29700089,1.463999987,17.11000061,-0.002524272,-0.000251366,0.005416104,0.013900712,0.001748248,-0.000770032,0.004720009578893753,0.0127688014436684,high_vol,high_vol,pre_covid
2012-07-17,83.02999878,1589.099976,27.29199982,1.501000047,16.47999954,-0.00072234,-0.001320615,0.005329902,0.01383018,0.001406932,-0.000508426,0.004656219515522923,0.012366297384994318,high_vol,high_vol,pre_covid
2012-07-18,82.94999695,1570.400024,27.07099915,1.478999972,16.15999985,-0.000963994,-0.011837423,0.005282951,0.014025662,0.001420528,-0.003189795,0.0045690450785617715,0.011987614405790898,high_vol,high_vol,pre_covid
2012-07-19,82.90000153,1580.099976,27.19400024,1.514999986,15.44999981,-0.000602899,0.006157741,0.005002239,0.014127571,0.000108628,-0.001806261,0.004485964340402685,0.01196791232754162,high_vol,high_vol,pre_covid
2012-07-20,83.47000122,1582.5,27.27899933,1.460000038,16.27000046,0.00685222,0.001517754,0.005168701,0.014118516,0.00021588,0.000259418,0.004402381951284953,0.01168717644809808,high_vol,high_vol,pre_covid
2012-07-23,83.70999908,1577.099976,27.0189991,1.434999943,18.62000084,0.002871133,-0.003418173,0.004764201,0.012274594,0.000659193,-0.000726541,0.004516965803558879,0.011339047900092956,high_vol,high_vol,pre_covid
2012-07-24,84.01000214,1576.0,26.79000092,1.404000044,20.46999931,0.003577431,-0.000697711,0.004777739,0.012276026,0.000776728,-0.000209175,0.004464197064400718,0.01103738296056653,high_vol,high_vol,pre_covid
2012-07-25,83.51999664,1608.0,27.44499969,1.406000018,19.34000015,-0.005849781,0.020101179,0.004982869,0.012700841,-5.99e-05,0.002060895,0.004432303293304276,0.010718685947280242,high_vol,high_vol,pre_covid
2012-07-26,82.80999756,1615.0,27.43099976,1.427999973,17.53000069,-0.008537286,0.004343786,0.005360455,0.012546932,-0.001009265,0.003151302,0.004498823524407899,0.01142944965273866,high_vol,high_vol,pre_covid
2012-07-27,82.70999908,1617.900024,27.47800064,1.554999948,16.70000076,-0.001208295,0.00179407,0.005348065,0.012545582,-0.000710808,0.001638924,0.004721538514997977,0.01113237269650716,high_vol,high_vol,pre_covid
2012-07-30,82.79000092,1619.699951,28.01399994,1.503999949,18.03000069,0.00096679,0.00111189,0.005344411,0.011769553,-0.000361702,0.00177525,0.004636838264872778,0.010813183582893562,high_vol,high_vol,pre_covid
2012-07-31,82.63999939,1610.5,27.89500046,1.491999984,18.93000031,-0.001813475,-0.005696227,0.004547508,0.009301224,-0.000470816,0.001337689,0.004550888585801556,0.010505295924554204,high_vol,high_vol,pre_covid
2012-08-01,83.05999756,1603.699951,27.5170002,1.539000034,18.95999908,0.005069391,-0.004231261,0.004631713,0.009308006,0.000132523,0.002098305,0.004478820096687295,0.010306662645185672,high_vol,high_vol,pre_covid
2012-08-02,83.33000183,1587.400024,26.9810009,1.478000045,17.56999969,0.003245442,-0.010215956,0.004644928,0.008922948,0.000517357,0.000460935,0.004500352369070868,0.010077412695591627,high_vol,high_vol,pre_covid
2012-08-03,82.37999725,1606.0,27.79000092,1.577000022,15.64000034,-0.011465995,0.011649142,0.004592495,0.009193053,-0.001314464,0.001474074,0.004457676816828518,0.01011189283229028,high_vol,high_vol,pre_covid
2012-08-06,82.26999664,1612.900024,27.85199928,1.557999969,15.94999981,-0.001336175,0.004287201,0.00438327,0.008124697,-0.001735195,0.002244611,0.004917814004639013,0.01020264238026647,high_vol,high_vol,pre_covid
2012-08-07,82.20999908,1609.699951,28.07500076,1.628000021,15.98999977,-0.000729542,-0.00198602,0.00437777,0.008051828,-0.002165893,0.00211578,0.0048293576135679,0.009969565701346507,high_vol,high_vol,pre_covid
2012-08-08,82.38999939,1612.900024,28.06699944,1.639999986,15.31999969,0.002187125,0.00198602,0.004370775,0.007916111,-0.001362202,0.000304265,0.004737849499352385,0.009715926112225494,high_vol,high_vol,pre_covid
2012-08-09,82.63999939,1617.099976,28.09000015,1.687999964,15.27999973,0.003029755,0.00260059,0.004390232,0.007879048,-0.000205498,0.000129945,0.004664340939411672,0.009470255604369671,high_vol,high_vol,pre_covid
2012-08-10,82.55000305,1619.699951,28.05500031,1.649000049,14.73999977,-0.00108961,0.00160651,0.004378207,0.007673125,-0.00019363,0.000111189,0.004610621721458221,0.009245264557745856,high_vol,low_vol,pre_covid
2012-08-13,82.44000244,1609.599976,27.76000023,1.654000044,13.69999981,-0.001333422,-0.006255231,0.004305736,0.007003005,-0.000423651,-0.000625523,0.004527621735016803,0.00902087343869625,high_vol,low_vol,pre_covid
2012-08-14,82.48000336,1599.400024,27.75600052,1.725999951,14.85000038,0.000485095,-0.006357112,0.004284821,0.007162247,-0.000193794,-0.000691612,0.004449469774084689,0.008935646184154903,high_vol,low_vol,pre_covid
2012-08-15,82.65000153,1603.699951,27.80500031,1.804999948,14.63000011,0.002058962,0.002684855,0.004315639,0.007171803,-0.000494837,2.54e-17,0.004365593476704838,0.008860422979333975,high_vol,low_vol,pre_covid
2012-08-16,82.36000061,1616.099976,28.20499992,1.835999966,14.28999996,-0.003514953,0.007702395,0.004373191,0.006755357,-0.001170876,0.001791835,0.00430060573837105,0.008670232408927694,high_vol,low_vol,pre_covid
2012-08-17,82.59999847,1616.300049,27.99500084,1.815999985,13.44999981,0.002909772,0.000123792,0.004429446,0.006669127,0.000266701,0.0006393,0.004277288999714643,0.008654113498773028,high_vol,low_vol,pre_covid
2012-08-20,82.45999908,1620.099976,28.58600044,1.81400001,14.02000046,-0.001696346,0.002348244,0.004134567,0.006674322,0.000230684,0.000445404,0.004233390652021011,0.008455584735911187,high_vol,low_vol,pre_covid
2012-08-21,81.91000366,1639.900024,29.42099953,1.804999948,15.02000046,-0.006692188,0.012147419,0.004260233,0.00700164,-0.000365581,0.001858748,0.0041684942000756045,0.008283210970535438,high_vol,low_vol,pre_covid
2012-08-22,81.48999786,1637.400024,29.54899979,1.718999982,15.10999966,-0.005140841,-0.001525646,0.004212801,0.007019068,-0.001098378,0.001507582,0.004298368068909913,0.008583583793866645,high_vol,low_vol,pre_covid
2012-08-23,81.36000061,1669.599976,30.4470005,1.666000009,15.96000004,-0.001596528,0.019474429,0.004091198,0.006938317,-0.001561006,0.003194966,0.004338306719500434,0.008399179700655597,high_vol,low_vol,pre_covid
2012-08-24,81.58999634,1669.800049,30.6060009,1.677999973,15.18000031,0.002822901,0.000119826,0.003821289,0.006921792,-0.001169755,0.003046297,0.004268881390193155,0.009396666219593086,high_vol,low_vol,pre_covid
2012-08-27,81.66000366,1672.400024,31.03899956,1.649000049,16.35000038,0.00085767,0.001555847,0.003834304,0.006921634,-0.000950645,0.003827405,0.004223079489188607,0.00915843253550741,high_vol,low_vol,pre_covid
2012-08-28,81.37000275,1666.5,30.86899948,1.629999995,16.48999977,-0.003557642,-0.003534116,0.003868332,0.007010941,-0.001354919,0.004109704,0.004147021432271532,0.008938259061782233,low_vol,low_vol,pre_covid
2012-08-29,81.55000305,1659.800049,30.83099937,1.654000044,17.05999947,0.002209678,-0.004028476,0.003916197,0.006936104,-0.001339848,0.003438371,0.004131118571178328,0.008769760828216322,low_vol,low_vol,pre_covid
2012-08-30,81.68000031,1653.5,30.36700058,1.620000005,17.82999992,0.001592811,-0.003802889,0.003732282,0.006919213,-0.000829071,0.002287843,0.004075978117347153,0.008624128695749989,low_vol,low_vol,pre_covid
2012-08-31,81.25,1684.599976,31.37000084,1.562000036,17.46999931,-0.005278356,0.018633879,0.003734074,0.007337261,-0.001647884,0.004138852,0.004011842700493495,0.008481208387141064,low_vol,low_vol,pre_covid
2012-09-04,81.31999969,1692.900024,32.34799957,1.58099997,17.97999954,0.000861164,0.004914917,0.002920438,0.007075021,-0.001392133,0.004395519,0.004074190233357839,0.00937004368830893,low_vol,low_vol,pre_covid
2012-09-05,81.23999786,1690.800049,32.27199936,1.593999982,17.73999977,-0.000984275,-0.00124123,0.002917111,0.007108337,-0.000821342,0.003056654,0.004002069553485457,0.00920050102577465,low_vol,low_vol,pre_covid
2012-09-06,81.08000183,1702.599976,32.61899948,1.672999978,15.60000038,-0.001971366,0.006954662,0.002932416,0.007109932,-0.000504394,0.003904685,0.0039342158637384085,0.00897931288979776,low_vol,low_vol,pre_covid
2012-09-07,80.25,1737.5,33.63299942,1.661000013,14.38000011,-0.010289582,0.020290818,0.003529974,0.008077825,-0.0013737,0.003986324,0.003883212355520578,0.008907044495380488,low_vol,low_vol,pre_covid
2012-09-10,80.36000061,1728.699951,33.57400131,1.682999969,16.28000069,0.001369786,-0.005077646,0.003446878,0.00829353,-0.001519011,0.003466576,0.004315390200848312,0.009910534556639521,high_vol,high_vol,pre_covid
2012-09-11,79.86000061,1731.800049,33.50899887,1.695000052,16.40999985,-0.006241438,0.001791706,0.003608301,0.008291874,-0.002228922,0.003490162,0.004241723567532838,0.009727372744849319,high_vol,high_vol,pre_covid
2012-09-12,79.73999786,1730.599976,33.23300171,1.764999986,15.80000019,-0.001503794,-0.000693203,0.003607917,0.008060812,-0.002023537,0.003774254,0.0043405935541356985,0.009479189406873725,high_vol,high_vol,pre_covid
2012-09-13,79.26000214,1769.099976,34.7159996,1.756000042,14.05000019,-0.0060377,0.022002774,0.003700321,0.008686694,-0.002848275,0.006377379,0.004269765171243128,0.009239190812714194,high_vol,low_vol,pre_covid
2012-09-14,78.84999847,1769.800049,34.60300064,1.870000005,14.51000023,-0.005186321,0.000395645,0.003650533,0.008728852,-0.003526188,0.006797232,0.004355771109299857,0.010383186936175674,high_vol,high_vol,pre_covid
2012-09-17,79.01000214,1767.699951,34.29800034,1.838000059,14.59000015,0.00202716,-0.001187335,0.003752752,0.00879095,-0.002795637,0.004815111,0.0043947810951150456,0.010094586723265093,high_vol,high_vol,pre_covid
2012-09-18,79.25,1768.400024,34.64400101,1.812000036,14.18000031,0.003032959,0.000395958,0.003760861,0.00878473,-0.002578457,0.004363215,0.004328390794094037,0.009826147359392762,high_vol,high_vol,pre_covid
2012-09-19,79.05999756,1769.0,34.51900101,1.781999946,13.88000011,-0.002400386,0.000339218,0.003761423,0.008817727,-0.002720068,0.00452126,0.004285948161619847,0.009565724919608977,high_vol,high_vol,pre_covid
2012-09-20,79.41000366,1767.699951,34.61800003,1.77699995,14.06999969,0.004417324,-0.000735176,0.003849459,0.008683324,-0.002081199,0.003752276,0.004232971449125014,0.009318681992569137,high_vol,low_vol,pre_covid
2012-09-21,79.33000183,1775.5,34.56700134,1.75999999,13.97999954,-0.001007961,0.004402834,0.003757271,0.008605274,-0.001153037,0.002163477,0.004239464667342298,0.009087372467261412,high_vol,low_vol,pre_covid
2012-09-24,79.51999664,1762.099976,33.92100143,1.718000054,14.14999962,0.00239213,-0.007575808,0.003840328,0.008163679,-0.001050803,0.001913661,0.0041654594486169,0.008920499566688684,high_vol,low_vol,pre_covid
2012-09-25,79.55000305,1763.800049,33.88600159,1.682000041,15.43000031,0.000377273,0.000964334,0.00375182,0.008153091,-0.000388932,0.001830924,0.004113032206433264,0.00890183939374114,low_vol,low_vol,pre_covid
2012-09-26,79.88999939,1750.599976,33.88299942,1.618000031,16.80999947,0.004264888,-0.007512028,0.003915613,0.008446446,0.000187937,0.001149042,0.004037384978743894,0.00869158575317253,low_vol,low_vol,pre_covid
2012-09-27,79.55000305,1777.599976,34.59500122,1.639999986,14.84000015,-0.004264888,0.015305554,0.003941275,0.008802619,0.000365218,0.00047932,0.004046799164883945,0.008686961904464677,low_vol,low_vol,pre_covid
2012-09-28,79.94000244,1771.099976,34.51699829,1.636999965,15.72999954,0.004890591,-0.003663317,0.004093542,0.008788238,0.001372909,7.34e-05,0.004061410282931884,0.009208562007819044,low_vol,low_vol,pre_covid
2012-10-01,79.81999969,1780.5,34.88100052,1.625,16.31999969,-0.001502288,0.005293415,0.004052947,0.008654634,0.001019964,0.000721498,0.0040960039043576035,0.00902744562112533,low_vol,low_vol,pre_covid
2012-10-02,79.73999786,1772.699951,34.60400009,1.61500001,15.71000004,-0.001002781,-0.004390443,0.003938156,0.00808434,0.00061639,0.000242858,0.0040320349646698955,0.008890169081637237,low_vol,low_vol,pre_covid
2012-10-03,79.97000122,1777.300049,34.63100052,1.623000026,15.43000031,0.002880264,0.002591606,0.004007175,0.00806447,0.001144455,0.000468097,0.003963557295637084,0.008747577857665447,low_vol,low_vol,pre_covid
2012-10-04,79.34999847,1794.099976,35.04100037,1.664999962,14.55000019,-0.007783152,0.009408104,0.004287871,0.008163763,-7.56e-05,0.001482425,0.003929723075179836,0.008562269107593936,low_vol,low_vol,pre_covid
2012-10-05,79.33999634,1778.599976,34.51599884,1.731999993,14.32999992,-0.000126059,-0.008676966,0.00428848,0.008474996,1.26e-05,0.000174445,0.004151312930364202,0.008647063253203548,low_vol,low_vol,pre_covid
2012-10-08,79.54000092,1773.5,33.98199844,1.746000051,15.10999966,0.002517682,-0.002871529,0.003787708,0.007429084,2.52e-05,0.000644873,0.004074422060957128,0.008708615555594218,low_vol,low_vol,pre_covid
2012-10-09,79.94999695,1763.0,33.95100021,1.720000029,16.37000084,0.00514135,-0.005938092,0.003962364,0.007466423,0.000501561,-4.54e-05,0.0040277075009201475,0.008538748960445888,low_vol,low_vol,pre_covid
2012-10-10,79.91999817,1763.199951,34.07300186,1.690999985,16.29000092,-0.00037529,0.000113409,0.003717599,0.007465783,3.75e-05,0.000717174,0.0040756452442353595,0.008473547705731412,low_vol,low_vol,pre_covid
2012-10-11,79.77999878,1768.800049,34.04600143,1.674999952,15.59000015,-0.00175328,0.003171066,0.00372316,0.007473317,0.000288704,-0.000496275,0.0040014583320367005,0.008284961059465268,low_vol,low_vol,pre_covid
2012-10-12,79.69000244,1758.0,33.63299942,1.662999988,16.13999939,-0.001128693,-0.006124579,0.00346898,0.005878821,-0.000313225,-0.000742401,0.003944310280977057,0.008136800912905336,low_vol,low_vol,pre_covid
2012-10-15,79.73999786,1736.0,32.70700073,1.662999988,15.27000046,0.000627177,-0.012593183,0.003237027,0.006456867,-0.000100278,-0.002531061,0.0038796262089822757,0.008108109117405529,low_vol,low_vol,pre_covid
2012-10-16,79.37000275,1744.699951,32.92200089,1.720000029,15.22000027,-0.004650817,0.004998977,0.003406629,0.006583849,-0.000465082,-0.001592119,0.003811116157193523,0.008501816226628052,low_vol,low_vol,pre_covid
2012-10-17,79.01999664,1751.5,33.1969986,1.81099999,15.06999969,-0.004419555,0.003889971,0.003485814,0.006654672,-0.001195064,-0.001462282,0.003854465520314137,0.0083882170356559,low_vol,low_vol,pre_covid
2012-10-18,79.37000275,1743.300049,32.83800125,1.825999975,15.02999973,0.004419555,-0.004692667,0.003580932,0.006714877,2.52e-05,-0.002872359,0.0038850552459850415,0.008250120114587577,low_vol,low_vol,pre_covid
2012-10-19,79.63999939,1722.800049,32.07300186,1.768000007,17.05999947,0.003395974,-0.011828994,0.003527127,0.007140915,0.00037741,-0.003187562,0.003908033192965124,0.008157782146429284,low_vol,low_vol,pre_covid
2012-10-22,79.65000153,1725.099976,32.22700119,1.797999978,16.62000084,0.000125584,0.001334103,0.003517377,0.007050817,0.0001382,-0.002766999,0.0038916727310394487,0.008482850578510566,low_vol,low_vol,pre_covid
2012-10-23,79.98000336,1708.300049,31.76799965,1.764000058,18.82999992,0.00413459,-0.009786253,0.003591648,0.00716367,3.75e-05,-0.003151815,0.003821316296818742,0.008297848147980557,low_vol,low_vol,pre_covid
2012-10-24,79.97000122,1700.5,31.59499931,1.774999976,18.32999992,-0.000125066,-0.004576427,0.003592603,0.007171307,6.25e-05,-0.003620799,0.003835591813741443,0.008458954589525853,low_vol,low_vol,pre_covid
2012-10-25,80.04000092,1712.0,32.04899979,1.827999949,18.12000084,0.000874942,0.006739952,0.003477536,0.007271468,0.000325369,-0.00326391,0.0037668773030822967,0.008349179647158885,low_vol,low_vol,pre_covid
2012-10-26,80.06999969,1710.900024,32.01100159,1.75,17.80999947,0.000374727,-0.000642716,0.003331383,0.006235627,0.000475711,-0.002715724,0.003703099420276985,0.00831206512608623,low_vol,low_vol,pre_covid
2012-10-31,79.91999817,1717.5,32.2879982,1.68599999,18.60000038,-0.001875137,0.003850183,0.003190447,0.006339335,0.00022548,-0.001071387,0.0036381623815103983,0.008135041092710842,low_vol,low_vol,pre_covid
2012-11-01,80.05000305,1714.099976,32.22600174,1.715000033,16.69000053,0.001625366,-0.001981598,0.003190398,0.006147509,0.000853098,-0.001769445,0.003594550636640574,0.008011517369975829,low_vol,low_vol,pre_covid
2012-11-02,80.58999634,1674.099976,30.83499908,1.725999951,17.59000015,0.006723049,-0.023612454,0.003484301,0.007768328,0.001967358,-0.004519687,0.003545013938918621,0.007866343249820702,low_vol,low_vol,pre_covid
2012-11-05,80.75,1682.199951,31.11300087,1.684000015,18.42000008,0.001983435,0.004826739,0.003459137,0.007859591,0.001723746,-0.003567747,0.003717609788957335,0.009561188979760975,low_vol,high_vol,pre_covid
2012-11-06,80.61000061,1714.099976,32.01900101,1.741999984,17.57999992,-0.001735243,0.018785716,0.00295308,0.008788575,0.001210625,-0.000506276,0.003670818134497455,0.009377923217175005,low_vol,low_vol,pre_covid
2012-11-07,80.76000214,1713.199951,31.65099907,1.631999969,19.07999992,0.001859101,-0.000525209,0.0029554,0.008666074,0.001383976,-0.000692207,0.003623408548369809,0.010144186690633779,low_vol,high_vol,pre_covid
2012-11-08,80.79000092,1725.400024,32.23099899,1.631999969,18.48999977,0.000371387,0.007095984,0.002931669,0.008873998,0.001007656,0.000996017,0.003577157626954304,0.009869126118296937,low_vol,high_vol,pre_covid
2012-11-09,81.02999878,1730.300049,32.59000015,1.613000035,18.61000061,0.002966235,0.00283591,0.002804137,0.008851691,0.001316786,0.001737251,0.0035155785953895472,0.009743409819646545,low_vol,high_vol,pre_covid
2012-11-12,81.04000092,1730.300049,32.51300049,1.610999942,16.68000031,0.00012343,0.0,0.002797221,0.008851082,0.001241635,0.001063255,0.0035010254547800123,0.00950727213477087,low_vol,high_vol,pre_covid
2012-11-13,81.08000183,1724.199951,32.47800064,1.588999987,16.64999962,0.000493473,-0.003531686,0.002742628,0.008817842,0.00125351,0.000774358,0.0034410178922241867,0.009263387224826567,low_vol,low_vol,pre_covid
2012-11-14,81.05999756,1729.5,32.87099838,1.588999987,17.92000008,-0.000246753,0.003069203,0.002718754,0.008790144,0.001416348,0.00069626,0.003383625265932299,0.009075987947933925,low_vol,low_vol,pre_covid
2012-11-15,81.08000183,1713.300049,32.66500092,1.588999987,17.98999977,0.000246753,-0.009410986,0.002721311,0.008601692,0.001278487,-4.67e-05,0.0033273644690552887,0.00888023163176742,low_vol,low_vol,pre_covid
2012-11-16,81.26000214,1714.300049,32.36100006,1.574000001,16.40999985,0.002217573,0.000583499,0.00243157,0.008510786,0.000827939,0.002372917,0.003272251598711573,0.008965466392902214,low_vol,low_vol,pre_covid
2012-11-19,80.87000275,1734.0,33.18099976,1.610999942,15.23999977,-0.004810956,0.011426016,0.00247723,0.00887131,0.0001485,0.003032845,0.003245612132275523,0.008750446435295588,low_vol,low_vol,pre_covid
2012-11-20,80.95999908,1723.199951,32.92300034,1.656000018,15.07999992,0.001112233,-0.006247879,0.002358034,0.008914638,0.000433248,0.000529485,0.0033315212362683816,0.008949390688970132,low_vol,low_vol,pre_covid
2012-11-21,80.93000031,1727.900024,33.34400177,1.687000036,15.31000042,-0.000370607,0.002723813,0.002304894,0.008552478,0.000210277,0.000854387,0.003282409387371678,0.008868707102032705,low_vol,low_vol,pre_covid
2012-11-23,80.19000244,1751.300049,34.11100006,1.692999959,15.14000034,-0.009185738,0.013451585,0.003168069,0.009032329,-0.000745436,0.001489948,0.003229501034088406,0.008678676480672465,low_vol,low_vol,pre_covid
2012-11-26,80.25,1749.5,34.13800049,1.664000034,15.5,0.000747913,-0.001028364,0.003048204,0.008719866,-0.000967268,0.00110352,0.003654064377191408,0.009039697885551014,low_vol,low_vol,pre_covid
2012-11-27,80.40000153,1742.199951,33.98199844,1.644999981,15.92000008,0.001867433,-0.004181378,0.003069805,0.008707346,-0.000792868,0.000685382,0.0035923749165313883,0.008825326772816576,low_vol,low_vol,pre_covid
2012-11-28,80.33999634,1716.5,33.68099976,1.616999984,15.51000023,-0.000746612,-0.01486132,0.003073832,0.009272027,-0.000916876,-0.000447581,0.003547257893395307,0.008680614804337773,low_vol,low_vol,pre_covid
2012-11-29,80.19999695,1727.199951,34.34799957,1.620000005,15.06000042,-0.001744107,0.006214238,0.003101705,0.00936392,-0.001066611,-0.000133078,0.003489630763969405,0.009204125851602005,low_vol,low_vol,pre_covid
2012-11-30,80.15000153,1710.900024,33.20399857,1.605999947,15.86999989,-0.000623579,-0.00948201,0.003074218,0.009571625,-0.001153645,-0.00014018,0.003448126052783988,0.009087470846252903,low_vol,low_vol,pre_covid
2012-12-03,79.87999725,1719.599976,33.68099976,1.628000021,16.63999939,-0.003374424,0.005072129,0.003145944,0.009628959,-0.001712844,0.000308683,0.0033922357165431976,0.009159477616775913,low_vol,low_vol,pre_covid
2012-12-04,79.63999939,1694.400024,32.73400116,1.60800004,17.12000084,-0.003009003,-0.014762981,0.002786694,0.008684197,-0.001532649,-0.002310217,0.0034021721645770917,0.009007204503852685,low_vol,low_vol,pre_covid
2012-12-05,79.76999664,1692.400024,32.88299942,1.590999961,16.45999908,0.00163098,-0.001181056,0.002771601,0.008635916,-0.001480774,-0.001803534,0.003398329215849741,0.009480778211954703,low_vol,high_vol,pre_covid
2012-12-06,80.26000214,1700.300049,33.03900146,1.58099997,16.57999992,0.00612394,0.004657081,0.003117092,0.007612472,-0.00083132,-0.001610208,0.0033549287469745166,0.009244152653326995,low_vol,low_vol,pre_covid
2012-12-07,80.41999817,1704.0,33.0530014,1.626999974,15.89999962,0.001991487,0.002173694,0.00312161,0.007632741,0.000286403,-0.002737997,0.0035038136914186547,0.0090748417587611,low_vol,low_vol,pre_covid
2012-12-10,80.33000183,1713.0,33.29999924,1.616000056,16.04999924,-0.001119706,0.005267791,0.003124898,0.007554716,9.96e-05,-0.002108381,0.0034640406885450108,0.008865574219637615,low_vol,low_vol,pre_covid
2012-12-11,80.05999756,1708.199951,32.94100189,1.649000049,15.56999969,-0.00336685,-0.002806063,0.003102281,0.007536295,-0.000423787,-0.00197085,0.003412920368555081,0.008737585628527868,low_vol,low_vol,pre_covid
2012-12-12,79.88999939,1716.599976,33.70700073,1.697000027,15.94999981,-0.002125642,0.00490542,0.003115812,0.007631637,-0.00056169,5.82e-06,0.0034216090962186597,0.00856472321041761,low_vol,low_vol,pre_covid
2012-12-13,79.93000031,1695.599976,32.27999878,1.728000045,16.55999947,0.000500575,-0.01230893,0.003115946,0.008042267,-0.000337222,-0.001846493,0.0033908992321266384,0.008444176451118977,low_vol,low_vol,pre_covid
2012-12-14,79.59999847,1695.800049,32.22299957,1.707999945,17.0,-0.004137182,0.000117989,0.003203312,0.007996996,-0.000688582,-0.000886493,0.0033349203866763375,0.008775740923901671,low_vol,low_vol,pre_covid
2012-12-17,79.56999969,1697.0,32.20600128,1.763000011,16.34000015,-0.00037694,0.000707352,0.003195366,0.00776228,-0.000388834,-0.001322971,0.003380546841866939,0.008570590198622361,low_vol,low_vol,pre_covid
2012-12-18,79.36000061,1669.5,31.59499931,1.827000022,15.56999969,-0.002642663,-0.016337806,0.00313406,0.008492947,-0.0003522,-0.001480453,0.0033249401171199376,0.008377376003256507,low_vol,low_vol,pre_covid
2012-12-19,79.25,1666.5,31.04500008,1.799999952,17.36000061,-0.001387058,-0.001798562,0.003019785,0.007979987,-0.000654004,-0.001542204,0.0033122573733831806,0.009086522799473916,low_vol,low_vol,pre_covid
2012-12-20,79.26000214,1644.900024,29.61199951,1.799999952,17.67000008,0.000126202,-0.013046012,0.002993446,0.008297165,-0.001253778,-0.003312513,0.003269760224289203,0.008877636140051845,low_vol,low_vol,pre_covid
2012-12-21,79.62000275,1659.099976,30.1420002,1.753999949,17.84000015,0.004531737,0.008595665,0.003227827,0.008566473,-0.000999753,-0.002670316,0.0032160745967689964,0.009220499146025803,low_vol,low_vol,pre_covid
2012-12-24,79.63999939,1658.599976,29.8390007,1.774000049,17.84000015,0.000251119,-0.000301414,0.002593153,0.007824987,-0.00086267,-0.003227236,0.003281344510971713,0.009207697476490067,low_vol,low_vol,pre_covid
2012-12-26,79.62000275,1659.800049,29.9829998,1.758000016,19.47999954,-0.000251119,0.000723284,0.002581571,0.007851753,-0.000551097,-0.002874301,0.003227512394819812,0.008980247932068303,low_vol,low_vol,pre_covid
2012-12-27,79.62000275,1662.599976,30.18400002,1.715000033,19.46999931,0.0,0.001685485,0.002532144,0.007893437,-0.000338533,-0.003196295,0.0031756006056634055,0.008764816047707135,low_vol,low_vol,pre_covid
2012-12-28,79.68000031,1654.900024,29.92000008,1.710999966,22.71999931,0.000753265,-0.004642029,0.002544902,0.007373463,-0.000313264,-0.002429605,0.0031245497419101244,0.008567187993754423,low_vol,low_vol,pre_covid
2012-12-31,79.76999664,1674.800049,30.17300034,1.756000042,18.02000046,0.001128835,0.011953186,0.002545848,0.007778265,0.000213338,-0.001246085,0.003077787723423683,0.008452604169418483,low_vol,low_vol,pre_covid
2013-01-02,79.84999847,1687.900024,30.95199966,1.838999987,14.68000031,0.001002404,0.007791383,0.002558803,0.007801597,0.000351272,-0.000537682,0.0030364924681345867,0.008719990603634585,low_vol,low_vol,pre_covid
2013-01-03,80.43000031,1673.699951,30.67099953,1.899000049,14.56000042,0.007237389,-0.008448452,0.002918647,0.00786389,0.001339277,0.000251253,0.0029948699723480864,0.008704487213883777,low_vol,low_vol,pre_covid
2013-01-04,80.5,1648.099976,29.89599991,1.914999962,13.82999992,0.00086994,-0.015413621,0.00281799,0.00792071,0.001564977,-0.001110252,0.0032634714684371424,0.00874839996045095,low_vol,low_vol,pre_covid
2013-01-07,80.26000214,1645.5,30.03199959,1.902999997,13.78999996,-0.002985793,-0.001578805,0.002905029,0.007920838,0.001253778,3.65e-05,0.003213727634717483,0.009314555153644863,low_vol,low_vol,pre_covid
2013-01-08,80.34999847,1661.5,30.41500092,1.871000051,13.61999989,0.001120682,0.009676519,0.002590976,0.008182221,0.000912672,0.000144554,0.0032172858154628065,0.009090689863117325,low_vol,low_vol,pre_covid
2013-01-09,80.55999756,1654.800049,30.20100021,1.851999998,13.81000042,0.002610145,-0.004040624,0.002617497,0.008170299,0.001148575,-0.000229367,0.0031716622881980744,0.009147044685084428,low_vol,low_vol,pre_covid
2013-01-10,79.73999786,1677.300049,30.875,1.894000053,13.48999977,-0.010230903,0.013505202,0.003449635,0.008687549,0.000150596,0.001048824,0.003159763964124318,0.008979134179519658,low_vol,low_vol,pre_covid
2013-01-11,79.55999756,1660.0,30.36700058,1.875,13.35999966,-0.002259892,-0.010367784,0.003409471,0.008919633,-7.54e-05,-0.000156503,0.003701851681564367,0.009311079414837116,low_vol,low_vol,pre_covid
2013-01-14,79.48999786,1668.900024,31.07999992,1.856999993,13.52000046,-0.000880223,0.005347139,0.003386854,0.008935661,-0.000238742,0.000842414,0.003664757887466519,0.009418421179035444,low_vol,low_vol,pre_covid
2013-01-15,79.77999878,1683.400024,31.49799919,1.83099997,13.55000019,0.00364163,0.008650831,0.00348897,0.008819246,1.25e-05,0.000512179,0.003605124147590517,0.00925888308154024,low_vol,low_vol,pre_covid
2013-01-16,79.80000305,1682.699951,31.51399994,1.824000001,13.42000008,0.000250712,-0.000415955,0.003363576,0.008818617,-6.26e-05,-0.000308555,0.0036101431201609967,0.009246019773575613,low_vol,low_vol,pre_covid
2013-01-17,79.65000153,1690.400024,31.7859993,1.875,13.56999969,-0.001881487,0.004565585,0.003390595,0.008882132,-0.000974519,0.000992849,0.003547366450242471,0.00901696081335976,low_vol,low_vol,pre_covid
2013-01-18,80.05000305,1686.599976,31.90200043,1.843000054,12.46000004,0.005009422,-0.002250548,0.003496517,0.008098655,-0.000560571,0.002309156,0.0035068225821596037,0.008858655213572776,low_vol,low_vol,pre_covid
2013-01-22,79.87000275,1692.800049,32.14699936,1.835000038,12.43000031,-0.00225113,0.003669338,0.003523728,0.008109449,-0.000487104,0.00283397,0.0035787395525266525,0.008668912636166148,low_vol,low_vol,pre_covid
2013-01-23,79.91999817,1686.300049,32.4090004,1.832999945,12.46000004,0.000625764,-0.003847183,0.003523678,0.007556845,-0.000536596,0.0014816,0.0035456601497017397,0.008508736104194782,low_vol,low_vol,pre_covid
2013-01-24,79.94999695,1669.5,31.69499969,1.843999982,12.68999958,0.00037529,-0.010012628,0.003394041,0.007733204,-0.000760082,0.0008844,0.00348611888623098,0.008374071006785144,low_vol,low_vol,pre_covid
2013-01-25,79.75,1656.400024,31.18000031,1.947000027,12.89000034,-0.002504659,-0.007877593,0.003444738,0.007936592,1.25e-05,-0.00125388,0.0034270142789112864,0.008543143975543574,low_vol,low_vol,pre_covid
2013-01-28,79.77999878,1652.400024,30.75600052,1.973999977,13.56999969,0.00037609,-0.002417796,0.003444573,0.007950615,0.000276141,-0.000458881,0.0034062287183689037,0.008568890147412363,low_vol,low_vol,pre_covid
2013-01-29,79.55999756,1660.699951,31.1590004,1.988000035,13.31000042,-0.002761408,0.00501038,0.003500656,0.008023083,8.8e-05,-0.000492557,0.0033493068096208424,0.008398452900337031,low_vol,low_vol,pre_covid
2013-01-30,79.27999878,1679.900024,32.15200043,2.006000042,14.31999969,-0.003525549,0.011495112,0.003576135,0.008328696,-0.000628696,-0.000208129,0.0033394050701251645,0.008291854989584577,low_vol,low_vol,pre_covid
2013-01-31,79.20999908,1660.599976,31.33499908,1.985000014,14.27999973,-0.000883333,-0.011555314,0.003564573,0.008322388,-0.0007421,-0.001322065,0.003357848365968013,0.008541679618519746,low_vol,low_vol,pre_covid
2013-02-01,79.12999725,1669.400024,31.94199944,2.00999999,12.89999962,-0.001010507,0.005285327,0.003553846,0.008216266,-0.000655002,-0.001250091,0.0033069540233842095,0.008804165491976518,low_vol,low_vol,pre_covid
2013-02-04,79.55000305,1675.300049,31.70000076,1.97300005,14.67000008,0.005293758,0.003527988,0.003364401,0.008052798,-0.000626568,-0.000672237,0.0032590486403611878,0.008680619295132763,low_vol,low_vol,pre_covid
2013-02-05,79.48999786,1672.400024,31.85899925,2.016000032,13.72000027,-0.000754592,-0.001732548,0.003349394,0.007253328,-0.000476915,-0.001212426,0.003363642719069797,0.008516609340466877,low_vol,low_vol,pre_covid
2013-02-06,79.72000122,1677.699951,31.86100006,1.968000054,13.40999985,0.00288931,0.003164044,0.003385431,0.007252762,-0.00025056,-0.000511303,0.003311265535535739,0.008338561205848544,low_vol,low_vol,pre_covid
2013-02-07,80.19000244,1670.400024,31.38699913,1.950999975,13.5,0.005878339,-0.004360645,0.003636639,0.007049668,0.000299745,5.39e-05,0.003302505348942237,0.008187073885718595,low_vol,low_vol,pre_covid
2013-02-08,80.25,1666.0,31.42499924,1.953999996,13.02000046,0.000747913,-0.00263759,0.003589782,0.007013484,0.000625002,0.000577896,0.00343978424899956,0.008087943184653243,low_vol,low_vol,pre_covid
2013-02-11,80.30999756,1648.199951,30.89500046,1.94599998,12.93999958,0.000747354,-0.01074179,0.002755992,0.006724415,0.000662128,-0.000254504,0.0033839999377670888,0.007950024727180894,low_vol,low_vol,pre_covid
2013-02-12,80.11000061,1648.699951,31.00399971,1.981999993,12.64000034,-0.002493418,0.000303315,0.002767451,0.006361292,0.000688927,-0.00072521,0.0033297728044819315,0.00821346212641895,low_vol,low_vol,pre_covid
2013-02-13,80.08999634,1644.199951,30.85400009,2.019000053,12.97999954,-0.000249741,-0.002733155,0.002757088,0.006244331,0.001016508,-0.002148037,0.0033123773930478083,0.008039377365464591,low_vol,low_vol,pre_covid
2013-02-14,80.45999908,1634.699951,30.34300041,2.0,12.65999985,0.004609199,-0.005794643,0.002822024,0.00595031,0.001565761,-0.00157197,0.0032580946485749472,0.007906375302485303,low_vol,low_vol,pre_covid
2013-02-15,80.58000183,1608.800049,29.8390007,2.006999969,12.46000004,0.001490347,-0.015970682,0.002831602,0.006737966,0.001815847,-0.003697571,0.003324742309100222,0.007880201006319604,low_vol,low_vol,pre_covid
2013-02-19,80.47000122,1603.599976,29.41300011,2.026000023,12.31000042,-0.001366043,-0.003237503,0.002812431,0.006562642,0.001149867,-0.00437412,0.003281230150131667,0.008626900439881022,low_vol,low_vol,pre_covid
2013-02-20,81.08999634,1577.599976,28.61499977,2.020999908,14.68000031,0.007675144,-0.016346397,0.003074656,0.007222454,0.00199284,-0.005835505,0.003239347604869679,0.008469762404690247,low_vol,low_vol,pre_covid
2013-02-21,81.45999908,1578.199951,28.69499969,1.975999951,15.22000027,0.004552487,0.000380237,0.003115762,0.007101106,0.002159158,-0.006113885,0.0035148016055048313,0.009166158743898745,low_vol,low_vol,pre_covid
2013-02-22,81.48000336,1572.400024,28.45599937,1.967000008,14.17000008,0.000245542,-0.003681796,0.003118775,0.007100605,0.001595878,-0.006046,0.003563311096047643,0.008940104396664783,low_vol,low_vol,pre_covid
2013-02-25,81.66999817,1586.199951,28.9829998,1.894999981,18.98999977,0.002329082,0.008738058,0.003130815,0.007391267,0.001753995,-0.004908436,0.0035017794707371775,0.008775126640684548,low_vol,low_vol,pre_covid
2013-02-26,81.87000275,1615.199951,29.25600052,1.878999949,16.87000084,0.002445942,0.01811757,0.003037652,0.008524503,0.001923854,-0.0020225,0.0034698171499732804,0.008804211065573393,low_vol,low_vol,pre_covid
2013-02-27,81.59999847,1595.199951,28.94300079,1.902999997,14.72999954,-0.003303414,-0.012459668,0.003192701,0.008870879,0.001842855,-0.003298798,0.003441966634376249,0.009586523134347203,low_vol,high_vol,pre_covid
2013-02-28,81.98000336,1577.699951,28.39500046,1.888000011,15.51000023,0.004646113,-0.01103103,0.003156753,0.008956433,0.00233244,-0.004128585,0.0034469387900738376,0.00981078268555223,low_vol,high_vol,pre_covid
2013-03-01,82.30999756,1571.900024,28.45100021,1.853000045,15.35999966,0.004017221,-0.003682965,0.002989785,0.008368681,0.002273242,-0.003917418,0.003503945323228155,0.009916990054529388,low_vol,high_vol,pre_covid
2013-03-04,82.22000122,1572.099976,28.45700073,1.876999974,14.01000023,-0.001093981,0.000127195,0.002999526,0.008168907,0.002014809,-0.00230763,0.00352883477316536,0.009696268889648873,low_vol,high_vol,pre_covid
2013-03-05,82.08999634,1574.599976,28.56299973,1.894000053,13.47999954,-0.001582435,0.001588967,0.003028548,0.008028949,0.00199317,-0.001824983,0.0034754906404480075,0.009442467681028917,low_vol,low_vol,pre_covid
2013-03-06,82.45999908,1574.599976,28.76000023,1.937999964,13.52999973,0.004497154,0.0,0.002986624,0.00792653,0.001675371,-0.000190343,0.003431334982899871,0.00920745708351479,low_vol,low_vol,pre_covid
2013-03-07,82.08000183,1574.800049,28.7670002,1.991000056,13.06000042,-0.004618912,0.000127055,0.003253266,0.007951183,0.000758231,-0.000215662,0.0034819499672410843,0.008979305815061877,low_vol,low_vol,pre_covid
2013-03-08,82.69999695,1576.599976,28.9090004,2.055999994,12.59000015,0.007525161,0.001142303,0.003498393,0.00788653,0.001486193,0.000266748,0.003542550914617937,0.008763170866027719,low_vol,low_vol,pre_covid
2013-03-11,82.56999969,1577.800049,28.81200027,2.055999994,11.56000042,-0.00157315,0.000760888,0.003435804,0.007920158,0.00109597,-0.000530969,0.003772852478302975,0.00856140646350145,low_vol,low_vol,pre_covid
2013-03-12,82.58000183,1591.5,29.13100052,2.023000002,12.27000046,0.000121128,0.008645465,0.003444398,0.008299361,0.000863489,-0.001478179,0.003719431205133779,0.008368880141421708,low_vol,low_vol,pre_covid
2013-03-13,82.88999939,1588.300049,28.92200089,2.020999908,11.82999992,0.003746878,-0.002012675,0.003479609,0.008064295,0.001568518,-0.00043348,0.0036535914270534684,0.008425752271697473,low_vol,low_vol,pre_covid
2013-03-14,82.61000061,1590.599976,28.77199936,2.032999992,11.30000019,-0.003383674,0.001446996,0.003535738,0.008082786,0.000765539,0.000814323,0.003660410176498043,0.008256874538715209,low_vol,low_vol,pre_covid
2013-03-15,82.26000214,1592.5,28.81699944,1.996000051,11.30000019,-0.004245757,0.00119382,0.003734486,0.008103292,-6.08e-05,0.001302001,0.0036586833180644925,0.008085491575941225,low_vol,low_vol,pre_covid
2013-03-18,82.69000244,1604.599976,28.8409996,1.95599997,13.35999966,0.005213716,0.007569381,0.003763703,0.008273884,0.000570011,0.00204622,0.0036917086171534496,0.007921944487352405,low_vol,low_vol,pre_covid
2013-03-19,82.98999786,1611.300049,28.80999947,1.907999992,14.39000034,0.003621388,0.004166848,0.003797616,0.007575539,0.001090393,0.002304008,0.003762782910812013,0.007957102720473149,low_vol,low_vol,pre_covid
2013-03-20,82.77999878,1607.5,28.78300095,1.937000036,12.67000008,-0.002533621,-0.00236116,0.003848395,0.00755878,0.000387316,0.002067892,0.0037601257654223787,0.007853295424515289,low_vol,low_vol,pre_covid
2013-03-21,82.80000305,1613.800049,29.17900085,1.932000041,13.98999977,0.000241627,0.0039115,0.003569025,0.006582438,0.000873369,0.002446337,0.0037279603149166602,0.007724200473122566,low_vol,low_vol,pre_covid
2013-03-22,82.52999878,1606.199951,28.66600037,1.914999962,13.56999969,-0.003266249,-0.004720566,0.003586993,0.006702578,-0.000205772,0.00186005,0.0036620341458136435,0.007628342308131373,low_vol,low_vol,pre_covid
2013-03-25,82.87000275,1604.599976,28.78499985,1.914999962,13.73999977,0.004111299,-0.000996621,0.003665084,0.006637349,0.000362673,0.001684299,0.0036560908246971173,0.007579318375952152,low_vol,low_vol,pre_covid
2013-03-26,82.87999725,1595.800049,28.6439991,1.906000018,12.77000046,0.000120597,-0.005499281,0.003650838,0.006529972,0.00036262,0.000269824,0.003677372288263739,0.00744752097881028,low_vol,low_vol,pre_covid
2013-03-27,83.20999908,1606.199951,28.57699966,1.850999951,13.14999962,0.003973777,0.006495902,0.003702225,0.00532451,0.00038531,0.001120682,0.0036126458374541657,0.0074428103813080435,low_vol,low_vol,pre_covid
2013-03-28,82.98999786,1594.800049,28.29199982,1.851999998,12.69999981,-0.002647429,-0.007122743,0.003668726,0.004816545,0.000458935,0.000263708,0.003630358363148773,0.007462907780783772,low_vol,low_vol,pre_covid
2013-04-01,82.73000336,1600.0,27.91300011,1.840000033,13.57999992,-0.003137759,0.003255262,0.003654358,0.004144378,0.000569735,0.000469852,0.0036060448234522236,0.007536609454991803,low_vol,low_vol,pre_covid
2013-04-02,82.94000244,1575.099976,27.21699905,1.860999942,12.77999973,0.00253515,-0.015684882,0.003595527,0.005409032,0.000301878,-0.001855574,0.0035980328735217217,0.007436396275006945,low_vol,low_vol,pre_covid
2013-04-03,82.72000122,1552.800049,26.77300072,1.812000036,14.21000004,-0.002656059,-0.014258963,0.003643023,0.006250542,-0.000325867,-0.003698155,0.0035679411508056425,0.008223701543519986,low_vol,low_vol,pre_covid
2013-04-04,82.68000031,1551.800049,26.74799919,1.758999944,13.89000034,-0.000483687,-0.000644205,0.003622639,0.006230614,-0.000120873,-0.00352646,0.003546218549951785,0.008751050019559642,low_vol,low_vol,pre_covid
2013-04-05,82.5,1575.400024,27.20100021,1.694000006,13.92000008,-0.002179445,0.015093645,0.00353148,0.007121613,-0.00036298,-0.002408245,0.0034866542449406924,0.008549701274128019,low_vol,low_vol,pre_covid
2013-04-08,82.75,1572.0,27.12000084,1.731999993,13.18999958,0.003025721,-0.00216053,0.003421342,0.007137438,0.000266217,-0.002152242,0.0034550003346562673,0.00906949954839671,low_vol,low_vol,pre_covid
2013-04-09,82.30999756,1586.199951,27.86599922,1.746999979,12.84000015,-0.005331437,0.008992494,0.003224833,0.00740546,-0.000678057,-0.00115333,0.0034447920046343566,0.00886660961506399,low_vol,low_vol,pre_covid
2013-04-10,82.52999878,1558.300049,27.63899994,1.804999948,12.35999966,0.002669271,-0.017745673,0.003268746,0.008383129,-0.00042319,-0.002377969,0.0035464150700801568,0.008902346979106922,low_vol,low_vol,pre_covid
2013-04-11,82.25,1564.300049,27.68499947,1.791000009,12.23999977,-0.003398459,0.003842956,0.003350198,0.00818161,-0.001160413,-0.002643264,0.003521840659841213,0.009678640418408513,low_vol,high_vol,pre_covid
2013-04-12,82.30999756,1501.0,26.3220005,1.720999956,12.06000042,0.000729188,-0.041306918,0.00323562,0.012047714,-0.000822752,-0.006061681,0.0035267648662528506,0.009464592344696173,low_vol,high_vol,pre_covid
2013-04-15,82.41999817,1360.599976,23.35499954,1.702000022,17.27000046,0.001335526,-0.098205792,0.003176591,0.024016458,-0.000375423,-0.016207787,0.0034684292394717444,0.013490999220096788,low_vol,high_vol,pre_covid
2013-04-16,81.75,1386.800049,23.62199974,1.718999982,13.96000004,-0.008162294,0.019073209,0.003527193,0.024646396,-0.001445167,-0.012731978,0.003418205475185371,0.026738146648334838,low_vol,high_vol,pre_covid
2013-04-17,82.66000366,1382.199951,23.3010006,1.703999996,16.51000023,0.011070044,-0.003322573,0.004159449,0.024447416,-7.26e-05,-0.011638339,0.0037243705231822712,0.026126707167758736,low_vol,high_vol,pre_covid
2013-04-18,82.55000305,1392.0,23.23900032,1.684999943,17.55999947,-0.001331646,0.007065165,0.004082523,0.024522296,-0.000157353,-0.010867402,0.004241077903319255,0.025169442219763964,high_vol,high_vol,pre_covid
2013-04-19,82.70999908,1395.300049,22.95499992,1.702999949,14.97000027,0.001936295,0.002367919,0.004074196,0.024588329,0.000254221,-0.012139974,0.004170692981655138,0.024291268479827665,high_vol,high_vol,pre_covid
2013-04-22,82.68000031,1421.0,23.31999969,1.697999954,14.39000034,-0.000362764,0.018251368,0.004074239,0.02509291,-8.46e-05,-0.010098784,0.004109274492752843,0.023400393731143884,low_vol,high_vol,pre_covid
2013-04-23,83.02999878,1408.599976,22.81299973,1.697999954,13.47999954,0.004224235,-0.008764563,0.004108085,0.025097645,0.00087094,-0.01187449,0.004034164683480768,0.02294196359815835,low_vol,high_vol,pre_covid
2013-04-24,82.93000031,1423.400024,22.82900047,1.697999954,13.60999966,-0.001205091,0.010452107,0.004023612,0.025340662,0.000483503,-0.009054712,0.0040421299179836685,0.022203629749940723,low_vol,high_vol,pre_covid
2013-04-25,82.73999786,1461.800049,24.13999939,1.710999966,13.61999989,-0.002293747,0.026620193,0.004055395,0.02630475,0.000593975,-0.006776988,0.003975652468997144,0.021530079540363165,low_vol,high_vol,pre_covid
2013-04-26,82.48000336,1453.599976,23.75799942,1.662999988,13.60999966,-0.003147255,-0.005625365,0.003996734,0.026191601,0.00020633,-0.003208833,0.003930244494649301,0.021670402893179504,low_vol,high_vol,pre_covid
2013-04-29,82.15000153,1467.400024,24.12199974,1.667999983,13.71000004,-0.004009017,0.009448923,0.00404543,0.026365721,-0.000328124,0.007556638,0.003909571272652464,0.020928150519195995,low_vol,high_vol,pre_covid
2013-04-30,81.73000336,1472.199951,24.1439991,1.674999952,13.52000046,-0.00512569,0.003265704,0.004132934,0.026365864,-2.45e-05,0.005975888,0.003920328906593385,0.020288819474615534,low_vol,high_vol,pre_covid
2013-05-01,81.63999939,1446.300049,23.30500031,1.639000058,14.48999977,-0.001101842,-0.017749243,0.004071656,0.026415551,-0.001241652,0.004533221,0.003980398660486357,0.019571356877112863,low_vol,high_vol,pre_covid
2013-05-02,82.20999908,1467.699951,23.79000092,1.631000042,13.59000015,0.006957608,0.014687912,0.004375985,0.026611397,-0.000412727,0.005295495,0.003914406764189191,0.019345988488806462,low_vol,high_vol,pre_covid
2013-05-03,82.09999847,1464.300049,23.97500038,1.751999974,12.85000038,-0.00133894,-0.00231917,0.00438181,0.026607487,-0.00074025,0.004826787,0.00407143621782442,0.018967198968589248,low_vol,high_vol,pre_covid
2013-05-06,82.31999969,1468.099976,23.91799927,1.771000028,12.65999985,0.00267609,0.002591685,0.00440766,0.026326336,-0.000436365,0.003260818,0.004005855791465898,0.018302051363259762,low_vol,high_vol,pre_covid
2013-05-07,82.30000305,1449.0,23.77099991,1.782999992,12.82999992,-0.000242943,-0.013095368,0.004348935,0.026409454,-0.000883083,0.002827738,0.003965228163539765,0.017664037294197747,low_vol,high_vol,pre_covid
2013-05-08,81.90000153,1473.900024,23.8920002,1.75999999,12.65999985,-0.004872135,0.017038302,0.004323231,0.026662683,-0.001249787,0.003486357,0.0038934255346256435,0.017334521360188825,low_vol,high_vol,pre_covid
2013-05-09,82.79000092,1468.800049,23.87899971,1.812999964,13.13000011,0.010808283,-0.003466191,0.004920451,0.026462453,6.04e-05,0.000477719,0.003942681537823423,0.017197048473918505,low_vol,high_vol,pre_covid
2013-05-10,83.13999939,1436.800049,23.63199997,1.899999976,12.59000015,0.004218634,-0.022027322,0.004926558,0.026737668,0.000797005,-0.001162477,0.004401249223964541,0.016620487217888506,high_vol,high_vol,pre_covid
2013-05-13,83.26000214,1434.5,23.67000008,1.922999978,12.55000019,0.001442341,-0.001602096,0.004930583,0.025338497,0.00134214,-0.002267579,0.004392989471568663,0.0168908011013136,high_vol,high_vol,pre_covid
2013-05-14,83.56999969,1424.699951,23.35499954,1.952000022,12.77000046,0.003716333,-0.006855125,0.004976789,0.012728454,0.002226343,-0.003279662,0.004318084212092813,0.016310116262413233,high_vol,high_vol,pre_covid
2013-05-15,83.83000183,1396.5,22.64299965,1.942999959,12.81000042,0.00310636,-0.019992125,0.004568792,0.012989943,0.002647163,-0.00350395,0.00429603695982139,0.015838066260682702,high_vol,high_vol,pre_covid
2013-05-16,83.76999664,1387.099976,22.64299965,1.86500001,13.06999969,-0.000716052,-0.006753887,0.003981406,0.013059604,0.001879797,-0.00564813,0.004256671445316685,0.01603074021712769,high_vol,high_vol,pre_covid
2013-05-17,84.27999878,1364.900024,22.3390007,1.949000001,12.44999981,0.006069666,-0.016134035,0.004123642,0.0134232,0.002620658,-0.007029616,0.004179731043493394,0.01556981528432564,high_vol,high_vol,pre_covid
2013-05-20,83.80999756,1384.300049,22.56800079,1.965000033,13.02000046,-0.005592271,0.014113448,0.004357663,0.013806975,0.001793822,-0.00587744,0.004265570166981944,0.015532916391557768,high_vol,high_vol,pre_covid
2013-05-21,83.86000061,1377.800049,22.44199944,1.944000006,13.36999989,0.000596446,-0.004706572,0.00435177,0.013151591,0.00187776,-0.00503856,0.004328860926833232,0.015362343512251018,high_vol,high_vol,pre_covid
2013-05-22,84.25,1367.599976,22.45800018,2.026000023,13.81999969,0.00463982,-0.007430699,0.004369626,0.013117777,0.002828956,-0.00748546,0.004248514301794276,0.01488850934378483,high_vol,high_vol,pre_covid
2013-05-23,83.80000305,1392.0,22.49399948,2.023000002,14.06999969,-0.005355525,0.017684201,0.004549987,0.013533036,0.001212575,-0.005370421,0.004263168273912776,0.014503671052607931,high_vol,high_vol,pre_covid
2013-05-24,83.69999695,1386.800049,22.48200035,2.010999918,13.98999977,-0.001194103,-0.003742592,0.004522508,0.011957903,0.000671301,-0.003541948,0.004315040638103496,0.014619742816804289,high_vol,high_vol,pre_covid
2013-05-28,84.13999939,1379.099976,22.18000031,2.13499999,14.47999954,0.00524313,-0.005567875,0.004550145,0.01195716,0.00105138,-0.003938526,0.00424098224104023,0.014164077231373333,high_vol,high_vol,pre_covid
2013-05-29,83.63999939,1391.300049,22.44499969,2.124000072,14.82999992,-0.005960204,0.008807502,0.004674665,0.011925875,8.37e-05,-0.002372263,0.0042821785816966225,0.013766220697461811,high_vol,high_vol,pre_covid
2013-05-30,83.01000214,1411.5,22.67399979,2.124000072,14.52999973,-0.007560759,0.014414372,0.0048571,0.012434356,-0.000982985,0.001068386,0.004363310476127681,0.013471969064740224,high_vol,high_vol,pre_covid
2013-05-31,83.37999725,1392.599976,22.22800064,2.164000034,16.29999924,0.004447331,-0.013480483,0.004902622,0.012196724,-0.000466647,0.000395727,0.004532234312853211,0.013463446700106206,high_vol,high_vol,pre_covid
2013-06-03,82.68000031,1411.699951,22.71500015,2.134000063,16.28000069,-0.008430701,0.013622131,0.005113773,0.012126696,-0.001916684,0.003371343,0.004526763872130216,0.013427710665876074,high_vol,high_vol,pre_covid
2013-06-04,82.76999664,1397.099976,22.39999962,2.137000084,16.27000046,0.001087898,-0.010395975,0.00510297,0.012269479,-0.001248667,0.000920401,0.004739696192948476,0.013376729036287218,high_vol,high_vol,pre_covid
2013-06-05,82.56999969,1398.400024,22.46500015,2.099999905,17.5,-0.002419222,0.000930101,0.00510982,0.012242109,-0.001550233,0.001484068,0.004652069032361933,0.013188475929640297,high_vol,high_vol,pre_covid
2013-06-06,81.51999664,1415.699951,22.70100021,2.075000048,16.62999916,-0.012798067,0.012295331,0.005839761,0.012377382,-0.003294022,0.003456671,0.004588149763400436,0.012767211094633352,high_vol,high_vol,pre_covid
2013-06-07,81.69000244,1383.0,21.73699951,2.161000013,15.14000034,0.002083278,-0.023369021,0.005773486,0.012555034,-0.002550142,-0.000648651,0.005152703201296768,0.012690869276878942,high_vol,high_vol,pre_covid
2013-06-10,81.65000153,1386.199951,21.92099953,2.214999914,15.43999958,-0.000489787,0.002311103,0.005202129,0.012608212,-0.00247971,-4.33e-05,0.005065939635502429,0.013504488969598192,high_vol,high_vol,pre_covid
2013-06-11,81.05999756,1377.0,21.64500046,2.194999933,17.06999969,-0.007252247,-0.006658936,0.00526606,0.011857376,-0.003729248,-0.000152388,0.004967257534973147,0.013077036515959125,high_vol,high_vol,pre_covid
2013-06-12,80.95999908,1391.800049,21.79599953,2.230000019,18.59000015,-0.001234397,0.010690689,0.005231019,0.012178352,-0.003256667,3.59e-05,0.005074915372458415,0.012764637006761267,high_vol,high_vol,pre_covid
2013-06-13,80.62000275,1377.599976,21.58200073,2.174000025,16.40999985,-0.004208402,-0.010255072,0.005133408,0.012276163,-0.002921432,-0.002431013,0.004981317584416295,0.012608164931989331,high_vol,high_vol,pre_covid
2013-06-14,80.66999817,1387.300049,21.95299911,2.125999928,17.14999962,0.000619944,0.00701661,0.00504464,0.011651974,-0.00330417,-0.000381304,0.004954302473055437,0.012462866296511103,high_vol,high_vol,pre_covid
2013-06-17,80.56999969,1382.800049,21.75699997,2.171000004,16.79999924,-0.001240368,-0.003248983,0.005040148,0.011580009,-0.002585137,-0.002068415,0.004858333910174478,0.012180824970615926,high_vol,high_vol,pre_covid
2013-06-18,80.62000275,1366.599976,21.6760006,2.181999922,16.61000061,0.000620424,-0.011784579,0.004743304,0.011315668,-0.002631884,-0.002207276,0.00477039759696592,0.011833952758810455,high_vol,high_vol,pre_covid
2013-06-19,81.43000031,1373.599976,21.62199974,2.311000109,16.63999939,0.009996967,0.005109127,0.005352517,0.010920181,-0.001390266,-0.001789373,0.004679005673833012,0.011822797278296658,high_vol,high_vol,pre_covid
2013-06-20,81.83999634,1285.900024,19.8220005,2.41899991,20.48999977,0.005022318,-0.065976132,0.005518456,0.018016196,0.000391773,-0.009616519,0.004980397531171159,0.011522340291399513,high_vol,high_vol,pre_covid
2013-06-21,82.31999969,1291.599976,19.95800018,2.513999939,18.89999962,0.005848011,0.00442286,0.005587819,0.018065505,0.000768246,-0.006837331,0.004977220831778256,0.01926799537691638,high_vol,high_vol,pre_covid
2013-06-24,82.43000031,1276.800049,19.49300003,2.548000097,20.11000061,0.001335364,-0.011524755,0.005523639,0.017532342,0.000950761,-0.008220917,0.005007945018924518,0.0186067706437674,high_vol,high_vol,pre_covid
2013-06-25,82.58000183,1274.800049,19.52599907,2.588999987,18.46999931,0.001818091,-0.001567644,0.005551522,0.017541065,0.001857795,-0.007711788,0.0049156750812515285,0.018161894785478253,high_vol,high_vol,pre_covid
2013-06-26,82.94999695,1229.599976,18.58699989,2.539000034,17.20999908,0.004470437,-0.036100448,0.005512996,0.018890153,0.002428279,-0.012390902,0.00483151267832272,0.017526127359542884,high_vol,high_vol,pre_covid
2013-06-27,82.91000366,1211.400024,18.53300095,2.48300004,16.86000061,-0.000482254,-0.014912158,0.005378538,0.018702356,0.002800893,-0.01285661,0.004814490340985398,0.018978762031704798,high_vol,high_vol,pre_covid
2013-06-28,83.16999817,1223.800049,19.45100021,2.477999926,16.86000061,0.003130958,0.010184076,0.005170561,0.018486302,0.003051995,-0.012539864,0.004722009698904366,0.01865174010591952,high_vol,high_vol,pre_covid
2013-07-01,82.98000336,1255.900024,19.55999947,2.49000001,16.37000084,-0.002287029,0.025891655,0.005095199,0.019729117,0.002947329,-0.0096258,0.004668905130494702,0.01814414339233015,high_vol,high_vol,pre_covid
2013-07-02,83.54000092,1243.599976,19.29800034,2.469000101,16.44000053,0.006725915,-0.009842087,0.004946638,0.019285953,0.003557878,-0.009431551,0.0046018278154144575,0.018531076424026866,high_vol,high_vol,pre_covid
2013-07-03,83.23000336,1252.099976,19.68899918,2.500999928,16.20000076,-0.00371767,0.006811743,0.005028212,0.019456311,0.002186414,-0.009261289,0.004696366179137785,0.01803314806806516,high_vol,high_vol,pre_covid
2013-07-05,84.41999817,1212.900024,18.72599983,2.714999914,14.89000034,0.014196419,-0.031807916,0.005828495,0.020235059,0.003103824,-0.005844467,0.0046644664215709335,0.017467561005724944,high_vol,high_vol,pre_covid
2013-07-08,84.19999695,1234.900024,19.02499962,2.644999981,14.77999973,-0.002609434,0.017975808,0.004979968,0.020538455,0.00225808,-0.004489173,0.005340141633295968,0.01848808440825322,high_vol,high_vol,pre_covid
2013-07-09,84.58000183,1245.900024,19.125,2.630000114,14.35000038,0.004502969,0.008868165,0.005020982,0.02041948,0.00257484,-0.002449881,0.0052596294830010715,0.018322843947917264,high_vol,high_vol,pre_covid
2013-07-10,84.04000092,1247.400024,19.15099907,2.680000067,14.21000004,-0.006404967,0.001203225,0.005305226,0.020401147,0.001752534,-0.002172794,0.005227026845292003,0.01779333499011893,high_vol,high_vol,pre_covid
2013-07-11,82.75,1280.099976,19.94300079,2.573999882,14.01000023,-0.015468873,0.025876776,0.006200651,0.021477797,-0.000241397,0.004024929,0.0052766039478277064,0.017169677959035182,high_vol,high_vol,pre_covid
2013-07-12,82.98999786,1277.800049,19.77899933,2.601000071,13.84000015,0.002896079,-0.001798293,0.006192315,0.021237514,9.64e-05,0.005336315,0.005994302399183725,0.01765146112873512,high_vol,high_vol,pre_covid
2013-07-15,83.04000092,1283.800049,19.82600021,2.555999994,13.78999996,0.000602338,0.004684581,0.006070828,0.021270146,-0.000156425,0.004786366,0.005897886746761445,0.017039088412470718,high_vol,high_vol,pre_covid
2013-07-16,82.43000031,1290.800049,19.92300034,2.532000065,14.42000008,-0.007372978,0.005437751,0.00636611,0.021234401,-0.00066502,0.002740975,0.005778887915803718,0.016480135104044728,high_vol,high_vol,pre_covid
2013-07-17,82.70999908,1277.900024,19.4090004,2.490999937,13.77999973,0.003391051,-0.010044094,0.00636383,0.021283171,-0.000998507,0.002720775,0.005844969798660224,0.015959300511622542,high_vol,high_vol,pre_covid
2013-07-18,82.81999969,1284.599976,19.37599945,2.53399992,13.77000046,0.001329072,0.005229242,0.006362213,0.021286129,-0.000493833,0.002562524,0.005762812683194753,0.015604441132222096,high_vol,high_vol,pre_covid
2013-07-19,82.58000183,1293.300049,19.44799995,2.490999937,12.53999996,-0.002902032,0.006749762,0.006095853,0.021320157,-0.002203678,0.006418292,0.005651439025572452,0.015120491499710573,high_vol,high_vol,pre_covid
2013-07-22,82.22000122,1336.400024,20.49799919,2.487999916,12.28999996,-0.004368946,0.032782321,0.006104898,0.017197303,-0.002379629,0.007898943,0.005567663356666478,0.014692862960346829,high_vol,high_vol,pre_covid
2013-07-23,82.01000214,1335.099976,20.24600029,2.516000032,12.65999985,-0.002557379,-0.000973273,0.005991997,0.017197006,-0.003085664,0.0069148,0.005523915982173716,0.016163867265876194,high_vol,high_vol,pre_covid
2013-07-24,82.30000305,1319.699951,20.01399994,2.588000059,13.18000031,0.003529928,-0.011601776,0.006038696,0.017199948,-0.002092174,0.0056343,0.005437145801423677,0.015611516169339338,high_vol,high_vol,pre_covid
2013-07-25,81.97000122,1329.0,20.14699936,2.607000113,12.97000027,-0.004017803,0.007022379,0.006081346,0.017223633,-0.000947067,0.00374886,0.0053708106529163045,0.015339233230594935,high_vol,high_vol,pre_covid
2013-07-26,81.62000275,1321.699951,19.76499939,2.561000109,12.72000027,-0.004278978,-0.00550803,0.00603389,0.014990475,-0.001664573,0.003377886,0.005323577602938978,0.014907654170723626,high_vol,high_vol,pre_covid
2013-07-29,81.66000366,1328.400024,19.85400009,2.585000038,13.39000034,0.000489967,0.005056479,0.006039933,0.014389457,-0.00167581,0.003415076,0.005285947416680937,0.014471906355856984,high_vol,high_vol,pre_covid
2013-07-30,81.83000183,1324.0,19.66600037,2.602999926,13.39000034,0.002079616,-0.003317771,0.006010674,0.014419254,-0.000730551,0.002539524,0.005181357238691238,0.014038265926042053,high_vol,high_vol,pre_covid
2013-07-31,81.44999695,1312.400024,19.61700058,2.592999935,13.44999981,-0.004654649,-0.008799917,0.006062466,0.013725996,-0.001535121,0.002663942,0.005093757732571185,0.013603323578848732,high_vol,high_vol,pre_covid
2013-08-01,82.33999634,1311.0,19.61499977,2.72300005,12.93999958,0.010867674,-0.001067336,0.006381466,0.013475702,-0.00058126,0.002034284,0.005077533832897575,0.013334911125421331,high_vol,high_vol,pre_covid
2013-08-02,81.91000366,1310.599976,19.90299988,2.601999998,11.97999954,-0.005235844,-0.000305176,0.006425938,0.013451666,-0.000814641,0.00132879,0.005404564411068044,0.012909515644156044,high_vol,high_vol,pre_covid
2013-08-05,81.87999725,1302.599976,19.71100044,2.640000105,11.84000015,-0.000366401,-0.006122781,0.005441406,0.011183861,-0.000414387,-0.00256172,0.005396631380377132,0.012500628148708644,high_vol,high_vol,pre_covid
2013-08-06,81.59999847,1283.199951,19.51499939,2.64199996,12.72000027,-0.003425484,-0.015005328,0.005452966,0.011348823,-0.000501197,-0.003964926,0.005289403468424603,0.012203276634655836,high_vol,high_vol,pre_covid
2013-08-07,81.29000092,1286.099976,19.49799919,2.599999905,12.97999954,-0.003806224,0.002257444,0.005295273,0.011234861,-0.001234813,-0.002579004,0.00522873339363999,0.012365654176024017,high_vol,high_vol,pre_covid
2013-08-08,81.01000214,1310.699951,20.18400002,2.586999893,12.72999954,-0.003450389,0.018946944,0.005207823,0.011860279,-0.001178071,-0.001386547,0.005180363563053094,0.011991032754293052,high_vol,high_vol,pre_covid
2013-08-09,81.12999725,1312.900024,20.39900017,2.579999924,13.40999985,0.001480142,0.001677141,0.004188838,0.01056581,-0.000602159,-0.00066803,0.005123916832692592,0.012442541788526131,high_vol,high_vol,pre_covid
2013-08-12,81.33000183,1334.699951,21.33200073,2.605000019,12.81000042,0.002462202,0.016468061,0.004169991,0.011047144,-0.000404936,0.000473128,0.005030139249793255,0.012059568336825087,high_vol,high_vol,pre_covid
2013-08-13,81.73000336,1321.199951,21.33600044,2.714999914,12.31000042,0.004906198,-0.010166133,0.004352495,0.01134308,-0.000122277,-0.000211708,0.004953148777679432,0.012307288349730596,high_vol,high_vol,pre_covid
2013-08-14,81.69999695,1334.0,21.78100014,2.711999893,13.03999996,-0.000367208,0.00964157,0.004080016,0.011455046,0.000306467,0.001632441,0.004946779810669711,0.012177634070688012,high_vol,high_vol,pre_covid
2013-08-15,81.12999725,1361.599976,22.92900085,2.755000114,14.72999954,-0.007001192,0.020478513,0.004221973,0.011838051,-0.00148042,0.003787026,0.004850564284806704,0.012011288516534097,high_vol,high_vol,pre_covid
2013-08-16,81.26000214,1371.699951,23.31699944,2.828999996,14.36999989,0.001601144,0.00739035,0.004229625,0.011867564,-0.000796721,0.004556578,0.00495193252398761,0.012594440843481153,high_vol,high_vol,pre_covid
2013-08-19,81.23000336,1366.199951,23.1609993,2.884000063,15.10000038,-0.000369238,-0.004017683,0.004205892,0.011935488,-0.000797005,0.004767088,0.004864011688197957,0.012317085743721683,high_vol,high_vol,pre_covid
2013-08-20,80.91000366,1373.099976,23.06599998,2.813999891,14.90999985,-0.003947207,0.005037812,0.004188896,0.009767437,-0.000849177,0.006771402,0.004769850628754992,0.011977445392783085,high_vol,high_vol,pre_covid
2013-08-21,81.31999969,1370.599976,22.95800018,2.855000019,15.93999958,0.005054514,-0.001822357,0.004352179,0.009779025,3.69e-05,0.006363422,0.004742431510683821,0.011667263320770314,high_vol,high_vol,pre_covid
2013-08-22,81.48999786,1371.199951,23.03000069,2.901000023,14.76000023,0.002088302,0.000437651,0.004298085,0.009330554,0.000590766,0.004512492,0.004751022468572425,0.011326396372246243,high_vol,high_vol,pre_covid
2013-08-23,81.33999634,1395.699951,23.7329998,2.818000078,13.97999954,-0.001842432,0.017709813,0.004234067,0.009902283,0.000258508,0.00611576,0.004675475490878291,0.01099155629011925,high_vol,high_vol,pre_covid
2013-08-26,81.37000275,1393.0,24.00799942,2.805000067,14.98999977,0.000368833,-0.001936352,0.004139803,0.00979094,4.92e-05,0.004275318,0.004600359521345333,0.011449190142816644,high_vol,high_vol,pre_covid
2013-08-27,81.16999817,1420.599976,24.64900017,2.720999956,16.77000046,-0.00246099,0.019619606,0.004167127,0.010472916,-0.000687547,0.007253892,0.00451233392977168,0.011120170811067233,high_vol,high_vol,pre_covid
2013-08-28,81.41999817,1419.0,24.38899994,2.782000065,16.48999977,0.003075222,-0.001126902,0.00420092,0.010415545,-0.000343304,0.006177045,0.004453585123316544,0.011733201256957503,high_vol,high_vol,pre_covid
2013-08-29,81.94999695,1412.900024,24.09000015,2.750999928,16.80999947,0.006488347,-0.004308051,0.004317438,0.010198499,0.00100565,0.003698389,0.004407992260086505,0.011383290221510061,high_vol,high_vol,pre_covid
2013-08-30,82.08999634,1396.099976,23.46299934,2.749000072,17.01000023,0.001706894,-0.01196173,0.003598304,0.010707562,0.001016224,0.001763181,0.004501947043075602,0.011097815672461047,high_vol,high_vol,pre_covid
2013-09-03,82.36000061,1412.0,24.38199997,2.84800005,16.61000061,0.003283728,0.011324522,0.003473727,0.010828412,0.001381521,0.003297401,0.004427525803142598,0.011154723855614493,high_vol,high_vol,pre_covid
2013-09-04,82.16999817,1389.900024,23.36899948,2.897000074,15.88000011,-0.00230964,-0.015775319,0.003516887,0.011446687,0.001545278,0.001216088,0.004388438102140374,0.011143014636894245,high_vol,high_vol,pre_covid
2013-09-05,82.62999725,1373.099976,23.20599937,2.979000092,15.77000046,0.005582528,-0.01216088,0.003604881,0.011236774,0.001598079,0.000182236,0.004330302690430662,0.011462915307419939,high_vol,high_vol,pre_covid
2013-09-06,82.15000153,1386.699951,23.84199905,2.937999964,15.85000038,-0.005825914,0.009855849,0.003752172,0.011326059,0.000806658,0.001124056,0.004382599524390301,0.011502640661526661,high_vol,high_vol,pre_covid
2013-09-09,81.79000092,1386.800049,23.66799927,2.897000074,15.63000011,-0.004391865,7.22e-05,0.003806971,0.010781993,0.000551714,-0.000639708,0.004450806638893116,0.011390220504088026,high_vol,high_vol,pre_covid
2013-09-10,81.81999969,1364.099976,22.9659996,2.959000111,14.52999973,0.000366711,-0.016504117,0.003799745,0.011568458,0.000551502,-0.002096484,0.004452050389927427,0.01105225487831416,high_vol,high_vol,pre_covid
2013-09-11,81.51999664,1363.900024,23.12100029,2.920000076,13.81999969,-0.003673361,-0.000146592,0.003868776,0.011074291,0.000430265,-0.004073104,0.004367742280216916,0.011440216725246817,high_vol,high_vol,pre_covid
2013-09-12,81.48999786,1330.400024,22.09900093,2.907000065,14.28999996,-0.000368061,-0.024868594,0.003709856,0.012222736,8.59e-05,-0.006447273,0.004346944041019186,0.011100140398586924,high_vol,high_vol,pre_covid
2013-09-13,81.44999695,1308.400024,21.67000008,2.898000002,14.15999985,-0.00049099,-0.016674632,0.003710333,0.012564638,-0.000611997,-0.007683931,0.004265758476190674,0.012309350755993185,high_vol,high_vol,pre_covid
2013-09-16,81.25,1317.900024,21.96299934,2.874000072,14.38000011,-0.002458476,0.007234544,0.003411027,0.011742186,-0.001028534,-0.005764304,0.004187203550420366,0.012582750792434413,high_vol,high_vol,pre_covid
2013-09-17,81.16999817,1309.5,21.73500061,2.852999926,14.52999973,-0.000985123,-0.006394194,0.003399665,0.011601667,-0.001455419,-0.007536175,0.004138713434914945,0.012301004015533232,low_vol,high_vol,pre_covid
2013-09-18,80.23999786,1307.800049,21.51399994,2.707999945,13.59000015,-0.011523581,-0.001299011,0.004223204,0.011595651,-0.002376813,-0.006088545,0.004067178628628218,0.012022685636719672,low_vol,high_vol,pre_covid
2013-09-19,80.36000061,1369.400024,23.24200058,2.747999907,13.15999985,0.001494431,0.046026332,0.00417317,0.015608911,-0.002785623,-0.000269823,0.004588243044076753,0.011660141010025238,high_vol,high_vol,pre_covid
2013-09-20,80.44000244,1332.5,21.87599945,2.732000113,13.11999989,0.000995048,-0.027315828,0.004002044,0.016700443,-0.002103527,-0.003986991,0.004508707558239892,0.015677007678721062,high_vol,high_vol,pre_covid
2013-09-23,80.44999695,1326.900024,21.80500031,2.713999987,14.31000042,0.00012424,-0.004211464,0.003960825,0.016706479,-0.001651916,-0.004415356,0.00442627192979401,0.016491045950387903,high_vol,high_vol,pre_covid
2013-09-24,80.55999756,1316.0,21.53899956,2.653000116,14.07999992,0.001366383,-0.00824858,0.003972846,0.016160528,-0.001551949,-0.003589802,0.004342242042795277,0.015956625912476527,high_vol,high_vol,pre_covid
2013-09-25,80.33000183,1335.900024,21.83799934,2.614000082,14.01000023,-0.002859045,0.015008407,0.004001561,0.016622233,-0.001470517,-0.002074302,0.0042678104478538125,0.01554116984457505,high_vol,high_vol,pre_covid
2013-09-26,80.51999664,1323.599976,21.71999931,2.642999887,14.06000042,0.002362386,-0.009249962,0.004028495,0.015924571,-0.001197473,-0.000512439,0.004226571137328053,0.015416879689196384,high_vol,high_vol,pre_covid
2013-09-27,80.26999664,1338.400024,21.78300095,2.618999958,15.46000004,-0.003109649,0.01111961,0.003988928,0.016232007,-0.001459339,0.002266985,0.00417160310248179,0.015063132370560839,high_vol,high_vol,pre_covid
2013-09-30,80.22000122,1326.5,21.65600014,2.61500001,16.60000038,-0.000623035,-0.008930994,0.003636468,0.016284963,-0.001275795,0.000650432,0.004140732669654529,0.01478368426441052,low_vol,high_vol,pre_covid
2013-10-01,80.09999847,1286.0,21.12400055,2.645999908,15.53999996,-0.001497041,-0.031007269,0.003583339,0.017306992,-0.001326986,-0.001810876,0.0040661822846879666,0.014453427817579361,low_vol,high_vol,pre_covid
2013-10-02,79.87999725,1320.599976,21.84600067,2.625999928,16.60000038,-0.002750361,0.026549534,0.003447836,0.0182693,-0.000449664,0.000973979,0.004002986036043732,0.015814451973929396,low_vol,high_vol,pre_covid
2013-10-03,79.76999664,1317.400024,21.73900032,2.605999947,17.67000008,-0.001378022,-0.002426045,0.003442291,0.018040186,-0.00073691,-0.003871259,0.003968053926811184,0.016500062630314474,low_vol,high_vol,pre_covid
2013-10-04,80.12000275,1309.699951,21.70499992,2.65199995,16.73999977,0.004378093,-0.00586205,0.003328071,0.017924411,-0.000398605,-0.001725881,0.003905928525536968,0.015942927221976957,low_vol,high_vol,pre_covid
2013-10-07,79.94000244,1324.800049,22.3390007,2.634000063,19.40999985,-0.002249161,0.011463475,0.003182273,0.017982045,-0.000635945,-0.000158387,0.003926142063092644,0.015465146054596961,low_vol,high_vol,pre_covid
2013-10-08,80.05999756,1324.199951,22.39699936,2.635999918,20.34000015,0.001499939,-0.000453075,0.003155532,0.017979129,-0.00062259,0.000621163,0.0038813319376074227,0.015176308187188658,low_vol,high_vol,pre_covid
2013-10-09,80.37000275,1306.900024,21.84600067,2.650000095,19.60000038,0.003864683,-0.013150527,0.003320304,0.01786022,4.98e-05,-0.00219473,0.0038214156965795483,0.01466553844765979,low_vol,high_vol,pre_covid
2013-10-10,80.41999817,1296.599976,21.85000038,2.684999943,16.47999954,0.000621872,-0.007912504,0.00326969,0.017899414,-0.000124268,-0.002060984,0.003825153453611761,0.014526947241340188,low_vol,high_vol,pre_covid
2013-10-11,80.36000061,1268.0,21.21500015,2.681999922,15.72000027,-0.000746331,-0.022304579,0.003269119,0.01774665,0.000112064,-0.005403403,0.003758058933287172,0.014176072980785569,low_vol,high_vol,pre_covid
2013-10-14,80.26000214,1276.400024,21.30999947,2.690999985,16.06999969,-0.001245156,0.006602779,0.003271254,0.01752872,4.99e-05,-0.003850026,0.0036946226051929516,0.014712819781515708,low_vol,high_vol,pre_covid
2013-10-15,80.48000336,1273.0,21.14599991,2.720000029,18.65999985,0.002737357,-0.002667315,0.003327676,0.017423944,0.000473291,-0.001016031,0.003638484789279914,0.014301762553196531,low_vol,high_vol,pre_covid
2013-10-16,80.5,1282.0,21.31999969,2.671000004,14.71000004,0.000248436,0.007045039,0.003328709,0.017487695,0.000773171,-0.00296648,0.0036124272036102013,0.013846014683566605,low_vol,high_vol,pre_covid
2013-10-17,79.65000153,1322.699951,21.90299988,2.586999893,13.47999954,-0.010615129,0.031253707,0.003179402,0.018850511,-0.00015054,0.000401495,0.0035495850986001615,0.013490887070815676,low_vol,high_vol,pre_covid
2013-10-18,79.63999939,1314.400024,21.86899948,2.588999987,13.03999996,-0.000125584,-0.006294759,0.00315191,0.015738693,-0.000600907,0.000358224,0.004063462374262797,0.014983994489125529,low_vol,high_vol,pre_covid
2013-10-21,79.68000031,1315.699951,22.2329998,2.608999968,13.15999985,0.000502146,0.0009885,0.0031426,0.014630967,-0.000325777,-0.000689274,0.003988827508335324,0.01456316266816422,low_vol,high_vol,pre_covid
2013-10-22,79.23999786,1342.5,22.75399971,2.512000084,13.32999992,-0.005537422,0.020164741,0.003328072,0.015282907,-0.001029513,0.001372508,0.003916839746578762,0.014079862360925758,low_vol,high_vol,pre_covid
2013-10-23,79.26000214,1333.900024,22.58200073,2.484999895,13.42000008,0.00025242,-0.006426547,0.003301902,0.015235518,-0.001390739,0.002044906,0.003998331011539455,0.014413903843326324,low_vol,high_vol,pre_covid
2013-10-24,79.19000244,1350.199951,22.7859993,2.522000074,13.19999981,-0.000883556,0.012145693,0.003267511,0.015112873,-0.001541282,0.004050726,0.003925352760652083,0.014025115626804094,low_vol,high_vol,pre_covid
2013-10-25,79.18000031,1352.400024,22.60300064,2.503000021,13.09000015,-0.000126314,0.001628116,0.003195974,0.014947244,-0.00147928,0.006443995,0.0038585936817695904,0.01385585043833131,low_vol,high_vol,pre_covid
2013-10-28,79.25,1352.0,22.49799919,2.512000084,13.31000042,0.000883667,-0.000295832,0.003170323,0.014768278,-0.001266398,0.005754134,0.0037892791669273825,0.013407249047170524,low_vol,high_vol,pre_covid
2013-10-29,79.62999725,1345.199951,22.45199966,2.506999969,13.40999985,0.004783459,-0.005042313,0.003381606,0.014668399,-0.001061788,0.005516635,0.003724964913387296,0.012975493873064767,low_vol,high_vol,pre_covid
2013-10-30,79.75,1349.0,22.94599915,2.52699995,13.64999962,0.00150587,0.002820913,0.003394212,0.012747848,-0.000936044,0.005094222,0.003772675953458619,0.012624899546100405,low_vol,high_vol,pre_covid
2013-10-31,80.19999695,1323.599976,21.83200073,2.542000055,13.75,0.005626735,-0.019008299,0.003568342,0.012278578,0.000688142,6.8e-05,0.0037159819707475355,0.01224398191711873,low_vol,high_vol,pre_covid
2013-11-01,80.73000336,1313.099976,21.80400085,2.619999886,13.27999973,0.006586818,-0.007964543,0.003808509,0.012394664,0.001359382,-9.9e-05,0.0038077045008957865,0.01271151413645014,low_vol,high_vol,pre_covid
2013-11-04,80.55000305,1314.599976,21.6779995,2.601999998,12.93000031,-0.002232147,0.001141683,0.003750734,0.012327487,0.001085953,-8.36e-05,0.003949623920527389,0.012463386897765043,low_vol,high_vol,pre_covid
2013-11-05,80.70999908,1308.0,21.61400032,2.661999941,13.27000046,0.001984324,-0.005033165,0.003723086,0.012095801,0.001838128,-0.002603429,0.0039036660713843334,0.012076489841324516,low_vol,high_vol,pre_covid
2013-11-06,80.48000336,1317.699951,21.74600029,2.640000105,12.67000008,-0.002853724,0.007388502,0.003782812,0.012221203,0.001527513,-0.001221924,0.0038511179949683666,0.011772042641750248,low_vol,high_vol,pre_covid
2013-11-07,80.81999969,1308.400024,21.63899994,2.612999916,13.90999985,0.004215708,-0.00708272,0.003800322,0.011969701,0.00203744,-0.003144766,0.0038245697898481503,0.011541259664616514,low_vol,high_vol,pre_covid
2013-11-08,81.20999908,1284.5,21.30699921,2.746000051,12.89999962,0.004813925,-0.018435498,0.003927914,0.012527193,0.002531464,-0.005151127,0.00384199021336493,0.01132932232412172,low_vol,high_vol,pre_covid
2013-11-11,81.08999634,1281.0,21.27199936,2.750999928,12.52999973,-0.001478777,-0.002728515,0.003942438,0.011506071,0.002295219,-0.005394395,0.0038847015313203765,0.011851070528295293,low_vol,high_vol,pre_covid
2013-11-12,81.19000244,1271.099976,20.76799965,2.767999887,12.81999969,0.001232513,-0.007758375,0.003926823,0.011551015,0.001940125,-0.005666002,0.003826460527245887,0.01151238024006785,low_vol,high_vol,pre_covid
2013-11-13,80.93000031,1268.300049,20.43199921,2.724999905,12.52000046,-0.00320753,-0.002205189,0.003975134,0.011546515,0.001468785,-0.006168612,0.0037646221152581993,0.011327817271704186,low_vol,high_vol,pre_covid
2013-11-14,80.98000336,1286.199951,20.71199989,2.701999903,12.36999989,0.000617665,0.014014637,0.003975871,0.011860354,0.000967878,-0.002866318,0.003752445128795875,0.011007919544421329,low_vol,high_vol,pre_covid
2013-11-15,80.83999634,1287.300049,20.71699905,2.709000111,12.18999958,-0.001730405,0.000854943,0.003143842,0.009494108,0.000136155,-0.00198437,0.0036872662215736113,0.011176913411451168,low_vol,high_vol,pre_covid
2013-11-18,80.83000183,1272.199951,20.34900093,2.677999973,13.10000038,-0.000123641,-0.011799393,0.003143817,0.009712617,0.000347006,-0.003278477,0.003639253759652641,0.01085020670006301,low_vol,high_vol,pre_covid
2013-11-19,80.69999695,1273.400024,20.32600021,2.711999893,13.39000034,-0.001609669,0.000942861,0.003184189,0.009712025,-1.24e-05,-0.002680875,0.003575727141161553,0.01091730192582731,low_vol,high_vol,pre_covid
2013-11-20,81.11000061,1257.900024,20.04999924,2.792000055,13.39999962,0.005067728,-0.012246825,0.00299664,0.008599245,0.000779752,-0.004644407,0.003528943563403002,0.010603574559161697,low_vol,high_vol,pre_covid
2013-11-21,81.05000305,1243.5,19.9279995,2.78399992,12.65999985,-0.00073998,-0.011513699,0.003018597,0.00876766,0.000284183,-0.005087505,0.003602535189321487,0.010719911511204699,low_vol,high_vol,pre_covid
2013-11-22,80.70999908,1244.0,19.8560009,2.752000093,12.26000023,-0.004203814,0.00040201,0.003206765,0.008077823,-0.000617591,-0.003203754,0.0035433144770802565,0.010780076088349322,low_vol,high_vol,pre_covid
2013-11-25,80.91999817,1241.099976,19.87999916,2.740999937,12.78999996,0.002598518,-0.002333931,0.003218041,0.007987996,-0.000209861,-0.003164296,0.003580558201310419,0.010471807262909033,low_vol,high_vol,pre_covid
2013-11-26,80.61000061,1241.400024,19.84600067,2.696000099,12.81000042,-0.003838271,0.000241731,0.00338955,0.008001612,-0.00071694,-0.002364285,0.003552783989602533,0.010196812334729131,low_vol,high_vol,pre_covid
2013-11-27,80.73999786,1237.800049,19.63299942,2.736000061,12.97999954,0.00161137,-0.002904145,0.003272287,0.008002145,-0.00023505,-0.002434181,0.0035736346754421324,0.009917483275376053,low_vol,high_vol,pre_covid
2013-11-29,80.68000031,1250.599976,19.9810009,2.740999937,13.69999981,-0.000743372,0.010287767,0.00327999,0.008470782,-0.000371154,-0.002806868,0.003524498838709662,0.009680826720804565,low_vol,high_vol,pre_covid
2013-12-02,80.91000366,1222.300049,19.2329998,2.801000118,14.22999954,0.002846754,-0.022889047,0.003116987,0.008857104,8.66e-05,-0.005181267,0.003467477837530637,0.009724721595578628,low_vol,high_vol,pre_covid
2013-12-03,80.62000275,1221.699951,19.01099968,2.775000095,14.55000019,-0.003590679,-0.000491078,0.002893352,0.00883115,-0.000260141,-0.004050436,0.0034511116683217102,0.010940813481205314,low_vol,high_vol,pre_covid
2013-12-04,80.62999725,1248.199951,19.77400017,2.84100008,14.69999981,0.000123963,0.021459183,0.002850476,0.010341483,-8.68e-05,-0.001998803,0.0034667784715618905,0.010625949788520876,low_vol,high_vol,pre_covid
2013-12-05,80.26999664,1233.199951,19.51399994,2.861999989,15.07999992,-0.004474844,-0.012090097,0.0029767,0.01054172,-0.001041036,-0.001983131,0.0034076970014199387,0.011486555286360792,low_vol,high_vol,pre_covid
2013-12-06,80.26999664,1230.300049,19.46500015,2.882999897,13.78999996,0.0,-0.002354296,0.002916925,0.010281901,-0.000967038,-0.00106719,0.0034655177995159174,0.01152013681050394,low_vol,high_vol,pre_covid
2013-12-09,80.12999725,1235.300049,19.6439991,2.857000113,13.48999977,-0.001745629,0.004055813,0.002759242,0.010362262,-0.000721219,-0.00070181,0.0034064821205444613,0.011192623438032576,low_vol,high_vol,pre_covid
2013-12-10,79.97000122,1262.400024,20.25600052,2.796999931,13.90999985,-0.001998702,0.021700795,0.002503159,0.011003718,-0.001180941,0.001701663,0.003367702000992837,0.010901965933532508,low_vol,high_vol,pre_covid
2013-12-11,79.88999939,1258.5,20.29800034,2.844000101,15.42000008,-0.001000899,-0.003094155,0.002498205,0.011007167,-0.000897204,0.001368074,0.0033358039682059425,0.011747722795738998,low_vol,high_vol,pre_covid
2013-12-12,80.19999695,1226.0,19.40200043,2.877000093,15.53999996,0.003872796,-0.026163698,0.002661926,0.012248077,-0.000671061,-0.000957881,0.003286926696434455,0.011419776946848821,low_vol,high_vol,pre_covid
2013-12-13,80.20999908,1235.699951,19.55900002,2.868000031,15.76000023,0.000124707,0.007880734,0.002596238,0.012424589,-0.000584253,-0.001198585,0.0033167300072104106,0.012724616586433219,low_vol,high_vol,pre_covid
2013-12-16,80.06999969,1245.5,20.04899979,2.877000093,16.03000069,-0.001746936,0.007899484,0.002600006,0.012117041,-0.001043622,0.001880269,0.0032617461777734373,0.012456446694076573,low_vol,high_vol,pre_covid
2013-12-17,80.05999756,1231.199951,19.79199982,2.842999935,16.20999908,-0.000124925,-0.011547792,0.002586765,0.012295867,-0.000697047,0.000774597,0.0032277863013968357,0.01220418641838029,low_vol,high_vol,pre_covid
2013-12-18,80.11000061,1236.099976,20.01399994,2.88499999,13.80000019,0.000624375,0.003971978,0.002596784,0.01215607,-0.000647006,-0.000974123,0.003175476170965911,0.012152447761096983,low_vol,high_vol,pre_covid
2013-12-19,80.62999725,1195.0,19.14299965,2.924999952,14.14999962,0.006470057,-0.033815057,0.002982555,0.014044838,0.000447484,-0.003146619,0.003126266464860445,0.011811560713046126,low_vol,high_vol,pre_covid
2013-12-20,80.58000183,1205.099976,19.41799927,2.887000084,13.78999996,-0.000620252,0.008416345,0.002744129,0.014090277,0.000385459,-0.002069555,0.0033201489638011545,0.014010999339175424,low_vol,high_vol,pre_covid
2013-12-23,80.44999695,1198.400024,19.37800026,2.928999901,13.03999996,-0.001614667,-0.005575177,0.002757552,0.013949568,0.000398555,-0.003032654,0.0032678315160693965,0.013689606688420477,low_vol,high_vol,pre_covid
2013-12-24,80.52999878,1205.099976,19.45299911,2.98300004,12.47999954,0.000993935,0.005575177,0.002624781,0.014035057,0.000697819,-0.004645216,0.0032309410911342262,0.013315675636266473,low_vol,high_vol,pre_covid
2013-12-26,80.48000336,1214.099976,19.88500023,2.99000001,12.32999992,-0.000621023,0.007440511,0.002551908,0.014167913,0.000735807,-0.003591749,0.0031834151364393925,0.012949693568611378,low_vol,high_vol,pre_covid
2013-12-27,80.38999939,1216.099976,20.01300049,3.006000042,12.46000004,-0.001118965,0.001645955,0.002427183,0.014177612,0.000236631,-0.000810784,0.003135017161073193,0.012654353145140011,low_vol,high_vol,pre_covid
2013-12-30,80.0,1203.099976,19.58099937,2.976000071,13.56000042,-0.004863148,-0.010747458,0.002599968,0.014333277,-0.000262155,-0.002673603,0.003093786235465647,0.012261238372560813,low_vol,high_vol,pre_covid
2013-12-31,80.04000092,1201.900024,19.3390007,3.026000023,13.72000027,0.000499886,-0.00099788,0.002606824,0.014084367,-3.75e-05,-0.00356334,0.003193440250782091,0.012163384257943695,low_vol,high_vol,pre_covid
2014-01-02,80.62999725,1225.0,20.09799957,2.984999895,14.22999954,0.007344233,0.019037186,0.003034736,0.013929804,0.000709443,-0.000504842,0.0031429763978343683,0.011792172866328644,low_vol,high_vol,pre_covid
2014-01-03,80.79000092,1238.400024,20.18199921,2.994999886,13.76000023,0.001982452,0.0108794,0.002963027,0.014125089,0.000845251,0.0001859,0.003402691188573406,0.012273502439211513,low_vol,high_vol,pre_covid
2014-01-06,80.65000153,1237.800049,20.07699966,2.960999966,13.55000019,-0.001734383,-0.000484594,0.002989914,0.013295761,2.48e-05,0.003518946,0.003366058636186598,0.012158612279942489,low_vol,high_vol,pre_covid
2014-01-07,80.83000183,1229.400024,19.76499939,2.937000036,12.92000008,0.002229383,-0.006809384,0.002841117,0.013112251,0.00030977,0.001996373,0.0033283706535663145,0.01178525448746583,low_vol,high_vol,pre_covid
2014-01-08,81.04000092,1225.300049,19.51799965,2.993000031,12.86999989,0.002594665,-0.003340514,0.002882123,0.013122314,0.000730704,0.00221984,0.0033000273230887438,0.011549458614154802,low_vol,high_vol,pre_covid
2014-01-09,81.01000214,1229.300049,19.66300011,2.963000059,12.89000034,-0.000370241,0.00325919,0.002845012,0.013110561,0.000594286,0.001988241,0.0032826198804129353,0.011235679460287602,low_vol,high_vol,pre_covid
2014-01-10,80.66000366,1246.699951,20.20100021,2.859999895,12.14000034,-0.004329795,0.01405508,0.002989985,0.012565882,0.000223409,0.002649698,0.0032297037341806932,0.010928756787780713,low_vol,high_vol,pre_covid
2014-01-13,80.51000214,1250.900024,20.36100006,2.826999903,13.27999973,-0.001861408,0.003363291,0.003016058,0.012580693,0.000149164,0.002821431,0.0032909909207227044,0.011107754867595934,low_vol,high_vol,pre_covid
2014-01-14,80.61000061,1245.199951,20.25099945,2.868999958,12.27999973,0.001241292,-0.004567191,0.00291618,0.011162539,0.000759608,0.003439458,0.003258557593126869,0.010808969899020707,low_vol,high_vol,pre_covid
2014-01-15,81.0,1238.099976,20.10300064,2.884000063,12.27999973,0.004826436,-0.005718194,0.00308241,0.011121952,0.001192263,0.002967427,0.0032132901346167268,0.010560558508019655,low_vol,high_vol,pre_covid
2014-01-16,80.90000153,1240.0,20.02499962,2.842999935,12.52999973,-0.001235312,0.001533453,0.003066017,0.010984427,0.000334309,0.001217054,0.003294455981633233,0.010359400936460978,low_vol,high_vol,pre_covid
2014-01-17,81.26000214,1251.699951,20.2670002,2.826999903,12.43999958,0.004440074,0.009391209,0.003179874,0.01085344,0.000580071,0.001068234,0.0032500625702268893,0.010076664377626759,low_vol,high_vol,pre_covid
2014-01-21,81.09999847,1242.300049,19.83799934,2.825000048,12.86999989,-0.001970975,-0.007538049,0.003233292,0.010974475,0.000556412,0.000362889,0.0033085649324249566,0.010041171795831144,low_vol,high_vol,pre_covid
2014-01-22,81.16999817,1239.0,19.80900002,2.859999895,12.84000015,0.000862756,-0.002659937,0.002941327,0.007782457,0.000419749,0.000777834,0.00327805974652216,0.009941656279742082,low_vol,high_vol,pre_covid
2014-01-23,80.44000244,1262.599976,19.98600006,2.773000002,13.77000046,-0.009034103,0.018868465,0.003579358,0.008530302,-0.000743128,0.002998732,0.003227827953098133,0.00969944210356458,low_vol,high_vol,pre_covid
2014-01-24,80.45999908,1264.5,19.74300003,2.734999895,18.13999939,0.00024856,0.00150372,0.00356254,0.008344728,-0.000681248,0.002823185,0.0036381228106989335,0.010427979659198451,low_vol,high_vol,pre_covid
2014-01-27,80.5,1263.599976,19.77099991,2.766000032,17.42000008,0.000497029,-0.000712017,0.003557296,0.008343799,-0.000198565,0.001346475,0.003574594921042557,0.01014157500335467,low_vol,high_vol,pre_covid
2014-01-28,80.56999969,1251.0,19.4829998,2.746000051,15.80000019,0.000869184,-0.010021539,0.003559523,0.008665339,7.45e-05,7.99e-06,0.0035135798233137112,0.009867547480132,low_vol,high_vol,pre_covid
2014-01-29,80.51000214,1262.199951,19.53300095,2.674999952,17.35000038,-0.000744941,0.00891296,0.003554297,0.008818326,-0.000124129,0.001356007,0.003456731126727502,0.009907483498906895,low_vol,high_vol,pre_covid
2014-01-30,81.08999634,1242.199951,19.11100006,2.693000078,17.29000092,0.007178177,-0.01597223,0.003687285,0.009252232,0.000111045,0.000330604,0.0034016252345672265,0.009860159138305642,low_vol,high_vol,pre_covid
2014-01-31,81.26999664,1240.099976,19.10499954,2.667999983,18.40999985,0.0022173,-0.00169196,0.003702931,0.009262921,0.000456306,8.06e-06,0.0036202623059325974,0.010337729361344288,low_vol,high_vol,pre_covid
2014-02-03,81.01000214,1260.400024,19.38899994,2.58100009,21.44000053,-0.003204273,0.016237148,0.003468327,0.00901453,-0.000308129,0.000692656,0.003581604706429007,0.010061624474419667,low_vol,high_vol,pre_covid
2014-02-04,81.12000275,1251.699951,19.40200043,2.624000072,19.11000061,0.001356943,-0.006926562,0.00345513,0.008910847,2.47e-05,0.000753805,0.003576904765376671,0.010499027926396337,low_vol,high_vol,pre_covid
2014-02-05,81.02999878,1257.300049,19.78499985,2.667000055,19.95000076,-0.001110132,0.004464015,0.003440362,0.00894862,-0.000172626,0.0014662,0.0035237885508401564,0.010344562636261219,low_vol,high_vol,pre_covid
2014-02-06,80.88999939,1257.599976,19.90800095,2.701999903,17.22999954,-0.001729242,0.00023852,0.003433424,0.008781764,0.00055786,-0.000396794,0.003470798289135463,0.010107819136673904,low_vol,high_vol,pre_covid
2014-02-07,80.69000244,1263.300049,19.92000008,2.674999952,15.28999996,-0.002475517,0.00452226,0.003422704,0.008751437,0.000285453,-9.49e-05,0.0034296021034399865,0.009832980583304172,low_vol,high_vol,pre_covid
2014-02-10,80.66999817,1274.800049,20.09900093,2.677999973,15.26000023,-0.000247946,0.009061958,0.003422515,0.008901594,0.000210955,0.000882457,0.003407885807641253,0.009626102924458127,low_vol,high_vol,pre_covid
2014-02-11,80.62999725,1290.099976,20.14299965,2.719000101,14.51000023,-0.000495982,0.011930374,0.003290948,0.008765545,7.44e-05,0.003077648,0.0033509632857322055,0.009606916780982876,low_vol,high_vol,pre_covid
2014-02-12,80.68000031,1295.300049,20.33099937,2.763000011,14.30000019,0.000619962,0.00402265,0.003265892,0.008773243,0.000210929,0.002588617,0.0032968728371605555,0.009760243733531897,low_vol,high_vol,pre_covid
2014-02-13,80.29000092,1300.400024,20.38500023,2.736000061,14.14000034,-0.004845625,0.003929562,0.003425775,0.008666936,-0.000991451,0.004578797,0.0032441905638733487,0.009545598618707596,low_vol,high_vol,pre_covid
2014-02-14,80.12999725,1319.0,21.4109993,2.746000051,13.56999969,-0.00199481,0.014201946,0.003245025,0.00886038,-0.001412662,0.006168187,0.003332136378760637,0.009340868970628859,low_vol,low_vol,pre_covid
2014-02-18,80.01000214,1324.699951,21.89100075,2.710999966,13.86999989,-0.001498628,0.004312108,0.003248458,0.008857911,-0.001242098,0.004975683,0.0033013778825913913,0.009689377464268036,low_vol,high_vol,pre_covid
2014-02-19,80.16999817,1320.599976,21.84399986,2.733999968,15.5,0.001997704,-0.003099822,0.003102168,0.008836967,-0.001178022,0.005358357,0.003261190946593045,0.009485439418733702,low_vol,high_vol,pre_covid
2014-02-20,80.29000092,1317.099976,21.6779995,2.753999949,14.78999996,0.001495734,-0.002653829,0.003120159,0.008619742,-0.000917435,0.004646573,0.003229676133118862,0.00927614093648847,low_vol,low_vol,pre_covid
2014-02-21,80.23999786,1323.900024,21.77700043,2.733999968,14.68000031,-0.000622975,0.005149613,0.003105045,0.008541229,-0.000806808,0.005137682,0.0031892250865707974,0.0090699668317611,low_vol,low_vol,pre_covid
2014-02-24,80.20999908,1338.300049,22.04700089,2.75,14.22999954,-0.000373933,0.010818244,0.002421611,0.007961769,-0.00059665,0.00576728,0.0031406756591734297,0.008925533622723147,low_vol,low_vol,pre_covid
2014-02-25,80.15000153,1343.0,21.95999908,2.700999975,13.67000008,-0.000748286,0.003505729,0.002423458,0.007957799,-0.000646684,0.005211658,0.003091790636631029,0.009066746450010843,low_vol,low_vol,pre_covid
2014-02-26,80.41000366,1328.199951,21.25399971,2.673000097,14.35000038,0.003238694,-0.011081312,0.002533329,0.008494643,-0.000273216,0.002910489,0.0030472586038203776,0.008879963721535183,low_vol,low_vol,pre_covid
2014-02-27,80.29000092,1331.599976,21.31399918,2.64199996,14.03999996,-0.001493501,0.002556603,0.002542761,0.008006317,-0.000484563,0.002763884,0.003062796456643892,0.009074224154895616,low_vol,low_vol,pre_covid
2014-02-28,79.77999878,1321.400024,21.20400047,2.657999992,14.0,-0.00637226,-0.007689409,0.002880883,0.008207644,-0.000637226,0.001601987,0.003030293099355193,0.008870176204326263,low_vol,low_vol,pre_covid
2014-03-03,80.06999969,1350.099976,21.44799995,2.607000113,16.0,0.003628417,0.021486847,0.002489473,0.008134933,-7.49e-05,0.002330477,0.0032371788727041917,0.008860936840573387,low_vol,low_vol,pre_covid
2014-03-04,80.16000366,1337.800049,21.18799973,2.690999985,14.10000038,0.001123435,-0.009152135,0.002438437,0.008546846,0.000187303,0.000984053,0.0032591224225791715,0.010011960558985351,low_vol,high_vol,pre_covid
2014-03-05,80.11000061,1340.199951,21.23900032,2.697999954,13.89000034,-0.000623985,0.00179231,0.00236753,0.008046516,-7.49e-05,0.001473266,0.0032122862161411163,0.009992535333509127,low_vol,high_vol,pre_covid
2014-03-06,79.68000031,1351.699951,21.54199982,2.736999989,14.21000004,-0.005382081,0.008544203,0.002548495,0.007804183,-0.000762647,0.002593069,0.003163080365549809,0.009730608738729305,low_vol,high_vol,pre_covid
2014-03-07,79.72000122,1338.099976,20.89699936,2.789999962,14.10999966,0.000501894,-0.010112344,0.002564587,0.008357689,-0.000650161,0.001066873,0.003289032495516976,0.009677925360884122,low_vol,high_vol,pre_covid
2014-03-10,79.75,1341.400024,20.87899971,2.78399992,14.19999981,0.000376231,0.002463184,0.002566618,0.00833546,-0.000575144,0.000231367,0.003235890066543878,0.009738589042080876,low_vol,high_vol,pre_covid
2014-03-11,79.76999664,1346.5,20.7840004,2.766000032,14.80000019,0.00025071,0.00379477,0.002539848,0.008330641,-0.000475245,0.000260272,0.003183684823934071,0.00949737004233667,low_vol,high_vol,pre_covid
2014-03-12,79.61000061,1370.300049,21.32799911,2.726000071,14.47000027,-0.002007731,0.017521096,0.002558483,0.008826295,-0.000999887,0.003120512,0.003132574769811672,0.0092923897905399,low_vol,low_vol,pre_covid
2014-03-13,79.62000275,1372.199951,21.16900063,2.653000116,16.21999931,0.000125631,0.001385526,0.0025637,0.008616581,-0.000837974,0.003003405,0.0031092366797112825,0.009943930302299455,low_vol,high_vol,pre_covid
2014-03-14,79.44000244,1379.0,21.38400078,2.644999981,17.81999969,-0.002263302,0.004943343,0.002572276,0.008624715,-0.000427078,0.00426668,0.0030600429488254876,0.009681297739330012,low_vol,high_vol,pre_covid
2014-03-17,79.38999939,1372.900024,21.24900055,2.698999882,15.64000034,-0.000629642,-0.00443329,0.002393962,0.008770598,-0.000852884,0.001674666,0.003046423673197796,0.009494269081812483,low_vol,high_vol,pre_covid
2014-03-18,79.41000366,1359.0,20.83600044,2.680999994,14.52000046,0.000251943,-0.010176174,0.002375678,0.008769233,-0.000940033,0.001572262,0.0030021020143563997,0.00931666555634023,low_vol,low_vol,pre_covid
2014-03-19,79.98999786,1341.400024,20.79999924,2.772000074,15.11999989,0.007277249,-0.013035272,0.002893664,0.009285313,-0.00014991,8.95e-05,0.0029561548198859845,0.00941151648938658,low_vol,low_vol,pre_covid
2014-03-20,80.20999908,1330.5,20.40399933,2.775000095,14.52000046,0.002746584,-0.008159051,0.002924123,0.009450184,0.000662957,-0.001580821,0.0032329100226278435,0.009696393466655316,low_vol,high_vol,pre_covid
2014-03-21,80.11000061,1336.0,20.2859993,2.75,15.0,-0.001247486,0.004125264,0.002916341,0.009458023,0.000488019,-0.00015706,0.003222781514654178,0.00964960685480037,low_vol,high_vol,pre_covid
2014-03-24,79.93000031,1311.199951,20.04299927,2.73300004,15.09000015,-0.002249442,-0.018737364,0.00295211,0.01029295,0.000225451,-0.002277115,0.0031807856723032667,0.009443483362936213,low_vol,low_vol,pre_covid
2014-03-25,79.94000244,1311.400024,19.95499992,2.734999895,14.02000046,0.000125128,0.000152576,0.002952517,0.009966637,0.000212893,-0.002641335,0.00316210017889301,0.010242267225508195,low_vol,high_vol,pre_covid
2014-03-26,79.98000336,1303.400024,19.75900078,2.700999975,14.93000031,0.000500262,-0.006119034,0.002952661,0.009971976,0.000463692,-0.005005348,0.003111416177242296,0.009960666737890223,low_vol,high_vol,pre_covid
2014-03-27,80.11000061,1294.699951,19.69000053,2.671999931,14.61999989,0.001624052,-0.006697283,0.002881509,0.009804196,0.000613535,-0.005813629,0.003063289499215316,0.009809374576125204,low_vol,high_vol,pre_covid
2014-03-28,80.18000031,1293.800049,19.77199936,2.711999893,14.40999985,0.000873413,-0.000695308,0.002873761,0.009767234,0.000927206,-0.006377494,0.0030305693022190943,0.009689815230594248,low_vol,high_vol,pre_covid
2014-03-31,80.09999847,1283.400024,19.73399925,2.72300005,13.88000011,-0.000998276,-0.008070837,0.002498873,0.009779917,0.000890343,-0.006741248,0.0029877022567639322,0.009438854893415833,low_vol,low_vol,pre_covid
2014-04-01,80.08000183,1279.599976,19.66900063,2.759000063,13.10000038,-0.000249677,-0.002965315,0.002372199,0.008257182,0.000840181,-0.006020163,0.002949332011762895,0.009406408479235111,low_vol,low_vol,pre_covid
2014-04-02,80.22000122,1290.5,20.03100014,2.802999973,13.09000015,0.001746718,0.00848223,0.002390706,0.008447103,0.000287128,-0.003868412,0.0029053657101448865,0.009198830963473492,low_vol,low_vol,pre_covid
2014-04-03,80.47000122,1284.400024,19.7859993,2.789999962,13.36999989,0.003111584,-0.004738038,0.002476605,0.008431753,0.000323628,-0.003526311,0.0028806224863096703,0.009181890029185453,low_vol,low_vol,pre_covid
2014-04-04,80.41999817,1303.199951,19.92700005,2.726000071,13.96000004,-0.000621581,0.014531039,0.002132827,0.008895443,0.000386218,-0.002485733,0.0028993145523355706,0.009031980916700804,low_vol,low_vol,pre_covid
2014-04-07,80.22000122,1298.0,19.89100075,2.694999933,15.56999969,-0.002490003,-0.003998123,0.002226377,0.008705748,0.000362162,-0.001011809,0.0028593193161079605,0.009442736938252778,low_vol,low_vol,pre_covid
2014-04-08,79.75,1308.699951,20.04199982,2.680999994,14.89000034,-0.005876134,0.008209622,0.002601768,0.008922474,-0.000237964,-0.000206105,0.0028612282506254427,0.009256434689831042,low_vol,low_vol,pre_covid
2014-04-09,79.48000336,1305.5,19.75499916,2.684000015,13.81999969,-0.003391282,-0.002448132,0.002703611,0.008852328,-0.000627119,0.000160986,0.0030484307612874983,0.009221728462944454,low_vol,low_vol,pre_covid
2014-04-10,79.37999725,1320.099976,20.07799911,2.628000021,15.89000034,-0.001259047,0.011121364,0.002683072,0.008255824,-0.000915429,0.00194285,0.0030759637907219373,0.009015010249639977,low_vol,low_vol,pre_covid
2014-04-11,79.44999695,1318.699951,19.93300056,2.618999958,17.03000069,0.000881442,-0.001061107,0.002691837,0.00822617,-0.000914626,0.00190627,0.0030387779252419754,0.009168124202961658,low_vol,low_vol,pre_covid
2014-04-14,79.73000336,1327.199951,19.99900055,2.638999939,16.11000061,0.003518114,0.006425057,0.002754629,0.008293821,-0.000462987,0.00335586,0.002995747570563834,0.008947113679678965,low_vol,low_vol,pre_covid
2014-04-15,79.80000305,1300.0,19.47800064,2.628000021,15.60999966,0.000877574,-0.020707159,0.00275229,0.009254538,-0.000350262,0.001581675,0.003025452097943881,0.008855375742125842,low_vol,low_vol,pre_covid
2014-04-16,79.81999969,1303.099976,19.62299919,2.637000084,14.18000031,0.000250553,0.002381758,0.00275229,0.009145471,-0.000499878,0.000971628,0.0029827810577382837,0.009969007159755707,low_vol,high_vol,pre_covid
2014-04-17,79.83000183,1293.400024,19.58600044,2.720999956,13.35999966,0.000125301,-0.007471594,0.002231942,0.008886736,-0.000798506,0.000698273,0.002937387833603586,0.00971463410372473,low_vol,high_vol,pre_covid
2014-04-21,79.94999695,1288.0,19.3409996,2.720999956,13.25,0.001502005,-0.004183801,0.002168323,0.008784813,-0.000586148,-0.001173211,0.0028931168487572874,0.009634337833274718,low_vol,high_vol,pre_covid
2014-04-22,79.91000366,1280.599976,19.35099983,2.726000071,13.18999958,-0.000500354,-0.005761929,0.002155587,0.008730453,-0.000387183,-0.001349592,0.002863761209513592,0.009441807515787926,low_vol,low_vol,pre_covid
2014-04-23,79.86000061,1284.199951,19.43000031,2.686000109,13.27000046,-0.000625938,0.002807219,0.002103852,0.007893048,0.000137837,-0.001889832,0.0028238153148882235,0.009310101720888801,low_vol,low_vol,pre_covid
2014-04-24,79.80000305,1290.5,19.68199921,2.687999964,13.31999969,-0.000751567,0.004893822,0.002109068,0.007994545,0.000401808,-0.001155637,0.002786164206549833,0.009096944003300043,low_vol,low_vol,pre_covid
2014-04-25,79.76999664,1300.699951,19.68499947,2.665999889,14.06000042,-0.000376091,0.007872803,0.002105607,0.008108265,0.000490104,-0.001480493,0.002750993966327282,0.008943153649615843,low_vol,low_vol,pre_covid
2014-04-28,79.68000031,1298.900024,19.58499908,2.677000046,13.97000027,-0.001128835,-0.001384772,0.002076754,0.007973859,0.000289076,-0.001512859,0.0027135969587741876,0.008915065002740969,low_vol,low_vol,pre_covid
2014-04-29,79.80999756,1296.0,19.48800087,2.694999933,13.71000004,0.001630162,-0.002235173,0.002103727,0.007989127,0.000100281,-0.002378883,0.002686131044141556,0.00871074159980283,low_vol,low_vol,pre_covid
2014-04-30,79.48999786,1295.599976,19.11899948,2.648000002,13.40999985,-0.004017579,-0.000308708,0.00225714,0.007769669,-0.000389234,-0.000339037,0.0026667038175430978,0.008529097735083386,low_vol,low_vol,pre_covid
2014-05-01,79.52999878,1283.099976,18.98900032,2.605999947,13.25,0.000503093,-0.009694884,0.002265011,0.008051273,-0.00036398,-0.001546702,0.002748648169853852,0.008338368653430205,low_vol,low_vol,pre_covid
2014-05-02,79.51999664,1302.599976,19.49200058,2.59100008,12.90999985,-0.000125773,0.015083242,0.002215562,0.008509476,-0.000389088,0.000708782,0.002711237629537055,0.00848965042572557,low_vol,low_vol,pre_covid
2014-05-05,79.48999786,1309.0,19.52000046,2.611000061,13.28999996,-0.000377319,0.004901239,0.002063284,0.008475862,-0.00057702,0.001617286,0.0026739131756891034,0.009016283622960137,low_vol,low_vol,pre_covid
2014-05-06,79.13999939,1308.300049,19.59799957,2.595000029,13.80000019,-0.004412772,-0.000534865,0.002226212,0.007881475,-0.000968262,0.002139992,0.00263889209575742,0.008867607236238691,low_vol,low_vol,pre_covid
2014-05-07,79.22000122,1288.599976,19.29800034,2.589999914,13.39999962,0.001010379,-0.015172283,0.002221558,0.008528707,-0.00080463,0.000342042,0.0027464184065569986,0.008659334843567878,low_vol,low_vol,pre_covid
2014-05-08,79.43000031,1287.400024,19.09399986,2.601999998,13.43000031,0.002647327,-0.000931639,0.00197369,0.008300422,-0.000464741,-0.000240504,0.0027139607421555905,0.009214549905638018,low_vol,low_vol,pre_covid
2014-05-09,79.90000153,1287.300049,19.07699966,2.622999907,12.92000008,0.005899737,-7.77e-05,0.00224346,0.008292737,0.000162842,-0.00103555,0.00272306915173048,0.008990065213089878,low_vol,low_vol,pre_covid
2014-05-12,79.90000153,1295.599976,19.5,2.655999899,12.22999954,0.0,0.00642685,0.002217764,0.00801774,0.000275725,-0.000254388,0.0029159209482830413,0.008773620511964475,low_vol,low_vol,pre_covid
2014-05-13,80.13999939,1294.599976,19.50399971,2.618000031,12.13000011,0.002999226,-0.000772141,0.002291915,0.008017683,0.000412632,-0.000108085,0.002872287036836742,0.008693636602760681,low_vol,low_vol,pre_covid
2014-05-14,80.06999969,1305.699951,19.73500061,2.542999983,12.17000008,-0.000873849,0.00853751,0.002192514,0.00812641,0.000727005,0.000776537,0.0028869788403699088,0.008496222154638362,low_vol,low_vol,pre_covid
2014-05-15,80.0,1293.5,19.4470005,2.502000093,13.17000008,-0.000874614,-0.009387535,0.002198876,0.007041363,0.000589234,0.000807272,0.002850113749799843,0.008536710782677629,low_vol,low_vol,pre_covid
2014-05-16,80.04000092,1293.300049,19.29199982,2.517999887,12.43999958,0.000499886,-0.000154593,0.002200293,0.007015874,0.0006518,-0.000716512,0.0028144163351040354,0.008650323644770426,low_vol,low_vol,pre_covid
2014-05-19,79.98999786,1293.699951,19.3220005,2.536000013,12.42000008,-0.000624921,0.000309163,0.002206473,0.006824338,0.00062704,-0.001175719,0.002774995897583574,0.0084524527910784,low_vol,low_vol,pre_covid
2014-05-20,80.04000092,1294.5,19.36700058,2.509000063,12.96000004,0.000624921,0.000618228,0.002186728,0.006756869,0.001130809,-0.00106041,0.0027388429157190974,0.008265012331951246,low_vol,low_vol,pre_covid
2014-05-21,80.09999847,1288.0,19.30699921,2.536999941,11.90999985,0.000749314,-0.005033893,0.002187904,0.006726335,0.001104703,-4.66e-05,0.002702578034385189,0.008088535970383046,low_vol,low_vol,pre_covid
2014-05-22,80.25,1294.900024,19.48999977,2.555000067,12.02999973,0.001870927,0.005342863,0.00221343,0.006796468,0.001027063,0.000580879,0.0026685292703443764,0.008019117262181104,low_vol,low_vol,pre_covid
2014-05-23,80.38999939,1291.599976,19.38800049,2.536000013,11.35999966,0.001743021,-0.00255175,0.002224915,0.006744055,0.000611391,0.00033347,0.0026555510833780206,0.007949067181019804,low_vol,low_vol,pre_covid
2014-05-27,80.34999847,1265.400024,19.03899956,2.517999887,11.51000023,-0.00049771,-0.020493444,0.002227059,0.007847392,0.00056162,-0.002358559,0.002639880917812508,0.007817839050482105,low_vol,low_vol,pre_covid
2014-05-28,80.56999969,1259.300049,19.03499985,2.437999964,11.68000031,0.002734295,-0.004832247,0.00225856,0.007885,0.000535127,-0.00276457,0.002606810197921285,0.00910510752844836,low_vol,low_vol,pre_covid
2014-05-29,80.48999786,1256.300049,18.9829998,2.447000027,11.56999969,-0.000993441,-0.002385118,0.002267147,0.007885791,0.000523168,-0.003856833,0.002624350244527794,0.008962861270881696,low_vol,low_vol,pre_covid
2014-05-30,80.37000275,1245.599976,18.65299988,2.457000017,11.39999962,-0.00149192,-0.00855361,0.002080137,0.008028437,0.000461437,-0.00377344,0.0025977007555492006,0.008769482412011644,low_vol,low_vol,pre_covid
2014-06-02,80.63999939,1243.699951,18.70899963,2.53399992,11.57999992,0.00335379,-0.001526554,0.002169771,0.007825904,0.000746828,-0.003910636,0.0025816200759888985,0.008814003179917618,low_vol,low_vol,pre_covid
2014-06-03,80.55000305,1244.300049,18.73200035,2.592999935,11.86999989,-0.001116649,0.000482394,0.0021983,0.006870601,0.000697655,-0.003893313,0.002627239461520221,0.008616783897315483,low_vol,low_vol,pre_covid
2014-06-04,80.66999817,1244.0,18.76600075,2.605999947,12.07999992,0.001488589,-0.000241168,0.002193983,0.006694978,0.000784022,-0.003979253,0.0026025199602662014,0.008420478801979213,low_vol,low_vol,pre_covid
2014-06-05,80.37000275,1253.0,19.05500031,2.584000111,11.68000031,-0.00372573,0.007208682,0.0021177,0.007010133,0.000336517,-0.002754995,0.002583096425089932,0.00823554138828947,low_vol,low_vol,pre_covid
2014-06-06,80.41000366,1252.099976,18.96299934,2.596999884,10.72999954,0.000497586,-0.000718554,0.002117315,0.006335059,0.000199183,-0.003361137,0.002654764078060843,0.008228311991944,low_vol,low_vol,pre_covid
2014-06-09,80.65000153,1253.5,19.04500008,2.612999916,11.14999962,0.002980231,0.001117516,0.002133728,0.006357862,0.000322904,-0.00299421,0.002620206901254676,0.00805649651377677,low_vol,low_vol,pre_covid
2014-06-10,80.81999969,1259.800049,19.14699936,2.63499999,10.98999977,0.002105632,0.005013378,0.001809766,0.006501078,0.000583238,-0.000443528,0.002646947431028679,0.007894109105310626,low_vol,low_vol,pre_covid
2014-06-11,80.79000092,1260.800049,19.15399933,2.640000105,11.60000038,-0.000371249,0.000793462,0.001817156,0.006290902,0.000272684,0.000119043,0.0026413049744805693,0.007820934186497083,low_vol,low_vol,pre_covid
2014-06-12,80.58000183,1273.599976,19.51499939,2.585999966,12.56000042,-0.002602704,0.010101038,0.001847098,0.006765755,0.000111758,0.001367659,0.002607257916763173,0.0076704627643890055,low_vol,low_vol,pre_covid
2014-06-13,80.58000183,1273.699951,19.63699913,2.604000092,12.18000031,0.0,7.85e-05,0.001830024,0.006426676,0.00026095,0.002230869,0.0026251313707034447,0.007883073602838459,low_vol,low_vol,pre_covid
2014-06-16,80.47000122,1274.900024,19.70199966,2.596999884,12.64999962,-0.001366043,0.000941751,0.001848872,0.00615684,-0.000211034,0.002477699,0.0025901937664109176,0.007727910272993039,low_vol,low_vol,pre_covid
2014-06-17,80.62999725,1271.699951,19.72100067,2.654999971,12.06000042,0.001986295,-0.002513214,0.001885836,0.006168093,9.93e-05,0.002178139,0.0025716058799436963,0.007583582034319564,low_vol,low_vol,pre_covid
2014-06-18,80.58000183,1272.400024,19.7670002,2.612999916,10.60999966,-0.000620252,0.00055035,0.001885716,0.00617049,-0.000111623,0.002257291,0.0025656474108552113,0.007474174638338784,low_vol,low_vol,pre_covid
2014-06-19,80.31999969,1313.699951,20.63699913,2.621999979,10.61999989,-0.00323185,0.031942646,0.002039164,0.00944524,-6.22e-05,0.004730687,0.0025360944219174533,0.007343379893624973,low_vol,low_vol,pre_covid
2014-06-20,80.37000275,1316.199951,20.94199944,2.624000072,10.85000038,0.000622354,0.001901214,0.002037537,0.009355509,-4.98e-05,0.004992664,0.0025854004510982315,0.010423655478333047,low_vol,high_vol,pre_covid
2014-06-23,80.26000214,1318.0,20.9090004,2.622999907,10.97999954,-0.001369615,0.001366676,0.002024168,0.009303981,-0.000484743,0.00501758,0.0025539234541221926,0.010140716642002794,low_vol,high_vol,pre_covid
2014-06-24,80.33000183,1320.900024,21.03800011,2.585999966,12.13000011,0.000871782,0.002197905,0.00199551,0.009275042,-0.000608128,0.004736032,0.002536752902041345,0.009867907932545137,low_vol,high_vol,pre_covid
2014-06-25,80.22000122,1322.199951,21.11100006,2.559000015,11.59000015,-0.001370297,0.000983638,0.002014608,0.007853875,-0.000708033,0.00475505,0.0025093956262337096,0.00961661003366007,low_vol,high_vol,pre_covid
2014-06-26,80.23000336,1316.099976,21.10300064,2.525000095,11.63000011,0.000124676,-0.00462418,0.001910306,0.00784483,-0.000435295,0.003282528,0.0024939076418581323,0.009368605375656794,low_vol,low_vol,pre_covid
2014-06-27,80.04000092,1319.0,21.07699966,2.532000065,11.26000023,-0.00237103,0.002201074,0.001961824,0.00777725,-0.000672398,0.003494786,0.0024630503827987077,0.009203965229491115,low_vol,low_vol,pre_covid
2014-06-30,79.77999878,1321.800049,21.00699997,2.516000032,11.56999969,-0.00325369,0.002120607,0.002052404,0.007369221,-0.000861163,0.003612672,0.0024793113612428847,0.00898801380741743,low_vol,low_vol,pre_covid
2014-07-01,79.81999969,1326.400024,21.06699944,2.562999964,11.14999962,0.000501265,0.003474043,0.001882304,0.007301979,-0.001009666,0.004211397,0.0025332677329783187,0.008782845868812481,low_vol,low_vol,pre_covid
2014-07-02,79.95999908,1330.699951,21.25399971,2.628000021,10.81999969,0.001752402,0.003236559,0.001937604,0.007277957,-0.0007724,0.004480018,0.002502558395575567,0.008611717043981382,low_vol,low_vol,pre_covid
2014-07-03,80.20999908,1320.400024,21.0890007,2.648000002,10.31999969,0.003121686,-0.007770343,0.002044891,0.0076326,-0.000137047,0.000508719,0.0024930846722190404,0.008445640318145478,low_vol,low_vol,pre_covid
2014-07-07,80.22000122,1316.5,20.9659996,2.617000103,11.32999992,0.000124692,-0.00295804,0.001886228,0.007663894,-0.000186813,2.28e-05,0.0025331359306152183,0.008473421121993223,low_vol,low_vol,pre_covid
2014-07-08,80.18000031,1316.0,20.96699905,2.565000057,11.97999954,-0.000498765,-0.000379867,0.001883266,0.007657458,-9.97e-05,-0.00015186,0.0025010416606824053,0.008319153870384358,low_vol,low_vol,pre_covid
2014-07-09,79.98999786,1323.800049,21.02199936,2.546999931,11.64999962,-0.002372511,0.005909593,0.00180078,0.007689596,-0.000424157,0.000219308,0.0024724294160259706,0.008140389523204488,low_vol,low_vol,pre_covid
2014-07-10,80.12999725,1338.699951,21.45899963,2.532000065,12.59000015,0.001748681,0.011192532,0.001777568,0.007901918,-0.000112259,0.001240198,0.0024882783101592416,0.008083411250563891,low_vol,low_vol,pre_covid
2014-07-11,80.19000244,1337.0,21.4109993,2.519999981,12.07999992,0.000748568,-0.001270659,0.001795441,0.007942071,-4.99e-05,0.00157555,0.0024792816856751263,0.008332445302434504,low_vol,low_vol,pre_covid
2014-07-14,80.19000244,1306.300049,20.86400032,2.549000025,11.81999969,0.0,-0.023229547,0.001720804,0.009572057,0.000187233,-0.000967512,0.0024524355435798857,0.00815940058941877,low_vol,low_vol,pre_covid
2014-07-15,80.38999939,1296.900024,20.84199905,2.549000025,11.96000004,0.002490933,-0.007221931,0.001820488,0.009746086,0.000761695,-0.001901766,0.0024229145549539044,0.009733259173152577,low_vol,high_vol,pre_covid
2014-07-16,80.55999756,1299.599976,20.72699928,2.538000107,11.0,0.002112435,0.002079686,0.001858571,0.009749729,0.000922812,-0.002041202,0.0024404059349203526,0.0096406673396155,low_vol,high_vol,pre_covid
2014-07-17,80.51999664,1316.699951,21.08600044,2.474999905,14.53999996,-0.000496659,0.013072063,0.001807731,0.010063941,0.000697906,-0.001057651,0.0024439057079824332,0.00939996009976044,low_vol,low_vol,pre_covid
2014-07-18,80.51999664,1309.199951,20.83799934,2.483999968,12.06000042,0.0,-0.005712343,0.001803267,0.010190337,0.000385738,-0.000851851,0.002417150765739257,0.009654224881207187,low_vol,high_vol,pre_covid
2014-07-21,80.55999756,1313.699951,20.9659996,2.473999977,12.81000042,0.000496659,0.00343132,0.001649845,0.007439791,0.000422934,-0.000212915,0.002388764265678086,0.009507432273300706,low_vol,high_vol,pre_covid
2014-07-22,80.77999878,1306.099976,20.96500015,2.46600008,12.23999977,0.002727177,-0.005801967,0.001741851,0.007530712,0.000745528,-0.000755125,0.0023627213195120725,0.009294453131429844,low_vol,low_vol,pre_covid
2014-07-23,80.80999756,1304.5,20.95199966,2.463999987,11.52000046,0.000371295,-0.001225753,0.001702277,0.007522118,0.001019909,-0.00146866,0.0023928493393680947,0.009173605372775236,low_vol,low_vol,pre_covid
2014-07-24,80.87000275,1290.599976,20.37599945,2.509000063,11.84000015,0.000742271,-0.010712618,0.001700431,0.00781338,0.000919268,-0.003659175,0.0023659383748137297,0.008953718681484495,low_vol,low_vol,pre_covid
2014-07-25,81.02999878,1303.099976,20.58799934,2.469000101,12.68999958,0.00197648,0.009638815,0.001690994,0.008150089,0.001042059,-0.002568228,0.002342844685280023,0.009115667899517302,low_vol,low_vol,pre_covid
2014-07-28,81.02999878,1303.300049,20.52599907,2.490999937,12.56000042,0.0,0.000153525,0.001692516,0.008101399,0.001042059,-0.00022992,0.0023464803319509335,0.009167796515489293,low_vol,low_vol,pre_covid
2014-07-29,81.20999908,1298.300049,20.54599953,2.461999893,13.27999973,0.00221894,-0.003843793,0.001600838,0.008109306,0.00101486,0.000107893,0.0023203976921448957,0.008941600012230986,low_vol,low_vol,pre_covid
2014-07-30,81.41999817,1294.900024,20.55800056,2.553999901,13.32999992,0.00258254,-0.002622263,0.001372015,0.008091292,0.00106187,-0.000362302,0.0023330804369751466,0.008780672622872734,low_vol,low_vol,pre_covid
2014-07-31,81.45999908,1281.300049,20.37299919,2.555999994,16.95000076,0.00049117,-0.010558265,0.001372189,0.008282311,0.001160653,-0.002725334,0.0023588504728545186,0.008601794173489876,low_vol,low_vol,pre_covid
2014-08-01,81.30000305,1293.599976,20.33200073,2.505000114,17.03000069,-0.001966037,0.009553785,0.001499941,0.008578011,0.00096405,-0.001198722,0.002333764509488918,0.008786387032726314,low_vol,low_vol,pre_covid
2014-08-04,81.33000183,1287.699951,20.19400024,2.490999937,15.11999989,0.000368921,-0.004571367,0.00140328,0.008486142,0.000951276,-0.00199899,0.002341988483074642,0.008860834358285679,low_vol,low_vol,pre_covid
2014-08-05,81.51999664,1284.0,19.79400063,2.48300004,16.87000084,0.002333373,-0.002877438,0.001443326,0.008485322,0.000911895,-0.001706537,0.0023167448850908764,0.008725532838295256,low_vol,low_vol,pre_covid
2014-08-06,81.44000244,1306.699951,19.98500061,2.473999977,16.37000084,-0.000981765,0.017524632,0.001468116,0.009418972,0.000776589,0.000168501,0.0023337245924650147,0.008554806031218753,low_vol,low_vol,pre_covid
2014-08-07,81.51999664,1310.800049,19.95100021,2.424000025,16.65999985,0.000981765,0.003132837,0.001283072,0.009346094,0.000800539,0.001553047,0.002317127441731553,0.009312906730662188,low_vol,low_vol,pre_covid
2014-08-08,81.38999939,1308.900024,19.90200043,2.414999962,15.77000046,-0.00159594,-0.001450567,0.001376901,0.008956356,0.000443297,0.000444109,0.0022988566673983347,0.009105107717581403,low_vol,low_vol,pre_covid
2014-08-11,81.47000122,1308.5,20.05999947,2.420000076,14.22999954,0.000982461,-0.000305665,0.001377894,0.008957761,0.000541543,0.00039819,0.002297416385883145,0.008891132165618505,low_vol,low_vol,pre_covid
2014-08-12,81.5,1308.800049,19.87000084,2.441999912,14.13000011,0.000368151,0.000229281,0.00137014,0.007372937,0.000356464,0.000805497,0.0022798693131666696,0.008680624620219242,low_vol,low_vol,pre_covid
2014-08-13,81.59999847,1312.800049,19.80999947,2.413000107,12.89999962,0.001226223,0.003051574,0.001317577,0.007202303,0.000220832,0.001372881,0.002256705331272028,0.008480611165232214,low_vol,low_vol,pre_covid
2014-08-14,81.58999634,1313.900024,19.87100029,2.400000095,12.42000008,-0.000122583,0.000837534,0.0012887,0.007194469,0.000159457,0.002512461,0.0022449215202334093,0.008318561308499915,low_vol,low_vol,pre_covid
2014-08-15,81.41999817,1304.5,19.48999977,2.345000029,13.14999962,-0.00208574,-0.007180007,0.001398589,0.006772953,0.000147487,0.000839082,0.002222506623160151,0.008139836744707305,low_vol,low_vol,pre_covid
2014-08-18,81.58000183,1297.699951,19.60000038,2.387000084,12.31999969,0.001963236,-0.005226396,0.001426771,0.006754856,0.000306918,0.000773579,0.0022403603540028915,0.008161080644068324,low_vol,low_vol,pre_covid
2014-08-19,81.87999725,1295.099976,19.38699913,2.404999971,12.21000004,0.003670571,-0.002005536,0.001573322,0.006703857,0.000440638,0.000860769,0.002248300992359227,0.008093884096380762,low_vol,low_vol,pre_covid
2014-08-20,82.25,1293.400024,19.47200012,2.426000118,11.77999973,0.004508662,-0.001313464,0.001724656,0.006603153,0.000989681,-0.001023041,0.002333608818674688,0.00794421580716409,low_vol,low_vol,pre_covid
2014-08-21,82.15000153,1273.699951,19.38999939,2.407000065,11.76000023,-0.001216527,-0.015348417,0.001780982,0.007360245,0.000769852,-0.002871166,0.002464920385198132,0.007794015847836472,low_vol,low_vol,pre_covid
2014-08-22,82.33999634,1278.599976,19.36100006,2.403000116,11.47000027,0.002310109,0.003839698,0.001811778,0.007093934,0.001160456,-0.00234214,0.0024478653005878632,0.008489084343499763,low_vol,low_vol,pre_covid
2014-08-25,82.55000305,1277.300049,19.33799934,2.387000084,11.69999981,0.002547235,-0.001017197,0.001833549,0.006707155,0.001316934,-0.002413293,0.0024575894672913016,0.008343637053255668,low_vol,low_vol,pre_covid
2014-08-26,82.65000153,1283.800049,19.37000084,2.391000032,11.63000011,0.001210635,0.005075955,0.001823336,0.006832574,0.001401182,-0.001928626,0.0024754621852443796,0.00816756474385247,low_vol,low_vol,pre_covid
2014-08-27,82.43000031,1281.900024,19.39500046,2.361000061,11.77999973,-0.002665391,-0.001481097,0.001958877,0.006797892,0.001012021,-0.002381893,0.0024552610442257366,0.00807821662606524,low_vol,low_vol,pre_covid
2014-08-28,82.48000336,1288.699951,19.5340004,2.334000111,12.05000019,0.000606428,0.005290549,0.001911315,0.006899054,0.001084922,-0.001936591,0.0024836110773127974,0.007922142512558308,low_vol,low_vol,pre_covid
2014-08-29,82.75,1285.800049,19.39800072,2.342999935,12.09000015,0.003268134,-0.00225279,0.00199642,0.006504032,0.001620309,-0.001443869,0.00245528460449312,0.007856839094061391,low_vol,low_vol,pre_covid
2014-09-02,82.98999786,1263.699951,19.07099915,2.41899991,12.25,0.002896079,-0.017337244,0.001947236,0.007175994,0.001713594,-0.002654954,0.0025045381704076075,0.007725530127406426,low_vol,low_vol,pre_covid
2014-09-03,82.87000275,1268.900024,19.1079998,2.410000086,12.35999966,-0.001446945,0.004106516,0.002014859,0.007216665,0.001201842,-0.002043749,0.002533984526542158,0.008647945080961606,low_vol,low_vol,pre_covid
2014-09-04,83.81999969,1265.099976,19.06399918,2.447999954,12.64000034,0.011398491,-0.002999252,0.003046032,0.007218551,0.001890825,-0.002212328,0.0025192851016509095,0.008499591762491555,low_vol,low_vol,pre_covid
2014-09-05,83.76000214,1265.800049,19.08200073,2.460999966,12.09000015,-0.000716047,0.000553221,0.003036507,0.005906177,0.001940873,-0.000622164,0.0033271774535569977,0.008344665527196116,low_vol,low_vol,pre_covid
2014-09-08,84.23000336,1252.699951,18.88699913,2.469000101,12.65999985,0.0055956,-0.010403189,0.003173311,0.006108805,0.002269422,-0.002046453,0.0032754826559053736,0.008163563382858192,low_vol,low_vol,pre_covid
2014-09-09,84.27999878,1246.800049,18.84399986,2.5,13.5,0.000593382,-0.004720875,0.003099646,0.006131487,0.002074037,-0.002416821,0.0033970897438875573,0.008380214886973854,low_vol,low_vol,pre_covid
2014-09-10,84.25,1243.5,18.8560009,2.53399992,12.88000011,-0.000356005,-0.002650324,0.00312794,0.0061144,0.001917373,-0.003189448,0.003341443659223406,0.008280297792693157,low_vol,low_vol,pre_covid
2014-09-11,84.30000305,1237.400024,18.53300095,2.530999899,12.80000019,0.000593332,-0.00491756,0.003123897,0.00610578,0.002243245,-0.003533095,0.003286815511696542,0.008131115361456472,low_vol,low_vol,pre_covid
2014-09-12,84.23999786,1229.900024,18.54599953,2.614000082,13.31000042,-0.000712059,-0.006079539,0.003164132,0.006002102,0.002111396,-0.004670104,0.0032342483824554726,0.008054568732097919,low_vol,low_vol,pre_covid
2014-09-15,84.26000214,1233.599976,18.55599976,2.59100008,14.11999989,0.000237439,0.003003819,0.003155773,0.006091224,0.001808327,-0.004144443,0.003185188216586738,0.00802992091034708,low_vol,low_vol,pre_covid
2014-09-16,84.06999969,1235.199951,18.65600014,2.588999987,12.72999954,-0.0022575,0.001296157,0.003165829,0.006081425,0.001292969,-0.002281103,0.003134008005257501,0.00789370829546494,low_vol,low_vol,pre_covid
2014-09-17,84.69999695,1234.400024,18.66300011,2.599999905,12.64999962,0.007465784,-0.000647819,0.003421304,0.006064584,0.002184242,-0.002756536,0.00311733993664686,0.007741990579511344,low_vol,low_vol,pre_covid
2014-09-18,84.31999969,1225.699951,18.45199966,2.628999949,12.02999973,-0.004496484,-0.007072972,0.003652862,0.006149109,0.000594744,-0.003163908,0.003390081978132935,0.007597788361396397,low_vol,low_vol,pre_covid
2014-09-19,84.80000305,1215.300049,17.78100014,2.586999893,12.10999966,0.005676498,-0.008521069,0.003711009,0.006272298,0.001233999,-0.004071337,0.0034500435337432357,0.007657398080547701,low_vol,low_vol,pre_covid
2014-09-22,84.66999817,1216.800049,17.6989994,2.565999985,13.68999958,-0.001534253,0.001233502,0.003723068,0.005648224,0.000521013,-0.002907668,0.003563317430137929,0.007796266821470008,low_vol,low_vol,pre_covid
2014-09-23,84.66000366,1221.0,17.71299934,2.535000086,14.93000031,-0.000118048,0.003445693,0.003732349,0.005627858,0.00044987,-0.002091011,0.0035155786499823853,0.007649773332761688,low_vol,low_vol,pre_covid
2014-09-24,85.05000305,1218.599976,17.64299965,2.569000006,13.27000046,0.004596076,-0.001967556,0.003792244,0.005621731,0.000945079,-0.002022735,0.00345535868321457,0.007546794782585079,low_vol,low_vol,pre_covid
2014-09-25,85.19999695,1221.199951,17.37899971,2.510999918,15.64000034,0.001762043,0.002131303,0.003792625,0.005464649,0.00106195,-0.001317848,0.003509399775853878,0.007429522773327463,low_vol,low_vol,pre_covid
2014-09-26,85.63999939,1214.099976,17.47699928,2.535000086,14.85000038,0.005151059,-0.0058309,0.003752195,0.005511094,0.001648261,-0.001292984,0.003464896661087507,0.007314937013402755,low_vol,low_vol,pre_covid
2014-09-29,85.58999634,1217.5,17.51600075,2.490999937,15.97999954,-0.000584045,0.002796535,0.003780322,0.005357567,0.001566113,-0.001313713,0.003547087913607091,0.007335345802857905,low_vol,low_vol,pre_covid
2014-09-30,85.94000244,1210.5,17.00600052,2.507999897,16.30999947,0.004080996,-0.005766079,0.003800616,0.0053974,0.002199963,-0.002019936,0.003488161309774149,0.007238174176864895,low_vol,low_vol,pre_covid
2014-10-01,85.97000122,1214.599976,17.20999908,2.403000116,16.70999908,0.000349006,0.003381287,0.003804569,0.004427914,0.001488285,-0.001617026,0.003516594434067819,0.007261651161884274,low_vol,low_vol,pre_covid
2014-10-02,85.59999847,1214.199951,17.00099945,2.437999964,16.15999985,-0.004313147,-0.000329401,0.003970159,0.004229033,0.001506618,-0.000942669,0.0034565788034718204,0.007182313431441395,low_vol,low_vol,pre_covid
2014-10-03,86.69000244,1192.199951,16.78000069,2.447000027,14.55000019,0.0126533,-0.018285085,0.004132041,0.005512563,0.002204299,-0.00191907,0.003503680395202857,0.007070071321476425,low_vol,low_vol,pre_covid
2014-10-06,85.70999908,1206.699951,17.18000031,2.424999952,15.46000004,-0.011369071,0.012089022,0.004994856,0.006373673,0.001220817,-0.000833518,0.0042286713465465205,0.008231128200855786,high_vol,low_vol,pre_covid
2014-10-07,85.66999817,1211.699951,17.19099998,2.349999905,17.20000076,-0.00046681,0.004134971,0.004896,0.006234923,0.001185941,-0.00076459,0.004711454864122854,0.008532611028053638,high_vol,low_vol,pre_covid
2014-10-08,85.30000305,1205.300049,17.01499939,2.329999924,15.10999966,-0.004328194,-0.005295753,0.005022896,0.006250624,0.000293514,-0.00109741,0.004621480210407995,0.008391981136341254,high_vol,low_vol,pre_covid
2014-10-09,85.51999664,1224.599976,17.36700058,2.326999903,18.76000023,0.002575737,0.015885701,0.005036512,0.007314834,0.000374883,0.00027803,0.004613034067654571,0.008311674801017434,high_vol,low_vol,pre_covid
2014-10-10,85.91000366,1221.0,17.25200081,2.306999922,21.23999977,0.004550052,-0.002944045,0.005105372,0.00727088,0.000314782,0.000566715,0.004550630064936842,0.008939100334096986,high_vol,low_vol,pre_covid
2014-10-13,85.43000031,1229.300049,17.29400063,2.286000013,24.63999939,-0.005602949,0.006774746,0.00529082,0.007330471,-0.000187108,0.000964537,0.004548185597471714,0.008757434348477816,high_vol,low_vol,pre_covid
2014-10-14,85.81999969,1233.599976,17.35300064,2.20600009,22.79000092,0.004554745,0.003491763,0.005356723,0.007341311,-0.000139733,0.001890321,0.004596279831401309,0.008692894250305654,high_vol,low_vol,pre_covid
2014-10-15,85.15000153,1244.099976,17.41500092,2.089999914,25.27000046,-0.007837651,0.008475653,0.005650171,0.007568352,-0.000958399,0.002399757,0.004592049196226386,0.00852738201206229,high_vol,low_vol,pre_covid
2014-10-16,85.0,1240.5,17.38800049,2.153000116,25.20000076,-0.001763169,-0.002897833,0.005445287,0.007598928,-0.000703401,0.002142914,0.004760654936284384,0.008561998307445168,high_vol,low_vol,pre_covid
2014-10-17,85.19000244,1238.300049,17.28199959,2.198999882,21.98999977,0.002232828,-0.001775013,0.005354287,0.007430256,-0.001745448,0.003793921,0.004681952734963359,0.00840123000849343,high_vol,low_vol,pre_covid
2014-10-20,84.94999695,1244.0,17.30400085,2.180999994,18.56999969,-0.002821273,0.004592484,0.005262954,0.00718225,-0.000890668,0.003044267,0.00461085345105541,0.008230320659352596,high_vol,low_vol,pre_covid
2014-10-21,85.30999756,1251.0,17.50399971,2.207999945,16.07999992,0.00422884,0.005611237,0.005324243,0.007249189,-0.000421103,0.003191894,0.004557227140423528,0.008121438200380731,high_vol,low_vol,pre_covid
2014-10-22,85.73999786,1244.800049,17.18600082,2.229000092,17.87000084,0.005027784,-0.004968318,0.005418785,0.007357536,0.000514495,0.003224637,0.004542895188130682,0.008054276829457547,high_vol,low_vol,pre_covid
2014-10-23,85.83999634,1228.5,17.11400032,2.275000095,16.53000069,0.001165619,-0.013181001,0.005343596,0.007959784,0.000373483,0.000317967,0.004559631525803239,0.007984791944548715,high_vol,low_vol,pre_covid
2014-10-24,85.73000336,1231.199951,17.13599968,2.273000002,16.11000061,-0.001282194,0.002195351,0.005347237,0.007960498,-0.000209742,0.000831907,0.004477345572421107,0.008444784960666132,high_vol,low_vol,pre_covid
2014-10-27,85.5,1229.099976,17.11499977,2.256999969,16.04000092,-0.002686486,-0.00170709,0.00526425,0.007849499,8.19e-05,-1.63e-05,0.0043999365142664525,0.008270905891751869,high_vol,low_vol,pre_covid
2014-10-28,85.41000366,1229.199951,17.18499947,2.28399992,14.39000034,-0.001053143,8.13e-05,0.005267499,0.007833591,-0.000478884,-0.000357319,0.004349920333129395,0.008106559985492642,high_vol,low_vol,pre_covid
2014-10-29,85.94999695,1224.300049,17.21899986,2.322999954,15.14999962,0.006302463,-0.00399422,0.005376839,0.007772534,0.000935127,-0.001604307,0.004273424808016936,0.007938582097851372,high_vol,low_vol,pre_covid
2014-10-30,86.15000153,1198.099976,16.39100075,2.305000067,14.52000046,0.002324284,-0.021632344,0.005400374,0.009115868,0.001343872,-0.003477758,0.0043658723884407976,0.007844255704789664,high_vol,low_vol,pre_covid
2014-10-31,86.87999725,1171.099976,16.07699966,2.335000038,14.02999973,0.008437844,-0.022793491,0.005592819,0.010315335,0.001964374,-0.005579605,0.0043058519350862925,0.009274182175064434,high_vol,low_vol,pre_covid
2014-11-03,87.30999756,1169.400024,16.17499924,2.34800005,14.72999954,0.004937151,-0.00145264,0.00498966,0.009592537,0.002740216,-0.006184118,0.004529118774816444,0.01056161218050373,high_vol,high_vol,pre_covid
2014-11-04,86.98000336,1167.400024,15.92700005,2.342000008,14.89000034,-0.00378673,-0.001711743,0.004330899,0.009117762,0.001938659,-0.006916416,0.004542779238701032,0.010271781592273392,high_vol,high_vol,pre_covid
2014-11-05,87.44000244,1145.400024,15.41800022,2.349999905,14.17000008,0.005274626,-0.019025132,0.004433537,0.009769736,0.001963344,-0.008322097,0.004518880099520961,0.009999261704868164,high_vol,high_vol,pre_covid
2014-11-06,88.01000214,1142.300049,15.3920002,2.375,13.67000008,0.006497597,-0.002710126,0.004415569,0.009751392,0.002496541,-0.00727501,0.004547257034872856,0.010747215002038792,high_vol,high_vol,pre_covid
2014-11-07,87.63999939,1169.599976,15.69900036,2.312000036,13.11999989,-0.004212961,0.023617973,0.004577588,0.010592292,0.002203465,-0.005132747,0.004633006096081111,0.010463689841908813,high_vol,high_vol,pre_covid
2014-11-10,87.80999756,1159.599976,15.65699959,2.358999968,12.67000008,0.001937854,-0.008586692,0.004516113,0.0106836,0.002665899,-0.005820708,0.004619960164739721,0.011584194893907582,high_vol,high_vol,pre_covid
2014-11-11,87.52999878,1162.800049,15.66399956,2.359999895,12.92000008,-0.003193784,0.002755835,0.00436702,0.010545061,0.002451834,-0.005553258,0.004545687511295593,0.011429501364374922,high_vol,high_vol,pre_covid
2014-11-12,87.81999969,1158.900024,15.61900043,2.358999968,13.02000046,0.003307684,-0.003359631,0.004326791,0.010451164,0.002152357,-0.005489799,0.00450387780015807,0.011105762709765859,high_vol,high_vol,pre_covid
2014-11-13,87.66999817,1161.099976,15.61699963,2.346999884,13.78999996,-0.001709517,0.00189651,0.003877387,0.010186009,0.001748976,-0.003136914,0.004462782106187324,0.010814984736471116,high_vol,high_vol,pre_covid
2014-11-14,87.52999878,1185.0,16.30999947,2.319999933,13.31000042,-0.001598167,0.020374964,0.003870842,0.011421646,0.000745375,0.001179932,0.004391565918475205,0.010512362272522639,high_vol,high_vol,pre_covid
2014-11-17,87.93000031,1183.0,16.0529995,2.339999914,13.98999977,0.004559469,-0.00168919,0.003928834,0.011421813,0.000707607,0.001156277,0.0043206714761290935,0.011278393323104841,high_vol,high_vol,pre_covid
2014-11-18,87.58000183,1196.699951,16.17000008,2.322000027,13.85999966,-0.003988365,0.011514143,0.004000725,0.01172279,0.000687444,0.002478865,0.0043287694017895475,0.010955189959743728,high_vol,high_vol,pre_covid
2014-11-19,87.65000153,1193.599976,16.29000092,2.351000071,13.96000004,0.000798946,-0.002593798,0.003951397,0.011597889,0.000239876,0.004121999,0.0043203352138724595,0.01096952857964927,high_vol,high_vol,pre_covid
2014-11-20,87.58999634,1190.699951,16.13299942,2.335000038,13.57999992,-0.000684834,-0.002432602,0.003877044,0.011581214,-0.000478367,0.004149751,0.004241346248946815,0.010672878494780299,high_vol,high_vol,pre_covid
2014-11-21,88.30999756,1197.5,16.39100075,2.315000057,12.89999962,0.008186529,0.005694722,0.004181319,0.011410725,0.000761582,0.002357426,0.004164585583096817,0.010388975215476461,high_vol,high_vol,pre_covid
2014-11-24,88.15000153,1195.5,16.37700081,2.309999943,12.61999989,-0.001813398,-0.001671542,0.004199611,0.011384075,0.000386456,0.003048941,0.004383032845562116,0.010182806796927657,high_vol,high_vol,pre_covid
2014-11-25,87.91999817,1197.099976,16.55400085,2.25999999,12.25,-0.002612637,0.001337437,0.004196113,0.01139936,0.000444571,0.002907101,0.004315748359773269,0.009914414740031477,high_vol,high_vol,pre_covid
2014-11-26,87.61000061,1196.599976,16.54800034,2.233999968,12.06999969,-0.003532136,-0.000417763,0.004300065,0.011396952,-0.000239411,0.003201288,0.004266708723068505,0.009652980705165346,high_vol,high_vol,pre_covid
2014-11-28,88.36000061,1175.199951,15.48900032,2.194000006,13.32999992,0.008524232,-0.018045877,0.004456099,0.011962726,0.000783964,0.001207049,0.0042452530114805735,0.009402629506289008,high_vol,low_vol,pre_covid
2014-12-01,87.94999695,1218.0,16.64800072,2.217999935,14.15999985,-0.004650949,0.035771865,0.004633676,0.013676002,0.000478686,0.002746739,0.00448024965669196,0.010136361227841282,high_vol,high_vol,pre_covid
2014-12-02,88.65000153,1199.199951,16.40800095,2.285000086,12.85000038,0.007927613,-0.015555542,0.004593807,0.013132483,0.0008155,0.001360104,0.0044902946673923225,0.012969874769637629,high_vol,high_vol,pre_covid
2014-12-03,88.95999908,1208.5,16.35899925,2.286999941,12.5,0.00349077,0.007725294,0.00454175,0.013194839,0.001563414,0.000981219,0.004663639252587203,0.013103138685895717,high_vol,high_vol,pre_covid
2014-12-04,88.69999695,1207.5,16.52000046,2.256999969,12.38000011,-0.002926965,-0.000827815,0.004501164,0.013185266,0.001190823,0.001157818,0.004622062779683085,0.01280860702432909,high_vol,high_vol,pre_covid
2014-12-05,89.33000183,1190.099976,16.19599915,2.306999922,11.89000034,0.007077543,-0.01451479,0.004604142,0.012865209,0.00196706,-5.04e-05,0.004570664535273824,0.012406264880476301,high_vol,high_vol,pre_covid
2014-12-08,89.04000092,1194.699951,16.2159996,2.256999969,14.21000004,-0.003251681,0.00385775,0.004514679,0.01282928,0.000823239,-0.000234098,0.004686710746208579,0.01251786621967149,high_vol,high_vol,pre_covid
2014-12-09,88.69000244,1231.5,17.08099937,2.220000029,15.35000038,-0.003938546,0.030337872,0.004500566,0.013460185,0.000610724,0.002966843,0.004641611575435572,0.01215697680160218,high_vol,high_vol,pre_covid
2014-12-10,88.26999664,1228.900024,17.13299942,2.16899991,18.53000069,-0.00474691,-0.002113458,0.004633218,0.0132674,0.000397297,0.002621754,0.004618851691876805,0.013775874044373568,high_vol,high_vol,pre_covid
2014-12-11,88.66000366,1225.099976,17.05900002,2.177999973,20.07999992,0.00440861,-0.003097027,0.004647766,0.013328913,0.001191372,0.002353827,0.0046264088219615945,0.013338334910342168,high_vol,high_vol,pre_covid
2014-12-12,88.36000061,1222.0,17.0189991,2.102999926,21.07999992,-0.003389485,-0.002533593,0.004683098,0.01331201,-1.82e-18,0.003905056,0.0046155828606398025,0.012933172861524083,high_vol,high_vol,pre_covid
2014-12-15,88.45999908,1207.199951,16.52700043,2.115999937,20.42000008,0.001131077,-0.012185273,0.00466338,0.013694409,0.000578203,-0.000890658,0.004576827389411526,0.012539656721326566,high_vol,high_vol,pre_covid
2014-12-16,88.12999725,1193.900024,15.71500015,2.071000099,23.56999969,-0.003737496,-0.011078308,0.004732689,0.013281285,-0.000588308,-0.000442935,0.004493777916597361,0.012498614996172601,high_vol,high_vol,pre_covid
2014-12-17,89.12999725,1194.300049,15.89099979,2.148000002,19.44000053,0.011282981,0.000335001,0.005234295,0.01327304,0.000190913,-0.001181964,0.004470173471825712,0.012401238101093226,high_vol,high_vol,pre_covid
2014-12-18,89.23999786,1194.699951,15.89400005,2.203999996,16.80999947,0.001233398,0.000334786,0.005126069,0.013029158,0.000606949,-0.001065704,0.004900138307611563,0.012015326077648823,high_vol,high_vol,pre_covid
2014-12-19,89.59999847,1195.900024,15.99100018,2.176000118,16.48999977,0.004025957,0.001003993,0.005171243,0.013018095,0.00030179,0.000486174,0.004809669716432031,0.011647535574347527,high_vol,high_vol,pre_covid
2014-12-22,89.76999664,1179.699951,15.64900017,2.161999941,15.25,0.001895503,-0.013638933,0.005158656,0.013352141,0.000816509,-0.001263494,0.004778768778748775,0.01129867293348425,high_vol,high_vol,pre_covid
2014-12-23,90.05999756,1177.900024,15.72999954,2.256999969,14.80000019,0.003225281,-0.001526915,0.004929815,0.013278984,0.001532892,-0.004449973,0.004699442023777759,0.011447213859374422,high_vol,high_vol,pre_covid
2014-12-24,89.97000122,1173.5,15.67300034,2.263999939,14.36999989,-0.000999793,-0.003742476,0.004910299,0.013293572,0.001907603,-0.004612874,0.004649477548728511,0.011114235221716324,high_vol,high_vol,pre_covid
2014-12-26,90.02999878,1195.300049,16.11199951,2.25,14.5,0.00066664,0.018406504,0.004842234,0.013942223,0.001533406,-0.002462521,0.004564628912182201,0.010830530312398407,high_vol,high_vol,pre_covid
2014-12-29,90.19000244,1181.699951,15.74400043,2.207000017,15.06000042,0.001775649,-0.011443202,0.004723832,0.014161772,0.00204992,-0.003353482,0.004478629382422281,0.011368138244448827,high_vol,high_vol,pre_covid
2014-12-30,89.98999786,1200.199951,16.23999977,2.190000057,15.92000008,-0.002220054,0.015534131,0.004487535,0.013987758,0.001714807,-0.000581542,0.004405844145661359,0.01137285278918348,high_vol,high_vol,pre_covid
2014-12-31,90.26999664,1183.900024,15.56499958,2.170000076,19.20000076,0.003106613,-0.013674075,0.004326711,0.011838928,0.002399218,-0.000841119,0.004345341630935942,0.01161685415201732,high_vol,high_vol,pre_covid
2015-01-02,91.08000183,1186.0,15.73400021,2.122999907,17.79000092,0.008933119,0.001772207,0.004409198,0.011395029,0.002164231,-0.000697398,0.004304273232653898,0.011740014876739773,high_vol,high_vol,pre_covid
2015-01-05,91.37999725,1203.900024,16.17900085,2.039000034,19.92000008,0.003288345,0.014980007,0.00440436,0.011761792,0.002369726,0.000767124,0.004563394219096447,0.01139112996550375,high_vol,high_vol,pre_covid
2015-01-06,91.5,1219.300049,16.60300064,1.963000059,21.12000084,0.001312366,0.012710656,0.004297852,0.012091029,0.002098367,0.00193779,0.004519708436679117,0.011593083428496471,high_vol,high_vol,pre_covid
2015-01-07,91.88999939,1210.599976,16.51000023,1.953999996,19.30999947,0.004253231,-0.007160879,0.004155772,0.011736849,0.00233414,0.002585596,0.004439934943854904,0.011628138095035444,high_vol,high_vol,pre_covid
2015-01-08,92.37000275,1208.400024,16.35099983,2.016000032,17.01000023,0.005210077,-0.001818894,0.004097565,0.011728592,0.002532619,0.002556398,0.004431299561999619,0.01141390772179906,high_vol,high_vol,pre_covid
2015-01-09,91.94000244,1216.0,16.38599968,1.970999956,17.54999924,-0.004666063,0.006269593,0.00415078,0.009666101,0.002165992,0.003557605,0.004461222768286878,0.011085366301663768,high_vol,high_vol,pre_covid
2015-01-12,91.98000336,1232.699951,16.53499985,1.911999941,19.60000038,0.000434982,0.013640062,0.003893557,0.010142585,0.002142826,0.003080961,0.004472749043214203,0.01085696520778964,high_vol,high_vol,pre_covid
2015-01-13,92.30999756,1234.300049,17.125,1.889999986,20.55999947,0.003581253,0.001297201,0.003871672,0.010117609,0.002323387,0.004355001,0.004388115177117116,0.01101373503467985,high_vol,high_vol,pre_covid
2015-01-14,92.16000366,1234.400024,16.95599937,1.837000012,21.47999954,-0.001626215,8.1e-05,0.003768487,0.010096334,0.002382771,0.002809687,0.004359155702297998,0.010696946614854198,high_vol,high_vol,pre_covid
2015-01-15,92.34999847,1264.699951,17.07299995,1.774999976,22.38999939,0.002059453,0.024249859,0.003763163,0.010908815,0.002278055,0.006602081,0.004289587742930831,0.010392749866885341,high_vol,high_vol,pre_covid
2015-01-16,92.51999664,1276.900024,17.73900032,1.815000057,20.95000076,0.001839111,0.009600383,0.003523522,0.010577056,0.001568654,0.007384898,0.0042268384353509655,0.011597870406521722,high_vol,high_vol,pre_covid
2015-01-20,93.05000305,1294.199951,17.9470005,1.807000041,19.88999939,0.005712215,0.013457421,0.002982793,0.010784888,0.001811041,0.00723264,0.0041621624690104005,0.01146717880202528,high_vol,high_vol,pre_covid
2015-01-21,92.90000153,1293.699951,18.17900085,1.853000045,18.85000038,-0.001613354,-0.000386414,0.003084689,0.0107977,0.001518469,0.005922933,0.0042304408433114695,0.011559021174097975,high_vol,high_vol,pre_covid
2015-01-22,94.23999786,1300.699951,18.34600067,1.896000028,16.39999962,0.014321035,0.005396251,0.004091044,0.010783546,0.002525249,0.007178646,0.004164321444561467,0.011213838145967204,high_vol,high_vol,pre_covid
2015-01-23,95.0,1292.599976,18.2840004,1.817000031,16.65999985,0.008032194,-0.006246869,0.004268222,0.010288243,0.002807461,0.006735848,0.004942546178157115,0.01095306112821714,high_vol,high_vol,pre_covid
2015-01-26,94.80000305,1279.400024,17.96699905,1.827999949,15.52000046,-0.00210745,-0.010264438,0.004392029,0.010706085,0.003063322,0.005082445,0.005088440218850719,0.010746414770027713,high_vol,high_vol,pre_covid
2015-01-27,94.01999664,1291.699951,18.06800079,1.825000048,17.21999931,-0.008261952,0.009567905,0.004929622,0.010622442,0.002193629,0.00467523,0.005006061608965344,0.010731942117872584,high_vol,high_vol,pre_covid
2015-01-28,94.47000122,1285.900024,18.06800079,1.723999977,20.44000053,0.004774847,-0.004500261,0.0049515,0.010301835,0.002312989,0.004095483,0.005169740993053526,0.010658463577682433,high_vol,high_vol,pre_covid
2015-01-29,94.77999878,1254.599976,16.75799942,1.751000047,18.76000023,0.003276067,-0.024642104,0.004954495,0.011580993,0.002803217,0.001623174,0.0051497346318928475,0.010416590797986453,high_vol,high_vol,pre_covid
2015-01-30,94.80000305,1278.5,17.19199944,1.674999952,20.96999931,0.000211038,0.018870739,0.004869711,0.011784801,0.002618375,0.001085261,0.00508638397468861,0.011717496383356132,high_vol,high_vol,pre_covid
2015-02-02,94.5,1276.199951,17.23500061,1.672999978,19.43000031,-0.003169607,-0.001800642,0.005019591,0.011215421,0.002117503,-5.48e-05,0.004986076312694329,0.012192908486420528,high_vol,high_vol,pre_covid
2015-02-03,93.59999847,1259.699951,17.30500031,1.779999971,17.32999992,-0.009569467,-0.013013316,0.005385606,0.011783935,0.000589335,-0.002701915,0.004928827152423301,0.011826510183535487,high_vol,high_vol,pre_covid
2015-02-04,93.98999786,1263.800049,17.37899971,1.797000051,18.32999992,0.004158004,0.003249535,0.005404971,0.011454652,0.001166471,-0.00233832,0.005185208382362469,0.011889478356944474,high_vol,high_vol,pre_covid
2015-02-05,94.69999695,1262.0,17.18000031,1.815000057,16.85000038,0.007525597,-0.00142533,0.005570835,0.011226102,0.000486927,-0.003020478,0.005144571572703907,0.011549843537727351,high_vol,high_vol,pre_covid
2015-02-06,94.69999695,1233.900024,16.6779995,1.937999964,17.29000092,0.0,-0.022517859,0.005548229,0.012278835,-0.000316292,-0.004647577,0.00524823546903202,0.011211007294626055,high_vol,high_vol,pre_covid
2015-02-09,94.44999695,1240.800049,17.05400085,1.947999954,18.54999924,-0.002643406,0.005576468,0.005545684,0.01230275,-0.000369888,-0.003063486,0.005143931851226446,0.012144324484690968,high_vol,high_vol,pre_covid
2015-02-10,94.76000214,1231.599976,16.85700035,1.991000056,17.22999954,0.00327684,-0.007442255,0.005404665,0.012387155,0.000783991,-0.004764503,0.005069853128860611,0.011838517508857963,high_vol,high_vol,pre_covid
2015-02-11,94.98999786,1219.0,16.74500084,1.988000035,16.95999908,0.002424199,-0.010283267,0.005403627,0.012227666,0.000548926,-0.005342803,0.005009069568284673,0.01162218771322155,high_vol,high_vol,pre_covid
2015-02-12,94.08999634,1220.099976,16.77799988,1.985999942,15.34000015,-0.009519868,0.000901952,0.00588978,0.012225013,-0.000730667,-0.002788397,0.004931990907539557,0.011545146754167745,high_vol,high_vol,pre_covid
2015-02-13,94.19999695,1226.5,17.27799988,2.020999908,14.68999958,0.001168417,0.005231782,0.005861125,0.012289827,-0.000634929,-0.004152293,0.005184586341279416,0.011200821169391471,high_vol,high_vol,pre_covid
2015-02-17,94.05999756,1208.099976,16.36199951,2.144999981,15.80000019,-0.001487299,-0.015115727,0.005881423,0.011321137,-0.000466698,-0.005483802,0.005086321501470726,0.01093645494761205,high_vol,high_vol,pre_covid
2015-02-18,94.19999695,1199.699951,16.25,2.065999985,15.44999981,0.001487299,-0.006977372,0.005879036,0.011032914,0.000638978,-0.004880207,0.004995188235137923,0.011226045472536406,high_vol,high_vol,pre_covid
2015-02-19,94.40000153,1207.099976,16.37100029,2.112999916,15.28999996,0.00212094,0.006149284,0.005782175,0.010595437,0.000435272,-0.004590233,0.004904826886332158,0.01102901413660547,high_vol,high_vol,pre_covid
2015-02-20,94.25,1204.400024,16.26300049,2.132999897,14.30000019,-0.001590263,-0.002239231,0.005781719,0.010577507,-0.000476314,-0.004671623,0.004825494015492346,0.010800083386796909,high_vol,high_vol,pre_covid
2015-02-23,94.56999969,1200.300049,16.24699974,2.059000015,14.56000042,0.003389471,-0.003409972,0.004920831,0.010383886,-0.000137367,-0.002760834,0.004742585323243172,0.010507041772059425,high_vol,high_vol,pre_covid
2015-02-24,94.48999786,1196.900024,16.18199921,1.988000035,13.68999958,-0.000846312,-0.002836665,0.004580905,0.010370779,4.23e-05,-0.003602147,0.00469549296393609,0.010248542225925781,high_vol,high_vol,pre_covid
2015-02-25,94.20999908,1201.0,16.42399979,1.968999982,13.84000015,-0.002967663,0.003419642,0.004602082,0.010365149,-0.000582108,-0.002515957,0.004608196327133761,0.009993054915664537,high_vol,high_vol,pre_covid
2015-02-26,95.29000092,1209.599976,16.58300018,2.016000032,13.90999985,0.01139856,0.007135163,0.004891492,0.010230246,0.000315328,-0.000774114,0.0045582799611480025,0.009753423014021493,high_vol,high_vol,pre_covid
2015-02-27,95.25,1212.599976,16.51300049,2.002000093,13.34000015,-0.000419869,0.002477088,0.004802416,0.01029651,0.001225328,-0.000616601,0.004987103498040056,0.009636772238870219,high_vol,high_vol,pre_covid
2015-03-02,95.45999908,1207.699951,16.40699959,2.084000111,13.03999996,0.002202288,-0.004049111,0.004775811,0.009012323,0.001328715,-0.00154469,0.00489008322892987,0.009401142253067391,high_vol,low_vol,pre_covid
2015-03-03,95.37999725,1204.0,16.25799942,2.121999979,13.85999966,-0.000838418,-0.003068337,0.004782719,0.007665584,0.001393603,-0.000339951,0.004812507515450684,0.009218568628807827,high_vol,low_vol,pre_covid
2015-03-04,95.97000122,1200.599976,16.13199997,2.122999907,14.22999954,0.006166771,-0.002827935,0.004877993,0.00766177,0.001861551,7.5e-05,0.00472217351585309,0.00902356670240351,high_vol,low_vol,pre_covid
2015-03-05,96.37999725,1195.900024,16.13199997,2.111999989,14.03999996,0.004263027,-0.003922351,0.004318847,0.007311047,0.002075759,-0.000932171,0.004780973901241273,0.0088347822464591,high_vol,low_vol,pre_covid
2015-03-06,97.62000275,1164.099976,15.7840004,2.24000001,15.19999981,0.012783736,-0.026950825,0.004957806,0.008921585,0.003513159,-0.00340333,0.004758878425555477,0.008682321343131415,high_vol,low_vol,pre_covid
2015-03-09,97.58999634,1166.400024,15.75500011,2.194999933,15.06000042,-0.000307427,0.001973868,0.004797937,0.008999474,0.003143469,-0.002864946,0.005284459553684563,0.010651751446309525,high_vol,high_vol,pre_covid
2015-03-10,98.62000275,1160.099976,15.61299992,2.125999928,16.69000053,0.010499117,-0.005415916,0.005173625,0.007926121,0.004278012,-0.003122871,0.0051797833670179615,0.010357999249659942,high_vol,high_vol,pre_covid
2015-03-11,99.80000305,1150.699951,15.34500027,2.108999968,16.87000084,0.011894105,-0.008135777,0.005493586,0.007752634,0.005764189,-0.004278413,0.0054694348172269905,0.01015906913037502,high_vol,high_vol,pre_covid
2015-03-12,99.15000153,1152.099976,15.49300003,2.095999956,15.42000008,-0.006534344,0.001215932,0.005841443,0.007767724,0.003970899,-0.004870336,0.005834855399679091,0.010078590969469477,high_vol,high_vol,pre_covid
2015-03-13,100.3300018,1152.599976,15.47700024,2.111999989,16.0,0.011830901,0.000433896,0.006211915,0.007628342,0.005195976,-0.005074656,0.005859785599843976,0.009808027052506538,high_vol,high_vol,pre_covid
2015-03-16,99.59999847,1153.300049,15.60099983,2.09800005,15.60999966,-0.007302622,0.000607202,0.006011134,0.007621714,0.004245485,-0.004609024,0.006182079869818088,0.009548575074419221,high_vol,high_vol,pre_covid
2015-03-17,99.58999634,1148.300049,15.56200027,2.058000088,15.65999985,-0.000100428,-0.00434481,0.006033739,0.007408089,0.004319284,-0.004736672,0.006223826751866806,0.009302819338411927,high_vol,low_vol,pre_covid
2015-03-18,98.55000305,1151.400024,15.52499962,1.950999975,13.97000027,-0.010497657,0.002695984,0.006633214,0.006975064,0.002652841,-0.00418428,0.006096255986758873,0.009134029878044006,high_vol,low_vol,pre_covid
2015-03-19,99.09999847,1169.099976,16.09799957,1.976999998,14.06999969,0.005565361,0.015255587,0.006670266,0.007859155,0.002783074,-0.002266486,0.006317356007515217,0.008928795098812569,high_vol,low_vol,pre_covid
2015-03-20,97.91000366,1184.800049,16.86700058,1.929999948,13.02000046,-0.012080699,0.013339824,0.007383345,0.00833875,0.000296631,0.001762579,0.006279624606986425,0.00941529520415512,high_vol,low_vol,pre_covid
2015-03-23,97.02999878,1188.0,16.87199974,1.914999962,13.40999985,-0.00902853,0.002697196,0.007721686,0.008368279,-0.00057548,0.001834912,0.00659147126207747,0.009688194712705765,high_vol,high_vol,pre_covid
2015-03-24,97.19000244,1191.699951,16.96299934,1.878000021,13.61999989,0.001647654,0.003109597,0.007708414,0.008381803,-0.001460626,0.002687463,0.006694670532454812,0.00945291886751965,high_vol,high_vol,pre_covid
2015-03-25,96.98000336,1197.300049,16.97999954,1.919999957,15.43999958,-0.002163044,0.004688244,0.007732075,0.008430547,-0.002866341,0.003969865,0.00656314610853323,0.009237001512506563,high_vol,low_vol,pre_covid
2015-03-26,97.44000244,1205.099976,17.12199974,2.006999969,15.80000019,0.004732023,0.006493468,0.007705154,0.00851882,-0.001739704,0.004497619,0.006442237330093172,0.009068971987972376,high_vol,low_vol,pre_covid
2015-03-27,97.29000092,1199.800049,17.05200005,1.947999954,15.06999969,-0.001540611,-0.004407614,0.007393927,0.008418207,-0.003076855,0.004013468,0.006374602275850811,0.008971807056283823,high_vol,low_vol,pre_covid
2015-03-30,97.98000336,1184.800049,16.65699959,1.963000059,14.51000023,0.007067192,-0.012580892,0.007502305,0.008794896,-0.001639874,0.002694658,0.006251284687330333,0.008824731709589305,high_vol,low_vol,pre_covid
2015-03-31,98.36000061,1183.099976,16.58099937,1.934000015,15.28999996,0.003870813,-0.001435934,0.007520644,0.008769599,-0.00124275,0.002985546,0.006273215173249076,0.009136237750852339,high_vol,low_vol,pre_covid
2015-04-01,98.19000244,1208.099976,17.04400063,1.868000031,15.10999966,-0.001729822,0.020910766,0.007536557,0.009963885,-0.000365966,0.004807024,0.006188938029322185,0.008920424052069678,high_vol,low_vol,pre_covid
2015-04-02,97.44000244,1200.900024,16.68600082,1.904000044,14.67000008,-0.007667573,-0.005977561,0.007700321,0.010034594,-0.00168926,0.002683709,0.006072261518273539,0.009992923867406175,high_vol,high_vol,pre_covid
2015-04-06,97.11000061,1218.599976,17.09499931,1.904000044,14.73999977,-0.003392466,0.014631343,0.007705603,0.010477879,-0.000820436,0.002812861,0.006136678724738891,0.00983455733490069,high_vol,high_vol,pre_covid
2015-04-07,97.83000183,1210.599976,16.82500076,1.893000007,14.77999973,0.007386934,-0.006586554,0.007352417,0.008533868,0.00082111,0.001884486,0.006048905554373601,0.010164272837193488,high_vol,high_vol,pre_covid
2015-04-08,98.06999969,1203.099976,16.44000053,1.894999981,13.97999954,0.002450209,-0.006214546,0.00736934,0.008713824,0.000901366,0.000952072,0.006094811065985327,0.010017695733512234,high_vol,high_vol,pre_covid
2015-04-09,99.16000366,1193.599976,16.16399956,1.957999945,13.09000015,0.011053238,-0.007927609,0.00740882,0.008829608,0.002222994,-0.000309513,0.0059882200684063525,0.009866347025595492,high_vol,high_vol,pre_covid
2015-04-10,99.38999939,1204.599976,16.37000084,1.950999975,12.57999992,0.002316755,0.009173611,0.00693658,0.00870634,0.001981467,-4.15e-05,0.006245038425479183,0.009796457334840102,high_vol,high_vol,pre_covid
2015-04-13,99.48999786,1199.300049,16.28000069,1.93900001,13.93999958,0.001005616,-0.004409447,0.006785593,0.008823236,0.00223609,-4.17e-05,0.006132547276381312,0.009770384659067913,high_vol,high_vol,pre_covid
2015-04-14,98.76000214,1192.800049,16.15099907,1.904000044,13.67000008,-0.007364429,-0.005434569,0.006418187,0.008964199,0.000792928,0.00067295,0.006009813886980116,0.009576053424957476,high_vol,high_vol,pre_covid
2015-04-15,98.33000183,1201.5,16.2689991,1.899999976,12.84000015,-0.004363499,0.007267251,0.006299118,0.009043571,-3.05e-05,0.001543268,0.006063191367708336,0.009424526603433785,high_vol,low_vol,pre_covid
2015-04-16,97.41999817,1198.0,16.27599907,1.878000021,12.60000038,-0.009297678,-0.002917277,0.006575506,0.008999148,-0.000787289,-0.000839536,0.006001964933047622,0.009335153660198858,high_vol,low_vol,pre_covid
2015-04-17,97.51999664,1202.900024,16.22100067,1.850000024,13.89000034,0.001025941,0.004081829,0.006218729,0.009009447,8.21e-05,0.000166403,0.006156941803162344,0.009130605044950448,high_vol,low_vol,pre_covid
2015-04-20,97.94000244,1193.5,15.88300037,1.894999981,13.30000019,0.00429762,-0.007845162,0.006162804,0.008726604,0.000851071,-0.002081247,0.006033741096381892,0.008953096539360102,high_vol,low_vol,pre_covid
2015-04-21,97.98000336,1202.900024,16.00200081,1.916000009,13.25,0.000408339,0.007845162,0.005569577,0.008414391,0.000153211,-0.000638076,0.0059678122079333375,0.008945456823359803,high_vol,low_vol,pre_covid
2015-04-22,98.01999664,1186.900024,15.79100037,1.972000003,12.71000004,0.000408095,-0.013390442,0.005168042,0.008941403,-5.1e-05,-0.001355665,0.005846589879544456,0.008915869625308616,high_vol,low_vol,pre_covid
2015-04-23,97.27999878,1194.400024,15.82400036,1.947000027,12.47999954,-0.0075781,0.006299101,0.005448635,0.009024356,-0.001914134,6.7e-05,0.005728260514713355,0.009282590043345256,high_vol,low_vol,pre_covid
2015-04-24,96.91999817,1175.199951,15.63099957,1.917000055,12.28999996,-0.003707529,-0.016205683,0.005490182,0.009625849,-0.002516562,-0.002470924,0.005807262775687522,0.009164026645588253,high_vol,low_vol,pre_covid
2015-04-27,96.76999664,1203.300049,16.38999939,1.924000025,13.11999989,-0.001548883,0.023629519,0.00538795,0.010921884,-0.002772012,0.000332973,0.005737012278279766,0.009750123792407844,high_vol,high_vol,pre_covid
2015-04-28,96.08999634,1214.0,16.58699989,1.97300005,12.40999985,-0.00705178,0.00885287,0.00558071,0.011041312,-0.002740747,0.001761717,0.00562978672688725,0.010995530574336464,high_vol,high_vol,pre_covid
2015-04-29,95.12000275,1209.800049,16.67000008,2.035000086,13.39000034,-0.010145933,-0.003465596,0.005663153,0.010671861,-0.003318991,0.000688432,0.005688489493433986,0.010870633564773453,high_vol,high_vol,pre_covid
2015-04-30,94.59999847,1182.400024,16.12400055,2.046000004,14.55000019,-0.005481821,-0.022908805,0.005594376,0.011877015,-0.002937405,-0.001310721,0.00591905945757106,0.01059408441471775,high_vol,high_vol,pre_covid
2015-05-01,95.30000305,1174.5,16.11100006,2.117000103,12.69999981,0.007372383,-0.006703767,0.00594619,0.010934078,-0.002302761,-0.00238928,0.00589888286591088,0.011664819673017975,high_vol,high_vol,pre_covid
2015-05-04,95.48000336,1186.800049,16.41799927,2.13499999,12.85000038,0.001886994,0.010418125,0.005808399,0.011169446,-0.002543823,-0.000562952,0.005951844347235352,0.01143234802016091,high_vol,high_vol,pre_covid
2015-05-05,95.12999725,1193.199951,16.55699921,2.176000118,14.31000042,-0.003672488,0.005378082,0.005814563,0.010713292,-0.002951906,-0.00080966,0.005841386077755543,0.01135228158237203,high_vol,high_vol,pre_covid
2015-05-06,94.12999725,1190.300049,16.48399925,2.24000001,15.14999962,-0.010567572,-0.002433316,0.005842576,0.01064317,-0.004049473,0.000286053,0.005769178394051571,0.011083525275714328,high_vol,high_vol,pre_covid
2015-05-07,94.62000275,1182.400024,16.27199936,2.184000015,15.13000011,0.005192123,-0.006659125,0.005972346,0.010654903,-0.002772451,-0.00100977,0.006021122844589848,0.010778814890978055,high_vol,high_vol,pre_covid
2015-05-08,94.79000092,1189.099976,16.44199944,2.150000095,12.85999966,0.001795029,0.005650406,0.005285677,0.010614337,-0.002222195,0.001175839,0.005982261798650523,0.010597052096808059,high_vol,high_vol,pre_covid
2015-05-11,95.01000214,1183.199951,16.29800034,2.273999929,13.85000038,0.002318244,-0.004974107,0.005285739,0.010438508,-0.001835482,-0.001684523,0.005869970821908862,0.010377650398665623,high_vol,high_vol,pre_covid
2015-05-12,94.52999878,1192.599976,16.51000023,2.25999999,13.85999966,-0.00506494,0.007913186,0.005270729,0.010574095,-0.001636798,-0.001778492,0.005767394518564273,0.010164337368128641,high_vol,high_vol,pre_covid
2015-05-13,93.62000275,1218.400024,17.20700073,2.282000065,13.76000023,-0.009673166,0.021402765,0.00540115,0.011499555,-0.001589522,0.000708345,0.005738665450702928,0.010053097544326348,high_vol,high_vol,pre_covid
2015-05-14,93.36000061,1225.400024,17.4489994,2.239000082,12.73999977,-0.002781071,0.005728799,0.00538553,0.011462548,-0.001319447,0.003572105,0.005935032262049025,0.010993872387629264,high_vol,high_vol,pre_covid
2015-05-15,93.13999939,1225.5,17.54500008,2.141000032,12.38000011,-0.002359264,8.16e-05,0.005153536,0.011430754,-0.002292611,0.00425064,0.005840758042774182,0.010754398623377832,high_vol,high_vol,pre_covid
2015-05-18,94.19000244,1227.800049,17.71199989,2.227999926,12.72999954,0.011210314,0.001875066,0.005892518,0.011411913,-0.001360279,0.003396334,0.005741779020662511,0.010447369723026415,high_vol,high_vol,pre_covid
2015-05-19,95.26999664,1206.900024,17.04999924,2.262000084,12.85000038,0.011400886,-0.017168881,0.006430581,0.011941342,0.000147058,0.001141638,0.006030602424601773,0.010162991382650368,high_vol,high_vol,pre_covid
2015-05-20,95.44999695,1208.900024,17.09199905,2.250999928,12.88000011,0.001887588,0.001655767,0.006458457,0.011827648,0.001392574,0.001550546,0.006307357560469709,0.010711139561924288,high_vol,high_vol,pre_covid
2015-05-21,95.26000214,1204.400024,17.11100006,2.184999943,12.10999966,-0.0019925,-0.003729338,0.006448959,0.011453049,0.000674112,0.001843525,0.006187882567181247,0.010411686721763182,high_vol,high_vol,pre_covid
2015-05-22,96.01000214,1204.300049,17.03000069,2.214999914,12.13000011,0.007842357,-8.3e-05,0.006582092,0.011381414,0.001278845,0.001270183,0.006074411221564504,0.010164968155692778,high_vol,high_vol,pre_covid
2015-05-26,97.30000305,1187.199951,16.73399925,2.137000084,14.06000042,0.013346646,-0.014300974,0.007205414,0.011249345,0.002381685,0.000337496,0.0061403464735906845,0.009887518405644464,high_vol,high_vol,pre_covid
2015-05-27,97.37000275,1185.900024,16.63800049,2.13499999,13.27000046,0.000719163,-0.001095552,0.007195095,0.009921222,0.002960095,-0.000563378,0.006548404319780035,0.010221624626081758,high_vol,high_vol,pre_covid
2015-05-28,96.97000122,1188.099976,16.65299988,2.130000114,13.31000042,-0.004116518,0.001853371,0.007072722,0.009699566,0.00351576,-0.002518317,0.006414344556138442,0.009945996684666496,high_vol,high_vol,pre_covid
2015-05-29,96.91000366,1189.400024,16.68400002,2.095000029,13.84000015,-0.000618914,0.001093627,0.006653259,0.009693275,0.003731976,-0.002981834,0.0063350456899460015,0.009687035144122311,high_vol,high_vol,pre_covid
2015-06-01,97.38999939,1188.300049,16.66399956,2.191999912,13.97000027,0.004940779,-0.000925243,0.006542168,0.008269904,0.00446198,-0.003082517,0.006206214759137074,0.009435911028014035,high_vol,low_vol,pre_covid
2015-06-02,95.83999634,1194.099976,16.78300095,2.266000032,14.23999977,-0.016043434,0.004868988,0.007408606,0.008169239,0.001736605,-0.002783125,0.006152745656299307,0.009199652553108575,high_vol,low_vol,pre_covid
2015-06-03,95.47000122,1184.699951,16.4640007,2.365999937,13.65999985,-0.003868021,-0.007903206,0.007452079,0.008067052,0.000209714,-0.001856557,0.0067970622303517,0.009038954423517754,high_vol,low_vol,pre_covid
2015-06-04,95.45999908,1174.900024,16.0890007,2.306999922,14.71000004,-0.000104773,-0.008306478,0.007404805,0.008155963,1.05e-05,-0.002852782,0.0067001093198796515,0.009027781017868199,high_vol,low_vol,pre_covid
2015-06-05,96.30999756,1167.800049,15.97099972,2.40199995,14.21000004,0.008864828,-0.00606138,0.007208133,0.008231788,0.001096211,-0.003085986,0.006561332385608628,0.009038366492191663,high_vol,low_vol,pre_covid
2015-06-08,95.30000305,1173.199951,15.95100021,2.381000042,15.28999996,-0.010542288,0.004613338,0.007569165,0.008205554,-0.000742253,-0.002616351,0.0066507319353767734,0.008944183193929058,high_vol,low_vol,pre_covid
2015-06-09,95.16999817,1177.300049,15.94900036,2.417000055,14.47000027,-0.001365096,0.003488706,0.007570225,0.00813952,-0.002213427,-0.000837383,0.006834050915284472,0.008791578272556883,high_vol,low_vol,pre_covid
2015-06-10,94.65000153,1186.099976,15.95199966,2.477999926,13.22000027,-0.005478853,0.007446871,0.007651424,0.00824682,-0.002833229,1.69e-05,0.006697906127930863,0.008620253917763615,high_vol,low_vol,pre_covid
2015-06-11,94.98000336,1179.900024,15.95300007,2.382999897,12.85000038,0.003480485,-0.005240884,0.007605781,0.008123658,-0.002073529,-0.000692566,0.00664779646697332,0.008595611808716506,high_vol,low_vol,pre_covid
2015-06-12,94.97000122,1178.800049,15.81799984,2.38499999,13.77999973,-0.000105313,-0.000932697,0.007261929,0.006388029,-0.002022169,-0.000895199,0.006544045426062076,0.008499707928998903,high_vol,low_vol,pre_covid
2015-06-15,94.80999756,1185.300049,16.07600021,2.35800004,15.39000034,-0.001686202,0.005498935,0.007239721,0.006375075,-0.002684867,-0.000252781,0.006408931371976065,0.008314184752185967,high_vol,low_vol,pre_covid
2015-06-16,95.0,1180.5,15.95800018,2.318000078,14.81000042,0.002002028,-0.004057871,0.007209043,0.006384977,-0.00088032,-0.001145467,0.006286246810769221,0.008229829420001942,high_vol,low_vol,pre_covid
2015-06-17,94.30000305,1176.400024,15.93999958,2.305999994,14.5,-0.00739567,-0.003479129,0.007024899,0.006338396,-0.001233085,-0.000703059,0.006168627020665565,0.008118628473156397,high_vol,low_vol,pre_covid
2015-06-18,94.04000092,1201.5,16.14800072,2.351000071,13.18999958,-0.002760989,0.021111828,0.006544657,0.007213094,-0.001498707,0.002238772,0.0062152755307803955,0.007998315629714627,high_vol,low_vol,pre_covid
2015-06-19,94.08999634,1201.5,16.10400009,2.26699996,13.96000004,0.000531499,0.0,0.006525352,0.007200678,-0.00233204,0.00284491,0.006112813185867252,0.009269240680459903,high_vol,low_vol,pre_covid
2015-06-22,94.33000183,1183.699951,16.13699913,2.359999895,12.73999977,0.00254756,-0.014925691,0.006554952,0.007852855,-0.001023055,0.000891007,0.0059884536671334435,0.009037826132100302,high_vol,low_vol,pre_covid
2015-06-23,95.43000031,1176.199951,15.73200035,2.40899992,12.10999966,0.011593706,-0.006356223,0.006837742,0.007942008,0.000272825,-9.35e-05,0.005886232634485919,0.009522140295264419,high_vol,high_vol,pre_covid
2015-06-24,95.26000214,1172.599976,15.84799957,2.371000051,13.26000023,-0.00178298,-0.003065377,0.006084854,0.007367635,0.000642412,-0.001144711,0.006189110571090511,0.009407710205605907,high_vol,low_vol,pre_covid
2015-06-25,95.19000244,1171.5,15.80500031,2.392999887,14.01000023,-0.000735098,-0.000938506,0.006072466,0.007367175,0.000220854,-0.000714473,0.006073038046450061,0.009202042572893301,high_vol,low_vol,pre_covid
2015-06-26,95.47000122,1172.900024,15.73499966,2.476000071,14.02000046,0.002937155,0.001194356,0.006091059,0.007357681,0.000525101,-0.000501768,0.0059510201289216975,0.00897827492516532,high_vol,low_vol,pre_covid
2015-06-29,94.79000092,1178.5,15.66399956,2.33100009,18.85000038,-0.007148147,0.004763108,0.006249035,0.007443316,-2.11e-05,-0.00057535,0.005856578931513811,0.008765156286436336,high_vol,low_vol,pre_covid
2015-06-30,95.48999786,1171.5,15.55099964,2.335000038,18.22999954,0.007357579,-0.005957464,0.006385704,0.007540147,0.000514462,-0.00076531,0.005907856317070031,0.008627782312226434,high_vol,low_vol,pre_covid
2015-07-01,96.30999756,1169.0,15.55200005,2.417999983,16.09000015,0.008550623,-0.002136296,0.00569478,0.007436721,0.002109091,-0.000631027,0.005959660726597359,0.00855722601326574,high_vol,low_vol,pre_covid
2015-07-02,96.11000061,1163.0,15.5369997,2.392999887,16.79000092,-0.002078755,-0.005145809,0.00564351,0.007332571,0.002177314,-0.00325679,0.006068042847753414,0.008382735178761922,high_vol,low_vol,pre_covid
2015-07-06,96.30000305,1172.900024,15.72599983,2.278000116,17.01000023,0.001974975,0.008476462,0.005653955,0.007397029,0.002321662,-0.002409144,0.005958831637130434,0.008297521217312176,high_vol,low_vol,pre_covid
2015-07-07,96.87000275,1152.400024,14.94999981,2.230999947,16.09000015,0.005901551,-0.01763259,0.005466451,0.008246924,0.002657061,-0.002679834,0.005849259448787835,0.008350841770323218,high_vol,low_vol,pre_covid
2015-07-08,96.29000092,1163.300049,15.14700031,2.20600009,19.65999985,-0.006005421,0.00941409,0.005094515,0.008463301,0.000897148,-0.001102803,0.005842264356743576,0.00920108024460704,high_vol,low_vol,pre_covid
2015-07-09,96.61000061,1159.0,15.34500027,2.301000118,19.96999931,0.003317781,-0.003703271,0.005111617,0.008443415,0.001407224,-0.001166592,0.005845054932769378,0.009233559731870504,high_vol,low_vol,pre_covid
2015-07-10,96.02999878,1157.699951,15.46800041,2.417000055,16.82999992,-0.006021632,-0.001122328,0.00514576,0.008232092,0.000878571,-0.001184974,0.005761306605983519,0.00905196879163593,high_vol,low_vol,pre_covid
2015-07-13,96.86000061,1155.199951,15.43599987,2.430000067,13.89999962,0.008606013,-0.002161789,0.005400046,0.008182936,0.001445457,-0.001520589,0.005768343613859758,0.008837714811954396,high_vol,low_vol,pre_covid
2015-07-14,96.63999939,1153.300049,15.29500008,2.398999929,13.36999989,-0.002273915,-0.001646006,0.005441478,0.00818409,0.00193288,-0.0021615,0.005891621071509256,0.008647745174142171,high_vol,low_vol,pre_covid
2015-07-15,97.12999725,1147.199951,15.02799988,2.349999905,13.22999954,0.005057531,-0.005303292,0.005484377,0.008091408,0.001702875,-0.002096083,0.005789923567379492,0.008461199781500998,high_vol,low_vol,pre_covid
2015-07-16,97.66000366,1143.800049,14.96399975,2.351999998,12.10999966,0.005441837,-0.002968053,0.005561879,0.008078042,0.001391997,-0.002179259,0.005755364221042839,0.00837651945761371,high_vol,low_vol,pre_covid
2015-07-17,97.86000061,1131.800049,14.81999969,2.348999977,11.94999981,0.002045796,-0.010546766,0.005191836,0.008308394,0.001804452,-0.002719354,0.005735336596130752,0.008228233850462858,high_vol,low_vol,pre_covid
2015-07-20,98.02999878,1106.699951,14.74499989,2.371999979,12.25,0.00173565,-0.022426759,0.005087535,0.0077049,0.001780519,-0.005809677,0.005632478569312142,0.008448657729598692,high_vol,low_vol,pre_covid
2015-07-21,97.33000183,1103.400024,14.76900005,2.339999914,12.22000027,-0.007166257,-0.002986226,0.005460654,0.007656461,0.000473738,-0.00434504,0.0055284392100288186,0.009853583684310916,high_vol,high_vol,pre_covid
2015-07-22,97.59999847,1091.400024,14.71399975,2.322000027,12.11999989,0.002770193,-0.010935046,0.005462776,0.00741903,0.0013513,-0.006379954,0.005598210724543998,0.0096218921642467,high_vol,high_vol,pre_covid
2015-07-23,97.12000275,1094.0,14.68299961,2.27699995,12.64000034,-0.004930122,0.002379406,0.005134966,0.007516676,0.000526509,-0.005771686,0.0055106614074968766,0.009738349553680003,high_vol,high_vol,pre_covid
2015-07-24,97.23999786,1085.599976,14.47700024,2.270999908,13.73999977,0.001234772,-0.007707897,0.00510012,0.007572861,0.00125215,-0.006430243,0.0054873732284688335,0.009496055908689186,high_vol,high_vol,pre_covid
2015-07-27,96.5,1096.5,14.59399986,2.227999926,15.60000038,-0.007639119,0.009990482,0.005428154,0.008125411,-0.000372363,-0.005215016,0.00538206481837141,0.009441915496398617,high_vol,low_vol,pre_covid
2015-07-28,96.76999664,1096.300049,14.63099957,2.25,13.43999958,0.002793986,-0.000182371,0.005425228,0.008094096,0.000134427,-0.005068652,0.0054846644029002975,0.009487853022832882,high_vol,high_vol,pre_covid
2015-07-29,96.98000336,1092.699951,14.73400021,2.279000044,12.5,0.002167812,-0.003289265,0.005129,0.007885231,-0.000154545,-0.00486725,0.005400816902136008,0.009245333470523176,high_vol,low_vol,pre_covid
2015-07-30,97.55999756,1088.400024,14.69099998,2.267999887,12.13000011,0.005962742,-0.003942903,0.005052201,0.007867345,-0.000102455,-0.004964734,0.005308588225537696,0.009053496009069562,high_vol,low_vol,pre_covid
2015-07-31,97.37000275,1094.900024,14.74600029,2.204999924,12.11999989,-0.001949365,0.005954307,0.004782142,0.008131323,-0.000501971,-0.003314627,0.005328228209635643,0.00888852683803994,high_vol,low_vol,pre_covid
2015-08-03,97.48999786,1089.400024,14.51599979,2.150000095,12.56000042,0.001231604,-0.005035949,0.00474658,0.008129988,-0.000552376,-0.001575546,0.00523680650026753,0.008782774680079382,high_vol,low_vol,pre_covid
2015-08-04,97.93000031,1090.699951,14.55000019,2.210999966,13.0,0.004503154,0.001192539,0.004812698,0.007757667,0.000614566,-0.00115767,0.005137756617790403,0.008667502163347426,high_vol,low_vol,pre_covid
2015-08-05,97.95999908,1085.699951,14.54599953,2.267999887,12.51000023,0.000306282,-0.004594752,0.004668834,0.007056764,0.000368174,-0.00052364,0.0051097983414766434,0.008471291424303962,high_vol,low_vol,pre_covid
2015-08-06,97.83000183,1090.199951,14.67000008,2.233999968,13.77000046,-0.001327926,0.004136226,0.004447652,0.006682612,0.000728394,-0.000347958,0.0050090552800922325,0.008361317366139927,high_vol,low_vol,pre_covid
2015-08-07,97.55999756,1094.099976,14.81599998,2.174999952,13.39000034,-0.002763749,0.003570964,0.004470411,0.006836027,0.000328542,0.000779928,0.0049181306218712756,0.008231226939268433,high_vol,low_vol,pre_covid
2015-08-10,97.16000366,1104.199951,15.28899956,2.237999916,12.22999954,-0.004108406,0.009188961,0.004349443,0.007312077,0.000681613,0.000699776,0.004853450833857705,0.008095004135498365,high_vol,low_vol,pre_covid
2015-08-11,97.29000092,1107.599976,15.28100014,2.137000084,13.71000004,0.001337077,0.003074444,0.003947531,0.007404046,0.000535922,0.001025457,0.00482807468651485,0.008207277541314818,high_vol,low_vol,pre_covid
2015-08-12,96.26000214,1123.199951,15.47299957,2.130000114,13.60999966,-0.010643332,0.013986221,0.004582385,0.008186304,-0.000745192,0.002753006,0.004740470961518748,0.008061809400358035,high_vol,low_vol,pre_covid
2015-08-13,96.44999695,1115.699951,15.39599991,2.188999891,13.48999977,0.001971822,-0.006699744,0.004453444,0.008226369,-0.001144284,0.002477322,0.0050966799729094256,0.008543351592158787,high_vol,low_vol,pre_covid
2015-08-14,96.56999969,1112.900024,15.21000004,2.196000099,12.82999992,0.001243423,-0.002512724,0.004271693,0.008222423,-0.000825005,0.001630619,0.005009791838123748,0.008510821180754862,high_vol,low_vol,pre_covid
2015-08-17,96.81999969,1118.599976,15.29500008,2.150000095,13.02000046,0.002585451,0.005108639,0.004289578,0.008050439,-0.000689621,0.002645077,0.004916607284862126,0.008345459617798853,high_vol,low_vol,pre_covid
2015-08-18,96.97000122,1117.099976,14.7869997,2.196000099,13.78999996,0.001548084,-0.001341862,0.004284863,0.006314349,-0.000985128,0.002391637,0.004845278362458645,0.008245524322407813,high_vol,low_vol,pre_covid
2015-08-19,96.45999908,1128.099976,15.17599964,2.128999949,15.25,-0.00527326,0.00979876,0.004155975,0.006577787,-0.001543082,0.003830988,0.004759542655123633,0.00807819165243289,high_vol,low_vol,pre_covid
2015-08-20,95.75,1153.0,15.5170002,2.084000111,19.13999939,-0.007387777,0.021832461,0.004351711,0.007423645,-0.002149067,0.005600612,0.004782151023973617,0.0082306325361232,high_vol,low_vol,pre_covid
2015-08-21,94.83000183,1159.599976,15.30099964,2.053999901,28.03000069,-0.009654794,0.005707856,0.004679652,0.007453843,-0.002838171,0.005814301,0.004909693715896944,0.009545772116102828,high_vol,high_vol,pre_covid
2015-08-24,93.30999756,1153.400024,14.76200008,1.996999979,40.74000168,-0.016158577,-0.005360974,0.005672851,0.007304948,-0.004043188,0.004359308,0.005173898110874886,0.009390016793109243,high_vol,low_vol,pre_covid
2015-08-25,94.52999878,1138.199951,14.60999966,2.132999897,36.02000046,0.012989974,-0.013266099,0.006382773,0.007911547,-0.002877899,0.002725253,0.005978189700100464,0.009247500774234854,high_vol,low_vol,pre_covid
2015-08-26,95.09999847,1124.599976,14.04500008,2.171999931,30.31999969,0.006011722,-0.012020629,0.006515205,0.008460858,-0.001212393,0.000124568,0.00637548784174487,0.00956768021825513,high_vol,high_vol,pre_covid
2015-08-27,95.61000061,1122.400024,14.42099953,2.167999983,26.10000038,0.00534847,-0.001958124,0.00662441,0.008430367,-0.000874728,0.00059873,0.006350868260609979,0.009762318380723091,high_vol,high_vol,pre_covid
2015-08-28,96.11000061,1133.099976,14.53499985,2.186000109,26.04999924,0.005215952,0.009487946,0.006588891,0.008523507,-0.000477476,0.001798797,0.006304823447243244,0.009519205649912483,high_vol,high_vol,pre_covid
2015-08-31,95.94999695,1131.599976,14.57699966,2.200000048,28.43000031,-0.001666185,-0.001324679,0.006586523,0.008499068,-0.000902639,0.001155466,0.006256273867847385,0.009530777920267922,high_vol,high_vol,pre_covid
2015-09-01,95.44999695,1138.699951,14.61299992,2.171999931,31.39999962,-0.005224672,0.006254679,0.006642319,0.008417009,-0.001579915,0.00191512,0.0061371994757047806,0.009292805503519587,high_vol,low_vol,pre_covid
2015-09-02,95.83000183,1132.5,14.66100025,2.193000078,26.09000015,0.003973289,-0.00545964,0.006621314,0.008576829,-0.00065526,0.00038928,0.006099657912951565,0.009171938042996713,high_vol,low_vol,pre_covid
2015-09-03,96.41000366,1123.699951,14.70199966,2.167999983,25.61000061,0.006034161,-0.00780081,0.006794911,0.008723458,0.000686934,-0.002574047,0.006023233575110913,0.009046546285949985,high_vol,low_vol,pre_covid
2015-09-04,96.23000336,1120.599976,14.54399967,2.128000021,27.79999924,-0.001868774,-0.002762534,0.006798197,0.008754525,0.001465536,-0.003421086,0.006013890623523295,0.009029654253027639,high_vol,low_vol,pre_covid
2015-09-08,95.87999725,1120.400024,14.75,2.194000006,24.89999962,-0.003643813,-0.000178448,0.006813698,0.008744329,0.002717012,-0.002902834,0.0059033311034756755,0.008839268092645597,high_vol,low_vol,pre_covid
2015-09-09,96.01000214,1102.199951,14.56799984,2.180999994,26.22999954,0.001354994,-0.016377648,0.006786396,0.009326757,0.001553514,-0.003213989,0.005828468600787634,0.008631175192424356,high_vol,low_vol,pre_covid
2015-09-10,95.45999908,1109.5,14.63399982,2.221999884,24.37000084,-0.005745073,0.006601325,0.006862588,0.009417829,0.000377835,-0.001351793,0.005715687117842242,0.009307320937066026,high_vol,low_vol,pre_covid
2015-09-11,95.19000244,1103.5,14.48999977,2.183000088,23.20000076,-0.002832382,-0.005422517,0.006511008,0.008924487,-0.00044025,-0.001698232,0.0057138246553497295,0.009198661247498118,high_vol,low_vol,pre_covid
2015-09-14,95.25,1107.699951,14.35700035,2.180000067,24.25,0.000630094,0.003798803,0.006491762,0.008873887,-0.000898836,-0.002267147,0.005626844529234832,0.009070268588583133,high_vol,low_vol,pre_covid
2015-09-15,95.61000061,1102.800049,14.31900024,2.280999899,22.54000092,0.003772409,-0.004433305,0.006550784,0.008907205,-0.000354977,-0.002578009,0.005514471415094329,0.00888963156152663,high_vol,low_vol,pre_covid
2015-09-16,95.41999817,1119.199951,14.87800026,2.302999973,21.35000038,-0.001989243,0.014761656,0.006519887,0.009440653,-3.14e-05,-0.001727312,0.005451746217401438,0.008748350909011157,high_vol,low_vol,pre_covid
2015-09-17,94.55000305,1117.300049,14.97500038,2.217000008,21.13999939,-0.009159354,-0.001698996,0.006750419,0.009443561,-0.001344698,-0.001351247,0.0053575848736070455,0.009213095821026123,high_vol,low_vol,pre_covid
2015-09-18,94.86000061,1138.099976,15.15400028,2.130000114,22.28000069,0.0032733,0.01844508,0.006750419,0.010060106,-0.001620784,0.001273342,0.0055506571886922715,0.00899608985043427,high_vol,low_vol,pre_covid
2015-09-21,95.88999939,1133.099976,15.2159996,2.213999987,20.13999939,0.010799568,-0.004402966,0.007023657,0.008820769,-0.00035395,0.001109298,0.00547479186549207,0.009783690393546424,high_vol,high_vol,pre_covid
2015-09-22,96.27999878,1125.0,14.75,2.125,22.44000053,0.004058905,-0.007174182,0.006704592,0.008791322,0.000416322,0.000409725,0.00575868982455762,0.009588416605676752,high_vol,high_vol,pre_covid
2015-09-23,96.06999969,1131.599976,14.77999973,2.144000053,22.12999916,-0.002183511,0.005849503,0.005537156,0.008881387,6.25e-05,0.00263244,0.005695460103362863,0.009503565687799694,high_vol,high_vol,pre_covid
2015-09-24,95.98999786,1153.800049,15.125,2.119999886,23.46999931,-0.000833092,0.019428346,0.004870487,0.00945401,0.00055367,0.003915142,0.005597651954845433,0.009355115435618525,high_vol,low_vol,pre_covid
2015-09-25,96.26999664,1146.0,15.10599995,2.167999983,23.62000084,0.002912712,-0.006783267,0.004747854,0.009167844,0.001128179,0.003779067,0.005487728727411787,0.010191833484061283,high_vol,high_vol,pre_covid
2015-09-28,96.02999878,1132.0,14.53800011,2.095000029,27.62999916,-0.002496079,-0.012291639,0.004661929,0.009596103,0.000815562,0.002170023,0.005406118557055117,0.01005113155087827,high_vol,high_vol,pre_covid
2015-09-29,95.88999939,1127.099976,14.56900024,2.053999901,26.82999992,-0.001458935,-0.004338039,0.004529121,0.009414385,0.000292427,0.00217955,0.005321571851547055,0.010219608756414162,high_vol,high_vol,pre_covid
2015-09-30,96.34999847,1115.5,14.51299953,2.059999943,24.5,0.004785684,-0.010345206,0.004635792,0.009668106,0.00096992,-0.000331137,0.0052239957017945204,0.009997899254708141,high_vol,high_vol,pre_covid
2015-10-01,96.19000244,1114.199951,14.50599957,2.042000055,22.54999924,-0.001661951,-0.00116612,0.004490324,0.009536599,0.00171966,-0.000277849,0.005202205133155304,0.010046327355448397,high_vol,high_vol,pre_covid
2015-10-02,95.83000183,1137.099976,15.25699997,1.988999963,20.94000053,-0.00374962,0.020344525,0.004496515,0.010546971,0.001017368,-8.79e-05,0.005110184039164827,0.009780187727116823,high_vol,high_vol,pre_covid
2015-10-05,96.11000061,1138.099976,15.70199966,2.055999994,19.54000092,0.002917568,0.000879044,0.004335963,0.0103869,0.000229168,0.000440297,0.005064329726541081,0.01064943090116658,high_vol,high_vol,pre_covid
2015-10-06,95.45999908,1146.800049,15.97900009,2.035000086,19.39999962,-0.006786073,0.007615314,0.004560477,0.010465183,-0.00085533,0.001919246,0.0049954485799174895,0.010348672846493554,high_vol,high_vol,pre_covid
2015-10-07,95.5,1149.0,16.08799934,2.062000036,18.39999962,0.000418945,0.001916501,0.004500998,0.010462367,-0.000595084,0.001525946,0.0050766030532676636,0.010212979081959235,high_vol,high_vol,pre_covid
2015-10-08,95.31999969,1144.699951,15.76000023,2.10800004,17.42000008,-0.001886598,-0.003749448,0.004500981,0.009739467,-0.000700435,-0.000791833,0.004976923043869453,0.009940896853465752,high_vol,high_vol,pre_covid
2015-10-09,94.80999756,1156.300049,15.80900002,2.098999977,17.07999992,-0.005364786,0.010082743,0.004478873,0.009854204,-0.001528185,0.000894768,0.004894125027939216,0.009720369448059383,high_vol,high_vol,pre_covid
2015-10-12,94.83999634,1164.900024,15.85499954,2.089999914,16.17000008,0.000316359,0.007409973,0.004443312,0.009770556,-0.001246941,0.002864929,0.004914161931627387,0.009749325394690584,high_vol,high_vol,pre_covid
2015-10-13,94.76000214,1165.800049,15.89700031,2.055000067,17.67000008,-0.000843821,0.000772321,0.004441593,0.009773977,-0.001185429,0.003375965,0.00481823522792948,0.009644228826788587,high_vol,high_vol,pre_covid
2015-10-14,93.93000031,1180.099976,16.10199928,1.980999947,18.03000069,-0.008797575,0.012191571,0.004711808,0.009862781,-0.002543755,0.005629643,0.00472779558451651,0.009393969460082195,high_vol,low_vol,pre_covid
2015-10-15,94.37000275,1187.900024,16.15200043,2.023000002,16.04999924,0.004673428,0.006587903,0.004853049,0.009540805,-0.001910217,0.006405045,0.0049483705440066415,0.009585018539957482,high_vol,high_vol,pre_covid
2015-10-16,94.54000092,1183.599976,16.10199928,2.023000002,15.05000019,0.00179978,-0.003626442,0.004450936,0.009595734,-0.001355277,0.004007948,0.004933741005467674,0.009457876158218175,high_vol,high_vol,pre_covid
2015-10-19,94.95999908,1173.300049,15.82900047,2.028000116,14.97999954,0.004432706,-0.008740288,0.004500548,0.009197256,-0.001203763,0.003046015,0.004848841334489949,0.009261592029388734,high_vol,low_vol,pre_covid
2015-10-20,94.84999847,1178.0,15.90499973,2.071000099,15.75,-0.00115906,0.003997752,0.003769625,0.009112232,-0.000641062,0.002684259,0.004829820187460788,0.009277306378180715,high_vol,low_vol,pre_covid
2015-10-21,95.05000305,1167.599976,15.6960001,2.029999971,16.70000076,0.002106421,-0.008867746,0.003673925,0.009203138,-0.000472315,0.001605834,0.004741798367055785,0.009089341562654943,high_vol,low_vol,pre_covid
2015-10-22,96.33999634,1166.599976,15.82299995,2.025000095,14.44999981,0.013480462,-0.000856825,0.004766585,0.009170794,0.001064391,0.001895096,0.004666811101981528,0.009125692775601706,high_vol,low_vol,pre_covid
2015-10-23,97.06999969,1163.300049,15.81799984,2.082999945,14.46000004,0.007548801,-0.002832679,0.005025491,0.008226832,0.00235575,0.000603554,0.005271434841595884,0.008905427719650645,high_vol,low_vol,pre_covid
2015-10-26,96.86000061,1167.0,15.89999962,2.058000088,15.28999996,-0.002165721,0.003175517,0.005027429,0.008078324,0.002107542,0.000180109,0.005368507427686854,0.008723455152150573,high_vol,low_vol,pre_covid
2015-10-27,96.91000366,1166.800049,15.8579998,2.028000116,15.43000031,0.000516107,-0.000171352,0.004986742,0.007503917,0.002243535,8.57e-05,0.005279319678840477,0.008549705650837658,high_vol,low_vol,pre_covid
2015-10-28,97.77999878,1177.099976,16.28800011,2.092000008,14.32999992,0.008937294,0.008788765,0.005295848,0.007544998,0.004017022,-0.000254539,0.0051749740920994545,0.008357406452988636,high_vol,low_vol,pre_covid
2015-10-29,97.27999878,1147.199951,15.54399967,2.173000097,14.60999966,-0.005126639,-0.025729617,0.00537609,0.009343063,0.003037015,-0.003486291,0.005359160953357285,0.00842334676663592,high_vol,low_vol,pre_covid
2015-10-30,96.94999695,1141.5,15.56599998,2.151000023,15.06999969,-0.003398055,-0.004980961,0.005423451,0.009430786,0.002517232,-0.003621743,0.005349076719023909,0.010282100434835384,high_vol,high_vol,pre_covid
2015-11-02,96.93000031,1135.800049,15.41300011,2.187000036,14.14999962,-0.000206279,-0.005005896,0.005343246,0.008419603,0.002053333,-0.003248304,0.005285782868150206,0.010074447712100188,high_vol,high_vol,pre_covid
2015-11-03,97.16000366,1114.199951,15.24400043,2.220000029,14.53999996,0.00237007,-0.019200677,0.005332408,0.009392285,0.002406246,-0.005568147,0.005180831424198986,0.009879518691912245,high_vol,high_vol,pre_covid
2015-11-04,97.94999695,1106.5,15.06299973,2.230000019,15.51000023,0.008097971,-0.006934734,0.005302198,0.009259878,0.003005401,-0.005374846,0.005097918174796843,0.010662348986230108,high_vol,high_vol,pre_covid
2015-11-05,97.94000244,1104.400024,14.98799992,2.244999886,15.05000019,-0.000102042,-0.001899657,0.00530738,0.009222655,0.001647151,-0.005479129,0.005236805300812542,0.010498032369707486,high_vol,high_vol,pre_covid
2015-11-06,99.16000366,1087.599976,14.6960001,2.332999945,14.32999992,0.012379673,-0.015328812,0.005783998,0.009674754,0.002130238,-0.006728742,0.0051328709763662885,0.010216088546813759,high_vol,high_vol,pre_covid
2015-11-09,98.98000336,1087.900024,14.41800022,2.342000008,16.52000046,-0.001816901,0.000275844,0.005611009,0.009268388,0.00216512,-0.00701871,0.00557483492865021,0.010598128988688803,high_vol,high_vol,pre_covid
2015-11-10,99.29000092,1088.199951,14.35599995,2.322000027,15.28999996,0.003127027,0.000275655,0.005601109,0.008998261,0.002426212,-0.006974009,0.005475018329587974,0.010298764788685869,high_vol,high_vol,pre_covid
2015-11-11,99.01000214,1084.699951,14.26200008,2.338000059,16.05999947,-0.002823994,-0.003221504,0.005670856,0.008951227,0.001250083,-0.008175036,0.005398236420514919,0.010014318274484806,high_vol,high_vol,pre_covid
2015-11-12,98.65000153,1080.800049,14.22399998,2.319000006,18.37000084,-0.003642629,-0.003601853,0.005273702,0.008205169,0.001398484,-0.00596226,0.005320320291624861,0.009778469678711434,high_vol,high_vol,pre_covid
2015-11-13,98.98999786,1080.800049,14.20300007,2.279999971,20.07999992,0.003440565,0.0,0.005253187,0.007892656,0.002082346,-0.005464163,0.005264304527410275,0.009563602685840788,high_vol,high_vol,pre_covid
2015-11-16,99.44000244,1083.699951,14.22099972,2.273000002,18.15999985,0.004535658,0.002679514,0.005274668,0.008045994,0.00255654,-0.004695622,0.0052012974316244034,0.009316789475540422,high_vol,low_vol,pre_covid
2015-11-17,99.62999725,1068.699951,14.17000008,2.260999918,18.84000015,0.001908825,-0.013938156,0.005254903,0.008269527,0.002510415,-0.00416937,0.005171973541902326,0.009101282615536763,high_vol,low_vol,pre_covid
2015-11-18,99.65000153,1068.800049,14.07999992,2.269000053,16.85000038,0.000200765,9.37e-05,0.00521858,0.008112592,0.001720695,-0.003466531,0.005082170523043375,0.0094924784848834,high_vol,high_vol,pre_covid
2015-11-19,98.98999786,1078.0,14.24199963,2.247999907,16.98999977,-0.006645249,0.008570903,0.005576262,0.008538713,0.001066374,-0.002419475,0.0049819551421648066,0.009249260867668481,high_vol,low_vol,pre_covid
2015-11-20,99.56999969,1076.400024,14.10599995,2.262000084,15.47000027,0.005842098,-0.00148531,0.005005344,0.00852897,0.000412617,-0.001035125,0.005056721845568886,0.009233043301622241,high_vol,low_vol,pre_covid
2015-11-23,99.80000305,1066.800049,14.04199982,2.25,15.61999989,0.002307303,-0.008958603,0.004819556,0.008597568,0.000825037,-0.00195857,0.0050832858089884326,0.009012533931716684,high_vol,low_vol,pre_covid
2015-11-24,99.52999878,1074.300049,14.16899967,2.243000031,15.93000031,-0.00270912,0.007005773,0.004840623,0.008798441,0.000241422,-0.001285558,0.005002042809087013,0.009060212211880905,high_vol,low_vol,pre_covid
2015-11-25,99.80000305,1070.5,14.16800022,2.232000113,15.18999958,0.00270912,-0.003543503,0.004846634,0.008756871,0.000794734,-0.001317758,0.004933598763033009,0.008984550714758921,high_vol,low_vol,pre_covid
2015-11-27,100.0199966,1056.199951,14.00800037,2.224999905,15.11999989,0.002201919,-0.013448314,0.004535746,0.008459599,0.001379188,-0.002302404,0.0048642606562888865,0.008813568375987403,high_vol,low_vol,pre_covid
2015-11-30,100.1699982,1065.800049,14.05000019,2.217999935,16.12999916,0.001498592,0.009048222,0.004307212,0.007591177,0.001184991,-0.001397582,0.004787408911201309,0.009196740223967926,high_vol,low_vol,pre_covid
2015-12-01,99.80000305,1063.800049,14.05500031,2.154999971,14.67000008,-0.00370051,-0.001878287,0.004324508,0.007591201,0.000361374,-0.001853362,0.004702624302679203,0.009209487538507328,high_vol,low_vol,pre_covid
2015-12-02,99.98999786,1054.199951,13.97900009,2.177999973,15.90999985,0.001901946,-0.00906531,0.004310298,0.007686379,0.000360686,-0.001366077,0.0046699640455885975,0.008994936036189997,high_vol,low_vol,pre_covid
2015-12-03,97.62000275,1061.699951,14.05300045,2.329999924,18.11000061,-0.023987741,0.007089212,0.007022489,0.007130772,-0.002058164,-0.000666522,0.0045937426889937115,0.009050169696973753,high_vol,low_vol,pre_covid
2015-12-04,98.34999847,1084.5,14.50500011,2.275000095,14.81000042,0.007450111,0.0212477,0.006987509,0.00869499,-0.000648628,0.000601158,0.006505292647011887,0.00897875943892478,high_vol,low_vol,pre_covid
2015-12-07,98.66000366,1076.400024,14.30700016,2.224999905,15.84000015,0.003147104,-0.007496889,0.007016536,0.008810375,-0.000918128,1.53e-17,0.00653157370556013,0.010080304892441579,high_vol,high_vol,pre_covid
2015-12-08,98.47000122,1076.300049,14.0909996,2.237999916,17.60000038,-0.001927687,-9.29e-05,0.006462693,0.008196644,-0.001341627,0.000886572,0.00642474860648676,0.00997637075332395,high_vol,high_vol,pre_covid
2015-12-09,97.34999847,1077.599976,14.16399956,2.207999945,19.61000061,-0.01143923,0.001207045,0.006899546,0.008203551,-0.002214638,0.000306699,0.006304405055405271,0.009708495931611048,high_vol,high_vol,pre_covid
2015-12-10,97.94000244,1073.099976,14.08500004,2.239000082,19.34000015,0.006042355,-0.00418469,0.00701075,0.008241397,-0.001881314,0.00024258,0.0065702594268441114,0.0094568824452679,high_vol,high_vol,pre_covid
2015-12-11,97.56999969,1076.900024,13.85900021,2.138999939,24.38999939,-0.003785005,0.003534933,0.00702875,0.008268457,-0.002480007,0.001940905,0.0065390200777498955,0.009274647316181179,high_vol,low_vol,pre_covid
2015-12-14,97.59999847,1064.699951,13.66600037,2.224999905,22.72999954,0.000307412,-0.011393543,0.006998789,0.00859052,-0.002599125,-0.000103271,0.006447932281335311,0.009076701707992088,high_vol,low_vol,pre_covid
2015-12-15,98.22000122,1062.900024,13.73999977,2.267999887,20.95000076,0.006332395,-0.001691979,0.007107994,0.008591416,-0.001595834,-8.46e-05,0.006315155139611066,0.009273986953078028,high_vol,low_vol,pre_covid
2015-12-16,97.87000275,1078.0,14.21800041,2.286999941,17.86000061,-0.003569778,0.014106428,0.007048,0.009165198,-0.002143006,0.002232533,0.0063047736645391005,0.00905360908930244,high_vol,low_vol,pre_covid
2015-12-17,99.26999664,1050.800049,13.68299961,2.237999916,18.94000053,0.014203281,-0.025555647,0.007755682,0.010311582,0.001676096,-0.001031953,0.006215883344990154,0.009426245842107744,high_vol,low_vol,pre_covid
2015-12-18,98.69999695,1066.199951,14.07999992,2.198999882,20.70000076,-0.005758461,0.014549054,0.007849797,0.010843302,0.000355239,-0.001701817,0.00668337050434866,0.01103403059421353,high_vol,high_vol,pre_covid
2015-12-21,98.45999908,1081.900024,14.30099964,2.197000027,18.70000076,-0.00243455,0.014617898,0.007736766,0.011161156,-0.000202927,0.000509661,0.006642907229367856,0.011238287691990851,high_vol,high_vol,pre_covid
2015-12-22,98.23999786,1074.800049,14.30200005,2.239000082,16.60000038,-0.002236922,-0.006584134,0.007618353,0.011254085,-0.00023385,-0.000139464,0.006523703245412251,0.011428560961788932,high_vol,high_vol,pre_covid
2015-12-23,98.33999634,1069.400024,14.27700043,2.263999939,15.56999969,0.001017382,-0.005036877,0.007598573,0.011131094,0.001011811,-0.000763856,0.006404805891208851,0.01120566294068178,high_vol,high_vol,pre_covid
2015-12-24,97.98000336,1077.199951,14.36900043,2.243000031,15.73999977,-0.003667414,0.00726727,0.007614092,0.011139331,4.08e-05,0.00038134,0.006275593439610018,0.01094792123789633,high_vol,high_vol,pre_covid
2015-12-28,97.91999817,1070.5,13.87300014,2.224999905,16.90999985,-0.00061261,-0.006239208,0.007573087,0.011199132,0.000358073,-0.000596074,0.006189793267099919,0.010761505856610998,high_vol,high_vol,pre_covid
2015-12-29,98.09999847,1077.5,13.91699982,2.306999922,16.07999992,0.001836551,0.006517714,0.007566008,0.010842167,0.000510987,0.001195052,0.006064399507629802,0.010565889054244597,high_vol,high_vol,pre_covid
2015-12-30,98.26999664,1060.099976,13.81400013,2.302999973,17.29000092,0.001731407,-0.016280323,0.007569903,0.011295671,5.09e-05,-0.000263782,0.005950491929761348,0.0103758053081825,high_vol,high_vol,pre_covid
2015-12-31,98.62999725,1060.300049,13.77499962,2.269000053,18.20999908,0.003656689,0.000188713,0.00760456,0.011289826,0.000773535,-0.001655554,0.005838305667625468,0.01082000890186636,high_vol,high_vol,pre_covid
2016-01-04,98.87000275,1075.099976,13.81700039,2.244999886,20.70000076,0.002430437,0.013861725,0.007613989,0.011492032,-0.000403749,0.002286183,0.005762408393928347,0.010509700610016982,high_vol,high_vol,pre_covid
2016-01-05,99.40000153,1078.400024,13.94900036,2.247999907,19.34000015,0.005346245,0.003064826,0.005491453,0.011417586,0.000706721,0.00113776,0.0056644443448174535,0.01071382657400049,high_vol,high_vol,pre_covid
2016-01-06,99.18000031,1091.900024,13.95699978,2.177000046,20.59000015,-0.002215745,0.012440837,0.005313716,0.010770172,0.000728602,0.000920054,0.005644679913748966,0.010430439675973981,high_vol,high_vol,pre_covid
2016-01-07,98.22000122,1107.699951,14.33500004,2.153000116,24.98999977,-0.009726511,0.014366429,0.005708871,0.011029962,-2.04e-05,0.003015111,0.005548744283387951,0.010544633744601746,high_vol,high_vol,pre_covid
2016-01-08,98.54000092,1097.800049,13.90799999,2.130000114,27.01000023,0.003252693,-0.008977528,0.005742889,0.011256739,0.000203174,0.002621046,0.00576317135481652,0.010782072411890926,high_vol,high_vol,pre_covid
2016-01-11,98.73000336,1096.5,13.85499954,2.157999992,24.29999924,0.001926319,-0.001184933,0.005113996,0.01126602,0.000762548,0.001775825,0.005680467514798049,0.010698553428643462,high_vol,high_vol,pre_covid
2016-01-12,98.97000122,1085.599976,13.73999977,2.101999998,22.46999931,0.002427901,-0.009990482,0.004983308,0.011464665,0.001066599,0.001400698,0.005577488161580293,0.010399614682745147,high_vol,high_vol,pre_covid
2016-01-13,98.93000031,1087.5,14.14500046,2.065999985,25.21999931,-0.000404254,0.001748677,0.004891787,0.011448038,0.000842518,0.000923794,0.005484528765578934,0.010396268030326318,high_vol,high_vol,pre_covid
2016-01-14,99.08999634,1073.900024,13.73700047,2.09800005,23.95000076,0.001615959,-0.012584579,0.004895415,0.011512501,0.000830973,0.001293368,0.005375292361501047,0.010113362580824,high_vol,high_vol,pre_covid
2016-01-15,98.95999908,1091.5,13.88399982,2.032999992,27.02000046,-0.001312772,0.016255992,0.004739063,0.012004378,0.000334027,0.002900096,0.005276512219075801,0.010296428688395367,high_vol,high_vol,pre_covid
2016-01-18,99.12000275,1091.5,13.88399982,2.032999992,27.02000046,0.001615546,0.0,0.004658615,0.011638957,0.000252538,0.001513924,0.005178536544629431,0.010708808366745483,high_vol,high_vol,pre_covid
2016-01-19,98.98999786,1089.900024,14.10999966,2.035000086,26.04999924,-0.001312452,-0.001466926,0.003473709,0.010005457,-0.000413332,0.001060749,0.005084847102736219,0.010404108523911547,high_vol,high_vol,pre_covid
2016-01-20,99.08999634,1107.099976,14.14700031,1.983999968,27.59000015,0.001009678,0.015657991,0.003231347,0.010079097,-9.08e-05,0.001382464,0.004991793678625742,0.010122363339125529,high_vol,high_vol,pre_covid
2016-01-21,99.05999756,1099.099976,14.08300018,2.019000053,26.69000053,-0.000302789,-0.007252321,0.00317789,0.009814038,0.000851583,-0.000779411,0.004897151521719746,0.010504221682758415,high_vol,high_vol,pre_covid
2016-01-22,99.56999969,1097.199951,14.04300022,2.048000097,22.34000015,0.005135209,-0.001730205,0.003290081,0.009689004,0.001039834,-5.47e-05,0.0048019558271254845,0.010362366800273932,high_vol,high_vol,pre_covid
2016-01-25,99.36000061,1106.199951,14.23999977,2.022000074,24.14999962,-0.002111287,0.008169239,0.003342573,0.009707355,0.000636074,0.000880739,0.004811068664698041,0.01008541856928844,high_vol,high_vol,pre_covid
2016-01-26,99.36000061,1121.699951,14.54399967,1.993999958,22.5,0.0,0.013914674,0.003207502,0.01000484,0.000393284,0.003271254,0.004736595306295387,0.009990675248812945,high_vol,high_vol,pre_covid
2016-01-27,98.90000153,1116.099976,14.43999958,2.000999928,23.11000061,-0.00464037,-0.005004904,0.003402291,0.009957978,-3.03e-05,0.002595896,0.004644830053468423,0.010248893807250343,high_vol,high_vol,pre_covid
2016-01-28,98.51000214,1115.599976,14.2159996,1.985000014,22.42000008,-0.003951167,-0.000448089,0.003518839,0.009915418,-0.00058704,0.003809545,0.00464706228585948,0.010043846500400896,high_vol,high_vol,pre_covid
2016-01-29,99.61000061,1116.400024,14.22900009,1.930999994,20.20000076,0.01110448,0.00071689,0.004242933,0.009032627,0.000654685,0.002255635,0.004624507113474938,0.00977356121689199,high_vol,high_vol,pre_covid
2016-02-01,99.0,1127.900024,14.32900047,1.965999961,19.97999954,-0.006142717,0.010248274,0.00442989,0.009171598,-0.000121141,0.003280462,0.005020220552202573,0.009516458596048692,high_vol,high_vol,pre_covid
2016-02-02,98.87000275,1127.300049,14.27600002,1.863999963,21.97999954,-0.001313966,-0.000532082,0.004410021,0.008846919,-0.000121293,0.003373947,0.005068460360913352,0.0095713752900816,high_vol,high_vol,pre_covid
2016-02-03,97.29000092,1141.300049,14.72000027,1.881000042,21.64999962,-0.016109665,0.01234257,0.005468011,0.009116781,-0.001833227,0.003042404,0.004975846490705908,0.009325743045516203,high_vol,low_vol,pre_covid
2016-02-04,96.47000122,1157.599976,14.83600044,1.863999963,21.84000015,-0.008464127,0.014180869,0.005701261,0.009217098,-0.002649361,0.005185723,0.005809994865875889,0.009534005726788738,high_vol,high_vol,pre_covid
2016-02-05,97.02999878,1157.800049,14.76399994,1.84800005,23.37999916,0.005788105,0.00017282,0.005560837,0.00883777,-0.002584071,0.005376026,0.005930572002702071,0.00985991699064303,high_vol,high_vol,pre_covid
2016-02-08,96.56999969,1197.900024,15.41600037,1.735000014,26.0,-0.004752066,0.034048349,0.005559299,0.010888981,-0.002848149,0.007963937,0.005915930732373315,0.009597692268284658,high_vol,high_vol,pre_covid
2016-02-09,96.06999969,1198.699951,15.44400024,1.728999972,26.54000092,-0.005191042,0.000667551,0.005591294,0.010850993,-0.003367254,0.006639225,0.005871403784189751,0.012315889445735194,high_vol,high_vol,pre_covid
2016-02-10,95.88999939,1194.699951,15.27700043,1.705000043,26.29000092,-0.001875394,-0.003342529,0.005526294,0.010506469,-0.003090756,0.006805462,0.005842931330927237,0.011934396583978461,high_vol,high_vol,pre_covid
2016-02-11,95.55999756,1247.900024,15.78899956,1.644000053,28.13999939,-0.003447398,0.043567091,0.005535864,0.013487185,-0.003040379,0.01120698,0.005736877750568009,0.01160132297956607,high_vol,high_vol,pre_covid
2016-02-12,95.98000336,1239.099976,15.78499985,1.748000026,25.39999962,0.004385574,-0.007076868,0.0056494,0.013145687,-0.00371227,0.010427605,0.005662512838906927,0.015237652231010543,high_vol,high_vol,pre_covid
2016-02-16,96.87000275,1207.900024,15.32900047,1.777999997,24.11000061,0.00923003,-0.025501955,0.006117639,0.014711041,-0.002174995,0.006852582,0.005611681039857355,0.01482477361782073,high_vol,high_vol,pre_covid
2016-02-17,96.79000092,1211.099976,15.37199974,1.819000006,22.30999947,-0.000826209,0.002645683,0.006088247,0.014678945,-0.002126219,0.007170358,0.00578154785088898,0.015572891584455835,high_vol,high_vol,pre_covid
2016-02-18,96.94999695,1226.099976,15.42700005,1.758999944,21.63999939,0.001651658,0.012309363,0.006118158,0.014685606,-0.000350087,0.007167037,0.005667090741906202,0.01505468847102988,high_vol,high_vol,pre_covid
2016-02-19,96.59999847,1230.400024,15.36800003,1.748000026,20.53000069,-0.003616625,0.003500959,0.006125781,0.014508139,0.000134663,0.006099046,0.005561231234206266,0.014827622704237058,high_vol,high_vol,pre_covid
2016-02-22,97.37999725,1209.5,15.1789999,1.766000032,19.37999916,0.008042097,-0.017132289,0.006449797,0.015075398,0.000360063,0.004368536,0.005496599665077916,0.01435238767712384,high_vol,high_vol,pre_covid
2016-02-23,97.48000336,1222.300049,15.23499966,1.745000005,20.97999954,0.001026441,0.010527319,0.006321327,0.015057045,0.000937913,0.002016433,0.005606205446273557,0.014474716376352493,high_vol,high_vol,pre_covid
2016-02-24,97.45999908,1238.699951,15.29199982,1.741999984,20.71999931,-0.000205235,0.013328033,0.00631841,0.015150704,0.001436494,0.003282481,0.005496410881284727,0.014205594703120484,high_vol,high_vol,pre_covid
2016-02-25,97.29000092,1238.199951,15.16499996,1.697000027,19.11000061,-0.00174581,-0.00040373,0.006317193,0.015069724,0.001449452,0.003576361,0.005386359373689391,0.014083776216161279,high_vol,high_vol,pre_covid
2016-02-26,98.15000153,1219.800049,14.68900013,1.761999965,19.80999947,0.008800718,-0.014971722,0.006604565,0.015540431,0.002674264,-0.002277521,0.0052905664786540366,0.013621614590292753,high_vol,high_vol,pre_covid
2016-02-29,98.20999908,1233.900024,14.89599991,1.74000001,20.54999924,0.000611098,0.011492954,0.00655547,0.015579084,0.002296816,-0.000420539,0.00545766361063039,0.013663190952548383,high_vol,high_vol,pre_covid
2016-03-01,98.34999847,1230.300049,14.7329998,1.833999991,17.70000076,0.001424495,-0.002921823,0.006045369,0.015646849,0.001516263,0.001837475,0.005349316841123615,0.013486234330933466,high_vol,high_vol,pre_covid
2016-03-02,98.20999908,1241.099976,15.00300026,1.84800005,17.09000015,-0.001424495,0.008739982,0.005915598,0.015623195,0.001456434,0.002446905,0.005249194806303351,0.013071630888671176,high_vol,high_vol,pre_covid
2016-03-03,97.56999969,1257.400024,15.13099957,1.830000043,16.70000076,-0.006537968,0.013048053,0.00606473,0.015683072,0.000637472,0.002520774,0.005153105138998798,0.012814506062645564,high_vol,high_vol,pre_covid
2016-03-04,97.33999634,1269.900024,15.68099976,1.883000016,16.86000061,-0.002360099,0.00989206,0.004949735,0.015636324,0.000763124,0.003159884,0.0052129584241972175,0.01277608630173316,high_vol,high_vol,pre_covid
2016-03-07,97.06999969,1263.199951,15.62300014,1.90199995,17.35000038,-0.002777602,-0.005290031,0.004605719,0.015647234,-0.000318846,0.004344109,0.005131437685829862,0.012583029291047569,high_vol,high_vol,pre_covid
2016-03-08,97.20999908,1262.099976,15.38399982,1.832000017,18.67000008,0.001441213,-0.000871164,0.004441255,0.015662177,-0.000277369,0.003204261,0.005060536374776201,0.0122586125098842,high_vol,high_vol,pre_covid
2016-03-09,97.16999817,1256.599976,15.35499954,1.89199996,18.34000015,-0.000411574,-0.004367339,0.004303597,0.014161853,-0.000298003,0.001434724,0.004967984599970594,0.011882206047890063,high_vol,high_vol,pre_covid
2016-03-10,96.06999969,1272.0,15.54599953,1.92900002,18.04999924,-0.011384914,0.012180823,0.004872962,0.01431838,-0.001261913,0.002693179,0.00487140503381714,0.011572074764997286,high_vol,high_vol,pre_covid
2016-03-11,96.16999817,1258.699951,15.60700035,1.976999998,16.5,0.00104035,-0.010511061,0.004858372,0.014556277,-0.00203795,0.003139245,0.0052730596300911104,0.011577415097546413,high_vol,high_vol,pre_covid
2016-03-14,96.62000275,1244.400024,15.51799965,1.963000059,16.92000008,0.004668348,-0.011425898,0.004881569,0.01140058,-0.001632225,0.00084736,0.005171597105705096,0.011515340691638095,high_vol,high_vol,pre_covid
2016-03-15,96.62999725,1230.400024,15.25500011,1.958999991,16.84000015,0.000103436,-0.011314166,0.004801029,0.011565907,-0.001764331,8.13e-06,0.005147857224519016,0.01150783762425543,high_vol,high_vol,pre_covid
2016-03-16,95.88999939,1229.300049,15.21399975,1.937999964,14.98999977,-0.007687529,-0.000894398,0.004648376,0.010033774,-0.002390634,-0.000955312,0.005045979501349982,0.011494569527226226,high_vol,high_vol,pre_covid
2016-03-17,94.76000214,1264.5,16.02199936,1.902999997,14.43999958,-0.011854293,0.028231846,0.005270288,0.01168247,-0.002922266,0.000563067,0.005172846283035253,0.011154702676334958,high_vol,high_vol,pre_covid
2016-03-18,94.98999786,1253.800049,15.80599976,1.871000051,14.02000046,0.002424199,-0.008497808,0.00529244,0.01165157,-0.002443837,-0.00127592,0.005578369230575217,0.012701052014228293,high_vol,high_vol,pre_covid
2016-03-21,95.29000092,1243.800049,15.8409996,1.922999978,13.78999996,0.003153283,-0.00800773,0.005329388,0.011800907,-0.001850748,-0.00154769,0.005485325166555189,0.012473870908556268,high_vol,high_vol,pre_covid
2016-03-22,95.65000153,1248.199951,15.87699986,1.934999943,14.17000008,0.003770829,0.003531225,0.005055534,0.011096246,-0.001617787,-0.001107451,0.005408800529983779,0.012241236615409965,high_vol,high_vol,pre_covid
2016-03-23,96.05000305,1223.699951,15.26299953,1.875,14.93999958,0.004173209,-0.019823458,0.005159607,0.011814932,-0.001159308,-0.002653063,0.0053495062847780375,0.011888603043480573,high_vol,high_vol,pre_covid
2016-03-24,96.13999939,1221.400024,15.19099998,1.899999976,14.73999977,0.000936535,-0.001881254,0.005171126,0.011420153,7.28e-05,-0.00405927,0.005303453113881993,0.012468405848306162,high_vol,high_vol,pre_covid
2016-03-28,95.94000244,1219.900024,15.19400024,1.870000005,15.23999977,-0.002082435,-0.001228854,0.005175215,0.011420611,-0.000239442,-0.00313105,0.005200537159520986,0.012089677473232606,high_vol,high_vol,pre_covid
2016-03-29,95.16000366,1235.599976,15.23700047,1.81400001,13.81999969,-0.008163298,0.012787754,0.004942493,0.011293032,-0.001522606,-0.000709684,0.00511463944620981,0.011723441530024888,high_vol,high_vol,pre_covid
2016-03-30,94.83999634,1226.900024,15.20600033,1.830000043,13.56000042,-0.003368501,-0.00706598,0.004934868,0.011123932,-0.0018698,-0.000284866,0.005264499238115751,0.01175284838464381,high_vol,high_vol,pre_covid
2016-03-31,94.58999634,1234.199951,15.46000004,1.786000013,13.94999981,-0.002639499,0.005932265,0.004887204,0.011186055,-0.001364997,0.000397801,0.005203196960432892,0.01152788495153131,high_vol,high_vol,pre_covid
2016-04-01,94.62000275,1222.199951,15.04199982,1.792000055,13.10000038,0.000317176,-0.009770474,0.004909624,0.011204675,-0.00014785,-0.003402431,0.00512728524099114,0.011264702918890255,high_vol,high_vol,pre_covid
2016-04-04,94.51000214,1218.0,14.94200039,1.779000044,14.11999989,-0.001163228,-0.003442304,0.004787392,0.010759747,-0.000506593,-0.002896881,0.0050261350560517285,0.0111867134130008,high_vol,high_vol,pre_covid
2016-04-05,94.62999725,1228.400024,15.11400032,1.726999998,15.42000008,0.00126885,0.00850236,0.00482083,0.010690123,-0.000695036,-0.001245872,0.00493309570022525,0.010893318030348976,high_vol,high_vol,pre_covid
2016-04-06,94.43000031,1222.5,15.05200005,1.754999995,14.09000015,-0.002115699,-0.004814587,0.00481315,0.010682378,-0.001283689,-0.002080453,0.004842110664085161,0.010759710470573754,high_vol,high_vol,pre_covid
2016-04-07,94.48000336,1236.199951,15.15600014,1.690999985,16.15999985,0.000529385,0.011144176,0.004791124,0.011036983,-0.001648071,0.00101631,0.004766826911846468,0.010520496972006514,high_vol,high_vol,pre_covid
2016-04-08,94.23999786,1242.5,15.38199997,1.720000029,15.35999966,-0.00254351,0.00508336,0.004792688,0.011084846,-0.001996076,0.001712772,0.004675150466586113,0.010547351707397923,high_vol,high_vol,pre_covid
2016-04-11,93.94999695,1256.699951,15.97399998,1.723999977,16.26000023,-0.003082004,0.01136372,0.004243864,0.011039312,-0.002096033,0.002972029,0.004613148085440132,0.01031491631560653,high_vol,high_vol,pre_covid
2016-04-12,93.95999908,1259.400024,16.21999931,1.781000018,14.85000038,0.000106457,0.002146238,0.00422558,0.01081298,-0.001269057,0.001907877,0.004566017120361541,0.010371233563278253,high_vol,high_vol,pre_covid
2016-04-13,94.73999786,1246.800049,16.32299995,1.761999965,13.84000015,0.008267125,-0.010055128,0.004533287,0.010744308,-0.000105495,0.001608963,0.004478478285462221,0.010093400619714579,high_vol,high_vol,pre_covid
2016-04-14,94.90000153,1225.0,16.16900063,1.781000018,13.72000027,0.001687447,-0.017639464,0.004564512,0.011160643,0.0003272,-0.00074821,0.004674990398915408,0.010117356560436752,high_vol,high_vol,pre_covid
2016-04-15,94.69999695,1233.099976,16.30900002,1.751999974,13.61999989,-0.002109754,0.00659046,0.004302113,0.011256778,8.45e-05,0.000887883,0.004595568586700244,0.010714769169702296,high_vol,high_vol,pre_covid
2016-04-18,94.48999786,1233.599976,16.24900055,1.773000002,13.35000038,-0.002219982,0.0004054,0.00347567,0.009243201,-2.12e-05,0.001272653,0.004527301357310071,0.010518333647484746,high_vol,high_vol,pre_covid
2016-04-19,93.98000336,1253.0,16.96800041,1.782999992,13.23999977,-0.005411957,0.015603972,0.003605306,0.009770193,-0.000689249,0.001982815,0.004463138312203798,0.010223008102382374,high_vol,high_vol,pre_covid
2016-04-20,94.48999786,1253.199951,17.13100052,1.853999972,13.27999973,0.005411957,0.000159565,0.003750782,0.0095978,6.35e-05,0.00248023,0.004506861935215578,0.010589448433724856,high_vol,high_vol,pre_covid
2016-04-21,94.59999847,1249.0,17.08600044,1.870000005,13.94999981,0.001163474,-0.00335701,0.003647496,0.009601654,0.000126925,0.001030111,0.0045419056101599665,0.010290520819953762,high_vol,high_vol,pre_covid
2016-04-22,95.12000275,1228.699951,16.89599991,1.888000011,13.22000027,0.005481821,-0.016386571,0.003741747,0.009269879,0.000929458,-0.001116882,0.004460062308467186,0.0100425069193367,high_vol,high_vol,pre_covid
2016-04-25,94.83999634,1238.900024,17.00499916,1.90199995,14.07999992,-0.002948059,0.008267249,0.003765031,0.009419596,0.000942853,-0.001426529,0.00450068443071225,0.010534929814256714,high_vol,high_vol,pre_covid
2016-04-26,94.56999969,1242.199951,17.1060009,1.930999994,13.96000004,-0.002850925,0.002660053,0.003783357,0.009418472,0.000647115,-0.001375147,0.004453857277518544,0.01041454482206383,high_vol,high_vol,pre_covid
2016-04-27,94.38999939,1249.199951,17.2859993,1.860000014,13.77000046,-0.001905169,0.005619346,0.003390969,0.009088793,-0.000370115,0.0001923,0.004406119349907315,0.010140702391259495,high_vol,high_vol,pre_covid
2016-04-28,93.76000214,1265.5,17.5529995,1.838000059,15.22000027,-0.00669678,0.012963994,0.00360812,0.009301273,-0.001208537,0.003252646,0.004339724571430865,0.00994665222521137,high_vol,high_vol,pre_covid
2016-04-29,93.08000183,1289.199951,17.78899956,1.819000006,15.69999981,-0.007278991,0.018554532,0.003874931,0.009986311,-0.001725461,0.004449053,0.004457755928211071,0.010139898334891604,high_vol,high_vol,pre_covid
2016-05-02,92.62999725,1294.699951,17.65600014,1.86500001,14.68000031,-0.004846324,0.004257137,0.003965507,0.00961658,-0.001988095,0.004834227,0.0046018800774580045,0.010777826552952159,high_vol,high_vol,pre_covid
2016-05-03,92.94000244,1290.699951,17.47400093,1.799999952,15.60000038,0.003341116,-0.003094301,0.004077175,0.00960568,-0.001112788,0.002964399,0.004614197112018869,0.010513064277555929,high_vol,high_vol,pre_covid
2016-05-04,93.18000031,1273.300049,17.27700043,1.784000039,16.04999924,0.00257896,-0.013572675,0.004120174,0.010139006,-0.001396088,0.001591175,0.004570194953929631,0.010248222690435698,high_vol,high_vol,pre_covid
2016-05-05,93.77999878,1271.400024,17.30200005,1.746999979,15.90999985,0.006418491,-0.001493319,0.004389304,0.010057728,-0.000870586,0.001777544,0.004509171091319445,0.010489540217397,high_vol,high_vol,pre_covid
2016-05-06,93.88999939,1292.900024,17.50699997,1.779000044,14.72000027,0.001172277,0.016769101,0.004397823,0.010386651,-0.00130154,0.005093112,0.004593085683358375,0.01020372261737865,high_vol,high_vol,pre_covid
2016-05-09,94.15000153,1265.599976,17.06999969,1.75999999,14.56999969,0.002765394,-0.021341477,0.004414862,0.011547464,-0.000730195,0.002132239,0.004509989720614582,0.01067063095180803,high_vol,high_vol,pre_covid
2016-05-10,94.29000092,1263.900024,17.07500076,1.75999999,13.63000011,0.001485878,-0.001344101,0.004370076,0.011300786,-0.000296515,0.001731824,0.004454966290113792,0.011560007597397922,high_vol,high_vol,pre_covid
2016-05-11,93.81999969,1274.599976,17.30200005,1.736999989,14.68999958,-0.0049971,0.008430187,0.00451346,0.011435291,-0.000605708,0.002012908,0.004378914652747931,0.011220022745812026,high_vol,high_vol,pre_covid
2016-05-12,94.13999939,1270.300049,17.08699989,1.756999969,14.40999985,0.00340498,-0.003379253,0.004176474,0.011215795,0.000404468,0.000378583,0.004408299712439361,0.011062426880455518,high_vol,high_vol,pre_covid
2016-05-13,94.61000061,1271.900024,17.11499977,1.705000043,15.03999996,0.004980156,0.001258733,0.004314448,0.010381956,0.001630383,-0.001350997,0.004373343364661288,0.010774252888966562,high_vol,high_vol,pre_covid
2016-05-16,94.56999969,1273.400024,17.1420002,1.753000021,14.68000031,-0.000422887,0.001178643,0.004291697,0.01032382,0.002072726,-0.001658846,0.004396203220386015,0.010469040808644055,high_vol,high_vol,pre_covid
2016-05-17,94.55000305,1276.199951,17.23500061,1.758999944,15.56999969,-0.00021147,0.002196366,0.004263568,0.010321451,0.001717468,-0.001129779,0.004313990589225326,0.010178575245368346,high_vol,high_vol,pre_covid
2016-05-18,95.08000183,1273.699951,17.12000084,1.879999995,15.94999981,0.005589834,-0.001960862,0.004237265,0.009831352,0.002018555,3.14e-05,0.004233138071030304,0.00991115411693763,high_vol,high_vol,pre_covid
2016-05-19,95.29000092,1254.199951,16.47900009,1.845000029,16.32999992,0.002206221,-0.015428132,0.004109318,0.010449559,0.001597328,-0.001362079,0.004291213182113471,0.009660249724501567,high_vol,high_vol,pre_covid
2016-05-20,95.30999756,1252.400024,16.5189991,1.848999977,15.19999981,0.000209828,-0.00143615,0.004105744,0.010426738,0.001501083,-0.003182605,0.00423113852410899,0.01011386801275676,high_vol,high_vol,pre_covid
2016-05-23,95.23000336,1251.099976,16.40999985,1.838000059,15.81999969,-0.000839658,-0.001038585,0.003939518,0.009725496,0.001140578,-0.001152315,0.004152120558736405,0.009846629758476628,low_vol,high_vol,pre_covid
2016-05-24,95.56999969,1228.900024,16.23800087,1.858999968,14.42000008,0.003563907,-0.017903665,0.003947596,0.010383434,0.001348381,-0.002808272,0.004078892931552907,0.009589777847910005,low_vol,high_vol,pre_covid
2016-05-25,95.34999847,1223.5,16.25499916,1.870000005,13.89999962,-0.002304644,-0.004403876,0.00392709,0.010394239,0.001617627,-0.004091678,0.004061248998549718,0.010282888486727681,low_vol,high_vol,pre_covid
2016-05-26,95.16999817,1220.099976,16.33799934,1.822999954,13.43000031,-0.001889569,-0.002782801,0.003926636,0.010299202,0.001088172,-0.004032033,0.0040133129851020076,0.010059340042189979,low_vol,high_vol,pre_covid
2016-05-27,95.51999664,1213.800049,16.24600029,1.850999951,13.11999989,0.003670868,-0.005176828,0.003631483,0.009807681,0.000957243,-0.004675589,0.003958290700825727,0.009812946700869187,low_vol,high_vol,pre_covid
2016-05-31,95.88999939,1214.800049,15.97200012,1.833999991,14.18999958,0.00386608,0.00082352,0.003162764,0.008645265,0.00138614,-0.004711101,0.003949130158044009,0.00963865725752709,low_vol,high_vol,pre_covid
2016-06-01,95.45999908,1211.900024,15.90600014,1.845999956,14.19999981,-0.004494393,-0.002390098,0.00312867,0.008493133,0.000957847,-0.005169748,0.0039473133999354,0.009388861014061554,low_vol,low_vol,pre_covid
2016-06-02,95.55999756,1209.800049,16.00499916,1.81099999,13.63000011,0.001046995,-0.001734299,0.003098623,0.00849874,0.000503564,-0.005147092,0.00397645381389607,0.00917202339933104,low_vol,low_vol,pre_covid
2016-06-03,94.02999878,1240.099976,16.34600067,1.703999996,13.47000027,-0.01614043,0.024736905,0.004892685,0.010095914,-0.001331102,-0.001130588,0.003908525171769534,0.008957672759094976,low_vol,low_vol,pre_covid
2016-06-06,93.90000153,1244.599976,16.4279995,1.72300005,13.64999962,-0.001383465,0.003622172,0.004708147,0.010151515,-0.001490431,-0.000624756,0.004972473462306845,0.01049716544566747,high_vol,high_vol,pre_covid
2016-06-07,93.83000183,1244.400024,16.37700081,1.713000059,14.05000019,-0.000745749,-0.000160668,0.004704112,0.009305614,-0.00148104,-0.000536964,0.0048831173874723435,0.010234482333748738,high_vol,high_vol,pre_covid
2016-06-08,93.58999634,1259.800049,16.96800041,1.70599997,14.07999992,-0.002561153,0.012299511,0.004689404,0.008649613,-0.002093546,0.002483354,0.004790360867239429,0.009953683700464577,high_vol,high_vol,pre_covid
2016-06-09,94.09999847,1270.199951,17.25300026,1.679999948,14.64000034,0.005434529,0.008221313,0.004840648,0.008837214,-0.001319629,0.003745873,0.004725205518504015,0.01010051643928655,high_vol,high_vol,pre_covid
2016-06-10,94.59999847,1273.400024,17.31500053,1.639000058,17.03000069,0.00529943,0.002516178,0.004840867,0.008655418,-0.000600729,0.004275771,0.004750352704926592,0.010007082976572023,high_vol,high_vol,pre_covid
2016-06-13,94.37000275,1284.400024,17.4279995,1.616000056,20.96999931,-0.002434205,0.008601194,0.004826966,0.008817954,-0.001211236,0.005653573,0.004768572720513096,0.009752444935302666,high_vol,high_vol,pre_covid
2016-06-14,94.93000031,1285.599976,17.40999985,1.610999942,20.5,0.005916526,0.000933814,0.004878197,0.008816888,-0.001006191,0.005664602,0.004701444891848459,0.009700960377620482,high_vol,high_vol,pre_covid
2016-06-15,94.61000061,1285.800049,17.48900032,1.595999956,20.13999939,-0.003376596,0.000155614,0.004938082,0.008815836,-0.000894412,0.005919173,0.004749442826322978,0.009448368476921223,high_vol,high_vol,pre_covid
2016-06-16,94.56999969,1296.099976,17.59399986,1.56400001,19.37000084,-0.000422887,0.007978606,0.004938793,0.008961821,-0.0010414,0.006890464,0.004705616845062938,0.009207412101982447,high_vol,low_vol,pre_covid
2016-06-17,94.20999908,1292.5,17.39999962,1.618000031,19.40999985,-0.003813974,-0.002781409,0.004832763,0.008975949,0.000191246,0.004138633,0.004615601884777018,0.009165152688002325,high_vol,low_vol,pre_covid
2016-06-20,93.61000061,1290.0,17.50300026,1.669999957,18.37000084,-0.006389101,-0.001936109,0.004959951,0.008214556,-0.000309318,0.003582804,0.004589784197878772,0.008967502184298905,high_vol,low_vol,pre_covid
2016-06-21,94.01999664,1270.5,17.31100082,1.697000027,18.47999954,0.004370268,-0.015231695,0.005085771,0.008965031,0.000202284,0.002075702,0.004674632076536312,0.008766991178532496,high_vol,low_vol,pre_covid
2016-06-22,93.72000122,1268.0,17.30500031,1.684999943,21.17000008,-0.003195863,-0.001969668,0.00511609,0.008976268,0.000138813,0.000648784,0.004660466520234002,0.009313631463278134,high_vol,low_vol,pre_covid
2016-06-23,93.52999878,1261.199951,17.34799957,1.738999963,17.25,-0.002029399,-0.005377246,0.005024442,0.008050969,-0.00060758,-0.000711072,0.004614755558127252,0.009094652868773435,high_vol,low_vol,pre_covid
2016-06-24,95.44999695,1320.0,17.78499985,1.578999996,25.76000023,0.020320291,0.045568127,0.006836009,0.012472036,0.000894506,0.003594123,0.004544488566131441,0.00897127625955672,high_vol,low_vol,pre_covid
2016-06-27,96.54000092,1322.5,17.73999977,1.460000038,23.85000038,0.011354922,0.001892148,0.007246753,0.012393604,0.002273418,0.002923218,0.005955595981954811,0.013863034610712845,high_vol,high_vol,pre_covid
2016-06-28,96.25,1315.300049,17.8390007,1.460999966,18.75,-0.003008467,-0.005459071,0.007255521,0.012404017,0.001380919,0.00228393,0.0062356576101482,0.01341580111834798,high_vol,high_vol,pre_covid
2016-06-29,95.76999664,1323.900024,18.36199951,1.476999998,16.63999939,-0.004999525,0.006517131,0.007299267,0.012397372,0.001218626,0.002920081,0.00613716750375702,0.013052872253494267,high_vol,high_vol,pre_covid
2016-06-30,96.13999939,1318.400024,18.58200073,1.488000035,15.63000011,0.003856008,-0.004163046,0.007273,0.012449673,0.001646516,0.001705916,0.00609234533758631,0.01272438792827923,high_vol,high_vol,pre_covid
2016-07-01,95.65000153,1336.699951,19.54400063,1.45599997,14.77000046,-0.005109744,0.013784955,0.007366481,0.012551777,0.001516939,0.003362553,0.006013299938886243,0.01236730351576264,high_vol,high_vol,pre_covid
2016-07-05,96.16999817,1356.400024,19.86599922,1.366999984,15.57999992,0.005421728,0.014630296,0.006442476,0.011925227,0.002698022,0.005019193,0.005976647499890829,0.012406426605473928,high_vol,high_vol,pre_covid
2016-07-06,96.05999756,1364.900024,20.15999985,1.38499999,14.96000004,-0.001144469,0.006247034,0.006438132,0.011931866,0.002146548,0.007167066,0.005947153172042429,0.012495712180962267,high_vol,high_vol,pre_covid
2016-07-07,96.33000183,1360.099976,19.79800034,1.386999965,14.76000023,0.002806845,-0.003522975,0.006434351,0.012018281,0.002746819,0.007011735,0.005830867185802074,0.012189166412872094,high_vol,high_vol,pre_covid
2016-07-08,96.30000305,1356.599976,20.05800056,1.366000056,13.19999981,-0.000311465,-0.002576657,0.006386235,0.011957347,0.002918612,0.007291794,0.0057374140133587374,0.011846581198039602,high_vol,high_vol,pre_covid
2016-07-11,96.56999969,1355.0,20.26399994,1.434000015,13.53999996,0.00279978,-0.001180097,0.006327783,0.011948723,0.001166561,0.002616972,0.005621805972680733,0.011505975473741659,high_vol,high_vol,pre_covid
2016-07-12,96.44000244,1334.099976,20.12999916,1.513000011,13.55000019,-0.001347052,-0.015544565,0.006280306,0.012622148,-0.000103636,0.0008733,0.005534137719266459,0.01116737782005378,high_vol,high_vol,pre_covid
2016-07-13,96.22000122,1342.400024,20.37000084,1.468000054,13.03999996,-0.00228383,0.006202186,0.006276378,0.01257224,-3.12e-05,0.002039426,0.005429953048937759,0.011466839486079032,high_vol,high_vol,pre_covid
2016-07-14,96.08000183,1331.300049,20.28100014,1.531000018,12.81999969,-0.001456052,-0.00830313,0.006188766,0.012775144,0.000323175,0.0005574,0.005341010173049093,0.011214908128560842,high_vol,high_vol,pre_covid
2016-07-15,96.58000183,1326.5,20.125,1.593999982,12.67000008,0.005190503,-0.003612051,0.006197728,0.012823741,0.000456624,0.0006125,0.005242900838250107,0.011071618318243577,high_vol,high_vol,pre_covid
2016-07-18,96.55999756,1328.400024,20.04400063,1.587000012,12.43999958,-0.000207148,0.001431334,0.006195462,0.012737243,0.000946884,-0.000622862,0.005234849399798652,0.010787486306042156,high_vol,high_vol,pre_covid
2016-07-19,97.05000305,1331.5,19.97500038,1.557999969,11.97000027,0.00506179,0.002330897,0.006153844,0.01270672,0.00091089,-0.001852802,0.005131137932661163,0.010482653590821608,high_vol,high_vol,pre_covid
2016-07-20,97.19999695,1318.800049,19.58200073,1.580000043,11.77000046,0.001544339,-0.009583857,0.005888645,0.012915463,0.001179771,-0.003435891,0.005123019188648723,0.01020120281192956,high_vol,high_vol,pre_covid
2016-07-21,97.0,1330.5,19.7840004,1.565000057,12.73999977,-0.002059702,0.008832542,0.005914994,0.012457957,0.000693116,-0.00220034,0.0050299649219412434,0.010190653335403367,high_vol,high_vol,pre_covid
2016-07-22,97.47000122,1323.099976,19.65699959,1.570000052,12.02000046,0.004833672,-0.005577362,0.005856458,0.012542878,0.00120763,-0.00250041,0.0049484325131223085,0.010119343599524468,high_vol,high_vol,pre_covid
2016-07-25,97.29000092,1319.300049,19.61499977,1.57099998,12.86999989,-0.001848432,-0.00287612,0.005850566,0.012480791,0.000742809,-0.002670012,0.004939583570260908,0.009939657200021003,high_vol,high_vol,pre_covid
2016-07-26,97.16000366,1320.699951,19.65500069,1.562999964,13.05000019,-0.001337077,0.001060532,0.004076863,0.007538735,0.000743806,-0.001009503,0.004857233989420043,0.009701302256194939,high_vol,high_vol,pre_covid
2016-07-27,97.05000305,1326.599976,19.96500015,1.514999986,12.82999992,-0.001132801,0.004457398,0.003304977,0.0075911,0.000858909,-0.001183982,0.004770374640520069,0.009449272321331489,high_vol,high_vol,pre_covid
2016-07-28,96.73999786,1332.300049,20.15999985,1.511000037,12.72000027,-0.003199396,0.004287549,0.00331464,0.007528879,0.000684575,7.51e-05,0.004683636405587062,0.009262673677372116,high_vol,low_vol,pre_covid
2016-07-29,95.52999878,1349.0,20.31200027,1.457999945,11.86999989,-0.012586624,0.012456769,0.004207688,0.007865857,-0.001093138,0.001681968,0.0046372293792663,0.009082569190916677,high_vol,low_vol,pre_covid
2016-08-01,95.70999908,1351.400024,20.46500015,1.496000051,12.43999958,0.001882455,0.001777533,0.004135883,0.007781248,-0.000884177,0.001716588,0.005174749508968124,0.009323034088293554,high_vol,low_vol,pre_covid
2016-08-02,95.05999756,1364.400024,20.66600037,1.536999941,13.36999989,-0.006814531,0.009573679,0.004251897,0.00748885,-0.00207181,0.002440866,0.0050845120858607155,0.0090960460415335,high_vol,low_vol,pre_covid
2016-08-03,95.55999756,1356.099976,20.43600082,1.542000055,12.85999966,0.005246051,-0.006101874,0.004240245,0.006945775,-0.001701638,0.002789065,0.005161911911522836,0.00914602549262205,high_vol,low_vol,pre_covid
2016-08-04,95.76000214,1358.800049,20.40600014,1.503000021,12.42000008,0.002090787,0.001989078,0.004266833,0.006814887,-0.001286589,0.002104718,0.005159411160310778,0.009046287594588575,high_vol,low_vol,pre_covid
2016-08-05,96.19000244,1336.400024,19.78000069,1.582000017,11.39000034,0.004480344,-0.016622543,0.004339802,0.007677864,-0.001321922,0.0010002,0.005072578199115432,0.008836404064273667,high_vol,low_vol,pre_covid
2016-08-08,96.40000153,1333.400024,19.76799965,1.582999945,11.5,0.00218079,-0.00224736,0.00436684,0.007674469,-0.000919,0.001063076,0.005046377785232505,0.009507770925301317,high_vol,high_vol,pre_covid
2016-08-09,96.18000031,1339.0,19.81399918,1.544999957,11.65999985,-0.002284778,0.004190977,0.004347636,0.007751035,-0.00101377,0.00137612,0.004964067541370857,0.009282269874965917,high_vol,low_vol,pre_covid
2016-08-10,95.65000153,1344.300049,20.13400078,1.508999944,12.05000019,-0.005525727,0.003950401,0.004496198,0.006998212,-0.001453063,0.001325421,0.004888308936569079,0.009098636142570869,high_vol,low_vol,pre_covid
2016-08-11,95.86000061,1342.5,19.98399925,1.572999954,11.68000031,0.002193088,-0.00133992,0.004508117,0.006876009,-0.000913815,0.000762674,0.004915497717548465,0.008919849958884521,high_vol,low_vol,pre_covid
2016-08-12,95.72000122,1335.800049,19.67200089,1.514999986,11.55000019,-0.001461524,-0.005003148,0.004508195,0.006712442,0.000198695,-0.000983318,0.004837051029061108,0.008714804832631063,high_vol,low_vol,pre_covid
2016-08-15,95.62999725,1340.300049,19.82099915,1.552999973,11.81000042,-0.000940726,0.003363106,0.004338421,0.006688956,-8.36e-05,-0.00082476,0.0047521862176201244,0.00860277721303099,high_vol,low_vol,pre_covid
2016-08-16,94.79000092,1350.5,19.84799957,1.575999975,12.64000034,-0.008822622,0.007581388,0.00470419,0.006864431,-0.000284432,-0.00102399,0.004664186041702559,0.008439809805237444,high_vol,low_vol,pre_covid
2016-08-17,94.72000122,1342.699951,19.62700081,1.56099999,12.18999958,-0.000738744,-0.005792419,0.00450383,0.007000536,-0.000882911,-0.000993044,0.004892030218137346,0.008435130609999519,high_vol,low_vol,pre_covid
2016-08-18,94.16000366,1351.199951,19.71999931,1.536000013,11.43000031,-0.005929682,0.006310575,0.004574428,0.006720912,-0.001684958,-0.000560894,0.004799004517229851,0.008371187134566287,high_vol,low_vol,pre_covid
2016-08-19,94.51000214,1340.400024,19.3010006,1.577999949,11.34000015,0.00371017,-0.008024955,0.004711191,0.006764737,-0.001761976,0.000298865,0.004849018297621656,0.008314228695293186,high_vol,low_vol,pre_covid
2016-08-22,94.51999664,1337.699951,18.84300041,1.539000034,12.27000046,0.000105745,-0.00201641,0.004515413,0.006652347,-0.00196948,0.00032196,0.004807166070246991,0.008366431103516704,high_vol,low_vol,pre_covid
2016-08-23,94.54000092,1340.599976,18.90999985,1.552999973,12.38000011,0.000211618,0.002165572,0.004528989,0.006614424,-0.00171984,0.000119419,0.004713640755760302,0.008201028478052331,high_vol,low_vol,pre_covid
2016-08-24,94.79000092,1324.400024,18.54500008,1.559000015,13.44999981,0.002640893,-0.012157712,0.00461265,0.007188669,-0.000903178,-0.001491392,0.004622506014476513,0.008040754063664574,high_vol,low_vol,pre_covid
2016-08-25,94.76999664,1320.099976,18.47800064,1.577000022,13.63000011,-0.00021106,-0.003252072,0.004617464,0.007153568,-0.001143593,-0.001682607,0.00456119225762582,0.008405913604909629,high_vol,low_vol,pre_covid
2016-08-26,95.56999969,1321.5,18.64500046,1.63499999,13.64999962,0.008406092,0.001059982,0.005033431,0.007085921,-0.000156832,-0.001076294,0.004474105183041042,0.008262325272264186,high_vol,low_vol,pre_covid
2016-08-29,95.58000183,1322.900024,18.76199913,1.565999985,12.93999958,0.000104652,0.00105886,0.004215055,0.006461942,-5.23e-05,-0.001306719,0.0046803308762517525,0.008087875786178596,high_vol,low_vol,pre_covid
2016-08-30,96.05000305,1311.699951,18.57699966,1.570000052,13.11999989,0.004905309,-0.008502346,0.004331665,0.006633642,0.001320499,-0.002915093,0.00458994531245548,0.007923332275375143,high_vol,low_vol,pre_covid
2016-08-31,96.01999664,1306.900024,18.62199974,1.567999959,13.42000008,-0.000312453,-0.003666029,0.004029374,0.006147944,0.001363128,-0.002702454,0.004599516674640253,0.00803681343455541,high_vol,low_vol,pre_covid
2016-09-01,95.65000153,1312.199951,18.85700035,1.570000052,13.47999954,-0.003860756,0.004047141,0.003980372,0.006212099,0.001570021,-0.002928797,0.004511754621893998,0.00792666913553325,high_vol,low_vol,pre_covid
2016-09-02,95.87999725,1322.099976,19.27599907,1.595999956,11.97999954,0.002401669,0.007516282,0.003988931,0.006481549,0.001439171,-0.001374673,0.004491498899774919,0.007821482047753153,high_vol,low_vol,pre_covid
2016-09-06,94.81999969,1349.400024,20.04899979,1.542999983,12.02000046,-0.011117027,0.020438704,0.004538842,0.007116455,0.000316894,0.000870838,0.004429220804302056,0.007861997577921198,high_vol,low_vol,pre_covid
2016-09-07,94.95999908,1344.300049,19.75900078,1.541000009,11.93999958,0.001475386,-0.0037866,0.004519155,0.007153575,0.000443271,0.000275621,0.0048622393220376535,0.009075649864342209,high_vol,low_vol,pre_covid
2016-09-08,95.02999878,1336.800049,19.5909996,1.616000056,12.51000023,0.000736878,-0.005594733,0.004514833,0.007211924,0.000252869,0.000931919,0.004775220802341235,0.008905333502676742,high_vol,low_vol,pre_covid
2016-09-09,95.33999634,1330.099976,19.28199959,1.672000051,17.5,0.003256793,-0.005024626,0.004439233,0.00722716,0.000599654,0.000754664,0.004684283709713834,0.008802045150997688,high_vol,low_vol,pre_covid
2016-09-12,95.09999847,1321.0,18.91500092,1.672000051,15.15999985,-0.002520458,-0.006865083,0.004433754,0.007358428,-0.000493001,-3.78e-05,0.004635645864146436,0.008685153305832931,high_vol,low_vol,pre_covid
2016-09-13,95.62999725,1319.0,18.88999939,1.733999968,17.85000038,0.005557596,-0.001515152,0.004609172,0.007297181,5.23e-05,-0.000295244,0.004574364558562407,0.008649901301886257,high_vol,low_vol,pre_covid
2016-09-14,95.33000183,1321.5,18.98200035,1.68900001,18.13999939,-0.003141974,0.001893581,0.004655365,0.007264221,-0.000752435,0.000744349,0.004612498892194045,0.008461663515281749,high_vol,low_vol,pre_covid
2016-09-15,95.29000092,1313.5,18.95899963,1.702999949,16.29999924,-0.000419693,-0.006072125,0.004212707,0.007097625,-0.000763159,0.000503739,0.004566979917677515,0.008283105649269058,high_vol,low_vol,pre_covid
2016-09-16,96.11000061,1305.800049,18.78100014,1.700999975,15.36999989,0.008568492,-0.005879413,0.004577243,0.007100389,0.000479766,-0.000488916,0.004480431350327904,0.008241539025345938,high_vol,low_vol,pre_covid
2016-09-19,95.83999634,1313.5,19.20599937,1.69599998,15.52999973,-0.002813279,0.005879413,0.004398807,0.007077787,-4.17e-05,-0.000652603,0.004697198611426627,0.008194765502672952,high_vol,low_vol,pre_covid
2016-09-20,96.01999664,1313.699951,19.19499969,1.687999964,15.92000008,0.001876372,0.000152216,0.004357029,0.006915122,0.001257611,-0.002681252,0.004640600926150843,0.008132817211093348,high_vol,low_vol,pre_covid
2016-09-21,95.66000366,1326.900024,19.68600082,1.667999983,13.30000019,-0.003756192,0.009997867,0.004465935,0.007308962,0.000734454,-0.001302805,0.004564809106932779,0.007963292814014894,high_vol,low_vol,pre_covid
2016-09-22,95.44999695,1340.400024,20.02000046,1.631999969,12.02000046,-0.002197758,0.010122682,0.004506392,0.007646325,0.00044099,0.000268936,0.004539078035076622,0.008139861240000545,high_vol,low_vol,pre_covid
2016-09-23,95.48000336,1337.199951,19.7329998,1.61500001,12.28999996,0.000314318,-0.002390256,0.004478509,0.00715131,0.000146743,0.000532373,0.004474132258101625,0.008307912852849765,high_vol,low_vol,pre_covid
2016-09-26,95.30999756,1339.699951,19.51600075,1.588999987,14.5,-0.001782125,0.001867833,0.004501332,0.007105629,0.000220576,0.001405665,0.0043891453153605325,0.008152165407873559,high_vol,low_vol,pre_covid
2016-09-27,95.44000244,1325.900024,19.08699989,1.555999994,13.10000038,0.001363092,-0.010354179,0.004110259,0.00750234,-0.000198875,0.000521762,0.0043211708198038976,0.007990984550717981,high_vol,low_vol,pre_covid
2016-09-28,95.43000031,1319.400024,19.04400063,1.567000031,12.39000034,-0.000104806,-0.004914386,0.004110081,0.007579328,0.000104842,-0.000159035,0.0042472701340177796,0.00822159207955994,high_vol,low_vol,pre_covid
2016-09-29,95.54000092,1321.699951,19.11499977,1.557000041,14.02000046,0.00115202,0.001741644,0.003961617,0.007339125,0.000262013,0.000622342,0.004167892997692186,0.0081388438417579,high_vol,low_vol,pre_covid
2016-09-30,95.45999908,1313.300049,19.13899994,1.60800004,13.28999996,-0.000837716,-0.006375659,0.003963666,0.007436648,-0.000678607,0.000572717,0.004095835053897408,0.007977031157101484,low_vol,low_vol,pre_covid
2016-10-03,95.75,1309.0,18.79500008,1.621999979,13.56999969,0.003033326,-0.003279604,0.003937548,0.007420592,-9.39e-05,-0.000343184,0.004024085285438411,0.007971597989752017,low_vol,low_vol,pre_covid
2016-10-04,96.12000275,1266.300049,17.71299934,1.682999969,13.63000011,0.003856811,-0.033164186,0.003993414,0.010140039,0.000104097,-0.003674825,0.003992330767636244,0.00785538611206997,low_vol,low_vol,pre_covid
2016-10-05,96.12999725,1265.199951,17.63400078,1.715999961,12.98999977,0.000103974,-0.000869127,0.00305534,0.008747269,0.000490114,-0.004761524,0.003988321217527124,0.011044375964531956,low_vol,high_vol,pre_covid
2016-10-06,96.66000366,1249.800049,17.28800011,1.741999984,12.84000015,0.005498291,-0.012246596,0.003230549,0.008973892,0.001259719,-0.006998452,0.003915446651753937,0.010726245349764076,low_vol,high_vol,pre_covid
2016-10-07,96.51999664,1248.900024,17.3239994,1.735999942,13.47999954,-0.001449498,-0.000720394,0.003269205,0.00897925,0.001083337,-0.006831466,0.0039875654808033895,0.010832030462505613,low_vol,high_vol,pre_covid
2016-10-10,96.51999664,1248.900024,17.3239994,1.72300005,13.38000011,0.0,0.0,0.003220775,0.008996214,0.001261549,-0.007018249,0.003925913661992641,0.010523529959320379,low_vol,high_vol,pre_covid
2016-10-11,97.69999695,1253.0,17.45599937,1.758999944,15.35999966,0.012151322,0.003277492,0.004008311,0.009050408,0.002340372,-0.005655082,0.0038546757207556185,0.010228002686957116,low_vol,high_vol,pre_covid
2016-10-12,97.97000122,1251.099976,17.45499992,1.777999997,15.90999985,0.002759794,-0.001517531,0.003904325,0.009050395,0.002626832,-0.005315396,0.004458771119082493,0.009973336410029015,high_vol,high_vol,pre_covid
2016-10-13,97.51999664,1255.0,17.40999985,1.738000035,16.69000053,-0.004603871,0.003112428,0.00399664,0.009083939,0.002051243,-0.005178318,0.004405254464873702,0.009714135473843102,high_vol,high_vol,pre_covid
2016-10-14,98.01999664,1253.099976,17.39299965,1.79400003,16.12000084,0.005114054,-0.001515111,0.004074381,0.00904766,0.00264642,-0.004692263,0.004416858994089011,0.009484063837531795,high_vol,high_vol,pre_covid
2016-10-17,97.88999939,1254.400024,17.4260006,1.766000032,16.20999908,-0.001327112,0.001036928,0.00375707,0.009034493,0.002210376,-0.00426061,0.004443322498827037,0.00925046416417413,high_vol,low_vol,pre_covid
2016-10-18,97.90000153,1260.800049,17.5909996,1.748999953,15.27999973,0.000102172,0.005089089,0.003666792,0.009002,0.001834913,-0.000435282,0.0043673657875025395,0.009021916085443301,high_vol,low_vol,pre_covid
2016-10-19,97.87000275,1267.900024,17.61599922,1.751999974,14.40999985,-0.00030647,0.005615529,0.00367202,0.009143621,0.001793868,0.000213183,0.0042848117246233755,0.008878566647290554,high_vol,low_vol,pre_covid
2016-10-20,98.31999969,1265.599976,17.50200081,1.746999979,13.75,0.004587367,-0.001815709,0.003592564,0.00874324,0.001702776,0.001256272,0.004204983974713384,0.008761398230455977,high_vol,low_vol,pre_covid
2016-10-21,98.69999695,1265.900024,17.44799995,1.74000001,13.34000015,0.003857453,0.000237052,0.003539896,0.008298455,0.002233471,0.001352017,0.004219544428661147,0.008570691204378334,high_vol,low_vol,pre_covid
2016-10-24,98.66999817,1262.0,17.56200027,1.763000011,13.02000046,-0.000303985,-0.003085587,0.00355362,0.008298448,0.002203072,0.001043458,0.0042060997605499915,0.008376701177447274,high_vol,low_vol,pre_covid
2016-10-25,98.72000122,1271.900024,17.73600006,1.758000016,13.46000004,0.000506642,0.007814101,0.003480172,0.008561398,0.001038604,0.001497119,0.004128276101145282,0.00823101700990646,low_vol,low_vol,pre_covid
2016-10-26,98.62999725,1264.800049,17.58499908,1.789999962,14.23999977,-0.000912125,-0.005597819,0.003525454,0.008403943,0.000671413,0.00108909,0.00405268790805942,0.008254205020082188,low_vol,low_vol,pre_covid
2016-10-27,98.88999939,1267.900024,17.60400009,1.843000054,15.35999966,0.002632668,0.002447962,0.003511182,0.008440572,0.001395066,0.001022644,0.00398276030198454,0.008195017920440669,low_vol,low_vol,pre_covid
2016-10-28,98.34999847,1275.5,17.76199913,1.845000029,16.19000053,-0.005475586,0.005976251,0.003844552,0.008581232,0.000336102,0.00177178,0.003941833578377447,0.008039196408207556,low_vol,low_vol,pre_covid
2016-10-31,98.44999695,1271.5,17.76199913,1.833999991,17.05999947,0.001016245,-0.003140953,0.003812221,0.008521825,0.000570438,0.001353992,0.004018489089790322,0.007992004687222033,low_vol,low_vol,pre_covid
2016-11-01,97.69999695,1286.400024,18.38500023,1.820000052,18.55999947,-0.007647246,0.011650333,0.004277146,0.008979929,-0.000204504,0.002010116,0.003949141216164922,0.007871111333842013,low_vol,low_vol,pre_covid
2016-11-02,97.40000153,1306.800049,18.65999985,1.799000025,19.31999969,-0.003075301,0.0157338,0.00430978,0.006032076,-0.000481387,0.003021943,0.00415923118591311,0.008177844441682177,high_vol,low_vol,pre_covid
2016-11-03,97.16000366,1302.099976,18.38299942,1.812000036,22.07999992,-0.002467084,-0.003603111,0.004361675,0.006114684,-0.001186832,0.002843203,0.004127812116736622,0.008809270401076773,low_vol,low_vol,pre_covid
2016-11-04,97.06999969,1303.300049,18.34199905,1.782999992,22.51000023,-0.000926777,0.00092122,0.004217035,0.00526473,-0.001665255,0.00291162,0.0040814616521542705,0.00865007287062675,low_vol,low_vol,pre_covid
2016-11-07,97.77999878,1278.300049,18.12400055,1.827999949,18.70999908,0.00728768,-0.019368439,0.004469451,0.007024416,-0.000906089,0.001283334,0.0040108994068418745,0.008453326205849992,low_vol,low_vol,pre_covid
2016-11-08,97.86000061,1273.400024,18.32999992,1.861999989,18.73999977,0.000817847,-0.003840601,0.004467363,0.007104249,-0.000874968,0.000117864,0.004181512610705379,0.009481793007363758,high_vol,high_vol,pre_covid
2016-11-09,98.5,1272.599976,18.35700035,2.072000027,14.38000011,0.006518656,-0.000628475,0.003872146,0.0070907,-0.00013189,0.000614799,0.004106258919491774,0.009289285336754024,low_vol,low_vol,pre_covid
2016-11-10,98.79000092,1265.5,18.7159996,2.117000103,14.73999977,0.002939846,-0.005594732,0.003877855,0.007210388,-0.000101172,-0.000189471,0.004222025280649723,0.009058928951576206,high_vol,low_vol,pre_covid
2016-11-11,98.79000092,1265.5,18.7159996,2.117000103,14.17000008,0.0,0.0,0.003707395,0.007186925,0.000446387,-0.000787096,0.0041807813023745435,0.008945640602322624,high_vol,low_vol,pre_covid
2016-11-14,100.1100006,1221.199951,16.87700081,2.221999884,14.47999954,0.013273193,-0.035633359,0.004537044,0.010658612,0.001672081,-0.004036336,0.004102980411433269,0.008731446350934794,low_vol,low_vol,pre_covid
2016-11-15,100.1900024,1224.0,17.02899933,2.237999916,13.36999989,0.00079882,0.002290242,0.004506025,0.010675423,0.002516688,-0.004972345,0.00478010384775501,0.012041968962861844,high_vol,high_vol,pre_covid
2016-11-16,100.4100037,1223.400024,16.91399956,2.22300005,13.72000027,0.002193433,-0.000490296,0.004505842,0.010580917,0.003043561,-0.006594755,0.004689394717079689,0.01168312578788415,high_vol,high_vol,pre_covid
2016-11-17,100.8899994,1216.5,16.76099968,2.276000023,13.35000038,0.004768968,-0.005656005,0.004556522,0.010490942,0.003767167,-0.006800044,0.004617384889375187,0.011332347437025396,high_vol,high_vol,pre_covid
2016-11-18,101.2099991,1208.5,16.61300087,2.335000038,12.85000038,0.003166749,-0.006597962,0.004517953,0.010539203,0.004176519,-0.007551963,0.004620359193347753,0.01108521663588467,high_vol,high_vol,pre_covid
2016-11-21,101.0500031,1209.599976,16.51199913,2.338999987,12.42000008,-0.001582083,0.000909785,0.00452471,0.010547995,0.003289543,-0.00552414,0.004571527698231717,0.01088291752837237,high_vol,high_vol,pre_covid
2016-11-22,101.0400009,1211.0,16.62299919,2.321000099,12.40999985,-9.9e-05,0.001156758,0.004521703,0.010570111,0.00319786,-0.005024404,0.004495415139607273,0.010570755004645216,high_vol,high_vol,pre_covid
2016-11-23,101.6999969,1189.099976,16.38299942,2.357000113,12.43000031,0.006510786,-0.018249767,0.004667764,0.010889888,0.003197072,-0.006786533,0.004409760496751351,0.010275099931556462,high_vol,high_vol,pre_covid
2016-11-25,101.4899979,1178.199951,16.4640007,2.371999979,12.34000015,-0.002067023,-0.009208889,0.004703236,0.010957851,0.002696386,-0.007147949,0.0045048212906457444,0.010909807368329288,high_vol,high_vol,pre_covid
2016-11-28,101.3300018,1190.599976,16.57799911,2.319999933,13.14999962,-0.001577715,0.010469553,0.004735952,0.011305374,0.002538614,-0.006100994,0.004438429948841342,0.010828694043307364,high_vol,high_vol,pre_covid
2016-11-29,100.9300003,1187.900024,16.6609993,2.302000046,12.89999962,-0.003955325,-0.002270298,0.004640088,0.011119859,0.000815762,-0.002764688,0.004365932090725407,0.010794523123508981,high_vol,high_vol,pre_covid
2016-11-30,101.5,1170.800049,16.40600014,2.368000031,13.32999992,0.005631588,-0.014499745,0.004737583,0.011380439,0.001299039,-0.004443687,0.0043547841685874856,0.010502175731276124,high_vol,high_vol,pre_covid
2016-12-01,101.0400009,1166.900024,16.42700005,2.440999985,14.06999969,-0.004542311,-0.003336637,0.004480875,0.010810241,0.000625465,-0.004728321,0.004408081913735169,0.010788136228815401,high_vol,high_vol,pre_covid
2016-12-02,100.7699966,1175.099976,16.75300026,2.390000105,14.11999989,-0.002675828,0.007002549,0.004460835,0.010134115,-0.000119015,-0.003462465,0.004417094635404104,0.010513405815663629,high_vol,high_vol,pre_covid
2016-12-05,100.1399994,1174.0,16.8239994,2.387000084,12.14000034,-0.006271458,-0.000936508,0.004705638,0.010169906,-0.001062836,-0.00289632,0.004366263159044773,0.010343668041881143,high_vol,high_vol,pre_covid
2016-12-06,100.4899979,1167.599976,16.73999977,2.395999908,11.78999996,0.003488998,-0.005466382,0.004693301,0.010081241,-0.000555728,-0.003533937,0.004458747804341214,0.010060754189672606,high_vol,high_vol,pre_covid
2016-12-07,100.2300034,1175.0,17.20299911,2.346999884,12.22000027,-0.00259062,0.006317809,0.004593862,0.009836052,-0.000804891,-0.003017832,0.004424422244684539,0.009880942656496652,high_vol,high_vol,pre_covid
2016-12-08,101.0699997,1169.800049,17.02499962,2.387000084,12.64000034,0.008345765,-0.004435312,0.004850841,0.009836388,-0.000621393,-0.001636386,0.004371348116744483,0.00972537606566676,high_vol,high_vol,pre_covid
2016-12-09,101.5699997,1159.400024,16.89699936,2.463999987,11.75,0.00493487,-0.008930185,0.004781329,0.009859184,7.88e-05,-0.001608516,0.004582371302801204,0.009534351597954925,high_vol,high_vol,pre_covid
2016-12-12,100.9599991,1163.5,17.11599922,2.479000092,12.64000034,-0.006023823,0.003530053,0.005036074,0.010005558,-0.000365815,-0.002302466,0.004593476197026613,0.009539237836989673,high_vol,high_vol,pre_covid
2016-12-13,101.0299988,1156.699951,16.9109993,2.480999947,12.72000027,0.000693101,-0.005861623,0.005031223,0.00997004,9.9e-05,-0.002661598,0.004659416059356995,0.00932643955670832,high_vol,low_vol,pre_covid
2016-12-14,102.0,1161.300049,17.15200043,2.525000095,13.18999958,0.009555323,0.003969028,0.00462964,0.007065498,0.000491401,-0.000814721,0.004571159023121562,0.009205747703799226,high_vol,low_vol,pre_covid
2016-12-15,103.1299973,1127.800049,15.89700031,2.579999924,12.78999996,0.011017488,-0.029271234,0.00512954,0.009086733,0.002047381,-0.003408181,0.0048501724531888005,0.009021219507654001,high_vol,low_vol,pre_covid
2016-12-16,102.9499969,1135.300049,16.15299988,2.596999884,12.19999981,-0.001746898,0.006628101,0.005170098,0.009349187,0.002140274,-0.003445625,0.005212928345696877,0.01124242095813945,high_vol,high_vol,pre_covid
2016-12-19,103.1399994,1140.5,16.02599907,2.542000055,11.71000004,0.001843879,0.004569787,0.005107872,0.009499591,0.002951808,-0.002894996,0.005121743800593259,0.011016496989630484,high_vol,high_vol,pre_covid
2016-12-20,103.2900009,1131.5,16.05400085,2.568000078,11.44999981,0.001453292,-0.007922577,0.005086012,0.009528527,0.002748238,-0.003140615,0.005032400778106315,0.01074597450993755,high_vol,high_vol,pre_covid
2016-12-21,103.0199966,1131.099976,15.91800022,2.546000004,11.27000046,-0.002617463,-0.000353597,0.0051169,0.009505673,0.002745553,-0.003807756,0.004940704830047233,0.010616606218485258,high_vol,high_vol,pre_covid
2016-12-22,103.0899963,1128.800049,15.81499958,2.552999973,11.43000031,0.000679246,-0.002035424,0.005111972,0.009458004,0.001978901,-0.003567767,0.004872175302580292,0.010317242400279656,high_vol,high_vol,pre_covid
2016-12-23,103.0100021,1131.900024,15.70400047,2.542999983,11.43999958,-0.000776266,0.002742493,0.004961192,0.008896883,0.001407788,-0.002400499,0.004778518268695225,0.010046203085896363,high_vol,high_vol,pre_covid
2016-12-27,103.0199966,1137.300049,15.9289999,2.562999964,11.98999977,9.7e-05,0.004759417,0.004925162,0.008880402,0.002019872,-0.002277563,0.004688604648526166,0.009792641713665822,high_vol,high_vol,pre_covid
2016-12-28,103.2600021,1139.400024,15.98799992,2.506000042,12.94999981,0.002326989,0.001844754,0.004908053,0.008480741,0.002183261,-0.001506925,0.004598011765540227,0.009594178937543434,high_vol,high_vol,pre_covid
2016-12-29,102.6800003,1156.400024,16.16300011,2.476999998,13.36999989,-0.005632741,0.014809923,0.005003714,0.009247293,0.000664455,-0.000422836,0.004531097135270186,0.009353478419572363,high_vol,low_vol,pre_covid
2016-12-30,102.3899994,1150.0,15.93599987,2.446000099,14.03999996,-0.002828313,-0.00554981,0.004936951,0.008803124,-0.000720126,0.001949307,0.00458151780647238,0.009750763930595546,high_vol,high_vol,pre_covid
2017-01-03,103.2099991,1160.400024,16.3560009,2.450000048,12.85000038,0.007976693,0.009002852,0.005062572,0.009037791,0.000252233,0.002186782,0.004529015330924168,0.009592418661486158,high_vol,high_vol,pre_covid
2017-01-04,102.6999969,1163.800049,16.49900055,2.451999903,11.85000038,-0.004953651,0.002925761,0.00516882,0.008916831,-0.00042752,0.002022379,0.004702440825931221,0.009572692602594638,high_vol,high_vol,pre_covid
2017-01-05,101.5199966,1179.699951,16.58399963,2.368000031,11.67000008,-0.011556297,0.013569572,0.005642559,0.009425451,-0.001728478,0.004171594,0.004714467238317642,0.009347153652149847,high_vol,low_vol,pre_covid
2017-01-06,102.2200012,1171.900024,16.4659996,2.417999983,11.31999969,0.006871575,-0.006633743,0.005774344,0.009464094,-0.000779575,0.00354358,0.005149461170394675,0.009644781042209463,high_vol,high_vol,pre_covid
2017-01-09,101.9300003,1183.5,16.62999916,2.375999928,11.56000042,-0.002841059,0.009849766,0.005781978,0.009608991,-0.001131605,0.004732099,0.0052189458858216,0.009533405579607723,high_vol,high_vol,pre_covid
2017-01-10,102.0100021,1184.199951,16.8029995,2.378999949,11.48999977,0.000784562,0.00059125,0.005518053,0.009546407,-0.000975522,0.004516974,0.005146759130161394,0.009563970388729102,high_vol,high_vol,pre_covid
2017-01-11,101.7799988,1195.599976,16.78300095,2.369999886,11.26000023,-0.002257259,0.009580731,0.005447927,0.009478487,-0.00121095,0.004999106,0.005046826733722697,0.00931737905212044,high_vol,low_vol,pre_covid
2017-01-12,101.3499985,1198.900024,16.78000069,2.361000061,11.53999996,-0.004233751,0.002756359,0.005360652,0.009471556,-0.001867024,0.005090266,0.004968197042542026,0.009349942098272921,high_vol,low_vol,pre_covid
2017-01-13,101.1800003,1195.300049,16.71999931,2.380000114,11.22999954,-0.001678746,-0.003007249,0.005374349,0.009381782,-0.001471625,0.003308549,0.004942524329416733,0.009133807262767774,high_vol,low_vol,pre_covid
2017-01-17,100.3300018,1212.0,17.10199928,2.326999903,11.86999989,-0.008436341,0.013874647,0.005218564,0.009750562,-0.002032427,0.005250995,0.004857657439774978,0.008942347037664828,high_vol,low_vol,pre_covid
2017-01-18,100.9300003,1211.300049,17.23500061,2.388999939,12.47999954,0.005962439,-0.000577684,0.004741674,0.006667151,-0.002233853,0.004292941,0.005043613164550974,0.009308396779494334,high_vol,low_vol,pre_covid
2017-01-19,101.1500015,1200.900024,16.96699905,2.459000111,12.77999973,0.002177368,-0.008622907,0.004788968,0.007113749,-0.001520751,0.003138074,0.005076078414074878,0.009076768763534858,high_vol,low_vol,pre_covid
2017-01-20,100.7399979,1204.300049,16.99699974,2.467000008,11.53999996,-0.00406166,0.00282723,0.004796875,0.007100693,-0.000771287,0.00206384,0.00499288836703413,0.009100570489108666,high_vol,low_vol,pre_covid
2017-01-23,100.1600037,1215.0,17.14999962,2.403000116,11.77000046,-0.005773975,0.008845551,0.004861757,0.006795435,-0.002035842,0.003611769,0.004960698475490376,0.00889928283723631,high_vol,low_vol,pre_covid
2017-01-24,100.3499985,1210.300049,17.14900017,2.470999956,11.06999969,0.001895116,-0.003875774,0.004907795,0.006934509,-0.001562225,0.002239215,0.004995197666176998,0.008924370113601431,high_vol,low_vol,pre_covid
2017-01-25,100.0299988,1197.300049,16.94400024,2.523000002,10.81000042,-0.003193931,-0.010799241,0.004904428,0.007506859,-0.001960074,0.001100166,0.004909960259636084,0.008765305890048902,high_vol,low_vol,pre_covid
2017-01-26,100.3799973,1189.5,16.81399918,2.507999897,10.63000011,0.003492828,-0.006536012,0.005020203,0.007778874,-0.001385065,-0.000511508,0.004855820916212669,0.008950912351673248,high_vol,low_vol,pre_covid
2017-01-27,100.5299988,1188.099976,17.10000038,2.480999947,10.57999992,0.001493221,-0.001177679,0.005047848,0.007795318,-0.000812368,-0.000904912,0.004807659331433915,0.008882201655794715,high_vol,low_vol,pre_covid
2017-01-30,100.4300003,1193.199951,17.12199974,2.48300004,11.88000011,-0.000995208,0.004283361,0.004984596,0.007809775,-0.000744014,-0.000175851,0.004722278401423686,0.00867765423036204,high_vol,low_vol,pre_covid
2017-01-31,99.51000214,1208.599976,17.51199913,2.450999975,11.98999977,-0.009202807,0.012823912,0.005195347,0.007659991,-0.000820661,-0.000280924,0.004635509385074413,0.008532134656934538,high_vol,low_vol,pre_covid
2017-02-01,99.63999939,1205.599976,17.42000008,2.473999977,11.81000042,0.001305521,-0.002485297,0.005220488,0.007535093,-0.001286353,-0.000471686,0.004892817846365179,0.008858664557471028,high_vol,low_vol,pre_covid
2017-02-02,99.84999847,1216.699951,17.40200043,2.470000029,11.93000031,0.00210536,0.009164888,0.004842569,0.007542435,-0.001293553,0.001307094,0.0048032222375906306,0.008672871022247263,high_vol,low_vol,pre_covid
2017-02-03,99.87000275,1218.5,17.45299911,2.490999937,10.97000027,0.000200323,0.001478358,0.004793181,0.007542623,-0.000867355,0.001172207,0.004726484439512783,0.00873411303392806,high_vol,low_vol,pre_covid
2017-02-06,99.91000366,1230.0,17.66699982,2.413000107,11.36999989,0.00040045,0.009393575,0.004189962,0.007277931,-0.000249913,0.001227009,0.004635018610686586,0.008536331635707857,high_vol,low_vol,pre_covid
2017-02-07,100.2600021,1234.199951,17.7329998,2.388999939,11.28999996,0.003497016,0.003408778,0.003939837,0.007008001,-8.97e-05,0.001955464,0.004546210245234528,0.008622476582018458,high_vol,low_vol,pre_covid
2017-02-08,100.2799988,1237.599976,17.68300056,2.351000071,11.44999981,0.000199428,0.002751053,0.00392161,0.006802244,0.000249613,0.003310494,0.004508969735693786,0.008459314957632375,high_vol,low_vol,pre_covid
2017-02-09,100.6500015,1235.099976,17.71999931,2.394999981,10.88000011,0.003682906,-0.002022082,0.004028856,0.006855469,0.000268621,0.003761887,0.004422923382209532,0.0082930673694481,high_vol,low_vol,pre_covid
2017-02-10,100.8000031,1234.400024,17.91200066,2.40899992,10.85000038,0.001489219,-0.000566877,0.004036563,0.006649243,0.000268221,0.003822967,0.004395803863704124,0.008132001340240029,high_vol,low_vol,pre_covid
2017-02-13,100.9599991,1224.400024,17.80400085,2.434000015,11.06999969,0.001586004,-0.008134094,0.003963693,0.00696524,0.000526342,0.002581222,0.00432139831994087,0.007964732527182725,high_vol,low_vol,pre_covid
2017-02-14,101.25,1223.900024,17.87199974,2.470000029,10.73999977,0.002868316,-0.000408447,0.004001946,0.006913335,0.001733454,0.001257986,0.0042502940170954275,0.008052588447124509,high_vol,low_vol,pre_covid
2017-02-15,101.1800003,1231.699951,17.9470005,2.502000093,11.97000027,-0.000691594,0.006352788,0.003508928,0.006395235,0.001533743,0.002141794,0.004206251864085578,0.0078890505987873,high_vol,low_vol,pre_covid
2017-02-16,100.4400024,1240.0,18.06299973,2.450000048,11.76000023,-0.007340553,0.00671609,0.00365271,0.006515441,0.000589151,0.001896914,0.004130453254606911,0.007868574898076214,low_vol,low_vol,pre_covid
2017-02-17,100.9499969,1237.599976,18.0189991,2.424999952,11.48999977,0.005064756,-0.001937379,0.003799329,0.006170007,0.001075595,0.001555341,0.004303911705347096,0.007866000964980165,high_vol,low_vol,pre_covid
2017-02-21,101.3700027,1237.5,17.98999977,2.427000046,11.56999969,0.004151902,-8.08e-05,0.00379325,0.006169795,0.00145074,0.000607905,0.004333855987459115,0.007728810326389792,high_vol,low_vol,pre_covid
2017-02-22,101.3300018,1232.0,17.94199944,2.417999983,11.73999977,-0.000394681,-0.00445435,0.003535676,0.006037169,0.00106157,-0.000178408,0.004326023536167055,0.007582895365343279,high_vol,low_vol,pre_covid
2017-02-23,101.0500031,1250.199951,18.11300087,2.388000011,11.71000004,-0.002767061,0.014664634,0.003593096,0.006663611,0.000764921,0.00101295,0.004245478728650954,0.007527514766152179,high_vol,low_vol,pre_covid
2017-02-24,101.0899963,1256.900024,18.33499908,2.316999912,11.47000027,0.000395699,0.005344892,0.003501229,0.006073455,0.000436201,0.001749647,0.004202607220333896,0.008146817618301555,high_vol,low_vol,pre_covid
2017-02-27,101.1299973,1257.400024,18.35400009,2.368999958,12.09000015,0.000395618,0.000397725,0.003433521,0.005748073,0.00032684,0.001846107,0.0041247147430280105,0.008068181900992054,low_vol,low_vol,pre_covid
2017-02-28,101.1200027,1252.599976,18.42000008,2.35800004,12.92000008,-9.88e-05,-0.003824745,0.003424685,0.005863915,0.000158357,0.002277042,0.004048821370455735,0.007902414123435711,low_vol,low_vol,pre_covid
2017-03-01,101.7799988,1248.900024,18.44300079,2.463000059,12.53999996,0.006505652,-0.002958188,0.003667716,0.005966895,0.00052209,0.002022068,0.0039745171531752445,0.00780540575706857,low_vol,low_vol,pre_covid
2017-03-02,102.1999969,1231.900024,17.70499992,2.489000082,11.81000042,0.004118039,-0.013705471,0.002965804,0.006392278,0.001003054,1.62e-05,0.004098905858730206,0.007691841700162426,low_vol,low_vol,pre_covid
2017-03-03,101.5400009,1225.5,17.6970005,2.492000103,10.96000004,-0.006478829,-0.005208789,0.003413796,0.006491451,0.001089226,-0.001176246,0.004099906659588809,0.008238844316714686,low_vol,low_vol,pre_covid
2017-03-06,101.6399994,1224.5,17.72500038,2.493999958,11.23999977,0.000984334,-0.000816327,0.003402743,0.006205919,0.000681184,-0.00106414,0.004222033787573621,0.008165665735006374,high_vol,low_vol,pre_covid
2017-03-07,101.8099976,1215.099976,17.49200058,2.510999918,11.44999981,0.001671155,-0.00770624,0.003403923,0.006438331,0.000433109,-0.001826686,0.004146991552505439,0.007998093205946535,low_vol,low_vol,pre_covid
2017-03-08,102.0699997,1208.5,17.25699997,2.552000046,11.85999966,0.002550542,-0.005446437,0.003419935,0.006148294,0.000727631,-0.001925894,0.0040819892011892825,0.008058796979240111,low_vol,low_vol,pre_covid
2017-03-09,101.8499985,1202.400024,16.99300003,2.59800005,12.30000019,-0.002157722,-0.005060341,0.003437601,0.006133427,0.000788565,-0.003898392,0.004035791544714413,0.008007262820144558,low_vol,low_vol,pre_covid
2017-03-10,101.25,1200.699951,16.88299942,2.582000017,11.65999985,-0.005908422,-0.0014149,0.00373221,0.006064772,0.000158153,-0.004574371,0.003985451313493197,0.007944411816763454,low_vol,low_vol,pre_covid
2017-03-13,101.3799973,1202.400024,16.93499947,2.60800004,11.35000038,0.0012831,0.0014149,0.003664672,0.00609462,0.000246902,-0.004472654,0.004082732074350439,0.00779536478222831,low_vol,low_vol,pre_covid
2017-03-14,101.6999969,1201.900024,16.88800049,2.595000029,12.30000019,0.003151467,-0.000415921,0.003708333,0.006095589,0.000571932,-0.004131771,0.004014393247757888,0.00765038495881353,low_vol,low_vol,pre_covid
2017-03-15,100.7399979,1200.099976,16.88800049,2.507999897,11.63000011,-0.009484354,-0.001498792,0.004277897,0.005890549,-0.001027069,-0.003985832,0.003986397118781445,0.007510276093644424,low_vol,low_vol,pre_covid
2017-03-16,100.2699966,1226.5,17.29599953,2.522000074,11.21000004,-0.004676405,0.021759718,0.004332272,0.007701334,-0.001906513,-0.000439313,0.004334639932042225,0.007388275326947872,high_vol,low_vol,pre_covid
2017-03-17,100.3000031,1229.800049,17.37899971,2.500999928,11.27999973,0.000299211,0.00268701,0.004335054,0.007593333,-0.001228709,0.000350267,0.00435251915802403,0.008876575790310277,high_vol,low_vol,pre_covid
2017-03-20,100.4100037,1233.599976,17.40299988,2.47300005,11.34000015,0.001096115,0.00308511,0.004042283,0.00747136,-0.001217531,0.000740411,0.004270568638259021,0.008685513546307736,high_vol,low_vol,pre_covid
2017-03-21,99.80999756,1246.099976,17.54999924,2.436000109,12.47000027,-0.005993486,0.01008195,0.00406776,0.007788969,-0.001983995,0.00251923,0.004195232744394878,0.008512220693370992,high_vol,low_vol,pre_covid
2017-03-22,99.68000031,1249.300049,17.54500008,2.395999908,12.81000042,-0.001303296,0.002564779,0.003924769,0.007803443,-0.002369379,0.003320351,0.004283561387455683,0.008643100849582601,high_vol,low_vol,pre_covid
2017-03-23,99.76000214,1246.900024,17.56299973,2.417999983,13.11999989,0.000802265,-0.001922943,0.003939621,0.007743184,-0.00207338,0.003634091,0.004211654100979619,0.008463286083074818,high_vol,low_vol,pre_covid
2017-03-24,99.62999725,1248.199951,17.71999931,2.400000095,12.96000004,-0.001304026,0.001041984,0.003914908,0.007042485,-0.001612941,0.00387978,0.004135507501830272,0.008290918238547001,low_vol,low_vol,pre_covid
2017-03-27,99.16999817,1255.400024,18.07999992,2.372999907,12.5,-0.004627766,0.005751792,0.003998858,0.007058687,-0.002204028,0.004313469,0.004067684100626108,0.008114753646160643,low_vol,low_vol,pre_covid
2017-03-28,99.70999908,1255.300049,18.22500038,2.40899992,11.52999973,0.005430433,-7.96e-05,0.004225743,0.007057919,-0.001976131,0.004347097,0.004096563444313864,0.008053401966568188,low_vol,low_vol,pre_covid
2017-03-29,100.0,1253.400024,18.22800064,2.385999918,11.42000008,0.002904222,-0.001514748,0.00429638,0.007014499,-0.000737273,0.004345501,0.004154585496404844,0.00788871175205274,low_vol,low_vol,pre_covid
2017-03-30,100.4100037,1245.0,18.18499947,2.415999889,11.53999996,0.004091654,-0.006724348,0.004127697,0.00714172,0.000139533,0.001497095,0.004114723719970339,0.007744169494620999,low_vol,low_vol,pre_covid
2017-03-31,100.3499985,1247.300049,18.23500061,2.395999908,12.36999989,-0.00059778,0.001845724,0.003981277,0.00643726,4.98e-05,0.001412966,0.004114047242159629,0.007773721650943263,low_vol,low_vol,pre_covid
2017-04-03,100.5400009,1250.800049,18.19099998,2.349999905,12.38000011,0.001891607,0.002802131,0.00380684,0.006312497,0.000129383,0.001384668,0.004040032886818096,0.007634465400089087,low_vol,low_vol,pre_covid
2017-04-04,100.5400009,1255.0,18.30200005,2.349999905,11.78999996,0.0,0.003352187,0.003794059,0.006318952,0.000728731,0.000711692,0.003981695005263461,0.007518546986684566,low_vol,low_vol,pre_covid
2017-04-05,100.5599976,1245.400024,18.16600037,2.357000113,12.89000034,0.000198873,-0.00767879,0.003765073,0.006317026,0.000878948,-0.000312665,0.003909010477363908,0.007421747169886634,low_vol,low_vol,pre_covid
2017-04-06,100.6699982,1250.300049,18.22500038,2.342999935,12.39000034,0.001093283,0.003926779,0.003717458,0.006155004,0.00090805,0.000272307,0.003838269338885534,0.007530696016126636,low_vol,low_vol,pre_covid
2017-04-07,101.1800003,1254.300049,18.12999916,2.372999907,12.86999989,0.005053289,0.003194125,0.003900504,0.005967833,0.001543782,0.000487521,0.0037745682765719045,0.007447919888840034,low_vol,low_vol,pre_covid
2017-04-10,101.0199966,1251.099976,17.8939991,2.361000061,14.05000019,-0.001582628,-0.002554542,0.003699337,0.006005618,0.001848295,-0.000343112,0.003832541572174555,0.007352001759847888,low_vol,low_vol,pre_covid
2017-04-11,100.7099991,1271.199951,18.2329998,2.298000097,15.06999969,-0.003073393,0.015938153,0.003739344,0.006732214,0.000997913,0.001258667,0.0037774985924882154,0.007258202286625165,low_vol,low_vol,pre_covid
2017-04-12,100.7799988,1275.300049,18.27899933,2.296000004,15.77000046,0.000694821,0.003220186,0.003663101,0.006696091,0.000776973,0.001732161,0.003760445456325885,0.008052968683377763,low_vol,low_vol,pre_covid
2017-04-13,100.5599976,1285.900024,18.48900032,2.232000113,15.96000004,-0.002185371,0.008277398,0.003057525,0.006720412,0.00014927,0.003232335,0.0036955179210340513,0.00791979334360868,low_vol,low_vol,pre_covid
2017-04-17,100.3000031,1289.400024,18.49300003,2.252000093,14.65999985,-0.002588815,0.002718132,0.002932153,0.005220844,-4.98e-05,0.003319576,0.0036568622218450305,0.007993520693961191,low_vol,low_vol,pre_covid
2017-04-18,99.5,1291.699951,18.25099945,2.178999901,14.42000008,-0.008008081,0.00178213,0.003412775,0.005221931,-0.001039802,0.003217576,0.0036299140273365897,0.007854131417460018,low_vol,low_vol,pre_covid
2017-04-19,99.73999786,1281.400024,18.13599968,2.201999903,14.93000031,0.002409135,-0.008005893,0.003452988,0.005683141,-0.000798889,0.002081768,0.0038990049238512734,0.007709369705900071,low_vol,low_vol,pre_covid
2017-04-20,99.77999878,1281.900024,17.99200058,2.240999937,14.14999962,0.000400971,0.000390122,0.003200246,0.005362302,-0.000778679,0.002888659,0.0038555228777949367,0.007812025155641845,low_vol,low_vol,pre_covid
2017-04-21,99.98000336,1287.400024,17.82999992,2.236999989,14.63000011,0.002002449,0.004281328,0.003214942,0.00539475,-0.000687762,0.002924114,0.0037866433221259528,0.0076609968498230815,low_vol,low_vol,pre_covid
2017-04-24,99.08999634,1275.800049,17.84799957,2.273000002,10.84000015,-0.008941708,-0.009051229,0.003770246,0.005823523,-0.002087262,0.001699578,0.003738062805423858,0.007579859326630824,low_vol,low_vol,pre_covid
2017-04-25,98.81999969,1265.599976,17.58099937,2.326999903,10.76000023,-0.002728481,-0.008027172,0.003801502,0.006154235,-0.002201847,0.001152315,0.004070787844635919,0.007760648056903274,low_vol,low_vol,pre_covid
2017-04-26,98.95999908,1262.099976,17.35300064,2.311000109,10.85000038,0.001415709,-0.002769318,0.003691719,0.006082168,-0.001752937,-0.000718432,0.004032900892050206,0.007860034593853964,low_vol,low_vol,pre_covid
2017-04-27,99.08000183,1263.699951,17.26499939,2.296000004,10.35999966,0.001211904,0.001266906,0.00348465,0.006085578,-0.001701229,-0.00091376,0.003967556396170194,0.007738812540646253,low_vol,low_vol,pre_covid
2017-04-28,99.05000305,1266.099976,17.19099998,2.282000065,10.81999969,-0.000302819,0.001897403,0.003406518,0.006079758,-0.001512974,-0.001551759,0.0039015717655653615,0.007595951782414056,low_vol,low_vol,pre_covid
2017-05-01,99.13999939,1253.300049,16.78000069,2.325000048,10.10999966,0.000908182,-0.010161179,0.003261854,0.00632471,-0.001163274,-0.00283969,0.003831633944226113,0.007468000074588053,low_vol,low_vol,pre_covid
2017-05-02,98.98000336,1255.099976,16.7689991,2.296000004,10.59000015,-0.001615143,0.00143512,0.00326927,0.006320379,-0.00052398,-0.002874391,0.0037663765488821625,0.007739496449054357,low_vol,low_vol,pre_covid
2017-05-03,99.20999908,1246.400024,16.48699951,2.309000015,10.68000031,0.002320963,-0.006955816,0.003287282,0.006483574,-0.000532797,-0.002769383,0.003713865247945197,0.007597992591960672,low_vol,low_vol,pre_covid
2017-05-04,98.76000214,1226.5,16.24399948,2.355999947,10.46000004,-0.00454612,-0.016094831,0.003391474,0.007293851,-0.001027506,-0.004417879,0.003674473686424089,0.007651355881653285,low_vol,low_vol,pre_covid
2017-05-05,98.65000153,1224.800049,16.21500015,2.351999998,10.56999969,-0.001114438,-0.001386979,0.003383252,0.007137383,-0.001339195,-0.004984709,0.0037204195868029257,0.008447925946341039,low_vol,low_vol,pre_covid
2017-05-08,99.15000153,1225.300049,16.1989994,2.375999928,9.770000458,0.005055622,0.000408147,0.003604031,0.007061915,6.05e-05,-0.004038772,0.0036618398562283457,0.008269581375985094,low_vol,low_vol,pre_covid
2017-05-09,99.58999634,1214.300049,16.00799942,2.407000065,9.960000038,0.004427851,-0.009017933,0.003556164,0.00720396,0.000776171,-0.004137848,0.003726602530753391,0.008092432200842282,low_vol,low_vol,pre_covid
2017-05-10,99.66999817,1217.300049,16.15099907,2.414000034,10.21000004,0.000802989,0.002467512,0.003566468,0.00725191,0.000714899,-0.003614165,0.0037579307175127767,0.00822269034820158,low_vol,low_vol,pre_covid
2017-05-11,99.62000275,1222.699951,16.20899963,2.400000095,10.60000038,-0.000501735,0.004426157,0.003522641,0.006249128,0.000543535,-0.00329824,0.0036938266986327266,0.008065556185680669,low_vol,low_vol,pre_covid
2017-05-12,99.25,1226.199951,16.34600067,2.335000038,10.39999962,-0.003721056,0.002858428,0.003577977,0.006234928,0.000201712,-0.003202137,0.0036303663708845972,0.007962274398069754,low_vol,low_vol,pre_covid
2017-05-15,98.91000366,1228.599976,16.56100082,2.338000059,10.42000008,-0.003431537,0.001955373,0.003613505,0.005861963,-0.00023226,-0.001990482,0.003642730011217238,0.007827341156513814,low_vol,low_vol,pre_covid
2017-05-16,98.11000061,1235.0,16.69300079,2.328999996,10.64999962,-0.008121078,0.00519568,0.003938427,0.005988834,-0.000882854,-0.001614426,0.0036435074421234687,0.007686241196942591,low_vol,low_vol,pre_covid
2017-05-17,97.41999817,1257.5,16.85199928,2.21600008,15.59000015,-0.007057795,0.018054653,0.003859159,0.007396999,-0.00182073,0.000886621,0.003920042618037935,0.007633847744976302,low_vol,low_vol,pre_covid
2017-05-18,97.87999725,1251.699951,16.62100029,2.23300004,14.65999985,0.004710701,-0.004623035,0.003991413,0.007279046,-0.000895048,0.0020338,0.004092347328081446,0.008602675161196444,low_vol,low_vol,pre_covid
2017-05-19,97.15000153,1252.699951,16.75,2.244999886,12.03999996,-0.007486019,0.000798595,0.004227323,0.007283818,-0.001532206,0.002252358,0.004117492362248505,0.008485217352831744,low_vol,low_vol,pre_covid
2017-05-22,96.98000336,1260.699951,17.14299965,2.253999949,10.93000031,-0.001751385,0.006365901,0.004160782,0.007374425,-0.002212906,0.002848133,0.004301656916610143,0.008297042941070844,high_vol,low_vol,pre_covid
2017-05-23,97.34999847,1254.800049,17.0909996,2.285000086,10.72000027,0.00380791,-0.004690847,0.003937259,0.007195554,-0.002274901,0.003280842,0.004235690483368441,0.008247601562854144,high_vol,low_vol,pre_covid
2017-05-24,97.23999786,1252.400024,17.07699966,2.266000032,10.02000046,-0.001130589,-0.001914506,0.003914385,0.007009396,-0.002468258,0.00284264,0.004219911264880118,0.008155367943807099,high_vol,low_vol,pre_covid
2017-05-25,97.25,1255.800049,17.15200043,2.255000114,9.989999771,0.000102855,0.002711129,0.003888169,0.007022663,-0.002407799,0.002671137,0.004147710021606141,0.008000683673460131,low_vol,low_vol,pre_covid
2017-05-26,97.40000153,1267.599976,17.28300095,2.25,9.81000042,0.001541244,0.009352471,0.00389747,0.007324479,-0.001881569,0.003320541,0.004070736032013063,0.007860740367200844,low_vol,low_vol,pre_covid
2017-05-30,97.27999878,1262.099976,17.38800049,2.217000008,10.38000011,-0.001232821,-0.004348349,0.00389665,0.00737646,-0.001661698,0.002690169,0.004006016545586501,0.008004574795449514,low_vol,low_vol,pre_covid
2017-05-31,96.91999817,1272.0,17.36800003,2.196000099,10.40999985,-0.003707529,0.007813484,0.003922102,0.007197485,-0.001220343,0.002951949,0.003940885344913377,0.007917021003511214,low_vol,low_vol,pre_covid
2017-06-01,97.19999695,1267.0,17.24300003,2.217000008,9.890000343,0.002884803,-0.003938564,0.004013182,0.007265443,-0.000226083,0.000752628,0.003938775775951191,0.007965438967478748,low_vol,low_vol,pre_covid
2017-06-02,96.72000122,1276.800049,17.48699951,2.15899992,9.75,-0.004950461,0.007705085,0.004038241,0.007222557,-0.001192199,0.00198544,0.0039059458728781327,0.007867694647322081,low_vol,low_vol,pre_covid
2017-06-05,96.80000305,1279.300049,17.54700089,2.181999922,10.06999969,0.000826807,0.001956106,0.003986204,0.006046265,-0.000360917,0.002101191,0.0039582589094066915,0.007914374747140813,low_vol,low_vol,pre_covid
2017-06-06,96.63999939,1294.400024,17.67700005,2.147000074,10.44999981,-0.001654298,0.011734195,0.003989026,0.006348407,-0.000351208,0.00263802,0.003888956709902457,0.007768131264388042,low_vol,low_vol,pre_covid
2017-06-07,96.75,1290.099976,17.58699989,2.177999973,10.39000034,0.001137604,-0.00332757,0.003778684,0.006465102,-0.000618238,0.002774348,0.003833444291526451,0.008093063235992378,low_vol,low_vol,pre_covid
2017-06-08,96.91999817,1276.300049,17.38400078,2.194000006,10.15999985,0.001755545,-0.010754411,0.003622629,0.006628213,-0.000329625,0.001890358,0.003770343437668794,0.00797047013151657,low_vol,low_vol,pre_covid
2017-06-09,97.26999664,1268.5,17.19300079,2.198999882,10.69999981,0.003604705,-0.006130205,0.003752968,0.006882625,2.06e-05,0.001006224,0.0037177058955470297,0.008232689116854161,low_vol,low_vol,pre_covid
2017-06-12,97.13999939,1266.099976,16.91399956,2.213000059,11.46000004,-0.001337352,-0.00189381,0.003750061,0.006907613,-0.0002673,-0.000118404,0.0037163925277869264,0.008197268376407683,low_vol,low_vol,pre_covid
2017-06-13,96.98000336,1265.800049,16.73800087,2.207000017,10.42000008,-0.001648424,-0.000236918,0.003707438,0.006913806,-0.00030886,0.000292739,0.0036609310767518597,0.008039827731733352,low_vol,low_vol,pre_covid
2017-06-14,96.94000244,1272.800049,17.10700035,2.138000011,10.64000034,-0.000412551,0.005514864,0.003670934,0.006968594,2.06e-05,6.29e-05,0.003612218738793081,0.007876346563768555,low_vol,low_vol,pre_covid
2017-06-15,97.43000031,1252.199951,16.69099998,2.161999941,10.89999962,0.005041919,-0.016317271,0.003506807,0.007939964,0.000236349,-0.001174994,0.003550462119433511,0.007822540074372197,low_vol,low_vol,pre_covid
2017-06-16,97.16000366,1254.0,16.63599968,2.157000065,10.38000011,-0.002775033,0.001436477,0.003207847,0.006876383,0.000453892,-0.001801854,0.0036213476772811812,0.00861538676693683,low_vol,low_vol,pre_covid
2017-06-19,97.52999878,1244.199951,16.4829998,2.190000057,10.36999989,0.003800869,-0.007845728,0.003144763,0.007016145,0.000751298,-0.002782038,0.00360112150613081,0.008423814693017662,low_vol,low_vol,pre_covid
2017-06-20,97.75,1241.0,16.39800072,2.153000116,10.85999966,0.002253188,-0.002575208,0.002698452,0.00702868,0.001142047,-0.004212978,0.003612448243131451,0.008457357017899408,low_vol,low_vol,pre_covid
2017-06-21,97.55999756,1243.400024,16.35499954,2.154999971,10.75,-0.001945651,0.001932076,0.002706134,0.006878795,0.000833722,-0.003687013,0.0035748782312292554,0.008296280030004245,low_vol,low_vol,pre_covid
2017-06-22,97.54000092,1247.599976,16.48999977,2.153000116,10.47999954,-0.000204989,0.003372104,0.002583767,0.006867453,0.000637668,-0.002274362,0.0035348098542817403,0.008127565377355333,low_vol,low_vol,pre_covid
2017-06-23,97.30000305,1256.199951,16.62800026,2.144000053,10.02000046,-0.002463539,0.006869566,0.002631262,0.00702817,3.08e-05,-0.000974385,0.0034742920486752556,0.007993143251956433,low_vol,low_vol,pre_covid
2017-06-26,97.43000031,1246.300049,16.55999947,2.137000084,9.899999619,0.001335154,-0.007912051,0.002646678,0.007214032,0.000298094,-0.001576209,0.0034505701545660935,0.007988251898234173,low_vol,low_vol,pre_covid
2017-06-27,96.47000122,1246.400024,16.57600021,2.197999954,11.06000042,-0.009902083,8.02e-05,0.003402599,0.006865067,-0.000527271,-0.001544496,0.0034008706254824842,0.00806131579590761,low_vol,low_vol,pre_covid
2017-06-28,96.05000305,1248.0,16.71500015,2.220999956,10.02999973,-0.004363171,0.001282854,0.003505311,0.006829553,-0.000922333,-0.001967697,0.0038681831794660448,0.007895914854393195,low_vol,low_vol,pre_covid
2017-06-29,95.62999725,1244.199951,16.58600044,2.26699996,11.43999958,-0.004382371,-0.003049556,0.003538107,0.006572148,-0.001864762,-0.000640925,0.0038956160363245534,0.007743966089729409,low_vol,low_vol,pre_covid
2017-06-30,95.66000366,1240.699951,16.56800079,2.302000046,11.18000031,0.000313727,-0.002817017,0.003453582,0.006552047,-0.001555887,-0.001066275,0.0039224990953245055,0.007636441322082534,low_vol,low_vol,pre_covid
2017-07-03,96.19999695,1217.900024,16.03700066,2.345999956,11.22000027,0.005629049,-0.018547613,0.003581097,0.007273125,-0.001373068,-0.002136463,0.0038516178542270883,0.007530282037290493,low_vol,low_vol,pre_covid
2017-07-05,96.29000092,1220.400024,15.84200001,2.334000111,11.06999969,0.000935155,0.00205061,0.003582814,0.007275885,-0.001504872,-0.001673881,0.003934617405776203,0.008631780977167654,low_vol,low_vol,pre_covid
2017-07-06,95.81999969,1222.199951,15.92700005,2.369999886,12.53999996,-0.004893052,0.00147378,0.003713539,0.006603707,-0.001799612,-0.001719711,0.0038668093312236723,0.008445496857728291,low_vol,low_vol,pre_covid
2017-07-07,96.01000214,1208.599976,15.37100029,2.392999887,11.18999958,0.001980947,-0.011189829,0.003735559,0.006857107,-0.001581018,-0.003175904,0.003918557215690264,0.00826369789718924,low_vol,low_vol,pre_covid
2017-07-10,96.05000305,1212.099976,15.57699966,2.371000051,11.10999966,0.000416546,0.002891728,0.003708875,0.006741831,-0.00129301,-0.003573688,0.0038654902062729857,0.008527720335967404,low_vol,low_vol,pre_covid
2017-07-11,95.73999786,1213.599976,15.69699955,2.361999989,10.89000034,-0.003232759,0.001236757,0.00363644,0.00673284,-0.001749801,-0.002658807,0.003796401768773931,0.008359977484962106,low_vol,low_vol,pre_covid
2017-07-12,95.79000092,1218.099976,15.83899975,2.326999903,10.30000019,0.000522143,0.003701119,0.003644182,0.006851347,-0.000707379,-0.002296717,0.0037837754071265513,0.008181152063000284,low_vol,low_vol,pre_covid
2017-07-13,95.73000336,1216.300049,15.6420002,2.34800005,9.899999619,-0.000626541,-0.001478744,0.003637229,0.006842168,-0.000333716,-0.002572877,0.003717271127501696,0.008051078686249888,low_vol,low_vol,pre_covid
2017-07-14,95.11000061,1226.599976,15.88399982,2.319000006,9.510000229,-0.006497641,0.008432591,0.003855881,0.007027373,-0.000545243,-0.001424662,0.003654004426405413,0.007896556580655759,low_vol,low_vol,pre_covid
2017-07-17,95.12999725,1232.800049,16.04999924,2.309000015,9.819999695,0.000210225,0.00504195,0.00362007,0.006325876,-0.000555593,-0.000638765,0.0038116178067678697,0.007981145110049537,low_vol,low_vol,pre_covid
2017-07-18,94.66000366,1241.099976,16.22200012,2.263000011,9.890000343,-0.004952785,0.006710019,0.003699639,0.006518484,-0.001613776,0.001886998,0.0037434376470976615,0.007903076096823235,low_vol,low_vol,pre_covid
2017-07-19,94.80000305,1241.199951,16.25099945,2.267999887,9.789999962,0.001477878,8.06e-05,0.003573934,0.006297133,-0.001559504,0.001689992,0.0038052449537552256,0.007897602629759175,low_vol,low_vol,pre_covid
2017-07-20,94.26999664,1244.800049,16.29899979,2.266000032,9.579999924,-0.005606472,0.002896299,0.00358903,0.006303439,-0.001630846,0.001832244,0.003747202142122411,0.007741597281781375,low_vol,low_vol,pre_covid
2017-07-21,93.94000244,1254.300049,16.40999985,2.232000113,9.359999657,-0.003506663,0.007602773,0.003609907,0.006502129,-0.002179607,0.003711504,0.0038435595187864785,0.007620875545116551,low_vol,low_vol,pre_covid
2017-07-24,93.98000336,1253.900024,16.39800072,2.253999949,9.430000305,0.000425723,-0.000318973,0.003626431,0.006468013,-0.002178689,0.003390434,0.0038383853975259706,0.007682515266794667,low_vol,low_vol,pre_covid
2017-07-25,94.05000305,1251.699951,16.49699974,2.325999975,9.430000305,0.000744559,-0.001756125,0.003663162,0.006297586,-0.001780957,0.003091146,0.0037700419495817774,0.007540078376289303,low_vol,low_vol,pre_covid
2017-07-26,93.66999817,1249.0,16.41500092,2.282000065,9.600000381,-0.004048641,-0.002159357,0.003634451,0.006064834,-0.002238036,0.002505098,0.003705188375500515,0.007419875700721639,low_vol,low_vol,pre_covid
2017-07-27,93.86000061,1259.599976,16.52899933,2.309999943,10.10999966,0.002026369,0.00845096,0.003226254,0.006332435,-0.001972745,0.003498069,0.0037273264541268264,0.007313872642711691,low_vol,low_vol,pre_covid
2017-07-28,93.26000214,1268.400024,16.66399956,2.289000034,10.28999996,-0.006413003,0.006962092,0.003351933,0.006486855,-0.001964281,0.003351019,0.003681087706818265,0.007451823992727511,low_vol,low_vol,pre_covid
2017-07-31,92.86000061,1266.599976,16.75,2.292000055,10.26000023,-0.004298325,-0.001420157,0.003348247,0.00644849,-0.002415136,0.002704808,0.003830977741081773,0.007493972194312176,low_vol,low_vol,pre_covid
2017-08-01,93.02999878,1272.599976,16.72800064,2.250999928,10.09000015,0.001829019,0.004725907,0.0034029,0.006444111,-0.001736955,0.002506397,0.0038574817814704975,0.007371957274274124,low_vol,low_vol,pre_covid
2017-08-02,92.83000183,1271.800049,16.6970005,2.262000084,10.27999973,-0.002152126,-0.000628774,0.003008299,0.004627634,-0.002099956,0.002435464,0.0038035007993674603,0.007324933764934499,low_vol,low_vol,pre_covid
2017-08-03,92.80999756,1267.800049,16.59399986,2.227999926,10.43999958,-0.000215517,-0.003150105,0.00296815,0.004765393,-0.00156086,0.001830824,0.003760503596523418,0.007205602295808936,low_vol,low_vol,pre_covid
2017-08-04,93.54000092,1258.300049,16.22200012,2.26699996,10.02999973,0.007834796,-0.007521511,0.003539396,0.005183489,-0.000426714,0.000318396,0.0036939880095424103,0.007135772054372461,low_vol,low_vol,pre_covid
2017-08-07,93.43000031,1258.199951,16.22100067,2.256999969,9.930000305,-0.001176666,-7.96e-05,0.003466194,0.004332934,-0.000586953,0.000342338,0.003932139761788626,0.007261396458256465,low_vol,low_vol,pre_covid
2017-08-08,93.63999939,1256.400024,16.36000061,2.282999992,10.96000004,0.00224514,-0.001431581,0.003533707,0.004386591,-0.000436895,0.000374792,0.003868370304914041,0.007143442778772902,low_vol,low_vol,pre_covid
2017-08-09,93.51999664,1273.0,16.83399963,2.240999937,11.10999966,-0.001282355,0.013125811,0.003503388,0.005040958,-0.000160267,0.001903309,0.003822216132428573,0.007043359364590087,low_vol,low_vol,pre_covid
2017-08-10,93.40000153,1283.699951,17.0359993,2.211999893,16.04000092,-0.00128392,0.008370175,0.003483243,0.005207206,-0.000491296,0.00189523,0.0037629206387157087,0.007582288684993685,low_vol,low_vol,pre_covid
2017-08-11,93.06999969,1287.699951,17.04100037,2.188999891,15.51000023,-0.003539467,0.003111148,0.003516968,0.005127669,-0.000203942,0.001510136,0.0037053482890099664,0.007690797881841512,low_vol,low_vol,pre_covid
2017-08-14,93.45999908,1284.199951,17.09300041,2.219000101,12.32999992,0.004181633,-0.002721725,0.003506267,0.005083469,0.000644054,0.001379979,0.0037073416146381527,0.007577644044903386,low_vol,low_vol,pre_covid
2017-08-15,93.84999847,1273.699951,16.69000053,2.266000032,12.03999996,0.004164219,-0.008209906,0.003667563,0.005515291,0.000877574,8.64e-05,0.0037290460654812525,0.007473073037245704,low_vol,low_vol,pre_covid
2017-08-16,93.48999786,1276.900024,16.91699982,2.226000071,11.73999977,-0.003843291,0.002509272,0.003609945,0.005393784,0.000708457,0.000400203,0.003748960444758733,0.007609554738923511,low_vol,low_vol,pre_covid
2017-08-17,93.62000275,1286.400024,17.03000069,2.198999882,15.55000019,0.001389609,0.007412354,0.003607464,0.005542463,0.00086897,0.001456449,0.0037606178646704676,0.007489853589816662,low_vol,low_vol,pre_covid
2017-08-18,93.43000031,1285.699951,16.97999954,2.194000006,14.26000023,-0.002031569,-0.000544359,0.00343967,0.005556271,-0.000117667,0.002154164,0.0037026297578427324,0.007552259478801599,low_vol,low_vol,pre_covid
2017-08-21,93.09999847,1290.800049,16.99500084,2.180000067,13.18999958,-0.003538328,0.00395894,0.003441095,0.005412489,-0.000353833,0.002558013,0.0036602541995250145,0.007418668337590498,low_vol,low_vol,pre_covid
2017-08-22,93.55000305,1285.099976,16.96199989,2.214999914,11.35000038,0.004821917,-0.004425702,0.00362445,0.005548881,-9.62e-05,0.002258601,0.003664208772791994,0.007344256770917124,low_vol,low_vol,pre_covid
2017-08-23,93.15000153,1288.900024,17.03199959,2.171000004,12.25,-0.004284972,0.002952643,0.003722486,0.005519773,-0.000396417,0.001241284,0.0037172025628750623,0.0073046781517397,low_vol,low_vol,pre_covid
2017-08-24,93.27999878,1286.5,16.95199966,2.194000006,12.22999954,0.001394596,-0.001863808,0.003648734,0.005510628,-0.000128565,0.000217886,0.0037489244875515216,0.007212691326359592,low_vol,low_vol,pre_covid
2017-08-25,92.73999786,1292.5,17.03800011,2.16899991,11.27999973,-0.005805854,0.004652975,0.003806795,0.005327219,-0.000355204,0.000372068,0.0036913399655868206,0.0071146500694143425,low_vol,low_vol,pre_covid
2017-08-28,92.20999908,1309.699951,17.43099976,2.15899992,11.31999969,-0.005731281,0.013219739,0.003757073,0.005816549,-0.001346495,0.001966215,0.0038030503097034145,0.007083450544075392,low_vol,low_vol,pre_covid
2017-08-29,92.34999847,1313.099976,17.42200089,2.135999918,11.69999981,0.001517116,0.002592669,0.003679665,0.005780733,-0.001611206,0.003046472,0.003902654052630962,0.007625671159580114,low_vol,low_vol,pre_covid
2017-08-30,92.87999725,1308.099976,17.40399933,2.142999887,11.22000027,0.005722618,-0.003815051,0.003882795,0.005858379,-0.000654615,0.00241404,0.003842371917175957,0.007506428175029578,low_vol,low_vol,pre_covid
2017-08-31,92.66999817,1316.199951,17.47999954,2.121000051,10.59000015,-0.002263532,0.006173076,0.003885848,0.005933368,-0.001019929,0.002290112,0.003931041728787521,0.0074353407049937495,low_vol,low_vol,pre_covid
2017-09-01,92.80999756,1324.5,17.71899986,2.157000065,10.13000011,0.00150959,0.00628627,0.003901092,0.00591021,-0.000665813,0.002973175,0.003886399165145315,0.007441154740452201,low_vol,low_vol,pre_covid
2017-09-05,92.30999756,1339.199951,17.84499931,2.069999933,12.22999954,-0.005401915,0.011037355,0.003631967,0.005788472,-0.000852172,0.003681017,0.003826475336462009,0.007451645730915075,low_vol,low_vol,pre_covid
2017-09-06,92.29000092,1333.900024,17.81599998,2.10800004,11.63000011,-0.000216648,-0.003965384,0.003630788,0.005950576,-0.001356028,0.003727048,0.0039064513509303594,0.007757245487052899,low_vol,low_vol,pre_covid
2017-09-07,91.52999878,1345.099976,18.01600075,2.061000109,11.55000019,-0.008269029,0.008361341,0.00393339,0.005987455,-0.001754434,0.004267918,0.0038361035717042148,0.007673973414745537,low_vol,low_vol,pre_covid
2017-09-08,91.33000183,1346.0,18.02700043,2.061000109,12.11999989,-0.002187433,0.00066889,0.003940609,0.005561903,-0.002112637,0.004521188,0.004103343348609446,0.007773816639387647,low_vol,low_vol,pre_covid
2017-09-11,91.86000061,1331.0,17.80699921,2.125,10.72999954,0.005786345,-0.011206692,0.004218867,0.006164169,-0.000953417,0.002935221,0.004051505910061001,0.007625633686509537,low_vol,low_vol,pre_covid
2017-09-12,91.91000366,1328.0,17.79500008,2.171000004,10.57999992,0.000544192,-0.002256488,0.004179815,0.006214811,-0.00032587,0.001387598,0.004130308463797484,0.007961130385651062,low_vol,low_vol,pre_covid
2017-09-13,92.51999664,1323.400024,17.77199936,2.194999933,10.5,0.006614924,-0.00346985,0.004349212,0.006242109,0.000183911,0.000781347,0.004054828097788727,0.007823587854722513,low_vol,low_vol,pre_covid
2017-09-14,92.12000275,1324.699951,17.69799995,2.197000027,10.43999958,-0.004332696,0.000981781,0.004290257,0.005841639,-0.00082162,0.00126103,0.004179913447639986,0.0077217120305098485,high_vol,low_vol,pre_covid
2017-09-15,91.87000275,1320.400024,17.61100006,2.201999903,10.17000008,-0.002717541,-0.003251242,0.004258372,0.005944441,-0.000867021,0.000318598,0.0041910469720540765,0.007577966144444281,high_vol,low_vol,pre_covid
2017-09-18,92.05000305,1306.300049,17.07099915,2.229000092,10.14999962,0.001957377,-0.010735989,0.004274955,0.006361066,-0.000822243,-0.001383628,0.004148752212148132,0.007486163185637619,low_vol,low_vol,pre_covid
2017-09-19,91.79000092,1306.199951,17.19499969,2.243000031,10.18000031,-0.002828572,-7.66e-05,0.004289898,0.006357194,-0.000564908,-0.002495026,0.004088347041525991,0.007800027809764121,low_vol,low_vol,pre_covid
2017-09-20,92.51000214,1312.0,17.25099945,2.27699995,9.779999733,0.007813401,0.004430569,0.00463467,0.006369906,0.000238097,-0.001655431,0.0040525298720427315,0.007649942155564072,low_vol,low_vol,pre_covid
2017-09-21,92.26000214,1290.599976,16.93700027,2.278000116,9.670000076,-0.002706069,-0.016445483,0.004507874,0.007328539,0.000794393,-0.004136113,0.004255030417891962,0.007574112277067066,high_vol,low_vol,pre_covid
2017-09-22,92.16999817,1293.300049,16.90299988,2.262000084,9.590000153,-0.000976023,0.002089922,0.004432069,0.007314762,0.000915534,-0.00399401,0.0042102886360688265,0.008422079011141557,high_vol,low_vol,pre_covid
2017-09-25,92.65000153,1306.800049,17.05900002,2.220000029,10.21000004,0.005194291,0.010384309,0.004588248,0.007626782,0.000856328,-0.00183491,0.004136750465564823,0.008248119180684773,low_vol,low_vol,pre_covid
2017-09-26,92.97000122,1297.0,16.80400085,2.229000092,10.17000008,0.003447904,-0.007527533,0.004478365,0.007776459,0.0011467,-0.002362015,0.004181246565451838,0.008423469635827508,high_vol,low_vol,pre_covid
2017-09-27,93.36000061,1283.400024,16.74799919,2.309000015,9.869999886,0.004186121,-0.01054108,0.004351827,0.007505996,0.000903819,-0.003069138,0.00415595500031537,0.008440288308184541,low_vol,low_vol,pre_covid
2017-09-28,93.08999634,1285.5,16.77300072,2.309000015,9.550000191,-0.002896267,0.001634922,0.004410991,0.007486176,0.001047462,-0.003003823,0.004157012062957787,0.008639305726336208,high_vol,low_vol,pre_covid
2017-09-29,93.08000183,1281.5,16.60700035,2.325999975,9.510000229,-0.00010737,-0.003116481,0.004238,0.007474639,0.001308479,-0.002990347,0.004120625231694789,0.008448136592301215,low_vol,low_vol,pre_covid
2017-10-02,93.55999756,1272.699951,16.58499908,2.336999893,9.449999809,0.005143558,-0.006890677,0.004338291,0.007392874,0.001627097,-0.002605816,0.004044488310122235,0.008298873007066778,low_vol,low_vol,pre_covid
2017-10-03,93.56999969,1271.5,16.58099937,2.334000111,9.510000229,0.0001069,-0.000943284,0.004332039,0.007172291,0.001920645,-0.002692482,0.00409161091933253,0.008293474331172123,low_vol,low_vol,pre_covid
2017-10-04,93.45999908,1273.699951,16.56299973,2.329999924,9.630000114,-0.001176289,0.001728706,0.004143681,0.006594202,0.001021676,-0.002962668,0.004016075843299723,0.008119621586215108,low_vol,low_vol,pre_covid
2017-10-05,93.95999908,1269.900024,16.58200073,2.349999905,9.18999958,0.005335623,-0.002987836,0.004265025,0.006585955,0.001825845,-0.001616903,0.003949970453686561,0.00795878004378284,low_vol,low_vol,pre_covid
2017-10-06,93.80000305,1271.599976,16.73399925,2.369999886,9.649999619,-0.001704262,0.001337754,0.003775394,0.00618116,0.001753021,-0.00169212,0.004011756828028552,0.007836341653496656,low_vol,low_vol,pre_covid
2017-10-09,93.73999786,1281.800049,16.91600037,2.361000061,10.32999992,-0.000639919,0.007989447,0.003721371,0.006573218,0.0011696,-0.001931606,0.003953453467489084,0.007688306043805748,low_vol,low_vol,pre_covid
2017-10-10,93.29000092,1290.599976,17.15500069,2.345000029,10.07999992,-0.004812039,0.006841829,0.00379201,0.006533984,0.000343606,-0.00049467,0.003883948100180717,0.007765526731880694,low_vol,low_vol,pre_covid
2017-10-11,92.95999908,1285.800049,17.08099937,2.345000029,9.850000381,-0.003543648,-0.003726077,0.003905549,0.006550702,-0.000429371,0.000186831,0.003930875742364696,0.007776794477999565,low_vol,low_vol,pre_covid
2017-10-12,93.12000275,1293.300049,17.21100044,2.322999954,9.909999847,0.00171973,0.005815998,0.003663477,0.006724852,3.22e-05,0.000604938,0.003923329690281146,0.007685101096406285,low_vol,low_vol,pre_covid
2017-10-13,93.08999634,1301.5,17.35499954,2.279999971,9.609999657,-0.000322286,0.006320316,0.003510826,0.006905779,1.07e-05,0.001548618,0.0038655438309590164,0.007656853698537837,low_vol,low_vol,pre_covid
2017-10-16,93.27999878,1299.900024,17.31500053,2.306999922,9.909999847,0.002038982,-0.001230088,0.00344578,0.006884565,-0.000299721,0.002114677,0.003796626232133272,0.007652330687881261,low_vol,low_vol,pre_covid
2017-10-17,93.48999786,1283.0,16.98699951,2.298000097,10.31000042,0.002248746,-0.013086272,0.003451571,0.007071662,-8.55e-05,0.000900378,0.00374845735776024,0.007518505614337797,low_vol,low_vol,pre_covid
2017-10-18,93.36000061,1279.900024,16.94300079,2.338999987,10.06999969,-0.001391461,-0.002419117,0.003391013,0.00707721,-0.000107053,0.000485596,0.0037062724867587167,0.008030895587746839,low_vol,low_vol,pre_covid
2017-10-19,93.26999664,1286.900024,17.20100021,2.321000099,10.05000019,-0.000964518,0.005454276,0.003003077,0.007119657,-0.000737067,0.001329807,0.0036519153163262134,0.007892141708952846,low_vol,low_vol,pre_covid
2017-10-20,93.69999695,1277.400024,17.02199936,2.381000042,9.970000267,0.00459968,-0.007409463,0.003049339,0.006367777,-0.000106673,0.000455085,0.003593525457689498,0.007834946128854816,low_vol,low_vol,pre_covid
2017-10-23,93.94000244,1277.699951,17.02400017,2.375999928,11.06999969,0.00255815,0.000234767,0.003047566,0.006343023,0.000213134,-0.000320383,0.003639852584589009,0.007892951359443855,low_vol,low_vol,pre_covid
2017-10-24,93.95999908,1275.0,16.90699959,2.405999899,11.15999985,0.000212843,-0.00211537,0.002886697,0.00582852,0.000715622,-0.001216103,0.0036088790465437816,0.0077371359417444515,low_vol,low_vol,pre_covid
2017-10-25,93.70999908,1275.400024,16.86800003,2.444000006,11.22999954,-0.002664253,0.000313695,0.002900557,0.005649499,0.000803561,-0.000812126,0.0035460706130006725,0.007610682037204375,low_vol,low_vol,pre_covid
2017-10-26,94.61000061,1266.300049,16.76399994,2.451999903,11.30000019,0.009558288,-0.007160573,0.003439995,0.005400736,0.001587417,-0.002109783,0.003525418317566097,0.007471393625984078,low_vol,low_vol,pre_covid
2017-10-27,94.91999817,1268.5,16.70199966,2.427999973,9.800000191,0.003271227,0.001735799,0.003386446,0.005402904,0.001946768,-0.002568235,0.003927985784947694,0.007546447356317543,low_vol,low_vol,pre_covid
2017-10-30,94.48999786,1274.099976,16.80200005,2.369999886,10.5,-0.004540426,0.004404928,0.003586416,0.005478871,0.001288828,-0.002004733,0.0039068742123391665,0.007419555895222378,low_vol,low_vol,pre_covid
2017-10-31,94.55000305,1267.0,16.64500046,2.375999928,10.18000031,0.000634841,-0.005588127,0.003440075,0.005407143,0.001127437,-0.001254918,0.003940114773161593,0.007358563927708846,low_vol,low_vol,pre_covid
2017-11-01,94.81999969,1274.099976,17.13199997,2.375999928,10.19999981,0.002851527,0.005588127,0.003476291,0.005549063,0.001551736,-0.000454194,0.0038700498695395293,0.007364546963489598,low_vol,low_vol,pre_covid
2017-11-02,94.69000244,1274.900024,17.09399986,2.346999884,9.930000305,-0.00137193,0.000627735,0.003481637,0.005538069,0.001510995,-0.000936848,0.0038387618879665865,0.007350608542168702,low_vol,low_vol,pre_covid
2017-11-03,94.94000244,1266.5,16.79400063,2.342999935,9.140000343,0.002636715,-0.006610573,0.003346141,0.005691558,0.001314698,-0.000856959,0.0037802538090802884,0.0072274779613349304,low_vol,low_vol,pre_covid
2017-11-06,94.72000122,1279.400024,17.19499969,2.319999933,9.399999619,-0.002319955,0.010134047,0.003368986,0.006112886,0.000826888,0.000132969,0.003746387540305231,0.007293673903245085,low_vol,low_vol,pre_covid
2017-11-07,94.91000366,1273.699951,16.90500069,2.306999922,9.890000343,0.002003929,-0.004465225,0.003375034,0.005930099,0.001005996,-0.000102017,0.003709240834325427,0.0075479703622099836,low_vol,low_vol,pre_covid
2017-11-08,94.87000275,1281.599976,17.1060009,2.325000048,9.779999733,-0.00042155,0.006183266,0.003152257,0.005892051,0.001230266,0.00048494,0.0036631221121950818,0.0074954068518551875,low_vol,low_vol,pre_covid
2017-11-09,94.44000244,1285.599976,16.94300079,2.33100009,10.5,-0.004542824,0.003116238,0.003227731,0.005884231,-0.000179845,0.001512622,0.0036000395515826443,0.007497061666507155,low_vol,low_vol,pre_covid
2017-11-10,94.38999939,1272.400024,16.84399986,2.400000095,11.28999996,-0.000529609,-0.010320616,0.003231337,0.006134061,-0.000559928,0.00030698,0.00365000466513943,0.00739625824222819,low_vol,low_vol,pre_covid
2017-11-13,94.48999786,1277.300049,17.02300072,2.400000095,11.5,0.001058857,0.003843613,0.003224712,0.006013427,-6.53e-18,0.000250849,0.0035879008609239855,0.007687812622633244,low_vol,low_vol,pre_covid
2017-11-14,93.83000183,1281.5,17.05200005,2.381000042,11.59000015,-0.007009332,0.003282754,0.003618795,0.006081062,-0.000764417,0.001137937,0.003530811768927894,0.00759248203952604,low_vol,low_vol,pre_covid
2017-11-15,93.80999756,1276.5,16.95000076,2.335000038,13.13000011,-0.00021322,-0.003909309,0.003591601,0.005440901,-0.001070892,0.000188193,0.0037346529349830044,0.007489334132900245,low_vol,low_vol,pre_covid
2017-11-16,93.93000031,1277.400024,17.05599976,2.361000061,11.76000023,0.001278393,0.000704824,0.003581073,0.005421066,-0.00080586,0.000195902,0.003668814869654111,0.007422321953271619,low_vol,low_vol,pre_covid
2017-11-17,93.66000366,1295.800049,17.3579998,2.354000092,11.43000031,-0.002878584,0.014301521,0.003638494,0.006166294,-0.00135739,0.002287111,0.003611995216203065,0.0072951173262279,low_vol,low_vol,pre_covid
2017-11-20,94.08000183,1274.599976,16.82699966,2.371999979,10.64999962,0.004474261,-0.016495918,0.003631004,0.006998969,-0.000677968,-0.000375885,0.003595303445700932,0.007912472940168381,low_vol,low_vol,pre_covid
2017-11-21,93.94999695,1281.099976,16.9489994,2.362999916,9.729999542,-0.00138281,0.00508668,0.003604382,0.007090217,-0.001016642,0.000579305,0.0036356742416117417,0.00871010359972193,low_vol,low_vol,pre_covid
2017-11-22,93.22000122,1291.599976,17.10099983,2.322000027,9.880000114,-0.007800389,0.008162676,0.003985321,0.007279926,-0.001754526,0.000777246,0.003583270660903046,0.008586085115648638,low_vol,low_vol,pre_covid
2017-11-24,92.76000214,1286.699951,16.9810009,2.339999914,9.670000076,-0.004946769,-0.003800978,0.004080815,0.007343563,-0.00179492,8.55e-05,0.0038411537639261254,0.00859948157625698,low_vol,low_vol,pre_covid
2017-11-27,92.90000153,1293.800049,17.00900078,2.328000069,9.869999886,0.001508127,0.005502899,0.003413771,0.007208646,-0.001591147,0.001667876,0.0038969691795783462,0.00845801044533192,low_vol,low_vol,pre_covid
2017-11-28,93.26000214,1294.699951,16.81100082,2.338000059,10.02999973,0.003867652,0.000695308,0.003452199,0.007207078,-0.001310267,0.001353046,0.0038367214695223624,0.008364237692191896,low_vol,low_vol,pre_covid
2017-11-29,93.26000214,1282.099976,16.45700073,2.375999928,10.69999981,0.0,-0.009779631,0.00334952,0.007526998,-0.000609334,4.68e-05,0.0038398896306362203,0.008182429120914774,low_vol,low_vol,pre_covid
2017-11-30,93.01000214,1273.199951,16.38199997,2.417000055,11.27999973,-0.002684277,-0.006965961,0.003365424,0.007586641,-0.00085644,-0.000258858,0.003770894747677765,0.008354017219896467,low_vol,low_vol,pre_covid
2017-12-01,92.90000153,1278.800049,16.29700089,2.361999989,11.43000031,-0.001183375,0.004388798,0.003261173,0.007548728,-0.001102617,0.00010954,0.0037424539536497757,0.008348080146488893,low_vol,low_vol,pre_covid
2017-12-04,93.19000244,1274.300049,16.2840004,2.378999949,11.68000031,0.003116784,-0.00352513,0.003378778,0.007590565,-0.00050308,-0.001673126,0.0036841181548723646,0.00822577241228627,low_vol,low_vol,pre_covid
2017-12-05,93.37999725,1261.599976,15.97299957,2.355999947,11.32999992,0.002036714,-0.010016309,0.003351038,0.007772565,-0.000746834,-0.001025165,0.0036676512686537864,0.008099987077403644,low_vol,low_vol,pre_covid
2017-12-06,93.61000061,1262.800049,15.86800003,2.329999924,11.02000046,0.002460062,0.000950779,0.003403772,0.007413009,-0.000362547,-0.001438755,0.0036235233458423548,0.008295729902165719,low_vol,low_vol,pre_covid
2017-12-07,93.80000305,1249.800049,15.71500015,2.375999928,10.15999985,0.002027667,-0.010347939,0.00340467,0.007672128,0.000620258,-0.003289816,0.0035905961250252494,0.008118809306838642,low_vol,low_vol,pre_covid
2017-12-08,93.90000153,1245.199951,15.73600006,2.382999897,9.579999924,0.001065514,-0.003687457,0.003423113,0.007517143,0.001221487,-0.003278464,0.0035487610598760903,0.008336012817057571,low_vol,low_vol,pre_covid
2017-12-11,93.87000275,1243.699951,15.69699955,2.38499999,9.340000153,-0.000319527,-0.001205352,0.003294717,0.007446954,0.001038721,-0.003949289,0.0034928501938600778,0.008207684002603162,low_vol,low_vol,pre_covid
2017-12-12,94.09999847,1238.5,15.58199978,2.403000116,9.920000076,0.002447155,-0.004189798,0.003347429,0.007203259,0.000896672,-0.0044378,0.0034338900536076107,0.008041088106255305,low_vol,low_vol,pre_covid
2017-12-13,93.43000031,1245.400024,15.7840004,2.348999977,10.18000031,-0.007145534,0.005555813,0.003663559,0.00727357,0.000182118,-0.002904256,0.0034073674400715037,0.007946081756604157,low_vol,low_vol,pre_covid
2017-12-14,93.48999786,1253.800049,15.85000038,2.345999956,10.48999977,0.00064196,0.006722196,0.003355203,0.007416971,0.000514742,-0.00153544,0.003633541386282109,0.007888958528745951,low_vol,low_vol,pre_covid
2017-12-15,93.93000031,1254.300049,15.97799969,2.355000019,9.420000076,0.004695371,0.000398708,0.003519222,0.007393198,0.001102617,-0.001934449,0.0035717067994875435,0.007885118238330635,low_vol,low_vol,pre_covid
2017-12-18,93.69999695,1262.199951,16.12000084,2.39199996,9.529999733,-0.002451671,0.006278505,0.003548708,0.007549649,0.000545771,-0.000954086,0.0036238573594571115,0.00772986123005598,low_vol,low_vol,pre_covid
2017-12-19,93.47000122,1260.699951,16.06599998,2.463000059,10.02999973,-0.002457614,-0.001189108,0.003533483,0.006736979,9.63e-05,-7.14e-05,0.0035943616535750694,0.007717977874421081,low_vol,low_vol,pre_covid
2017-12-20,93.34999847,1266.099976,16.18799973,2.496999979,9.720000267,-0.001284689,0.004274207,0.003381186,0.005863743,-0.000278137,0.000260977,0.0035660856499508285,0.007579792670474403,low_vol,low_vol,pre_covid
2017-12-21,93.27999878,1267.300049,16.15200043,2.480999947,9.619999886,-0.000750144,0.000947401,0.003374531,0.005741251,-0.000555918,0.001390511,0.0035142661931033096,0.0075038613845833406,low_vol,low_vol,pre_covid
2017-12-22,93.34999847,1275.400024,16.35700035,2.484999895,9.899999619,0.000750144,0.006371182,0.002913868,0.005617834,-0.000587455,0.002396375,0.0034575921030818354,0.007372866367746574,low_vol,low_vol,pre_covid
2017-12-26,93.26000214,1284.099976,16.52000046,2.467000008,10.25,-0.000964539,0.006798191,0.002692477,0.005789476,-0.000651956,0.00319673,0.0034013284750561523,0.007392623708545305,low_vol,low_vol,pre_covid
2017-12-27,93.02999878,1287.0,16.61899948,2.414000034,10.47000027,-0.002469306,0.002255864,0.002739477,0.005674681,-0.001143602,0.003841296,0.003350096507612935,0.007431379635548414,low_vol,low_vol,pre_covid
2017-12-28,92.59999847,1294.099976,16.83200073,2.431999922,10.18000031,-0.004632883,0.005501525,0.002777506,0.005810058,-0.000892337,0.003835867,0.003331215202153748,0.007318559114408758,low_vol,low_vol,pre_covid
2017-12-29,92.12000275,1306.300049,17.05999947,2.404999971,11.03999996,-0.00519702,0.009383297,0.002970676,0.005704823,-0.001476235,0.004101977,0.003401840387388743,0.0073045207945549,low_vol,low_vol,pre_covid
2018-01-02,91.84999847,1313.699951,17.12100029,2.464999914,9.770000458,-0.00293531,0.005648795,0.002980034,0.005496549,-0.002239303,0.004626986,0.003498752159196969,0.007504260404480868,low_vol,low_vol,pre_covid
2018-01-03,92.16000366,1316.199951,17.18499947,2.447000027,9.149999619,0.003369442,0.001901214,0.003098544,0.005457647,-0.001657192,0.004189257,0.003488405484187853,0.007482440125159112,low_vol,low_vol,pre_covid
2018-01-04,91.84999847,1319.400024,17.18899918,2.453000069,9.220000267,-0.003369442,0.002428346,0.003055443,0.00534395,-0.001748375,0.004551002,0.0034885805568798628,0.007361446350205664,low_vol,low_vol,pre_covid
2018-01-05,91.94999695,1320.300049,17.20499992,2.476000071,9.220000267,0.001088123,0.000681914,0.003019926,0.004639008,-0.001511094,0.004191773,0.0034939171483434244,0.007255810896855738,low_vol,low_vol,pre_covid
2018-01-08,92.33000183,1318.599976,17.06399918,2.480000019,9.520000458,0.004124218,-0.001288471,0.003127862,0.004693741,-0.001023657,0.003968186,0.003439818306520213,0.007138636974127054,low_vol,low_vol,pre_covid
2018-01-09,92.52999878,1311.699951,16.93600082,2.546000004,10.07999992,0.002163767,-0.005246581,0.003133835,0.00411597,-0.000882295,0.002806409,0.0034726647705261683,0.0070370429135115375,low_vol,low_vol,pre_covid
2018-01-10,92.33000183,1317.400024,16.96299934,2.549999952,9.819999695,-0.002163767,0.004336147,0.003124707,0.003898871,-0.001002218,0.002560205,0.003437741617237087,0.007053003570911086,low_vol,low_vol,pre_covid
2018-01-11,91.84999847,1320.599976,16.8939991,2.530999899,9.880000114,-0.005212341,0.002426045,0.003266077,0.003796943,-0.001276521,0.002577223,0.0034074110775140372,0.00701545900070269,low_vol,low_vol,pre_covid
2018-01-12,90.97000122,1333.400024,17.06900024,2.552000046,10.15999985,-0.009627,0.009645929,0.003661135,0.003712507,-0.001775933,0.002991664,0.003504809837430987,0.0069319486244029714,low_vol,low_vol,pre_covid
2018-01-16,90.38999939,1335.400024,17.12199974,2.54399991,11.65999985,-0.00639616,0.001498801,0.003607755,0.003706594,-0.001895847,0.002203214,0.003929812513701357,0.007189509293475323,low_vol,low_vol,pre_covid
2018-01-17,90.54000092,1338.0,17.10499954,2.578000069,11.90999985,0.001658117,0.001945071,0.003645595,0.003633388,-0.001436504,0.001832842,0.0040593669306468174,0.007081998993113986,low_vol,low_vol,pre_covid
2018-01-18,90.5,1326.0,16.89299965,2.611000061,12.22000027,-0.000441901,-0.00900907,0.003369067,0.004466855,-0.001817639,0.000741813,0.003996670046237554,0.006986593785660983,low_vol,low_vol,pre_covid
2018-01-19,90.56999969,1331.900024,16.97500038,2.637000084,11.27000046,0.000773178,0.004439621,0.00340976,0.004409767,-0.001403377,0.000942941,0.003924846312997839,0.007225098389107675,low_vol,low_vol,pre_covid
2018-01-22,90.40000153,1330.900024,16.93099976,2.664999962,11.02999973,-0.001878745,-0.000751089,0.003404968,0.00439215,-0.001700063,0.00079964,0.0038560488146347203,0.0071787573945869135,low_vol,low_vol,pre_covid
2018-01-23,90.12000275,1335.699951,16.85499954,2.624000072,11.10000038,-0.003102138,0.003600039,0.003419877,0.004381602,-0.002422699,0.001288491,0.0038056433407944214,0.007069310702948841,low_vol,low_vol,pre_covid
2018-01-24,89.20999908,1355.900024,17.42499924,2.654000044,11.47000027,-0.010149015,0.015009996,0.003877006,0.005134603,-0.003653977,0.003314149,0.0037883986563014794,0.007008562233250245,low_vol,low_vol,pre_covid
2018-01-25,89.38999939,1362.400024,17.5510006,2.621000051,11.57999992,0.002015682,0.00478241,0.003933348,0.005097388,-0.003236032,0.003358775,0.004221010075694182,0.007744051359943675,high_vol,low_vol,pre_covid
2018-01-26,89.06999969,1351.599976,17.38199997,2.661999941,11.07999992,-0.003586238,-0.00795881,0.003938304,0.005564019,-0.003073422,0.00232029,0.0041595020533101495,0.0076732253623205985,high_vol,low_vol,pre_covid
2018-01-29,89.30999756,1351.599976,17.38199997,2.698999882,13.84000015,0.002690862,0.0,0.004078426,0.005589461,-0.001841636,0.001355697,0.00414405715308391,0.007776294781917806,low_vol,low_vol,pre_covid
2018-01-30,89.19000244,1335.400024,17.01300049,2.726000071,14.78999996,-0.001344483,-0.012058167,0.00403287,0.006352931,-0.001336468,7.63e-18,0.004099161258390433,0.007627442760069512,low_vol,low_vol,pre_covid
2018-01-31,89.12999725,1339.0,17.20400047,2.720000029,13.53999996,-0.000673006,0.002692176,0.003961792,0.006100343,-0.00156958,7.47e-05,0.0040328793234451045,0.008033687107345512,low_vol,low_vol,pre_covid
2018-02-01,88.66999817,1344.300049,17.11800003,2.773000002,13.47000027,-0.005174355,0.003950401,0.004029882,0.006049142,-0.002042826,0.001370658,0.003961503311105636,0.007891434683546531,low_vol,low_vol,pre_covid
2018-02-02,89.19999695,1333.699951,16.6760006,2.854000092,17.30999947,0.005959413,-0.00791647,0.004226892,0.006355463,-0.001524202,0.000135049,0.004021599640635104,0.007785872379189964,low_vol,low_vol,pre_covid
2018-02-05,89.55000305,1333.0,16.63899994,2.79399991,37.31999969,0.003916157,-0.000524957,0.004367146,0.006346324,-0.000944712,0.000157662,0.004111564313035527,0.007876567730366688,low_vol,low_vol,pre_covid
2018-02-06,89.58999634,1326.099976,16.54800034,2.767999887,29.97999954,0.000446503,-0.005189756,0.004352501,0.006465593,-0.000589848,-0.000721318,0.004104632167165331,0.0077237624174701916,low_vol,low_vol,pre_covid
2018-02-07,90.26000214,1311.599976,16.20599937,2.844000101,27.72999954,0.007450752,-0.010994538,0.004610317,0.006909643,0.001170129,-0.003321771,0.004029424459552702,0.007685857908262633,low_vol,low_vol,pre_covid
2018-02-08,90.23000336,1316.900024,16.31399918,2.851000071,33.45999908,-0.000332415,0.004032761,0.004554349,0.006870967,0.000935319,-0.003396736,0.004209281730970808,0.00799757233290316,high_vol,low_vol,pre_covid
2018-02-09,90.44000244,1313.099976,16.11599922,2.828999996,29.05999947,0.002324671,-0.002889773,0.004611749,0.006833699,0.00152641,-0.002889832,0.004131478246352766,0.007887475174796222,low_vol,low_vol,pre_covid
2018-02-12,90.20999908,1324.199951,16.54800034,2.857000113,25.61000061,-0.002546399,0.008417731,0.004525445,0.007067947,0.001002684,-0.002048059,0.004078683644640453,0.007767221573459675,low_vol,low_vol,pre_covid
2018-02-13,89.69999695,1328.099976,16.50699997,2.839999914,24.96999931,-0.00566954,0.002940864,0.004213682,0.006761359,0.000570178,-0.000548156,0.00403587813826912,0.007862177941665539,low_vol,low_vol,pre_covid
2018-02-14,89.12000275,1355.5,16.8579998,2.913000107,19.26000023,-0.006486928,0.020421059,0.004219891,0.008121638,-1.12e-05,0.001224732,0.004116920233503354,0.0077349227336557195,low_vol,low_vol,pre_covid
2018-02-15,88.58999634,1352.099976,16.77700043,2.891000032,19.12999916,-0.005964864,-0.002511469,0.004335551,0.008145979,-9.03e-05,0.000578545,0.004238313508289251,0.008971998536405141,high_vol,low_vol,pre_covid
2018-02-16,89.09999847,1353.199951,16.69499969,2.877000093,19.45999908,0.005740374,0.000813201,0.004580918,0.007849321,-0.000112169,0.001451512,0.004322404885654805,0.008780272646105852,high_vol,low_vol,pre_covid
2018-02-20,89.72000122,1328.800049,16.42499924,2.892999887,20.60000038,0.006934406,-0.018195806,0.00487096,0.008840218,0.000189656,-0.000315573,0.004382804277814094,0.008575958226286061,high_vol,low_vol,pre_covid
2018-02-21,90.08000183,1330.0,16.60400009,2.943000078,20.02000046,0.004004461,0.000902626,0.004953111,0.008841596,0.000545452,0.000293666,0.004503461062323975,0.009451337252681373,high_vol,high_vol,pre_covid
2018-02-22,89.75,1330.599976,16.57900047,2.917000055,18.71999931,-0.003670157,0.000451008,0.004971447,0.008803534,-0.000566639,0.00143822,0.0044836291648522415,0.009211598028701156,high_vol,low_vol,pre_covid
2018-02-23,89.87999725,1328.199951,16.47599983,2.871000051,16.48999977,0.001447389,-0.001805345,0.00442458,0.008088302,-0.000388659,0.00085441,0.004458248735385405,0.008983220495362857,high_vol,low_vol,pre_covid
2018-02-26,89.81999969,1330.699951,16.54199982,2.858999968,15.80000019,-0.000667752,0.001880478,0.004412995,0.008009281,-0.000687901,0.001331435,0.004381641744847143,0.00878008505437637,high_vol,low_vol,pre_covid
2018-02-27,90.36000061,1315.5,16.34600067,2.907999992,18.59000015,0.005994034,-0.011488261,0.004493377,0.008194823,0.000166142,-0.000659165,0.004301133403414389,0.008583601806743045,high_vol,low_vol,pre_covid
2018-02-28,90.61000061,1315.5,16.3239994,2.868000031,19.85000038,0.002762891,0.0,0.004495012,0.008194823,0.001009385,-0.000953251,0.004375548672975679,0.008836734462979445,high_vol,low_vol,pre_covid
2018-03-01,90.31999969,1302.900024,16.20000076,2.803999901,22.46999931,-0.003205673,-0.009624254,0.004555041,0.008050847,0.001337511,-0.003957782,0.004324787619283388,0.008628409924081046,high_vol,low_vol,pre_covid
2018-03-02,89.94000244,1321.099976,16.3920002,2.857000113,19.59000015,-0.004216108,0.013872136,0.004668732,0.008665428,0.001512387,-0.002319422,0.0042911467991497065,0.008748764689007456,high_vol,low_vol,pre_covid
2018-03-05,90.08000183,1318.099976,16.33799934,2.881000042,18.72999954,0.001555376,-0.002273417,0.00449239,0.008606781,0.001093887,-0.002628083,0.00429272134213213,0.009136699604056215,high_vol,low_vol,pre_covid
2018-03-06,89.62000275,1333.599976,16.71500015,2.877000093,18.36000061,-0.005119645,0.011690747,0.004500718,0.008871256,-0.000111518,0.000360572,0.0042219973546920855,0.00893184200141996,high_vol,low_vol,pre_covid
2018-03-07,89.63999939,1326.0,16.4279995,2.882999897,17.76000023,0.000223102,-0.005715142,0.004420664,0.008958379,-0.000489654,-0.000301205,0.004264999705699853,0.00913187962836664,high_vol,low_vol,pre_covid
2018-03-08,90.12000275,1319.900024,16.43600082,2.865999937,16.54000092,0.005340504,-0.004610897,0.004569236,0.008943299,0.000411412,-0.000807396,0.004185138103491945,0.009018302438415669,high_vol,low_vol,pre_covid
2018-03-09,90.08999634,1322.400024,16.54599953,2.894000053,14.64000034,-0.000333016,0.001892291,0.004264053,0.008602896,0.000233371,-0.000437632,0.004233879277726767,0.008874496986324336,high_vol,low_vol,pre_covid
2018-03-12,89.90000153,1319.400024,16.47100067,2.869999886,15.77999973,-0.002111172,-0.00227118,0.004286721,0.008579401,8.9e-05,-0.000852798,0.004155447542645789,0.008672941811868694,low_vol,low_vol,pre_covid
2018-03-13,89.66000366,1325.900024,16.55900002,2.84800005,16.35000038,-0.002673179,0.004914386,0.004279765,0.008612819,-0.000777692,0.000787467,0.004100408482408264,0.00849403539113628,low_vol,low_vol,pre_covid
2018-03-14,89.69999695,1324.400024,16.46699905,2.816999912,17.22999954,0.000445955,-0.001131947,0.004254907,0.008421746,-0.001009385,0.000674272,0.004060061249195346,0.008378250788376632,low_vol,low_vol,pre_covid
2018-03-15,90.13999939,1316.800049,16.35300064,2.825999975,16.59000015,0.004893275,-0.005754957,0.004208774,0.008483842,-0.000199491,0.001061202,0.003986003857290674,0.008201250724424219,low_vol,low_vol,pre_covid
2018-03-16,90.23000336,1311.300049,16.20199966,2.84800005,15.80000019,0.000997993,-0.004185539,0.003918133,0.007039721,0.000321919,-0.000744566,0.0040246615951570735,0.008152163209445522,low_vol,low_vol,pre_covid
2018-03-19,89.90000153,1316.800049,16.25499916,2.845000029,19.02000046,-0.003664045,0.004185539,0.003754441,0.007146234,-0.000200023,-9.87e-05,0.003954983468059813,0.008049806954461499,low_vol,low_vol,pre_covid
2018-03-20,90.37000275,1311.099976,16.125,2.878999949,18.20000076,0.005214426,-0.004338127,0.003720732,0.00715992,0.000833384,-0.001701557,0.003950694082997454,0.007940599158879286,low_vol,low_vol,pre_covid
2018-03-21,89.77999878,1320.699951,16.35700035,2.907000065,17.86000061,-0.006550165,0.007295401,0.003749753,0.006297666,0.000156058,-0.000400503,0.004006453049456003,0.007856957383616643,low_vol,low_vol,pre_covid
2018-03-22,89.86000061,1326.599976,16.32799911,2.832000017,23.34000015,0.000890691,0.004457398,0.003644908,0.006378612,-0.000288924,0.000506327,0.004139664040017706,0.007883307133139627,low_vol,low_vol,pre_covid
2018-03-23,89.44000244,1349.300049,16.53000069,2.829999924,24.87000084,-0.004684874,0.016966716,0.003700674,0.00739066,-0.000724109,0.002013769,0.004066040066564794,0.007792813737213088,low_vol,low_vol,pre_covid
2018-03-26,89.02999878,1354.400024,16.63199997,2.842999935,21.03000069,-0.004594659,0.003772594,0.00380254,0.007397685,-0.000972458,0.002618146,0.004097509255476616,0.008611490989060751,low_vol,low_vol,pre_covid
2018-03-27,89.37000275,1341.300049,16.48900032,2.786000013,22.5,0.003811708,-0.009719241,0.003913871,0.007747951,-0.000323969,0.001154784,0.0041234614573952885,0.008457106087135274,low_vol,low_vol,pre_covid
2018-03-28,90.05999756,1324.199951,16.20499992,2.775000095,22.87000084,0.007691002,-0.012830863,0.004063652,0.007855553,0.000400535,-1.51e-05,0.00411236585741213,0.008599028961456623,low_vol,low_vol,pre_covid
2018-03-29,90.15000153,1322.800049,16.22299957,2.740999937,19.96999931,0.000998879,-0.001057728,0.004018225,0.007861055,1.11e-05,0.000454615,0.004301275069051957,0.008955556207227967,high_vol,low_vol,pre_covid
2018-04-02,90.05000305,1342.099976,16.62700081,2.732000113,23.62000084,-0.001109861,0.014484794,0.003966641,0.008101611,-0.00019969,0.002321648,0.004224271219626651,0.008745975242207516,high_vol,low_vol,pre_covid
2018-04-03,90.19999695,1332.800049,16.34700012,2.78399992,21.10000038,0.001664288,-0.006953504,0.003871106,0.007767812,0.000333143,0.001207744,0.004151726082182044,0.009186664744038748,low_vol,low_vol,pre_covid
2018-04-04,90.13999939,1335.800049,16.20899963,2.788000107,20.05999947,-0.000665383,0.002248371,0.003860754,0.007752077,-0.000254837,0.001866394,0.004086487035541153,0.009119763360740881,low_vol,low_vol,pre_covid
2018-04-05,90.45999908,1324.300049,16.31999969,2.832000017,18.94000053,0.003543743,-0.008646345,0.003743877,0.007570075,0.000754553,0.000272219,0.004013643726348793,0.008908981721452314,low_vol,low_vol,pre_covid
2018-04-06,90.11000061,1331.900024,16.33200073,2.775000095,21.48999977,-0.003876601,0.005722458,0.003861042,0.007574951,0.000277824,0.000398725,0.003997927246574515,0.008947426577831864,low_vol,low_vol,pre_covid
2018-04-09,89.83999634,1336.300049,16.49900055,2.786000013,21.77000046,-0.003000883,0.003298125,0.00373817,0.007519615,0.000446223,-0.000968134,0.003999589325263298,0.008829565829305504,low_vol,low_vol,pre_covid
2018-04-10,89.58999634,1342.0,16.56599998,2.796999931,20.46999931,-0.002786604,0.004256401,0.003782319,0.007557718,0.000627029,-0.000919753,0.003971852403565717,0.008652123119249568,low_vol,low_vol,pre_covid
2018-04-11,89.56999969,1356.5,16.73800087,2.789999962,20.23999977,-0.000223227,0.010746815,0.003758607,0.00783073,0.000223535,0.001126852,0.003939014516142445,0.008507433161075478,low_vol,low_vol,pre_covid
2018-04-12,89.75,1338.400024,16.44300079,2.834000111,18.48999977,0.002007588,-0.013432964,0.003741812,0.008411677,-0.000344806,0.001066642,0.003867835927284556,0.008682690709320644,low_vol,low_vol,pre_covid
2018-04-13,89.80000305,1344.800049,16.62800026,2.828999996,17.40999985,0.000556982,0.00477045,0.003742481,0.008454787,-0.000388996,0.00164946,0.003816834020272321,0.009079728667330183,low_vol,low_vol,pre_covid
2018-04-16,89.43000031,1347.5,16.66200066,2.832000017,16.55999947,-0.00412881,0.002005684,0.003676326,0.008325881,-0.000690891,0.000401549,0.003749619077335778,0.0089234039770962,low_vol,low_vol,pre_covid
2018-04-17,89.51999664,1347.199951,16.77199936,2.813999891,15.25,0.001005827,-0.000222696,0.003676473,0.008244667,-0.000756737,0.00107463,0.0037729422030081576,0.008720425009316498,low_vol,low_vol,pre_covid
2018-04-18,89.62000275,1351.199951,17.2310009,2.867000103,15.60000038,0.001116514,0.002964722,0.003610118,0.008227487,-0.000578547,0.001146265,0.0037101672288919318,0.008518911652896765,low_vol,low_vol,pre_covid
2018-04-19,89.94000244,1346.800049,17.22200012,2.914000034,15.96000004,0.003564268,-0.003261606,0.003503947,0.008194359,-0.000576495,0.001684739,0.0036502661728141724,0.008353004609889853,low_vol,low_vol,pre_covid
2018-04-20,90.31999969,1336.699951,17.14699936,2.950999975,16.87999916,0.004216108,-0.007527591,0.003315077,0.008288109,0.000232776,0.000359734,0.0036504195363849736,0.00821284231211965,low_vol,low_vol,pre_covid
2018-04-23,90.94000244,1322.5,16.57099915,2.97300005,16.34000015,0.006841059,-0.010679969,0.003610519,0.008586318,0.001216971,-0.001038075,0.003676422335729182,0.008246337660137364,low_vol,low_vol,pre_covid
2018-04-24,90.76999664,1331.400024,16.68700027,2.98300004,18.02000046,-0.001871178,0.006707154,0.003454648,0.007821691,0.001308513,-0.000793,0.0038455702720940716,0.008474526418469915,low_vol,low_vol,pre_covid
2018-04-25,91.16999817,1321.199951,16.48600006,3.023999929,17.84000015,0.004397078,-0.007690661,0.003319825,0.007898269,0.001770544,-0.002636748,0.0037953422813178715,0.008426993318782714,low_vol,low_vol,pre_covid
2018-04-26,91.55999756,1316.300049,16.48800087,2.99000001,16.23999977,0.004268593,-0.00371557,0.003339708,0.007679418,0.001996644,-0.001665008,0.0038218264940515726,0.00845204100574736,low_vol,low_vol,pre_covid
2018-04-27,91.54000092,1320.300049,16.40600014,2.957000017,15.40999985,-0.000218423,0.003034213,0.002993548,0.00721279,0.001919104,-0.001838632,0.003841564110679065,0.008317307666339747,low_vol,low_vol,pre_covid
2018-04-30,91.83999634,1316.199951,16.31200027,2.936000109,15.93000031,0.003271847,-0.003110261,0.00304269,0.007239698,0.002659169,-0.002350226,0.0037729210099465204,0.008164516203578493,low_vol,low_vol,pre_covid
2018-05-01,92.44999695,1303.800049,16.03899956,2.976000071,15.48999977,0.006620032,-0.009465645,0.003249877,0.006668316,0.00322059,-0.003274521,0.003757900459305475,0.008032255863716574,low_vol,low_vol,pre_covid
2018-05-02,92.51000214,1302.599976,16.29100037,2.963999987,15.97000027,0.000648845,-0.000920867,0.003250998,0.006544948,0.003173823,-0.00366308,0.003905853673333989,0.008197130073017199,low_vol,low_vol,pre_covid
2018-05-03,92.41000366,1310.699951,16.36199951,2.946000099,15.89999962,-0.001081532,0.00619906,0.003264205,0.006700673,0.002709243,-0.002717014,0.0038367720978998393,0.00802856789270178,low_vol,low_vol,pre_covid
2018-05-04,92.56999969,1312.699951,16.43400002,2.944000006,14.77000046,0.001729874,0.001524739,0.003222382,0.006476861,0.00246062,-0.001811781,0.003774526784814063,0.007991316711520063,low_vol,low_vol,pre_covid
2018-05-07,92.75,1312.199951,16.41300011,2.950000048,14.75,0.00194259,-0.000380967,0.003016864,0.0063226,0.001970773,-0.00078188,0.003721324422152729,0.007835871604315373,low_vol,low_vol,pre_covid
2018-05-08,93.12000275,1312.0,16.38800049,2.969000101,14.71000004,0.003981312,-0.00015239,0.002892675,0.006257743,0.002556022,-0.001467835,0.0036736154388687125,0.007684717780138965,low_vol,low_vol,pre_covid
2018-05-09,93.04000092,1311.300049,16.45800018,3.003999949,13.42000008,-0.000859495,-0.000533642,0.002770982,0.006147724,0.002030364,-0.000752133,0.003688710618777175,0.007541575494848678,low_vol,low_vol,pre_covid
2018-05-10,92.65000153,1320.800049,16.68000031,2.970999956,13.22999954,-0.004200549,0.007218602,0.00303909,0.005848656,0.00118345,0.000341284,0.003628206512839648,0.007408560615737467,low_vol,low_vol,pre_covid
2018-05-11,92.54000092,1319.0,16.6760006,2.970999956,12.64999962,-0.001187976,-0.001363777,0.003097622,0.00514427,0.001086495,-9.85e-05,0.003660814007711221,0.007467506378246486,low_vol,low_vol,pre_covid
2018-05-14,92.58999634,1316.5,16.56999969,2.994999886,12.93000031,0.000540112,-0.001897174,0.003097869,0.004993614,0.000813321,2.28e-05,0.0036048790715002416,0.007346411606511291,low_vol,low_vol,pre_covid
2018-05-15,93.22000122,1288.900024,16.19400024,3.079999924,14.63000011,0.006781199,-0.02118754,0.003028321,0.006599308,0.000829438,-0.001149395,0.0035432532330994474,0.007240463108711367,low_vol,low_vol,pre_covid
2018-05-16,93.38999939,1290.199951,16.29700089,3.095000029,13.42000008,0.001821963,0.001008047,0.003020469,0.006622399,0.00094675,-0.000956504,0.0037199798381545098,0.00874736036536644,low_vol,low_vol,pre_covid
2018-05-17,93.47000122,1288.199951,16.41300011,3.108999968,13.43000031,0.000856276,-0.00155135,0.003024871,0.006523708,0.00114053,-0.001731545,0.003670047977855192,0.008545711953023344,low_vol,low_vol,pre_covid
2018-05-18,93.63999939,1290.199951,16.38699913,3.066999912,13.42000008,0.001817094,0.00155135,0.003003734,0.006571633,0.001149252,-0.001728884,0.003608759452288229,0.008363740325119379,low_vol,low_vol,pre_covid
2018-05-21,93.68000031,1290.199951,16.45199966,3.065000057,13.07999992,0.000427086,0.0,0.002972537,0.006461982,0.000997702,-0.001690787,0.003562174589989784,0.008187221680734548,low_vol,low_vol,pre_covid
2018-05-22,93.61000061,1291.699951,16.50799942,3.065000057,13.22000027,-0.000747501,0.001161935,0.002776094,0.006146896,0.000524821,-0.001559355,0.0035011980853553375,0.008014780174999797,low_vol,low_vol,pre_covid
2018-05-23,94.01000214,1289.300049,16.33799934,3.003000021,12.57999992,0.00426396,-0.001859669,0.00273965,0.005879788,0.001037166,-0.001691958,0.00344486609571215,0.007855079941198318,low_vol,low_vol,pre_covid
2018-05-24,93.77999878,1303.699951,16.62100029,2.980999947,12.52999973,-0.002449582,0.011106865,0.002805503,0.006310117,0.001212263,-0.001303131,0.0034837452347917784,0.007717341400211717,low_vol,low_vol,pre_covid
2018-05-25,94.19000244,1303.300049,16.4810009,2.930999994,13.22000027,0.004362444,-0.000306791,0.002810465,0.006270629,0.001767305,-0.001197433,0.0034592852817572277,0.007998880278622276,low_vol,low_vol,pre_covid
2018-05-29,94.83000183,1298.699951,16.30500031,2.767999887,17.02000046,0.006771789,-0.00353582,0.003021619,0.006250781,0.002390473,-0.001361297,0.003501925067483338,0.007837995722183194,low_vol,low_vol,pre_covid
2018-05-30,94.15000153,1301.5,16.47900009,2.842000008,14.93999958,-0.007196563,0.002153719,0.00356142,0.006258435,0.000992697,0.000972829,0.003681711153759045,0.007736983595318341,low_vol,low_vol,pre_covid
2018-05-31,93.98999786,1300.099976,16.40200043,2.822000027,15.43000031,-0.0017009,-0.00107628,0.003384756,0.005918371,0.00064041,0.000764396,0.0038846708768574584,0.007603951583250752,low_vol,low_vol,pre_covid
2018-06-01,94.19000244,1294.800049,16.38800049,2.894999981,13.46000004,0.002125674,-0.004084885,0.003397068,0.005979329,0.00076735,0.000511042,0.003830095474026035,0.007471434714266708,low_vol,low_vol,pre_covid
2018-06-04,94.01999664,1293.099976,16.37899971,2.937000036,12.73999977,-0.001806555,-0.001313863,0.003421353,0.005793791,0.000404985,0.000224521,0.0037826338661771635,0.007411268718319753,low_vol,low_vol,pre_covid
2018-06-05,93.88999939,1297.5,16.49099922,2.91899991,12.39999962,-0.001383612,0.003396919,0.003447426,0.005843022,0.000223916,0.000564213,0.003733109313679124,0.007293019542284717,low_vol,low_vol,pre_covid
2018-06-06,93.66000366,1297.099976,16.6420002,2.974999905,11.64000034,-0.002452635,-0.000308352,0.003499597,0.005843151,5.34e-05,0.000417184,0.0036778454521555516,0.007211994594716601,low_vol,low_vol,pre_covid
2018-06-07,93.40000153,1298.699951,16.76600075,2.933000088,12.13000011,-0.002779881,0.001232742,0.003470811,0.005855682,-0.000650982,0.000726425,0.0036464522591482455,0.007097832284435166,low_vol,low_vol,pre_covid
2018-06-08,93.55000305,1298.099976,16.69400024,2.937000036,12.18000031,0.001604724,-0.000462088,0.003476875,0.005855673,-0.000245552,-0.00043047,0.0036254124411701084,0.006993633372593868,low_vol,low_vol,pre_covid
2018-06-11,93.58000183,1298.900024,16.90500069,2.957000017,12.35000038,0.00032062,0.000616133,0.003323434,0.005592905,-0.000649734,-0.000338178,0.003574603499580364,0.0068938218346697635,low_vol,low_vol,pre_covid
2018-06-12,93.80000305,1295.099976,16.84900093,2.957000017,12.34000015,0.002348184,-0.002929878,0.003324514,0.005611263,-0.001092095,-0.000277583,0.0035129416889453586,0.006798986441744865,low_vol,low_vol,pre_covid
2018-06-13,93.70999908,1296.900024,16.95299911,2.976999998,12.93999958,-0.000959991,0.001388927,0.003342923,0.005627006,-0.000468437,-0.000354063,0.00348106433039225,0.006751206693590912,low_vol,low_vol,pre_covid
2018-06-14,94.76999664,1304.0,17.22599983,2.946000099,12.11999989,0.011247971,0.005459643,0.003859856,0.003304648,0.00082645,0.00029953,0.0034274775530141193,0.006670541634549232,low_vol,low_vol,pre_covid
2018-06-15,94.79000092,1274.599976,16.45199966,2.924000025,11.97999954,0.00021106,-0.022804079,0.003854226,0.006069749,0.000634988,-0.00157239,0.004013257132064243,0.00670510908248387,low_vol,low_vol,pre_covid
2018-06-18,94.75,1276.199951,16.41200066,2.926000118,12.31000042,-0.000422084,0.001254489,0.003861864,0.006078157,0.000773435,-0.001315554,0.003939828338557352,0.008582453551570926,low_vol,low_vol,pre_covid
2018-06-19,95.08999634,1275.599976,16.3029995,2.892999887,13.35000038,0.003581929,-0.000470237,0.003907517,0.006060931,0.00126999,-0.00170227,0.0038693970831521164,0.008391345310439908,low_vol,low_vol,pre_covid
2018-06-20,95.05999756,1271.199951,16.28899956,2.927999973,12.78999996,-0.000315528,-0.003455339,0.003913767,0.006092305,0.0014837,-0.002016969,0.0038608438153323694,0.00820894588266876,low_vol,low_vol,pre_covid
2018-06-21,94.87000275,1267.199951,16.30599976,2.897000074,14.64000034,-0.002000683,-0.003151594,0.003946302,0.006098873,0.00156162,-0.002455402,0.003792023465527323,0.008082401022443618,low_vol,low_vol,pre_covid
2018-06-22,94.51999664,1267.400024,16.43899918,2.900000095,13.77000046,-0.003696146,0.000157874,0.003962732,0.006099088,0.001031533,-0.002393406,0.0037461019837675,0.007956162128777443,low_vol,low_vol,pre_covid
2018-06-25,94.27999878,1265.599976,16.30800056,2.875,17.32999992,-0.002542352,-0.001421278,0.003965952,0.005453072,0.000745236,-0.002597147,0.0037521680098261305,0.007796721392238679,low_vol,low_vol,pre_covid
2018-06-26,94.68000031,1256.599976,16.23800087,2.880000114,15.92000008,0.004233723,-0.007136657,0.003959377,0.005585891,0.00093379,-0.003017825,0.0037205174412640154,0.00765647697075756,low_vol,low_vol,pre_covid
2018-06-27,95.29000092,1252.800049,16.13899994,2.826999903,17.90999985,0.006422095,-0.003028556,0.003931199,0.005578819,0.001671999,-0.003459573,0.003743765105331644,0.007714603503489142,low_vol,low_vol,pre_covid
2018-06-28,95.38999939,1247.800049,15.95100021,2.846999884,16.85000038,0.001048862,-0.003999045,0.003545128,0.005526891,0.000652088,-0.004405442,0.003880352388402622,0.007608435386559409,low_vol,low_vol,pre_covid
2018-06-29,94.62999725,1251.300049,16.10400009,2.848999977,16.09000015,-0.007999223,0.00280101,0.003990067,0.005623438,-0.000168941,-0.001844933,0.0038150523405906995,0.007536170712077761,low_vol,low_vol,pre_covid
2018-07-02,94.87000275,1239.800049,15.74400043,2.865999937,15.60000038,0.002533041,-0.009232934,0.004000246,0.005835247,0.000126572,-0.002893676,0.004063860873906185,0.007426366830366171,low_vol,low_vol,pre_covid
2018-07-03,94.58999634,1251.599976,15.95199966,2.838000059,16.13999939,-0.002955839,0.009472598,0.004038794,0.00635632,-0.000527205,-0.001899392,0.00401784760926886,0.007634893420830311,low_vol,low_vol,pre_covid
2018-07-05,94.47000122,1257.300049,16.00799942,2.839999914,14.97000027,-0.001269387,0.00454389,0.004036507,0.006405718,-0.000622591,-0.001099469,0.003988126868274321,0.007808000471942261,low_vol,low_vol,pre_covid
2018-07-06,94.04000092,1254.300049,15.98099995,2.83100009,13.36999989,-0.004562103,-0.002388916,0.004133343,0.006402476,-0.000878733,-0.001023202,0.00392396298173371,0.007725158359900392,low_vol,low_vol,pre_covid
2018-07-09,94.08000183,1258.099976,16.0529995,2.859999895,12.68999958,0.00042527,0.00302494,0.004076876,0.006453831,-0.000466591,-0.000736495,0.0039572848851731875,0.007604451196258201,low_vol,low_vol,pre_covid
2018-07-10,94.11000061,1253.800049,16.00300026,2.872999907,12.64000034,0.000318814,-0.003423648,0.004066661,0.006462084,-0.000180475,-0.000936732,0.0038858249071945855,0.007494888164869457,low_vol,low_vol,pre_covid
2018-07-11,94.72000122,1242.800049,15.73200035,2.842000008,13.63000011,0.006460867,-0.008812041,0.004284326,0.006622054,4.22e-05,-0.00110427,0.003815913317461608,0.007413173898277258,low_vol,low_vol,pre_covid
2018-07-12,94.80999756,1245.0,15.89799976,2.852999926,12.57999992,0.000949679,0.001768592,0.004266243,0.006671884,-0.000505002,-0.000624556,0.003949371217201226,0.0075942855456213,low_vol,low_vol,pre_covid
2018-07-13,94.75,1239.599976,15.73900032,2.83100009,12.18000031,-0.000633019,-0.004346803,0.004261204,0.006648791,-0.00067319,-0.000659331,0.003881290798709768,0.007464878583313451,low_vol,low_vol,pre_covid
2018-07-16,94.51000214,1238.099976,15.73499966,2.85800004,12.82999992,-0.002536172,-0.001210801,0.003525009,0.006422464,-0.000126885,-0.001060512,0.003813658473223406,0.007413991974523832,low_vol,low_vol,pre_covid
2018-07-17,94.97000122,1225.699951,15.54599953,2.864000082,12.06000042,0.004855393,-0.010065857,0.00368939,0.004803345,0.00010535,-0.001143805,0.003779674133258218,0.0072943923436909665,low_vol,low_vol,pre_covid
2018-07-18,95.08000183,1226.300049,15.50300026,2.875,12.10000038,0.001157597,0.000489476,0.003694521,0.004781371,0.000516694,-0.002042117,0.0038277569106533725,0.007577723204710898,low_vol,low_vol,pre_covid
2018-07-19,95.16999817,1222.400024,15.34000015,2.846999884,12.86999989,0.000946085,-0.003185386,0.003616604,0.004777504,0.000738241,-0.002815044,0.003765031015376592,0.007440617759668871,low_vol,low_vol,pre_covid
2018-07-20,94.45999908,1229.5,15.48999977,2.894999981,12.85999966,-0.007488292,0.005791423,0.003973009,0.005057354,0.000445622,-0.00199701,0.003701917610332823,0.007356079150201236,low_vol,low_vol,pre_covid
2018-07-23,94.66999817,1224.0,15.36800003,2.964999914,12.61999989,0.002220686,-0.004483399,0.003989497,0.005086206,0.000625164,-0.002747844,0.003924014610570584,0.00735126586982952,low_vol,low_vol,pre_covid
2018-07-24,94.61000061,1223.900024,15.4630003,2.948999882,12.40999985,-0.000633956,-8.17e-05,0.003906604,0.005082212,0.000529887,-0.002413648,0.003875562230299319,0.00731326354725346,low_vol,low_vol,pre_covid
2018-07-25,94.36000061,1231.400024,15.53299999,2.936000109,12.28999996,-0.002645924,0.006109252,0.003910098,0.005358302,-0.000380792,-0.000921518,0.003808089495342654,0.007192152392216747,low_vol,low_vol,pre_covid
2018-07-26,94.75,1225.300049,15.43799973,2.974999905,12.14000034,0.004124583,-0.004966001,0.003904314,0.00526021,-6.33e-05,-0.001594978,0.0037772436055552583,0.007214071127899595,low_vol,low_vol,pre_covid
2018-07-27,94.68000031,1222.599976,15.43599987,2.960000038,13.02999973,-0.000739056,-0.002206033,0.003621038,0.005248973,-7.39e-05,-0.001380901,0.003793205336626548,0.00720463750650337,low_vol,low_vol,pre_covid
2018-07-30,94.36000061,1221.300049,15.47500038,2.974999905,14.26000023,-0.003385527,-0.001063813,0.003667093,0.005208573,-0.000158841,-0.001366202,0.003728752888997941,0.007113230054958029,low_vol,low_vol,pre_covid
2018-07-31,94.48999786,1223.699951,15.5,2.963999987,12.82999992,0.001376725,0.001963111,0.003258584,0.005180958,-0.000506708,-0.000163305,0.0037241639650646367,0.007010711575124407,low_vol,low_vol,pre_covid
2018-08-01,94.62000275,1217.900024,15.39400005,3.003000021,13.14999962,0.001374913,-0.004750932,0.003221912,0.004912915,-0.000484976,-0.000687346,0.003667048376094796,0.006920122121934108,low_vol,low_vol,pre_covid
2018-08-02,95.16999817,1210.599976,15.32900047,2.986000061,12.18999958,0.005795848,-0.006012,0.003398685,0.004424073,-2.58e-17,-0.000970008,0.0036115567687673455,0.006924336976534715,low_vol,low_vol,pre_covid
2018-08-03,95.13999939,1214.199951,15.40600014,2.953000069,11.64000034,-0.000315262,0.002969299,0.003383123,0.004327271,0.000717303,-0.00125222,0.0037201378520682533,0.006985370711812754,low_vol,low_vol,pre_covid
2018-08-06,95.36000061,1208.599976,15.29199982,2.937999964,11.27000046,0.002309725,-0.004622739,0.00321371,0.00437327,0.000726207,-0.001266154,0.003655040118191116,0.006914738962315431,low_vol,low_vol,pre_covid
2018-08-07,95.22000122,1209.599976,15.31700039,2.97300005,10.93000031,-0.001469193,0.000827062,0.003247155,0.004278111,0.000642683,-0.00117528,0.0036173590934140258,0.006914249188727431,low_vol,low_vol,pre_covid
2018-08-08,95.09999847,1212.599976,15.3760004,2.970999956,10.85000038,-0.001261063,0.002477088,0.003271563,0.004364024,0.000781169,-0.001538496,0.0035668786760941944,0.006818976192560746,low_vol,low_vol,pre_covid
2018-08-09,95.5,1211.900024,15.41899967,2.934999943,11.27000046,0.004197294,-0.000577398,0.003097974,0.00404073,0.00078844,-0.001099636,0.003514692280907386,0.006749373966004986,low_vol,low_vol,pre_covid
2018-08-10,96.36000061,1211.099976,15.26599979,2.857000113,13.15999985,0.008964937,-0.000660379,0.003620065,0.003985931,0.00175884,-0.00094507,0.003546846507687818,0.006665883183919648,low_vol,low_vol,pre_covid
2018-08-13,96.38999939,1191.300049,14.95300007,2.877000093,14.77999973,0.000311271,-0.016483829,0.003607581,0.00515582,0.002128519,-0.002487072,0.003893462979378047,0.006588428741156825,low_vol,low_vol,pre_covid
2018-08-14,96.73000336,1193.0,15.02499962,2.894999981,13.31000042,0.003521171,0.001425954,0.003567999,0.005205123,0.002342964,-0.002540787,0.003823333424936457,0.00762297703617788,low_vol,low_vol,pre_covid
2018-08-15,96.69999695,1177.5,14.42099953,2.851999998,14.64000034,-0.000310256,-0.013077596,0.003473366,0.005479475,0.002174447,-0.003373454,0.0038145954531540577,0.007488320433555771,low_vol,low_vol,pre_covid
2018-08-16,96.65000153,1176.199951,14.69699955,2.871000051,13.44999981,-0.000517149,-0.001104685,0.003485389,0.005455555,0.001543147,-0.002882722,0.0037469735236850842,0.008003993930205568,low_vol,low_vol,pre_covid
2018-08-17,96.09999847,1176.5,14.61600018,2.872999907,12.64000034,-0.005706921,0.000255068,0.003760997,0.005469387,0.001003982,-0.003154145,0.003682177169244092,0.007848152662785093,low_vol,low_vol,pre_covid
2018-08-20,95.90000153,1186.800049,14.65499973,2.822999954,12.48999977,-0.002083302,0.008716721,0.003352392,0.005705172,0.000564679,-0.001820199,0.0037887621333359896,0.007694932725294229,low_vol,low_vol,pre_covid
2018-08-21,95.26000214,1192.599976,14.7510004,2.844000101,12.85999966,-0.00669598,0.004875127,0.003699577,0.005839433,4.2e-05,-0.001415393,0.0037447182776458284,0.007814198786666776,low_vol,low_vol,pre_covid
2018-08-22,95.15000153,1196.300049,14.73499966,2.822999954,12.25,-0.001155408,0.003097724,0.00370787,0.005911669,5.26e-05,-0.001353329,0.003907800806097125,0.007741727579740251,low_vol,low_vol,pre_covid
2018-08-23,95.62000275,1187.0,14.52700043,2.821000099,12.40999985,0.004927422,-0.007804385,0.003777621,0.005844225,0.000125578,-0.002076028,0.0038444511085554346,0.0076251093834148196,low_vol,low_vol,pre_covid
2018-08-24,95.15000153,1206.300049,14.77900028,2.825999975,11.98999977,-0.004927422,0.016128748,0.003874334,0.006968362,-0.001263657,-0.000397115,0.003892357760480386,0.00772334988639911,low_vol,low_vol,pre_covid
2018-08-27,94.77999878,1209.0,14.84399986,2.84800005,12.15999985,-0.003896206,0.002235708,0.003972629,0.006989151,-0.001684405,0.001474838,0.003944324374938124,0.00846317143080872,low_vol,low_vol,pre_covid
2018-08-28,94.72000122,1207.400024,14.7670002,2.884000063,12.5,-0.00063322,-0.001324264,0.003898316,0.006990371,-0.002099844,0.001199816,0.003949110978796419,0.008288789592018335,low_vol,low_vol,pre_covid
2018-08-29,94.59999847,1204.5,14.68799973,2.884000063,12.25,-0.001267724,-0.002404765,0.003900481,0.006976979,-0.002195591,0.0022671,0.0038796744752102176,0.008118794067188614,low_vol,low_vol,pre_covid
2018-08-30,94.72000122,1197.699951,14.47700024,2.859999895,13.52999973,0.001267724,-0.005661533,0.003898738,0.007005838,-0.002017104,0.001811415,0.003818545520323296,0.007974506623999945,low_vol,low_vol,pre_covid
2018-08-31,95.13999939,1200.300049,14.43799973,2.852999926,12.85999966,0.004424301,0.002168556,0.003808111,0.006928339,-0.001003982,0.002002764,0.003757349059437503,0.007937745719474792,low_vol,low_vol,pre_covid
2018-09-04,95.41999817,1192.699951,14.06099987,2.90199995,13.15999985,0.002938696,-0.006351963,0.003861115,0.006999449,-0.000501782,0.000495895,0.0037869414460189664,0.007792935604504952,low_vol,low_vol,pre_covid
2018-09-05,95.12999725,1194.900024,14.11800003,2.90199995,13.90999985,-0.003043833,0.001842917,0.003887337,0.006967363,-0.000136567,0.000192674,0.003761150296408682,0.00780047266824671,low_vol,low_vol,pre_covid
2018-09-06,95.01999664,1197.900024,14.07499981,2.878999949,14.64999962,-0.001156988,0.002507524,0.003882493,0.006993485,-0.000136725,0.000133654,0.0037438014755687057,0.007659592483208945,low_vol,low_vol,pre_covid
2018-09-07,95.37000275,1193.599976,14.06700039,2.941999912,14.88000011,0.003676732,-0.003596114,0.003957467,0.006991403,-0.000261794,0.000554481,0.0036850893223415553,0.007536785651312899,low_vol,low_vol,pre_covid
2018-09-10,95.15000153,1193.0,14.07900047,2.937000036,14.15999985,-0.002309483,-0.000502787,0.003877423,0.006991516,2.43e-18,-0.001108672,0.0036878487358598033,0.007457163750535713,low_vol,low_vol,pre_covid
2018-09-11,95.05999756,1195.400024,14.05200005,2.976999998,13.22000027,-0.000946364,0.002009735,0.003263971,0.007017429,0.000294984,-0.001131269,0.003652448087657757,0.007329038897636665,low_vol,low_vol,pre_covid
2018-09-12,94.80000305,1204.699951,14.19200039,2.963000059,13.14000034,-0.002738804,0.007749655,0.003286987,0.006226462,8.44e-05,-0.000223877,0.0035938461144388208,0.007218961040387439,low_vol,low_vol,pre_covid
2018-09-13,94.54000092,1202.0,14.14299965,2.963000059,12.36999989,-0.002746406,-0.002243697,0.003157774,0.006251581,-6.34e-05,-0.000207771,0.003573586032286292,0.007323605078625085,low_vol,low_vol,pre_covid
2018-09-14,94.98000336,1195.0,14.04199982,2.993999958,12.06999969,0.004643343,-0.005840651,0.003395073,0.00564385,0.000274119,-0.000225682,0.0035543313952768356,0.007225289345505648,low_vol,low_vol,pre_covid
2018-09-17,94.51000214,1199.699951,14.12199974,3.000999928,13.68000031,-0.004960707,0.003925299,0.003509532,0.005669994,-0.000664381,-5e-05,0.0036049583696417986,0.00725327535435957,low_vol,low_vol,pre_covid
2018-09-18,94.62000275,1196.800049,14.08399963,3.048000097,12.78999996,0.001163228,-0.002420116,0.003372855,0.005716064,-0.000841928,0.000343177,0.0036755610293135936,0.007189072752918674,low_vol,low_vol,pre_covid
2018-09-19,94.55000305,1202.199951,14.18900013,3.082999945,11.75,-0.000740072,0.004501802,0.003358795,0.005494425,-0.000611552,0.000609065,0.00361715523136992,0.007102975536392423,low_vol,low_vol,pre_covid
2018-09-20,93.91000366,1206.199951,14.21500015,3.078000069,11.80000019,-0.006791912,0.003321711,0.003367448,0.005444417,-0.001175044,0.000690484,0.00355753099065796,0.007067394590961157,low_vol,low_vol,pre_covid
2018-09-21,94.22000122,1196.199951,14.26900005,3.068000078,11.68000031,0.00329557,-0.008325057,0.003474384,0.005738756,-0.001213161,0.000217589,0.003743452736763705,0.00699955688414639,low_vol,low_vol,pre_covid
2018-09-24,94.26000214,1199.300049,14.2510004,3.078000069,12.19999981,0.000424458,0.002588269,0.003256914,0.005474472,-0.000939767,0.000526695,0.0037303876702045667,0.007189274131872393,low_vol,low_vol,pre_covid
2018-09-25,94.12999725,1200.0,14.39799976,3.101999998,12.42000008,-0.001380168,0.000583463,0.003114606,0.004143403,-0.000983147,0.000384068,0.0036648958200201794,0.007097456542058163,low_vol,low_vol,pre_covid
2018-09-26,94.19000244,1194.0,14.30500031,3.061000109,12.89000034,0.000637268,-0.005012542,0.003024201,0.004227094,-0.00064554,-0.000892152,0.003611586413725783,0.006989732136298335,low_vol,low_vol,pre_covid
2018-09-27,95.0,1182.300049,14.20100021,3.055999994,12.40999985,0.008562847,-0.00984728,0.003586636,0.004685023,0.000485386,-0.00165251,0.003550318969071939,0.006999356996009009,low_vol,low_vol,pre_covid
2018-09-28,95.19000244,1191.5,14.62300014,3.055999994,12.11999989,0.001998028,0.007751282,0.003593315,0.005043292,0.000220854,-0.000293317,0.00386220876700289,0.0072990835613306135,low_vol,low_vol,pre_covid
2018-10-01,95.30000305,1187.099976,14.42199993,3.079999924,12.0,0.001154923,-0.00369968,0.003591874,0.00496072,0.000832417,-0.001055815,0.003811196311901484,0.007396684793647955,low_vol,low_vol,pre_covid
2018-10-02,95.51000214,1202.400024,14.60999966,3.055999994,12.05000019,0.002201134,0.012806242,0.003495417,0.005723154,0.000936208,0.000466821,0.0037489005628154183,0.007329530047773352,low_vol,low_vol,pre_covid
2018-10-03,95.76000214,1198.300049,14.59000015,3.161000013,11.60999966,0.002614107,-0.003415653,0.003483328,0.005592448,0.001271626,-0.000324924,0.003705648175258066,0.007799521920968964,low_vol,low_vol,pre_covid
2018-10-04,95.75,1197.199951,14.51000023,3.197000027,14.22000027,-0.000104455,-0.00091847,0.003405953,0.005584916,0.001940371,-0.000748943,0.003673815280363955,0.007697740468023157,low_vol,low_vol,pre_covid
2018-10-05,95.62000275,1201.199951,14.56900024,3.224999905,14.81999969,-0.001358596,0.00333556,0.003410574,0.00560571,0.001474955,0.000417119,0.0036093310464569233,0.007558182290535651,low_vol,low_vol,pre_covid
2018-10-08,95.76999664,1184.400024,14.25899982,3.23300004,15.68999958,0.001567417,-0.014084679,0.0033364,0.006369597,0.00158925,-0.001250176,0.003557337506260363,0.007458447458578651,low_vol,low_vol,pre_covid
2018-10-09,95.68000031,1187.199951,14.32900047,3.207999945,15.94999981,-0.000940155,0.002361214,0.003298078,0.006397178,0.001633252,-0.0010724,0.003507972582958972,0.008075553550161181,low_vol,low_vol,pre_covid
2018-10-10,95.51000214,1189.300049,14.25500011,3.224999905,22.95999908,-0.001778317,0.001767388,0.003318286,0.006393149,0.001391693,-0.000394408,0.0034533916466427507,0.00792541243730625,low_vol,low_vol,pre_covid
2018-10-11,95.01999664,1223.5,14.53499985,3.132999897,24.97999954,-0.005143616,0.028350664,0.003463974,0.008806185,2.1e-05,0.003425387,0.003413754161777508,0.0077762904493131535,low_vol,low_vol,pre_covid
2018-10-12,95.22000122,1218.099976,14.56400013,3.141000032,21.30999947,0.002102656,-0.004423356,0.003425424,0.008855784,3.15e-05,0.002207923,0.0035067971241137764,0.010130133382587073,low_vol,high_vol,pre_covid
2018-10-15,95.06999969,1226.400024,14.65600014,3.163000107,21.29999924,-0.001576557,0.006790821,0.003301506,0.00882297,-0.000241638,0.003256973,0.003469337116552393,0.00991566685993771,low_vol,high_vol,pre_covid
2018-10-16,95.05000305,1227.300049,14.63000011,3.155999899,17.62000084,-0.000210358,0.000733606,0.003097833,0.008801776,-0.000482788,0.002049709,0.0034252667920826735,0.009775181947020786,low_vol,high_vol,pre_covid
2018-10-17,95.58000183,1223.699951,14.59200001,3.178999901,17.39999962,0.005560511,-0.002937658,0.003302959,0.008812793,-0.000188147,0.002097509,0.003367741024716707,0.009518045055891858,low_vol,high_vol,pre_covid
2018-10-18,95.90000153,1226.5,14.53299999,3.174999952,20.05999947,0.003342385,0.002285569,0.003347358,0.008782715,0.000156537,0.002417913,0.0034801792200833404,0.009303757861320875,low_vol,low_vol,pre_covid
2018-10-19,95.70999908,1225.300049,14.57900047,3.197999954,19.88999939,-0.001983221,-0.000978833,0.002952164,0.008774855,9.41e-05,0.001986474,0.0034797425177330614,0.009083468595612796,low_vol,low_vol,pre_covid
2018-10-22,96.01000214,1221.199951,14.52200031,3.196000099,19.63999939,0.003129598,-0.00335181,0.002945656,0.008582745,0.000250293,0.00305976,0.003443668744063974,0.008866352854832468,low_vol,low_vol,pre_covid
2018-10-23,95.95999908,1233.400024,14.72799969,3.165999889,20.70999908,-0.000520947,0.009940661,0.002960414,0.008798665,0.000292214,0.003817705,0.0034373828107114057,0.00869775870841385,low_vol,low_vol,pre_covid
2018-10-24,96.43000031,1227.800049,14.61100006,3.124000072,25.22999954,0.004885931,-0.004550614,0.003039011,0.008891432,0.000958638,0.003185905,0.0033810503940105165,0.008803241527849514,low_vol,low_vol,pre_covid
2018-10-25,96.68000031,1229.099976,14.56499958,3.135999918,24.21999931,0.002589199,0.001058185,0.00305238,0.008781086,0.00173192,0.000456657,0.0034544277607159606,0.008670878205274688,low_vol,low_vol,pre_covid
2018-10-26,96.36000061,1232.5,14.63500023,3.076999903,24.15999985,-0.003315375,0.002762453,0.002709322,0.008397753,0.001190117,0.001175238,0.003431020411416033,0.008473682377824155,low_vol,low_vol,pre_covid
2018-10-29,96.58000183,1224.5,14.37699986,3.086999893,24.70000076,0.002280515,-0.00651203,0.0027169,0.008484009,0.001575824,-0.000155047,0.003436933871436503,0.008306798938852921,low_vol,low_vol,pre_covid
2018-10-30,97.01000214,1222.599976,14.40299988,3.109999895,23.35000038,0.004442389,-0.001552879,0.002837062,0.008433525,0.002041099,-0.000383696,0.00340603502511901,0.008283017754490966,low_vol,low_vol,pre_covid
2018-10-31,97.12999725,1212.300049,14.22900009,3.15899992,21.22999954,0.001236171,-0.008460297,0.002821805,0.008271058,0.001608665,-0.000935959,0.0034554611169896553,0.00811599015666877,low_vol,low_vol,pre_covid
2018-11-01,96.27999878,1236.0,14.72900009,3.144000053,19.34000015,-0.008789659,0.019360937,0.003476712,0.009189387,0.00039546,0.000771577,0.003404272442776657,0.008209951222189928,low_vol,low_vol,pre_covid
2018-11-02,96.54000092,1230.900024,14.70699978,3.213999987,19.51000023,0.002696839,-0.00413473,0.003515637,0.009257821,0.000863466,0.000455988,0.0037666937368217163,0.009227658695668866,low_vol,low_vol,pre_covid
2018-11-05,96.34999847,1229.800049,14.60400009,3.200999975,19.95999908,-0.001970061,-0.000894035,0.003533342,0.009257831,0.0003535,0.000701765,0.0037348933253090384,0.009057517432269034,low_vol,low_vol,pre_covid
2018-11-06,96.31999969,1223.800049,14.45800018,3.213999987,19.90999985,-0.000311401,-0.004890782,0.003525075,0.008703624,0.000374455,-0.000781379,0.003690156039807237,0.008841170259849564,low_vol,low_vol,pre_covid
2018-11-07,96.0,1226.199951,14.52799988,3.213000059,16.36000061,-0.003327787,0.001959105,0.003603776,0.008702212,-0.000446917,-0.000130407,0.003625842245252357,0.008717307399364186,low_vol,low_vol,pre_covid
2018-11-08,96.63999939,1222.900024,14.38599968,3.233999968,16.71999931,0.006644536,-0.002694809,0.003838455,0.008750703,-4.14e-05,-0.000505707,0.003623606116140374,0.008525175694664645,low_vol,low_vol,pre_covid
2018-11-09,96.91000366,1206.400024,14.10299969,3.188999891,17.36000061,0.002790023,-0.013584369,0.003633992,0.006854921,0.000569157,-0.002140389,0.003784166233138899,0.008362446747454785,low_vol,low_vol,pre_covid
2018-11-12,97.54000092,1201.300049,13.97399998,3.186000109,20.45000076,0.006479809,-0.004236394,0.003824669,0.006849923,0.000989086,-0.001912825,0.0037542711823771867,0.00881098956396181,low_vol,low_vol,pre_covid
2018-11-13,97.30000305,1199.199951,13.95199966,3.144999981,20.02000046,-0.002463539,-0.001749717,0.003860968,0.006635531,0.000298493,-0.001932509,0.0038936472450375953,0.008668734945999491,low_vol,low_vol,pre_covid
2018-11-14,96.80000305,1207.900024,14.05500031,3.119999886,21.25,-0.005151995,0.007228708,0.004088944,0.006870904,-0.000340323,-0.000363609,0.0038550373415266025,0.008482338078996537,low_vol,low_vol,pre_covid
2018-11-15,96.93000031,1212.800049,14.23700047,3.118000031,19.97999954,0.001342046,0.004048441,0.003948122,0.00692901,0.000672847,-0.001894858,0.003920267756217073,0.008457638274291596,low_vol,low_vol,pre_covid
2018-11-16,96.47000122,1220.800049,14.3579998,3.073999882,18.13999939,-0.00475698,0.006574645,0.004067589,0.007074618,-7.25e-05,-0.000823921,0.003857135127850372,0.008319330235740642,low_vol,low_vol,pre_covid
2018-11-19,96.19000244,1223.099976,14.38099957,3.056999922,20.10000038,-0.002906664,0.001882178,0.004098181,0.007086848,-0.000166195,-0.000546299,0.0039029407757632385,0.008277163244519777,low_vol,low_vol,pre_covid
2018-11-20,96.80999756,1219.0,14.24699974,3.048000097,22.47999954,0.006424842,-0.003357749,0.004273751,0.007086985,0.000507429,-0.000392996,0.0038760174340669563,0.008108962327695878,low_vol,low_vol,pre_covid
2018-11-21,96.70999908,1225.800049,14.47999954,3.061000109,20.79999924,-0.001033469,0.005562881,0.004280701,0.006837294,0.000736861,-3.26e-05,0.004002773682022812,0.007986139782953375,low_vol,low_vol,pre_covid
2018-11-23,96.91999817,1221.0,14.22099972,3.053999901,21.52000046,0.002169077,-0.003923537,0.004177222,0.006819121,0.000289315,-0.000155491,0.0039354141472168255,0.007926497990998357,low_vol,low_vol,pre_covid
2018-11-26,97.06999969,1220.199951,14.18299961,3.072000027,18.89999962,0.001546488,-0.000655455,0.004154051,0.006812752,0.000164961,0.0011374,0.0038855272864466535,0.007830837295503785,low_vol,low_vol,pre_covid
2018-11-27,97.37000275,1211.199951,14.06200027,3.055000067,19.02000046,0.003085819,-0.007403176,0.004118543,0.006940788,-0.000174438,0.000820722,0.0038261632787918846,0.007681475308259344,low_vol,low_vol,pre_covid
2018-11-28,96.79000092,1221.400024,14.30300045,3.04399991,18.48999977,-0.005974491,0.008386198,0.004328362,0.007090764,-0.000525533,0.001834313,0.003803254603801576,0.007752022081922915,low_vol,low_vol,pre_covid
2018-11-29,96.77999878,1224.099976,14.27299976,3.035000086,18.79000092,-0.000103344,0.002208098,0.004212639,0.007100272,-2.07e-05,0.001332253,0.003916861657595693,0.007846464457444887,low_vol,low_vol,pre_covid
2018-11-30,97.26999664,1220.199951,14.09399986,3.013000011,18.06999969,0.005050234,-0.00319112,0.004353578,0.006873669,0.000350151,0.000608296,0.003845983823564041,0.0077076454684728325,low_vol,low_vol,pre_covid
2018-12-03,97.04000092,1233.900024,14.38099957,2.992000103,16.44000053,-0.002367308,0.011165165,0.003902395,0.005901834,0.000589118,0.001067348,0.0038997026931538513,0.007605929472446511,low_vol,low_vol,pre_covid
2018-12-04,96.97000122,1241.099976,14.52099991,2.924000025,20.73999977,-0.000721609,0.005818159,0.003871853,0.005959373,0.000807624,0.001460946,0.003858528701015926,0.007904223889762611,low_vol,low_vol,pre_covid
2018-12-06,96.80999756,1238.099976,14.39000034,2.875999928,21.19000053,-0.001651395,-0.002420137,0.00386349,0.005985101,-4.6e-18,0.001554708,0.0037921693587407656,0.007860269764661486,low_vol,low_vol,pre_covid
2018-12-07,96.51000214,1246.800049,14.57199955,2.849999905,23.22999954,-0.003103617,0.007002381,0.003930407,0.006029876,-0.000207015,0.001698658,0.003739510437551788,0.007731872525051694,low_vol,low_vol,pre_covid
2018-12-10,97.22000122,1243.699951,14.47799969,2.855999947,22.63999939,0.007329812,-0.00248954,0.004148523,0.006068336,0.000309059,0.001842057,0.0037249328823229667,0.007753554521927168,low_vol,low_vol,pre_covid
2018-12-11,97.38999939,1241.900024,14.4989996,2.878999949,21.76000023,0.001747066,-0.001448284,0.003923361,0.006039757,0.000329117,0.001762774,0.003923346831813611,0.007633073369289748,low_vol,low_vol,pre_covid
2018-12-12,97.04000092,1244.400024,14.72500038,2.905999899,21.45999908,-0.003600256,0.002011021,0.003973621,0.005072483,-0.000339491,0.002704194,0.003866007840959206,0.0075029652323943844,low_vol,low_vol,pre_covid
2018-12-13,97.05999756,1242.699951,14.72900009,2.911000013,20.64999962,0.000206045,-0.001367113,0.003693064,0.004948014,0.000278563,0.001728863,0.0038632265060719894,0.00738216123936132,low_vol,low_vol,pre_covid
2018-12-14,97.44000244,1237.0,14.51299953,2.891000032,21.62999916,0.00390751,-0.004597299,0.003761878,0.005081993,0.000679648,0.001048323,0.00379368902879609,0.007266347779303558,low_vol,low_vol,pre_covid
2018-12-17,97.09999847,1247.400024,14.63899994,2.857000113,24.52000046,-0.003495469,0.008372311,0.003663006,0.00515234,-0.000174922,0.002204666,0.0038003039292158307,0.007238672078738755,low_vol,low_vol,pre_covid
2018-12-18,97.13999939,1249.199951,14.58500004,2.825000048,25.57999992,0.000411871,0.001441903,0.003653449,0.005119989,0.000102996,0.00123234,0.0037965717514133533,0.007378791605915796,low_vol,low_vol,pre_covid
2018-12-19,97.04000092,1252.099976,14.70199966,2.778000116,25.57999992,-0.001029957,0.002318815,0.003492535,0.004987785,7.22e-05,0.000882406,0.0037292817665602906,0.007259040987548256,low_vol,low_vol,pre_covid
2018-12-20,96.27999878,1263.599976,14.75300026,2.789000034,28.37999916,-0.007862674,0.009142648,0.003866135,0.005280105,-0.000548967,0.002038684,0.0036694501917187376,0.007158038537347811,low_vol,low_vol,pre_covid
2018-12-21,96.95999908,1253.800049,14.58300018,2.792000055,30.11000061,0.007037913,-0.007785792,0.00391868,0.00556659,0.000465186,0.000559867,0.003922965189314649,0.007356143789623816,low_vol,low_vol,pre_covid
2018-12-24,96.55000305,1267.5,14.70100021,2.749000072,36.06999969,-0.004237472,0.010867478,0.004024878,0.005879347,-0.000691542,0.001895569,0.004084491028054926,0.007477411446968055,low_vol,low_vol,pre_covid
2018-12-26,97.05000305,1269.199951,15.00399971,2.796999931,30.40999985,0.005165301,0.001340286,0.004159407,0.005743026,-0.000349719,0.002174426,0.0040962349314558185,0.0077669412614568,low_vol,low_vol,pre_covid
2018-12-27,96.48000336,1277.300049,15.19099998,2.743000031,29.95999908,-0.005890573,0.006361771,0.004339563,0.005794265,-0.000578751,0.002609501,0.00414156406746379,0.007623004564147451,low_vol,low_vol,pre_covid
2018-12-28,96.38999939,1279.900024,15.32600021,2.736000061,28.34000015,-0.000933312,0.002033456,0.004271312,0.005364025,-0.000692686,0.002949558,0.004227757029862353,0.007622921998695885,high_vol,low_vol,pre_covid
2018-12-31,96.16999817,1278.300049,15.43299961,2.686000109,25.42000008,-0.002285016,-0.001250861,0.004106794,0.005257877,-0.001311939,0.003284201,0.004153352458272295,0.007495111668224998,low_vol,low_vol,pre_covid
2019-01-02,96.81999969,1281.0,15.54199982,2.661000013,23.21999931,0.006736142,0.002109915,0.004385421,0.005257883,-0.000288778,0.002657962,0.004102037044112248,0.007371009310844706,low_vol,low_vol,pre_covid
2019-01-03,96.30999756,1291.800049,15.70600033,2.553999901,25.45000076,-0.005281451,0.00839561,0.004372361,0.00527579,-0.00085811,0.003353333,0.004230940791227147,0.00725974299920236,high_vol,low_vol,pre_covid
2019-01-04,96.19000244,1282.699951,15.69499969,2.65899992,21.37999916,-0.001246703,-0.007069439,0.004354881,0.005315956,-0.000879785,0.002414507,0.004281052685057093,0.007399330047465434,high_vol,low_vol,pre_covid
2019-01-07,95.70999908,1286.800049,15.66899967,2.681999922,21.39999962,-0.005002651,0.003191361,0.004468477,0.005248316,-0.000593782,0.001819378,0.004208525761280932,0.007475551143326137,high_vol,low_vol,pre_covid
2019-01-08,95.90000153,1283.199951,15.6260004,2.71600008,20.46999931,0.001983221,-0.002801634,0.004496944,0.005264007,-0.001099252,0.002317794,0.004246872886916429,0.007377795658124147,high_vol,low_vol,pre_covid
2019-01-09,95.22000122,1289.300049,15.65299988,2.727999926,19.97999954,-0.007115981,0.004742553,0.004696164,0.005172577,-0.001387102,0.001705302,0.004184033229579209,0.0072878754365499334,high_vol,low_vol,pre_covid
2019-01-10,95.54000092,1284.699951,15.56099987,2.730999947,19.5,0.003355001,-0.003574283,0.004431494,0.005220611,-0.001568132,0.001213845,0.0043387767146221565,0.007247385989480825,high_vol,low_vol,pre_covid
2019-01-11,95.66999817,1287.099976,15.57699966,2.700999975,18.19000053,0.001359733,0.001866417,0.004421025,0.005175516,-0.000843102,0.000764309,0.004304878089529675,0.007186666941670874,high_vol,low_vol,pre_covid
2019-01-14,95.58999634,1289.099976,15.60900021,2.710000038,19.06999969,-0.000836577,0.001552675,0.00437592,0.005175115,-0.000833428,0.000716231,0.0042313789767792495,0.007083577269569736,high_vol,low_vol,pre_covid
2019-01-15,95.97000122,1286.199951,15.54599953,2.710999966,18.60000038,0.003967482,-0.002252185,0.004491055,0.005204696,-0.000208178,0.000616099,0.004156032473476439,0.006983270755551108,low_vol,low_vol,pre_covid
2019-01-16,96.05999756,1291.599976,15.56400013,2.730999947,19.04000092,0.000937315,0.004189644,0.004389684,0.005028548,-0.000788061,0.000824072,0.004149062127677579,0.0069072379186112445,low_vol,low_vol,pre_covid
2019-01-17,96.06999969,1291.0,15.46700001,2.749000072,18.05999947,0.000104118,-0.000464629,0.004344261,0.00483983,-0.000249504,-6.2e-05,0.004075557814564056,0.006875370913081741,low_vol,low_vol,pre_covid
2019-01-18,96.33999634,1281.300049,15.32999992,2.78399992,17.79999924,0.002806474,-0.007541886,0.004400669,0.005238471,0.000155814,-0.000109197,0.004000434194401106,0.006783072051180006,low_vol,low_vol,pre_covid
2019-01-22,96.30000305,1282.5,15.25899982,2.730000019,20.79999924,-0.000415213,0.000936072,0.004398269,0.0052325,0.000614557,-0.000334726,0.003963334354223507,0.0069434443694688965,low_vol,low_vol,pre_covid
2019-01-23,96.12000275,1283.099976,15.31700039,2.755000114,19.52000046,-0.001870911,0.000467708,0.004069599,0.004901264,0.000229144,-7.79e-06,0.003892253701270816,0.0068469059125030145,low_vol,low_vol,pre_covid
2019-01-24,96.59999847,1279.099976,15.23799992,2.711999893,18.88999939,0.004981286,-0.003122319,0.003911436,0.004592062,0.001438871,-0.000794279,0.0038405780716211824,0.0067546694140782695,low_vol,low_vol,pre_covid
2019-01-25,95.79000092,1297.400024,15.63899994,2.753000021,17.42000008,-0.00842042,0.014205594,0.00422267,0.004992773,0.000261329,0.000983709,0.0038912723078724258,0.006715235999834666,low_vol,low_vol,pre_covid
2019-01-28,95.75,1302.400024,15.70899963,2.743999958,18.87000084,-0.000417677,0.003846454,0.004027572,0.005028372,8.36e-05,0.001181713,0.004164379325764224,0.007412973878308035,high_vol,low_vol,pre_covid
2019-01-29,95.81999969,1308.199951,15.78600025,2.711999893,19.12999916,0.0007308,0.004443374,0.003851483,0.004947244,0.000240325,0.001470783,0.004088082847919093,0.007335778272665694,low_vol,low_vol,pre_covid
2019-01-30,95.33999634,1309.900024,15.88000011,2.694999933,17.65999985,-0.005022017,0.001298708,0.003984714,0.004943193,-0.000658624,0.001825872,0.004014698984323116,0.007281815873826125,low_vol,low_vol,pre_covid
2019-01-31,95.58000183,1319.699951,16.02199936,2.63499999,16.56999969,0.002514201,0.007453584,0.00401602,0.005098429,-0.000500936,0.002152266,0.004064373144071379,0.007166739581580154,low_vol,low_vol,pre_covid
2019-02-01,95.58000183,1316.900024,15.88000011,2.690999985,16.13999939,0.0,-0.002123893,0.003681603,0.005157214,-0.000511348,0.00198634,0.004017905527981101,0.007259198433074764,low_vol,low_vol,pre_covid
2019-02-04,95.84999847,1314.300049,15.83699989,2.723999977,15.72999954,0.002820841,-0.001976267,0.003591434,0.004937287,-0.000509911,0.002542902,0.003944285127257315,0.007162739438482506,low_vol,low_vol,pre_covid
2019-02-05,96.09999847,1314.199951,15.78999996,2.701999903,15.56999969,0.002604847,-7.62e-05,0.003634891,0.004602908,-0.000207905,0.002441678,0.003909527638713294,0.0070698063220770635,low_vol,low_vol,pre_covid
2019-02-06,96.41999817,1309.5,15.65600014,2.701999903,15.38000011,0.00332433,-0.003582693,0.003519331,0.004689632,0.000311619,0.002036638,0.003870390107505221,0.006963666425551864,low_vol,low_vol,pre_covid
2019-02-07,96.51000214,1309.400024,15.67500019,2.65199995,16.37000084,0.000933022,-7.63e-05,0.003502413,0.00462124,-9.32e-05,0.002341235,0.003853201803512418,0.006922988826464903,low_vol,low_vol,pre_covid
2019-02-08,96.63999939,1313.699951,15.77299976,2.631999969,15.72000027,0.001346076,0.003278511,0.003065884,0.004572145,0.000883442,0.001248527,0.0037875728275215707,0.006826065784079794,low_vol,low_vol,pre_covid
2019-02-11,97.05999756,1307.0,15.65699959,2.661000013,15.97000027,0.004336591,-0.005113112,0.00311539,0.004658827,0.001358869,0.00035257,0.0037282364947126673,0.006773630628988174,low_vol,low_vol,pre_covid
2019-02-12,96.70999908,1309.199951,15.65999985,2.684000015,15.43000031,-0.003612519,0.001681792,0.003252782,0.004656927,0.000924537,7.64e-05,0.0037554963050788403,0.00680468119527556,low_vol,low_vol,pre_covid
2019-02-13,97.12999725,1310.800049,15.6239996,2.707999945,15.64999962,0.004333459,0.001221449,0.003339868,0.004654849,0.001860085,6.87e-05,0.0037579861883487555,0.006723740478570039,low_vol,low_vol,pre_covid
2019-02-14,96.98000336,1309.800049,15.5,2.657000065,16.21999931,-0.001545453,-0.000763184,0.003291549,0.004617302,0.001454119,-0.000752991,0.00378361269673788,0.006643343450374785,low_vol,low_vol,pre_covid
2019-02-15,96.91999817,1318.099976,15.72299957,2.665999889,14.90999985,-0.000618929,0.006316796,0.003298687,0.004716139,0.001392226,9.11e-05,0.003729409233621117,0.006568194445633771,low_vol,low_vol,pre_covid
2019-02-19,96.51999664,1340.099976,15.94699955,2.647000074,14.88000011,-0.004135671,0.016552933,0.003445741,0.005796191,0.000696575,0.001943998,0.0036657589918023415,0.006652241381710964,low_vol,low_vol,pre_covid
2019-02-20,96.44999695,1343.300049,16.15699959,2.654000044,14.02000046,-0.000725498,0.00238509,0.003399195,0.005388611,0.000363541,0.002190123,0.003693586837651417,0.007627035681659166,low_vol,low_vol,pre_covid
2019-02-21,96.61000061,1323.5,15.79100037,2.687999964,14.46000004,0.001657554,-0.014849567,0.003414936,0.006555728,0.000196863,0.001063436,0.0036317366319564386,0.007504194896963362,low_vol,low_vol,pre_covid
2019-02-22,96.51000214,1329.199951,15.90799999,2.654999971,13.51000023,-0.00103561,0.004297478,0.003394989,0.006578848,-6.33e-18,0.001500819,0.003581613539927626,0.008192075564609545,low_vol,low_vol,pre_covid
2019-02-25,96.41000366,1325.900024,15.82499981,2.673000097,14.85000038,-0.001036683,-0.002485728,0.003220068,0.00655704,-0.000238276,0.000924395,0.0035260301801704075,0.008076994120919695,low_vol,low_vol,pre_covid
2019-02-26,96.0,1325.099976,15.82699966,2.635999918,15.17000008,-0.004261777,-0.000603583,0.002780218,0.005910583,-0.001098113,0.001375348,0.003472054395568192,0.007936737669603589,low_vol,low_vol,pre_covid
2019-02-27,96.15000153,1317.699951,15.67199993,2.693000078,14.69999981,0.001561296,-0.005600154,0.00279514,0.006041619,-0.000580731,0.000647153,0.0035158621145768756,0.00778089466328874,low_vol,low_vol,pre_covid
2019-02-28,96.16000366,1312.800049,15.53800011,2.710999966,14.77999973,0.000104021,-0.003725458,0.002792518,0.0060418,-0.001003675,0.000152462,0.003467653513775595,0.007755639090319289,low_vol,low_vol,pre_covid
2019-03-01,96.52999878,1296.400024,15.16899967,2.755000114,13.56999969,0.003840319,-0.012571087,0.002634016,0.006640365,-0.000465098,-0.001028328,0.003408538644201659,0.0076653118773660775,low_vol,low_vol,pre_covid
2019-03-04,96.68000031,1284.800049,15.0170002,2.721999884,14.63000011,0.001552731,-0.008988109,0.002607129,0.006625799,-0.000247932,-0.002558818,0.003430749074656703,0.008111602032140423,low_vol,low_vol,pre_covid
2019-03-05,96.84999847,1282.0,15.02000046,2.721999884,14.73999977,0.001756815,-0.002181744,0.002616938,0.006626181,0.000341317,-0.004432286,0.003384999222225948,0.008238239963742207,low_vol,low_vol,pre_covid
2019-03-06,96.87000275,1284.900024,15.00300026,2.691999912,15.73999977,0.000206528,0.002259555,0.002569181,0.006668232,0.000434519,-0.00444484,0.0033443410608215386,0.008082952041905211,low_vol,low_vol,pre_covid
2019-03-07,97.66999817,1283.800049,14.96000004,2.635999918,16.59000015,0.008224529,-0.000856445,0.003047148,0.006664548,0.001091217,-0.003045527,0.003288688173374836,0.007930875610566789,low_vol,low_vol,pre_covid
2019-03-08,97.37000275,1297.0,15.27200031,2.625,16.04999924,-0.003076248,0.010229437,0.003098724,0.007077539,0.000887153,-0.002452332,0.0036043350873798384,0.007777122696048284,low_vol,low_vol,pre_covid
2019-03-11,97.22000122,1288.800049,15.19699955,2.642999887,14.32999992,-0.001541719,-0.006342315,0.003127038,0.00719186,0.00083665,-0.00283799,0.003594326113969583,0.007987994186802773,low_vol,low_vol,pre_covid
2019-03-12,96.94000244,1296.300049,15.3380003,2.605000019,13.77000046,-0.002884209,0.0058025,0.003195114,0.007283151,0.000974406,-0.002197382,0.0035457672431895705,0.007980184578232373,low_vol,low_vol,pre_covid
2019-03-13,96.55000305,1307.5,15.38099957,2.611000061,13.40999985,-0.004031215,0.008602827,0.003168245,0.007473986,0.000415155,-0.000777084,0.003531872542271749,0.00793022390260285,low_vol,low_vol,pre_covid
2019-03-14,96.79000092,1293.400024,15.10099983,2.630000114,13.5,0.002482652,-0.010842488,0.003123763,0.007826005,0.000653018,-0.001488787,0.003562019110905595,0.00802180989949165,low_vol,low_vol,pre_covid
2019-03-15,96.59999847,1301.800049,15.25300026,2.592999935,12.88000011,-0.001964967,0.006473531,0.002990377,0.007969008,7.25e-05,0.000415675,0.0035318354863378342,0.008285207024099758,low_vol,low_vol,pre_covid
2019-03-18,96.51999664,1300.300049,15.2510004,2.601999998,13.10000038,-0.000828519,-0.001152915,0.002979045,0.007970525,-0.000165635,0.001199194,0.003493611480038153,0.008241150112243013,low_vol,low_vol,pre_covid
2019-03-19,96.37999725,1305.0,15.30099964,2.614000082,13.56000042,-0.001451523,0.003607996,0.00299005,0.007878686,-0.000486469,0.001778168,0.0034382617833072083,0.008072127306283636,low_vol,low_vol,pre_covid
2019-03-20,95.76000214,1300.5,15.24499989,2.535000086,13.90999985,-0.006453599,-0.003454235,0.003176979,0.00686044,-0.001152482,0.001206789,0.0033929479069697067,0.007946529795152407,low_vol,low_vol,pre_covid
2019-03-21,96.5,1306.099976,15.37199974,2.536999941,13.63000011,0.007697925,0.004296773,0.003630142,0.006925941,-0.001205142,0.001722111,0.0035703170761465547,0.007836395163543652,low_vol,low_vol,pre_covid
2019-03-22,96.65000153,1311.599976,15.34500027,2.454999924,16.47999954,0.001553213,0.004202168,0.003627866,0.006285675,-0.000742196,0.001119384,0.003810829101221148,0.007744154208609067,low_vol,low_vol,pre_covid
2019-03-25,96.56999969,1321.900024,15.50699997,2.420000076,16.32999992,-0.000828091,0.007822367,0.003625129,0.0064628,-0.000670833,0.002535852,0.0037537287935247216,0.007655179058667815,low_vol,low_vol,pre_covid
2019-03-26,96.73999786,1314.300049,15.37100029,2.414000034,14.68000031,0.001758814,-0.005765872,0.003635329,0.006558161,-0.000206531,0.001379015,0.0036911332037737493,0.007725915078588761,low_vol,low_vol,pre_covid
2019-03-27,96.76999664,1309.900024,15.23900032,2.374000072,15.14999962,0.000310049,-0.003353425,0.003491151,0.00658942,0.000227595,0.00018339,0.003640952693667852,0.007711847522309353,low_vol,low_vol,pre_covid
2019-03-28,97.19999695,1289.800049,14.92099953,2.388999939,14.43000031,0.004433686,-0.015463612,0.00359447,0.007282514,0.000422699,-0.000278722,0.0035774859574689345,0.0076140567810546326,low_vol,low_vol,pre_covid
2019-03-29,97.27999878,1293.0,15.06000042,2.414000034,13.71000004,0.000822726,0.002477894,0.003593761,0.007293052,0.000701468,-0.000678286,0.0036169563254782626,0.008349007487339494,low_vol,low_vol,pre_covid
2019-04-01,97.25,1288.400024,15.05099964,2.496999979,13.39999962,-0.000308423,-0.003563942,0.003517138,0.006810341,0.000753478,-0.000919389,0.003556851722047081,0.008184694635782664,low_vol,low_vol,pre_covid
2019-04-02,97.36000061,1290.0,15.01799965,2.480999947,13.35999966,0.001130472,0.001241061,0.003511143,0.006516965,0.001011677,-0.001156082,0.0034961075599957876,0.008062482744953638,low_vol,low_vol,pre_covid
2019-04-03,97.08999634,1289.900024,15.05900002,2.51699996,13.73999977,-0.002777109,-7.75e-05,0.003558343,0.006494776,0.001379326,-0.000818409,0.0034424322870092055,0.007900587900630784,low_vol,low_vol,pre_covid
2019-04-04,97.30999756,1289.0,15.04100037,2.512000084,13.57999992,0.002263388,-0.000697991,0.003589081,0.006482044,0.000835873,-0.001317885,0.0034292691956277085,0.007744669980761375,low_vol,low_vol,pre_covid
2019-04-05,97.40000153,1290.400024,15.04300022,2.500999928,12.81999969,0.000924493,0.001085543,0.003093985,0.006480795,0.000773,-0.001629548,0.003398216626077326,0.007600644327659864,low_vol,low_vol,pre_covid
2019-04-08,97.05000305,1297.099976,15.17300034,2.519000053,13.18000031,-0.003599885,0.005178718,0.003120895,0.006178364,0.000495821,-0.001893913,0.003345133094206303,0.0074646906080122356,low_vol,low_vol,pre_covid
2019-04-09,97.01000214,1303.5,15.16800022,2.499000072,14.27999973,-0.000412253,0.00492197,0.003105528,0.006088184,0.000278714,-0.000825129,0.003366349933327748,0.007427371914502156,low_vol,low_vol,pre_covid
2019-04-10,96.94999695,1309.099976,15.20100021,2.476999998,13.30000019,-0.000618738,0.004286905,0.003042798,0.0060314,0.000185836,-6.11e-05,0.0033113249924227005,0.007383318548327987,low_vol,low_vol,pre_covid
2019-04-11,97.18000031,1288.599976,14.82400036,2.503999949,13.02000046,0.002369582,-0.015783521,0.002937029,0.006697643,-2.06e-05,-9.31e-05,0.0032592456661814646,0.007321092325314086,low_vol,low_vol,pre_covid
2019-04-12,96.97000122,1290.599976,14.92000008,2.559999943,12.01000023,-0.002163267,0.001550869,0.002940144,0.006292401,-0.000319174,-0.000185789,0.0032370467834455107,0.008138463966868029,low_vol,low_vol,pre_covid
2019-04-15,96.94000244,1286.800049,14.94799995,2.552999973,12.31999969,-0.000309409,-0.002948653,0.002904308,0.006133929,-0.000319273,-0.00012426,0.0032139164110439825,0.007974766848002664,low_vol,low_vol,pre_covid
2019-04-16,97.04000092,1272.599976,14.89099979,2.592000008,12.18000031,0.001031018,-0.011096522,0.002900774,0.006552182,-0.000329218,-0.001358019,0.0031626319158173832,0.00785044238454396,low_vol,low_vol,pre_covid
2019-04-17,97.01000214,1272.199951,14.92099953,2.592000008,12.60000038,-0.000309186,-0.000314386,0.002877775,0.006468873,-8.24e-05,-0.001381707,0.0031175501788044536,0.00815181695591139,low_vol,low_vol,pre_covid
2019-04-18,97.47000122,1271.900024,14.93700027,2.559999943,12.09000015,0.004730563,-0.000235782,0.00258326,0.0064512,0.000164292,-0.001335486,0.00306899565434072,0.007982231340409087,low_vol,low_vol,pre_covid
2019-04-22,97.27999878,1273.5,14.95699978,2.589999914,12.42000008,-0.001951245,0.001257151,0.0021195,0.006358461,-0.000123282,-0.001318325,0.0031547070117060746,0.007822048625154508,low_vol,low_vol,pre_covid
2019-04-23,97.56999969,1269.300049,14.77299976,2.569999933,12.27999973,0.00297666,-0.00330341,0.002180663,0.006249416,0.000534372,-0.002166538,0.0031291562324857226,0.007674219811289994,low_vol,low_vol,pre_covid
2019-04-24,98.09999847,1275.5,14.89799976,2.522000074,13.14000034,0.005417285,0.004872653,0.002411169,0.006058192,0.001117326,-0.00217147,0.0031311204334706117,0.007577542074999466,low_vol,low_vol,pre_covid
2019-04-25,98.19999695,1275.800049,14.86100006,2.53399992,13.25,0.001018833,0.000235212,0.002401052,0.005998128,0.001281083,-0.002576639,0.0032529948874851855,0.0075212168343085205,low_vol,low_vol,pre_covid
2019-04-26,98.01000214,1284.900024,15.00199986,2.505000114,12.72999954,-0.001936648,0.007107442,0.00246901,0.006257916,0.00085046,-0.000287543,0.0032050986033896533,0.007387214118446842,low_vol,low_vol,pre_covid
2019-04-29,97.86000061,1278.599976,14.84399986,2.536000013,13.10999966,-0.001531644,-0.004915203,0.002346782,0.005395954,0.000913623,-0.00093415,0.0031773998062394303,0.007442129642560729,low_vol,low_vol,pre_covid
2019-04-30,97.48000336,1282.800049,14.89999962,2.509000063,13.11999989,-0.003890629,0.003279517,0.002515827,0.005420225,0.000555501,-0.000311333,0.0031418455051957783,0.007413803058351631,low_vol,low_vol,pre_covid
2019-05-01,97.69000244,1281.400024,14.64500046,2.510999918,14.80000019,0.002151961,-0.001091978,0.002552979,0.005374203,0.000667595,0.000689122,0.0031867814646036937,0.00732205553359536,low_vol,low_vol,pre_covid
2019-05-02,97.83000183,1269.699951,14.53999996,2.552000046,14.42000008,0.001432073,-0.009172636,0.002559227,0.005699434,0.000841721,-0.000196703,0.003161564794855148,0.007206832278836743,low_vol,low_vol,pre_covid
2019-05-03,97.51999664,1279.199951,14.90699959,2.530999899,12.86999989,-0.003173846,0.007454231,0.002583876,0.005974558,5.13e-05,0.000572298,0.0031221943400320516,0.007433744114764468,low_vol,low_vol,pre_covid
2019-05-06,97.51999664,1281.699951,14.85700035,2.5,15.43999958,0.0,0.001952439,0.002540807,0.005995831,0.000246405,0.000641827,0.0031370967445433274,0.0075031416968139655,low_vol,low_vol,pre_covid
2019-05-07,97.62999725,1283.5,14.85999966,2.447999954,19.31999969,0.001127344,0.001403438,0.002544471,0.005999826,6.15e-05,0.001112512,0.0030871281823147446,0.007381544812018787,low_vol,low_vol,pre_covid
2019-05-08,97.62000275,1279.400024,14.79199982,2.482000113,19.39999962,-0.000102377,-0.003199484,0.002399685,0.005898114,-0.000490493,0.000305298,0.003045527127786074,0.007261270269812349,low_vol,low_vol,pre_covid
2019-05-09,97.37000275,1283.5,14.70699978,2.457000017,19.10000038,-0.002564235,0.003199484,0.002475428,0.005828253,-0.0008488,0.000601725,0.0029983137991157977,0.007189016630140996,low_vol,low_vol,pre_covid
2019-05-10,97.33000183,1285.699951,14.72599983,2.454999924,16.04000092,-0.000410898,0.001712558,0.002472503,0.005743777,-0.000696225,6.22e-05,0.0029966528517894444,0.007110105594080101,low_vol,low_vol,pre_covid
2019-05-13,97.31999969,1300.099976,14.7130003,2.404999971,20.54999924,-0.00010277,0.011137887,0.002421685,0.005227259,-0.000553338,0.001667546,0.0029521431118870772,0.0070099276806131405,low_vol,low_vol,pre_covid
2019-05-14,97.52999878,1294.699951,14.75199986,2.41899991,18.05999947,0.002155496,-0.004162195,0.002406006,0.005313584,5.13e-05,0.000923374,0.0029076207784069297,0.007375467006029575,low_vol,low_vol,pre_covid
2019-05-15,97.56999969,1296.300049,14.75199986,2.378999949,16.44000053,0.000410056,0.00123512,0.0024024,0.005269806,-0.000122916,0.001156084,0.002892925362279749,0.007324528372038402,low_vol,low_vol,pre_covid
2019-05-16,97.83999634,1285.0,14.47900009,2.404999971,15.28999996,0.002763388,-0.008755372,0.002457561,0.005035076,1.02e-05,0.00119781,0.0028506995156840405,0.007206313593251015,low_vol,low_vol,pre_covid
2019-05-17,98.0,1274.5,14.34799957,2.392999887,15.96000004,0.001634025,-0.008204774,0.002466448,0.005378575,0.000491003,-0.00036809,0.0028576312888983378,0.007404225958958633,low_vol,low_vol,pre_covid
2019-05-20,97.93000031,1276.099976,14.4090004,2.415999889,16.30999947,-0.000714538,0.001254588,0.002276545,0.005383946,0.000419549,-0.000437875,0.0028321393405295004,0.007546815812836589,low_vol,low_vol,pre_covid
2019-05-21,98.05999756,1272.0,14.37300014,2.426000118,14.94999981,0.00132657,-0.003218068,0.002231862,0.005426622,0.000439472,-0.000900026,0.002795125848383797,0.0074152824187694545,low_vol,low_vol,pre_covid
2019-05-22,98.11000061,1273.599976,14.41399956,2.392999887,14.75,0.000509793,0.001257052,0.00215186,0.005381234,0.000500689,-0.000454372,0.0027658868237812623,0.007333271180743939,low_vol,low_vol,pre_covid
2019-05-23,97.84999847,1284.800049,14.57699966,2.296000004,16.92000008,-0.002653626,0.008755585,0.001890044,0.005612943,0.00049175,0.000101238,0.002727992726557364,0.007214695257832571,low_vol,low_vol,pre_covid
2019-05-24,97.61000061,1283.0,14.52000046,2.323999882,15.85000038,-0.002455725,-0.001402017,0.001936732,0.005625913,0.000287267,-0.000210219,0.0027418599578988606,0.007381434505569527,low_vol,low_vol,pre_covid
2019-05-28,97.95999908,1276.5,14.28100014,2.267999887,17.5,0.003579269,-0.005079128,0.002071184,0.005512528,0.000655471,-0.001831921,0.0027478734686596246,0.007266101193521459,low_vol,low_vol,pre_covid
2019-05-29,98.13999939,1280.599976,14.37199974,2.236000061,17.89999962,0.001835802,0.003206741,0.00207899,0.005458093,0.000623501,-0.001095027,0.0027942818705945787,0.007257370261976595,low_vol,low_vol,pre_covid
2019-05-30,98.13999939,1287.099976,14.46000004,2.226999998,17.29999924,0.0,0.005062908,0.001864504,0.005523932,0.000582496,-0.000712248,0.0027756360101933142,0.007174125156920735,low_vol,low_vol,pre_covid
2019-05-31,97.75,1305.800049,14.52999973,2.14199996,18.70999908,-0.003981826,0.01442431,0.002035949,0.006327461,-9.2e-05,0.00160572,0.0027361385781077,0.007153565963189776,low_vol,low_vol,pre_covid
2019-06-03,97.13999939,1322.699951,14.70300007,2.08100009,18.86000061,-0.006259968,0.012859148,0.002425597,0.006400244,-0.000881425,0.003712112,0.002811184870646846,0.0078046957207243105,low_vol,low_vol,pre_covid
2019-06-04,97.06999969,1323.400024,14.73200035,2.118999958,16.96999931,-0.000720866,0.000529136,0.002339699,0.006279588,-0.000882058,0.003639567,0.0030332702807432084,0.008218850935860188,low_vol,low_vol,pre_covid
2019-06-05,97.37000275,1328.300049,14.75399971,2.122999907,16.09000015,0.003085819,0.003695765,0.00244859,0.006295738,-0.000706133,0.00433095,0.002990203164817741,0.008044759269392446,low_vol,low_vol,pre_covid
2019-06-06,97.02999878,1337.599976,14.86800003,2.124000072,15.93000031,-0.003497987,0.006976979,0.002541457,0.006399215,-0.001106911,0.004902943,0.003002553663650791,0.007922986295862829,low_vol,low_vol,pre_covid
2019-06-07,96.61000061,1341.199951,14.99400043,2.084000111,16.29999924,-0.004337935,0.002687754,0.002689296,0.006289623,-0.001275342,0.00429616,0.003037204323476555,0.00792853412896428,low_vol,low_vol,pre_covid
2019-06-10,96.76000214,1324.699951,14.60499954,2.142999887,15.93999958,0.001551446,-0.012378717,0.002680932,0.00704491,-0.000874625,0.00319849,0.003111212832140442,0.0077925117525592625,low_vol,low_vol,pre_covid
2019-06-11,96.69000244,1326.400024,14.70600033,2.140000105,15.98999977,-0.000723698,0.001282542,0.002682451,0.0070449,-0.001304921,0.003834657,0.0030755407708077187,0.008206064531821568,low_vol,low_vol,pre_covid
2019-06-12,97.0,1331.900024,14.72200012,2.127000093,15.90999985,0.003200969,0.004137989,0.002790184,0.006723563,-0.001168405,0.003927781,0.0030312429438676203,0.008036265891328841,low_vol,low_vol,pre_covid
2019-06-13,97.01000214,1339.199951,14.87100029,2.09100008,15.81999969,0.000103109,0.005465872,0.002740645,0.006671226,-0.001158094,0.003968078,0.003046076393699855,0.007926594870147612,low_vol,low_vol,pre_covid
2019-06-14,97.56999969,1340.099976,14.78199959,2.092999935,15.27999973,0.005755978,0.000671836,0.003037653,0.006673937,-0.000184313,0.00259283,0.002998664797046359,0.007867437920011811,low_vol,low_vol,pre_covid
2019-06-17,97.55999756,1338.699951,14.81400013,2.085999966,15.35000038,-0.000102518,-0.001045262,0.002970941,0.006277074,0.000431432,0.001202389,0.0031539902639009863,0.007713815334460752,low_vol,low_vol,pre_covid
2019-06-18,97.63999939,1346.599976,14.97999954,2.059999943,15.14999962,0.000819691,0.005883922,0.00295193,0.005877715,0.000585487,0.001737868,0.003103699026886926,0.0075744424695289,low_vol,low_vol,pre_covid
2019-06-19,97.12000275,1344.599976,14.94499969,2.029000044,14.32999992,-0.005339884,-0.001486326,0.003159444,0.005939667,-0.000257083,0.001219659,0.0030581371877758524,0.007557161971856118,low_vol,low_vol,pre_covid
2019-06-20,96.62999725,1392.900024,15.46899986,2.000999928,14.75,-0.005058132,0.035291369,0.003289947,0.009160595,-0.000413097,0.004051098,0.0031899730198211617,0.0074321393401932745,low_vol,low_vol,pre_covid
2019-06-21,96.22000122,1396.199951,15.27299976,2.068000078,15.39999962,-0.004251975,0.002366303,0.003365655,0.009145213,-0.000404501,0.004018953,0.0032940437613681183,0.011064835390360642,low_vol,high_vol,pre_covid
2019-06-24,95.98000336,1414.300049,15.36800003,2.020999908,15.26000023,-0.002497378,0.012880518,0.003361816,0.009287169,-0.000809384,0.006544876,0.0033475676917343916,0.010754506910150206,low_vol,high_vol,pre_covid
2019-06-25,96.16000366,1414.900024,15.29100037,1.993999958,16.28000069,0.001873637,0.000424131,0.003395435,0.009236839,-0.00054965,0.006459035,0.0033296023196435014,0.010869437750067695,low_vol,high_vol,pre_covid
2019-06-26,96.20999908,1411.599976,15.28299999,2.049000025,16.20999908,0.000519784,-0.002335079,0.00326521,0.009110725,-0.000817769,0.005811728,0.003293083485322443,0.010556802656819297,low_vol,high_vol,pre_covid
2019-06-27,96.19000244,1408.400024,15.20499992,2.005000114,15.81999969,-0.000207865,-0.00226947,0.0032109,0.009235837,-0.000848866,0.005038194,0.0032399203595298216,0.01027745767718545,low_vol,high_vol,pre_covid
2019-06-28,96.12999725,1409.699951,15.25300026,2.0,15.07999992,-0.000624014,0.000922556,0.003204495,0.009268024,-0.001486865,0.005063266,0.003187506265206377,0.010011595332759242,low_vol,high_vol,pre_covid
2019-07-01,96.83999634,1385.599976,15.10599995,2.03399992,14.06000042,0.007358681,-0.01724364,0.003604837,0.010084304,-0.000740745,0.003443428,0.003139015218334401,0.009743023291408172,low_vol,high_vol,pre_covid
2019-07-02,96.73000336,1404.599976,15.15400028,1.975999951,12.93000031,-0.001136467,0.013619306,0.00335645,0.010123413,-0.000936361,0.004216967,0.0034003696532426153,0.010351502887098695,low_vol,high_vol,pre_covid
2019-07-03,96.76999664,1417.699951,15.25199986,1.952999949,12.56999969,0.000413367,0.009283258,0.003356799,0.010202527,-0.000361036,0.005293925,0.003351353859039757,0.010553188183431532,low_vol,high_vol,pre_covid
2019-07-05,97.25,1396.699951,14.91800022,2.048000097,13.27999973,0.004947988,-0.014923529,0.003469194,0.010946307,0.000639576,0.000272435,0.0032960802922065596,0.01047828201331896,low_vol,high_vol,pre_covid
2019-07-08,97.37999725,1397.0,14.97200012,2.03399992,13.96000004,0.00133584,0.000214804,0.003389025,0.010904037,0.001198357,5.73e-05,0.0033783680192976005,0.01079965055212074,low_vol,high_vol,pre_covid
2019-07-09,97.48999786,1397.5,15.06799984,2.053999901,14.09000015,0.001128964,0.000357846,0.003231631,0.010909279,0.001560992,-0.001194982,0.0033308333973018113,0.010490338687801373,low_vol,high_vol,pre_covid
2019-07-10,97.09999847,1410.099976,15.14700031,2.061000109,13.02999973,-0.004008427,0.008975681,0.003360496,0.010493414,0.000972785,-0.000339827,0.0032819454228296156,0.010196364892581253,low_vol,high_vol,pre_covid
2019-07-11,97.05000305,1404.300049,15.06700039,2.119999886,12.93000031,-0.000515019,-0.004121614,0.003358038,0.010602691,0.000869305,-0.00051848,0.0033244976108967967,0.010131546858984415,low_vol,high_vol,pre_covid
2019-07-12,96.80999756,1409.900024,15.16100025,2.105999947,12.39000034,-0.002476072,0.003979804,0.003330823,0.010601688,0.000642484,0.000106447,0.0032712761764894906,0.009909302273534338,low_vol,high_vol,pre_covid
2019-07-15,96.93000031,1411.400024,15.28999996,2.092000008,12.68000031,0.001238802,0.00106334,0.003343369,0.010587989,0.000828766,0.000120526,0.003255640043730237,0.009685466755830888,low_vol,high_vol,pre_covid
2019-07-16,97.40000153,1409.199951,15.60000038,2.121999979,12.85999966,0.004837155,-0.001560004,0.00326892,0.01061842,0.000576613,0.001688889,0.003210426172688515,0.009434270455820716,low_vol,low_vol,pre_covid
2019-07-17,97.22000122,1421.300049,15.89299965,2.061000109,13.97000027,-0.001849762,0.008549847,0.003291597,0.010669337,0.000505284,0.001181943,0.003292374440979282,0.00920380006952446,low_vol,low_vol,pre_covid
2019-07-18,96.79000092,1426.099976,16.12000084,2.038000107,13.52999973,-0.004432772,0.003371449,0.00341035,0.010647692,2.07e-05,0.000590762,0.0032596321120494805,0.00918991571291804,low_vol,low_vol,pre_covid
2019-07-19,97.15000153,1425.099976,16.11700058,2.048000097,14.44999981,0.003712499,-0.000701459,0.003328017,0.010633515,-0.000102879,0.002012969,0.0033243400023720664,0.008993454059114798,low_vol,low_vol,pre_covid
2019-07-22,97.26000214,1425.300049,16.34000015,2.042999983,13.52999973,0.001131635,0.000140383,0.003124127,0.007588769,-0.0001233,0.002005527,0.0033454221411446487,0.008779294135842546,low_vol,low_vol,pre_covid
2019-07-23,97.70999908,1420.099976,16.40500069,2.073999882,12.60999966,0.004616072,-0.003655078,0.003075701,0.007651825,0.000225411,0.001604235,0.0032961381607056113,0.008573936092802121,low_vol,low_vol,pre_covid
2019-07-24,97.73000336,1422.800049,16.55400085,2.049999952,12.06999969,0.00020471,0.001899521,0.00298916,0.00714394,0.000646725,0.000896619,0.0033607656757706143,0.008430176267678644,low_vol,low_vol,pre_covid
2019-07-25,97.81999969,1413.900024,16.3390007,2.073999882,12.73999977,0.000920443,-0.006274935,0.002980229,0.007285597,0.000790271,0.000681287,0.0033046590725702165,0.008253465861332864,low_vol,low_vol,pre_covid
2019-07-26,98.01000214,1418.5,16.32500076,2.08100009,12.15999985,0.001940484,0.003248114,0.002989303,0.007299273,0.001231927,0.000608118,0.003254217054264525,0.008222905856863593,low_vol,low_vol,pre_covid
2019-07-29,98.04000092,1419.599976,16.36800003,2.055000067,12.82999992,0.000306032,0.000775149,0.002982024,0.007277303,0.00113865,0.000579299,0.0032216591593209644,0.008080048857064653,low_vol,low_vol,pre_covid
2019-07-30,98.05000305,1429.699951,16.49500084,2.061000109,13.93999958,0.000102016,0.007089473,0.002967558,0.007423372,0.000665136,0.001444247,0.0031696243602893446,0.007914565412931823,low_vol,low_vol,pre_covid
2019-07-31,98.51999664,1426.099976,16.34600067,2.020999908,16.12000084,0.004781955,-0.002521169,0.002732965,0.006249271,0.001328308,0.000337145,0.003118716989106062,0.007926191690039575,low_vol,low_vol,pre_covid
2019-08-01,98.38999939,1420.900024,16.12100029,1.894000053,17.87000084,-0.001320373,-0.003652938,0.00273983,0.005666181,0.001639547,-0.000365294,0.0032038613461682513,0.007795748059387071,low_vol,low_vol,pre_covid
2019-08-02,98.09999847,1445.599976,16.22200012,1.855000019,17.61000061,-0.002951816,0.017233953,0.002859981,0.006485351,0.000973116,0.001428247,0.003163640941309754,0.007700726440156534,low_vol,low_vol,pre_covid
2019-08-05,97.5,1464.599976,16.34499931,1.735000014,24.59000015,-0.006134973,0.013057708,0.003043881,0.005915105,0.000246455,0.00271998,0.0031682165731524653,0.008564272190205757,low_vol,low_vol,pre_covid
2019-08-06,97.62999725,1472.400024,16.40500069,1.738999963,20.17000008,0.001332417,0.005311588,0.003043813,0.005931513,-8.19e-05,0.003616646,0.0033440609664446208,0.008906035199597373,low_vol,low_vol,pre_covid
2019-08-07,97.54000092,1507.300049,17.15600014,1.684000015,19.48999977,-0.000922235,0.023426264,0.003042798,0.007454829,-0.000194605,0.005769321,0.0032975088794371553,0.008776927467673135,low_vol,low_vol,pre_covid
2019-08-08,97.62000275,1497.699951,16.90099907,1.715999961,16.90999985,0.000819859,-0.006389438,0.002901992,0.007652417,-0.000204663,0.00575787,0.003248811829058641,0.010184108885973785,low_vol,high_vol,pre_covid
2019-08-09,97.48999786,1496.599976,16.89699936,1.733999968,17.96999931,-0.001332632,-0.000734713,0.002918269,0.007532445,-0.000531975,0.005359588,0.0031990302628696014,0.010028870368408488,low_vol,high_vol,pre_covid
2019-08-12,97.37999725,1505.300049,17.03899956,1.639000058,21.09000015,-0.001128964,0.005796394,0.002870564,0.007554283,-0.000675475,0.005861712,0.0031591683456797547,0.009760699019576533,low_vol,high_vol,pre_covid
2019-08-13,97.80999756,1502.199951,16.95599937,1.679999948,17.52000046,0.004405974,-0.002061579,0.0030036,0.007627201,-0.000245079,0.004946607,0.0031173381056573313,0.009594787191665231,low_vol,high_vol,pre_covid
2019-08-14,97.98999786,1515.900024,17.25300026,1.58099997,22.10000038,0.001838615,0.00907867,0.002851031,0.007664564,-0.000539413,0.006106591,0.0031823101425822726,0.009361947600820495,low_vol,low_vol,pre_covid
2019-08-15,98.13999939,1519.599976,17.18799973,1.529000044,21.18000031,0.001529614,0.002437788,0.002819558,0.007577799,-0.000254414,0.006715664,0.003149978553424651,0.009363586639463479,low_vol,low_vol,pre_covid
2019-08-16,98.13999939,1512.5,17.09600067,1.539000034,18.46999931,0.0,-0.004683215,0.002592651,0.007769292,4.08e-05,0.004523947,0.0031126565848104974,0.009142070212202166,low_vol,low_vol,pre_covid
2019-08-19,98.34999847,1500.400024,16.91399956,1.59800005,16.87999916,0.002137505,-0.008032155,0.002521732,0.008092492,0.000868015,0.00241496,0.0030633779631308432,0.008992903908651824,low_vol,low_vol,pre_covid
2019-08-20,98.19000244,1504.599976,17.12199974,1.56099999,17.5,-0.001628127,0.00279531,0.002563365,0.008075295,0.000571961,0.002163333,0.003042300887644978,0.008991810479447625,low_vol,low_vol,pre_covid
2019-08-21,98.30000305,1504.599976,17.125,1.577000022,15.80000019,0.001119656,0.0,0.002386934,0.007972967,0.00077615,-0.000179294,0.0030132575344801976,0.008796051894206933,low_vol,low_vol,pre_covid
2019-08-22,98.16999817,1497.300049,17.01399994,1.610000014,16.68000031,-0.001323407,-0.004863547,0.002412712,0.008143896,0.000561823,-2.67e-05,0.002973828457498751,0.00858993012300966,low_vol,low_vol,pre_covid
2019-08-23,97.63999939,1526.599976,17.39500046,1.527999997,19.87000084,-0.005413412,0.019379506,0.002698895,0.008679325,0.000153745,0.001984717,0.0029410746250689373,0.00848120943387356,low_vol,low_vol,pre_covid
2019-08-26,98.08000183,1526.300049,17.62400055,1.544999957,19.31999969,0.004496252,-0.000196486,0.00284841,0.008719794,0.000716267,0.001385429,0.0030878440843587467,0.009453647147483151,low_vol,high_vol,pre_covid
2019-08-27,98.0,1541.0,18.13899994,1.49000001,20.30999947,-0.000816012,0.009585018,0.002853571,0.008794361,0.000194068,0.002550089,0.003159456245860728,0.00921294893597118,low_vol,low_vol,pre_covid
2019-08-28,98.20999908,1537.800049,18.30400085,1.465999961,19.35000038,0.002140555,-0.002078701,0.002892319,0.00885585,0.000224262,0.001434352,0.003113631960190568,0.00925411255335276,low_vol,low_vol,pre_covid
2019-08-29,98.51000214,1526.5,18.16699982,1.516000032,17.87999916,0.003050054,-0.007375322,0.002773735,0.00908057,0.000376306,0.000453041,0.0030907831943010407,0.009039888583944555,low_vol,low_vol,pre_covid
2019-08-30,98.91999817,1519.099976,18.18499947,1.506000042,18.97999954,0.004153337,-0.004859495,0.002898319,0.009130044,0.00079164,0.000435413,0.00309711037297347,0.009002758330099682,low_vol,low_vol,pre_covid
2019-09-03,98.94999695,1545.900024,19.07900047,1.465999961,19.65999985,0.000303217,0.017488243,0.002803692,0.00914976,0.000608211,0.002987453,0.0031505508151837324,0.008867730638161308,low_vol,low_vol,pre_covid
2019-09-04,98.44999695,1550.300049,19.39100075,1.458999991,17.32999992,-0.005065867,0.002842211,0.002686132,0.008866317,0.000264437,0.002992143,0.003100505600056337,0.00957575603579886,low_vol,high_vol,pre_covid
2019-09-05,98.41000366,1515.400024,18.65600014,1.565000057,16.27000046,-0.000406312,-0.022769045,0.002684749,0.010433071,0.00011184,0.000715238,0.003211779017613246,0.00934871760191175,low_vol,low_vol,pre_covid
2019-09-06,98.38999939,1506.199951,17.96800041,1.549999952,15.0,-0.000203295,-0.006089556,0.00267188,0.009232294,0.000223852,0.000592637,0.003161054190959539,0.010619156372428749,low_vol,high_vol,pre_covid
2019-09-09,98.27999878,1502.199951,18.0189991,1.621999979,15.27000046,-0.001118631,-0.002659223,0.002690548,0.009139333,0.00065333,-0.001611236,0.0031108393065542306,0.010426860540652148,low_vol,high_vol,pre_covid
2019-09-10,98.33000183,1490.300049,18.04100037,1.702000022,15.19999981,0.000508652,-0.007953193,0.002663839,0.009308177,0.00025457,-0.002386906,0.003070352593968979,0.010159085192419119,low_vol,high_vol,pre_covid
2019-09-11,98.65000153,1494.400024,18.03100014,1.73300004,14.60999966,0.003249061,0.00274733,0.002708437,0.009233431,0.000661077,-0.003070675,0.0030234512385284296,0.010070180504464281,low_vol,high_vol,pre_covid
2019-09-12,98.30999756,1498.699951,18.04100037,1.791000009,14.22000027,-0.003452521,0.002873228,0.002701637,0.009250368,0.000101769,-0.002575482,0.0030405604838951257,0.009815431697206157,low_vol,high_vol,pre_covid
2019-09-13,98.26000214,1490.900024,17.43600082,1.902999997,13.73999977,-0.000508678,-0.005218052,0.002680789,0.009064444,-0.000254104,-0.002359755,0.003071155450516563,0.00957602813459706,low_vol,high_vol,pre_covid
2019-09-16,98.65000153,1503.099976,17.90099907,1.840999961,14.67000008,0.003961199,0.008149645,0.002794327,0.009249998,-0.000273318,-0.001058841,0.0030251318736241066,0.009417329187116347,low_vol,low_vol,pre_covid
2019-09-17,98.26000214,1505.099976,18.01600075,1.812000036,14.43999958,-0.003961199,0.001329699,0.002941637,0.009207647,-0.000699759,-0.002674696,0.0030734762705057956,0.00936812176253004,low_vol,low_vol,pre_covid
2019-09-18,98.59999847,1507.5,17.79500008,1.786000013,13.94999981,0.003454198,0.001593325,0.003001594,0.009038038,0.000152247,-0.002799584,0.003125804005675402,0.00913508119711342,low_vol,low_vol,pre_covid
2019-09-19,98.26999664,1498.400024,17.77300072,1.774000049,14.05000019,-0.003352488,-0.006054761,0.003074532,0.009118164,-0.00014237,-0.001128156,0.0031461301767014603,0.008916478873364823,low_vol,low_vol,pre_covid
2019-09-20,98.51000214,1507.300049,17.73800087,1.754999995,15.31999969,0.002439329,0.005922115,0.003111,0.009215608,0.000121892,7.3e-05,0.0031670448948655132,0.008830198867647555,low_vol,low_vol,pre_covid
2019-09-23,98.59999847,1523.699951,18.60000038,1.707999945,14.90999985,0.000913159,0.010821552,0.003098032,0.009427637,0.000325071,0.001421089,0.0031502728907249894,0.008727079057954447,low_vol,low_vol,pre_covid
2019-09-24,98.33999634,1532.099976,18.5170002,1.63499999,17.04999924,-0.002640421,0.005497772,0.002899159,0.008503523,1.02e-05,0.002766185,0.0031042581053168533,0.008886740367321413,low_vol,low_vol,pre_covid
2019-09-25,99.04000092,1504.599976,17.96199989,1.731999993,15.96000004,0.007092993,-0.018112261,0.003131365,0.00939432,0.000394557,0.000680226,0.003100600818513183,0.008765026685226251,low_vol,low_vol,pre_covid
2019-09-26,99.20999908,1507.5,17.8010006,1.684999943,16.06999969,0.001714988,0.001925584,0.003128349,0.009120474,0.000911308,0.000585462,0.0033449422331416085,0.009601218256782205,low_vol,high_vol,pre_covid
2019-09-27,99.11000061,1499.099976,17.55200005,1.674999952,17.21999931,-0.001008456,-0.005587738,0.003125495,0.009172326,0.00086133,0.000548493,0.0033047701694270816,0.009360951620719492,low_vol,low_vol,pre_covid
2019-09-30,99.37999725,1465.699951,16.89800072,1.674999952,16.23999977,0.002720508,-0.022532001,0.003112506,0.010218112,0.000737261,-0.002519672,0.0032569035776323285,0.00922812176250206,low_vol,low_vol,pre_covid
2019-10-01,99.12999725,1482.0,17.20199966,1.644000053,18.55999947,-0.002518766,0.011059616,0.003052174,0.010574617,0.000881504,-0.00154668,0.003244988734395556,0.010492271751288163,low_vol,high_vol,pre_covid
2019-10-02,99.04000092,1501.0,17.59199905,1.595999956,20.55999947,-0.000908274,0.012739026,0.0030596,0.010199601,0.000445257,-0.00043211,0.003231673966244407,0.010516439132604822,low_vol,high_vol,pre_covid
2019-10-03,98.86000061,1507.099976,17.58499908,1.536000013,19.12000084,-0.001819104,0.004055706,0.002864316,0.010228255,0.000598596,0.000578937,0.0031847528950216,0.010642717416259686,low_vol,high_vol,pre_covid
2019-10-04,98.80999756,1506.199951,17.54000092,1.514999986,17.04000092,-0.000505925,-0.000597368,0.002865449,0.00897368,0.00030407,-7.3e-05,0.0031550143158713927,0.010380872633998282,low_vol,high_vol,pre_covid
2019-10-07,98.98999786,1497.699951,17.45700073,1.552999973,17.86000061,0.001820024,-0.005659325,0.002885399,0.008960259,0.000394757,-0.001721099,0.00310654547133708,0.01009420658680272,low_vol,high_vol,pre_covid
2019-10-08,99.13999939,1497.199951,17.61700058,1.536999941,20.28000069,0.001514173,-0.000333901,0.002878345,0.008943603,0.000810216,-0.002304266,0.003076395191603152,0.009918736919565425,low_vol,high_vol,pre_covid
2019-10-09,99.12000275,1506.099976,17.72800064,1.588999987,18.63999939,-0.000201721,0.005926848,0.00288136,0.008851181,8.07e-05,9.96e-05,0.0030411793974751107,0.009654418454094997,low_vol,high_vol,pre_covid
2019-10-10,98.70999908,1494.800049,17.52000046,1.657999992,17.56999969,-0.004145016,-0.007531061,0.002963959,0.009003693,-0.000505256,-0.00084602,0.00299437123910742,0.009499299521111303,low_vol,high_vol,pre_covid
2019-10-11,98.30000305,1482.699951,17.46199989,1.751999974,15.57999992,-0.004162191,-0.008127734,0.003009337,0.009147819,-0.000820629,-0.001100019,0.003060928337167741,0.009436668129151123,low_vol,low_vol,pre_covid
2019-10-14,98.44999695,1491.699951,17.63400078,1.73300004,14.56999969,0.001524716,0.006051659,0.003024987,0.009188358,-0.000940208,0.001758347,0.0031241364662143666,0.009407212580785395,low_vol,low_vol,pre_covid
2019-10-15,98.29000092,1477.599976,17.30800056,1.771000028,13.53999996,-0.001626472,-0.009497243,0.002911241,0.009215128,-0.000850979,-0.000297339,0.003087560692262586,0.009271745292558099,low_vol,low_vol,pre_covid
2019-10-16,98.01000214,1488.0,17.35099983,1.748000026,13.68000031,-0.002852766,0.007013803,0.002848518,0.00936355,-0.001045428,-0.000869862,0.003056931499547452,0.00932938415636857,low_vol,low_vol,pre_covid
2019-10-17,97.61000061,1492.300049,17.5359993,1.756999969,13.78999996,-0.004089583,0.00288565,0.002850738,0.009382527,-0.001272476,-0.000986867,0.0030627408456889325,0.009235809261238192,low_vol,low_vol,pre_covid
2019-10-18,97.27999878,1488.199951,17.50200081,1.746999979,14.25,-0.003386548,-0.002751284,0.002852462,0.009311859,-0.001560538,-0.001202259,0.003122124420054544,0.009028005528370974,low_vol,low_vol,pre_covid
2019-10-21,97.33000183,1482.400024,17.52599907,1.792000055,14.0,0.00051388,-0.003904891,0.002783984,0.009228759,-0.001691153,-0.001026815,0.0031456610911298295,0.008837498965111244,low_vol,low_vol,pre_covid
2019-10-22,97.52999878,1481.699951,17.43700027,1.768000007,14.46000004,0.002052725,-0.000472368,0.002825218,0.008838908,-0.001637298,-0.001040662,0.0030966292267728683,0.00868440672001496,low_vol,low_vol,pre_covid
2019-10-23,97.47000122,1489.900024,17.5170002,1.758999944,14.01000023,-0.00061536,0.005518976,0.002783461,0.008839729,-0.001678661,-0.001081449,0.003072200982087414,0.008485811412195218,low_vol,low_vol,pre_covid
2019-10-24,97.62999725,1498.900024,17.73900032,1.766000032,13.71000004,0.001640144,0.006022502,0.002250577,0.008085463,-0.001100145,0.000273907,0.0030269950182907914,0.008390774395866232,low_vol,low_vol,pre_covid
2019-10-25,97.83000183,1499.5,17.86100006,1.800999999,12.64999962,0.002046502,0.000400197,0.002269322,0.008072436,-0.000479276,0.0011267,0.0029958087130378163,0.00832089966290328,low_vol,low_vol,pre_covid
2019-10-28,97.76000214,1490.0,17.81599998,1.853000045,13.10999966,-0.00071578,-0.006355599,0.002268018,0.0080995,-0.000703326,-0.000114026,0.0029749046843214667,0.008140864186944352,low_vol,low_vol,pre_covid
2019-10-29,97.69000244,1487.0,17.77099991,1.835000038,13.19999981,-0.000716293,-0.002015452,0.002132353,0.006325591,-0.000612308,0.000634153,0.0029335388024282223,0.008122220622201401,low_vol,low_vol,pre_covid
2019-10-30,97.65000153,1493.199951,17.81500053,1.797999978,12.32999992,-0.000409552,0.004160768,0.002097566,0.005926517,-0.000367986,0.00034885,0.002893431161595615,0.007971039574243577,low_vol,low_vol,pre_covid
2019-10-31,97.34999847,1511.400024,18.01399994,1.690999985,13.22000027,-0.003076957,0.012114954,0.002159948,0.005862552,-0.000266724,0.00127178,0.0028519573840158504,0.007866167615366255,low_vol,low_vol,pre_covid
2019-11-01,97.23999786,1508.0,18.00399971,1.728000045,12.30000019,-0.001130589,-0.00225212,0.002149216,0.005823517,-4.11e-05,0.001321697,0.0028764334031948805,0.00821059589166972,low_vol,low_vol,pre_covid
2019-11-04,97.51000214,1508.0,18.01399994,1.786000013,12.82999992,0.002772831,0.0,0.002285418,0.005821766,0.000184767,0.001712186,0.002843585292256126,0.008058130659500468,low_vol,low_vol,pre_covid
2019-11-05,97.98000336,1480.800049,17.51600075,1.866000056,13.10000038,0.004808452,-0.018201754,0.00252602,0.006968036,0.00046034,-6.08e-05,0.002851184524247134,0.007893018709737805,low_vol,low_vol,pre_covid
2019-11-06,97.94999695,1490.199951,17.55800056,1.81400001,12.61999989,-0.000306297,0.006327791,0.002484761,0.007127715,0.000491246,2.01e-05,0.002957506466613377,0.008885483350042259,low_vol,low_vol,pre_covid
2019-11-07,98.13999939,1464.199951,16.96999931,1.925999999,12.72999954,0.001937911,-0.017601321,0.002543996,0.007918029,0.000521023,-0.002342254,0.002913559287809617,0.008794053508527409,low_vol,low_vol,pre_covid
2019-11-08,98.34999847,1461.300049,16.78300095,1.932999969,12.06999969,0.002137505,-0.001982501,0.002458574,0.007792819,0.000530123,-0.002580524,0.0028929843666870947,0.009571604230164444,low_vol,high_vol,pre_covid
2019-11-11,98.19999695,1455.5,16.76199913,1.942999959,12.68999958,-0.001526345,-0.003977,0.002307423,0.007656555,0.000449067,-0.002342664,0.0028783644760417585,0.009338932893796153,low_vol,low_vol,pre_covid
2019-11-12,98.30999756,1452.099976,16.67700005,1.909000039,12.68000031,0.001119542,-0.002338716,0.002295272,0.007493852,0.00063265,-0.00237499,0.002852845462467286,0.009158103903570369,low_vol,low_vol,pre_covid
2019-11-13,98.37000275,1461.699951,16.89800072,1.870000005,13.0,0.000610181,0.006589341,0.002271094,0.007433963,0.000734623,-0.002132133,0.0028184638043673026,0.008953104435608145,low_vol,low_vol,pre_covid
2019-11-14,98.16000366,1471.800049,17.01300049,1.815000057,13.05000019,-0.00213707,0.006886066,0.002230541,0.007427544,0.000828612,-0.002655022,0.0027796533545851616,0.008867506151999511,low_vol,low_vol,pre_covid
2019-11-15,98.0,1467.300049,16.93300056,1.833999991,12.05000019,-0.001631359,-0.003062164,0.002059091,0.007404501,0.000778535,-0.002736026,0.00277362404611895,0.008800048487009916,low_vol,low_vol,pre_covid
2019-11-18,97.79000092,1470.900024,16.98500061,1.807999969,12.46000004,-0.002145147,0.002450464,0.001967044,0.007423103,0.000286737,-0.002490979,0.0027542259581523876,0.008628863594174885,low_vol,low_vol,pre_covid
2019-11-19,97.86000061,1473.300049,17.10300064,1.786000013,12.85999966,0.00071556,0.001630341,0.001968893,0.007396499,-0.000122552,-0.00050777,0.0027495055950537937,0.008448124000986292,low_vol,low_vol,pre_covid
2019-11-20,97.93000031,1473.300049,17.10000038,1.738000035,12.77999973,0.000715049,0.0,0.001929185,0.007396645,-2.04e-05,-0.001140549,0.002713674669087122,0.008267586878606861,low_vol,low_vol,pre_covid
2019-11-21,97.98999786,1463.099976,17.04999924,1.771999955,13.13000011,0.00061247,-0.00694736,0.001921993,0.007408993,-0.000152961,-7.52e-05,0.0026789552320235755,0.008090617704999947,low_vol,low_vol,pre_covid
2019-11-22,98.26999664,1463.099976,16.98500061,1.774000049,12.34000015,0.002853347,0.0,0.001983025,0.007243806,-8.14e-05,0.000123097,0.002644449972006588,0.008103995309883079,low_vol,low_vol,pre_covid
2019-11-25,98.31999969,1456.599976,16.87100029,1.764000058,11.86999989,0.000508704,-0.00445252,0.001943743,0.007269201,0.000122128,7.55e-05,0.002664753265028598,0.007936271081847534,low_vol,low_vol,pre_covid
2019-11-26,98.25,1459.800049,17.03000069,1.74000001,11.53999996,-0.000712211,0.002194537,0.001943656,0.007215966,-6.1e-05,0.000528871,0.0026299558658234782,0.007856701212052127,low_vol,low_vol,pre_covid
2019-11-27,98.41000366,1453.400024,16.91200066,1.76699996,11.75,0.001627211,-0.004393817,0.001953372,0.007251687,4.07e-05,-0.000569445,0.0025993195101774685,0.007717076066013141,low_vol,low_vol,pre_covid
2019-11-29,98.26999664,1465.599976,16.96899986,1.776000023,12.61999989,-0.001423704,0.008359042,0.001985356,0.007458552,0.000111992,-0.000422148,0.002583051476723752,0.0076503588105121655,low_vol,low_vol,pre_covid
2019-12-02,97.86000061,1462.300049,16.83600044,1.835999966,14.90999985,-0.004180866,-0.002254126,0.002091077,0.006839391,-0.000142959,-0.000341344,0.0025659792882832743,0.007752153568689924,low_vol,low_vol,pre_covid
2019-12-03,97.73999786,1478.199951,17.125,1.708999991,15.96000004,-0.001227022,0.010814526,0.002094361,0.007349816,-5.11e-05,0.000495062,0.0026651121335949297,0.007627250837797328,low_vol,low_vol,pre_covid
2019-12-04,97.65000153,1474.0,16.79700089,1.781000018,14.80000019,-0.000921197,-0.002845305,0.002025359,0.007357641,-0.000214822,4.75e-05,0.002641065398176048,0.007896367896678604,low_vol,low_vol,pre_covid
2019-12-05,97.41000366,1476.900024,16.94199944,1.797000051,14.52000046,-0.002460761,0.001965519,0.001781189,0.006243756,-0.000532403,0.00024405,0.00261277047225621,0.007774567544718317,low_vol,low_vol,pre_covid
2019-12-06,97.69999695,1459.099976,16.4810009,1.842000008,13.61999989,0.002972615,-0.012125522,0.001917098,0.006579616,-0.000296388,-0.000273767,0.0026250202131731155,0.007636739916610795,low_vol,low_vol,pre_covid
2019-12-09,97.63999939,1459.300049,16.53199959,1.828999996,15.85999966,-0.000614289,0.000137112,0.001860051,0.005369755,-0.000643152,-0.000260055,0.002651186776084123,0.008047637386229876,low_vol,low_vol,pre_covid
2019-12-10,97.41000366,1462.599976,16.59600067,1.832999945,15.68000031,-0.002358327,0.002258755,0.001830834,0.005377521,-0.000929855,0.000411072,0.002618821073652253,0.007882968479478364,low_vol,low_vol,pre_covid
2019-12-11,97.16000366,1469.400024,16.74399948,1.789999962,14.98999977,-0.002569771,0.004638514,0.001874925,0.005384188,-0.001115611,0.00065547,0.0026271039219436863,0.007742709417413143,low_vol,low_vol,pre_covid
2019-12-12,97.40000153,1466.699951,16.84499931,1.896999955,13.93999958,0.002467084,-0.001839225,0.001954737,0.005372331,-0.001031624,0.000910929,0.0026427265033588053,0.007667248460289916,low_vol,low_vol,pre_covid
2019-12-13,97.16999817,1475.599976,16.91200066,1.819000006,12.63000011,-0.002364223,0.006049724,0.00198219,0.00534284,-0.001125676,0.000679997,0.0026487888075741985,0.007540536179010023,low_vol,low_vol,pre_covid
2019-12-16,97.06999969,1475.0,17.0189991,1.89199996,12.14000034,-0.001029638,-0.00040668,0.00195334,0.005136668,-0.000810553,0.000864742,0.0026558862651732667,0.007532880495842224,low_vol,low_vol,pre_covid
2019-12-17,97.20999908,1474.599976,16.97800064,1.889000058,12.28999996,0.001441213,-0.00027124,0.001981724,0.00508653,-0.000543729,-0.000243835,0.002628740419008124,0.007399712537638517,low_vol,low_vol,pre_covid
2019-12-18,97.41000366,1472.599976,16.95299911,1.924000025,12.57999992,0.002055335,-0.001357221,0.002007051,0.0050715,-0.000246076,-9.5e-05,0.0026074005336635658,0.0072739569753797785,low_vol,low_vol,pre_covid
2019-12-19,97.41999817,1478.199951,17.05800056,1.907999992,12.5,0.000102597,0.003795569,0.001997728,0.005126837,1.03e-05,8.8e-05,0.0026019375357866077,0.007164726807239855,low_vol,low_vol,pre_covid
2019-12-20,97.70999908,1474.699951,17.12800026,1.917000055,12.51000023,0.002972389,-0.002370552,0.002107941,0.005156504,1.02e-05,0.001063476,0.0025676861672474928,0.0071028600603244675,low_vol,low_vol,pre_covid
2019-12-23,97.66000366,1482.5,17.40299988,1.934999943,12.60999966,-0.000511802,0.005275306,0.002103024,0.005015647,2.05e-05,0.001577295,0.00259692538502196,0.0070213680288469275,low_vol,low_vol,pre_covid
2019-12-24,97.65000153,1499.099976,17.75699997,1.909999967,12.67000008,-0.000102423,0.01113506,0.001986925,0.00551022,0.000246076,0.002464925,0.002565335840103037,0.007020585202928732,low_vol,low_vol,pre_covid
2019-12-26,97.58999634,1509.300049,17.8939991,1.904999971,12.64999962,-0.000614681,0.006781088,0.001979132,0.005483583,0.000441585,0.002679183,0.0025324367364681893,0.00738458918301958,low_vol,low_vol,pre_covid
2019-12-27,96.91999817,1513.800049,17.84900093,1.873999953,13.43000031,-0.006889115,0.002977079,0.002440194,0.005489821,-0.000494035,0.003160813,0.002503909927928605,0.007423148282272643,low_vol,low_vol,pre_covid
2019-12-30,96.73999786,1514.5,17.90800095,1.894999981,14.81999969,-0.001858932,0.000462273,0.002395776,0.005318594,-0.000443506,0.002602068,0.0028208034688426463,0.007324068347014866,low_vol,low_vol,pre_covid
2019-12-31,96.38999939,1519.5,17.82799911,1.91900003,13.77999973,-0.00362449,0.003295982,0.002470697,0.005125303,-0.000702991,0.002972334,0.0028052833942497067,0.007202140035411138,low_vol,low_vol,pre_covid
2020-01-02,96.84999847,1524.5,17.9659996,1.881999969,12.47000027,0.004760919,0.003285154,0.002644956,0.00505258,-0.00037102,0.003327974,0.0028572496308240857,0.007124660582090008,low_vol,low_vol,pre_covid
2020-01-03,96.83999634,1549.199951,18.06800079,1.787999988,14.02000046,-0.00010328,0.01607215,0.002640749,0.005611403,-0.000586882,0.005070911,0.002960220476818319,0.007052078384268841,low_vol,low_vol,pre_covid
2020-01-06,96.66999817,1566.199951,18.09700012,1.81099999,13.85000038,-0.001756997,0.010913635,0.002654618,0.005789126,-0.000772841,0.005782717,0.0029154650603503383,0.007897057041184515,low_vol,low_vol,pre_covid
2020-01-07,96.98000336,1571.800049,18.31599998,1.827000022,13.78999996,0.003201709,0.003569218,0.00272991,0.005786909,-0.000749909,0.006376694,0.0028938456070212782,0.008144921605084454,low_vol,low_vol,pre_covid
2020-01-08,97.30000305,1557.400024,18.08799934,1.873999953,13.44999981,0.003294214,-0.009203711,0.002749493,0.005430057,-0.000369308,0.004928793,0.002915512113524395,0.008013927524041651,low_vol,low_vol,pre_covid
2020-01-09,97.44999695,1551.699951,17.86000061,1.85800004,12.53999996,0.001540374,-0.003666707,0.002773179,0.005594937,-0.000205028,0.003448616,0.0029398892334393787,0.008163319284396307,low_vol,low_vol,pre_covid
2020-01-10,97.36000061,1557.5,18.03300095,1.825000048,12.56000042,-0.00092394,0.003730899,0.002731945,0.005595414,-0.000235954,0.003143597,0.0029096864670566536,0.008045201315248251,low_vol,low_vol,pre_covid
2020-01-13,97.34999847,1548.400024,17.9260006,1.84800005,12.31999969,-0.000102739,-0.005859816,0.002669346,0.005901707,0.000442684,0.002259908,0.0028727554700244996,0.007924269292238112,low_vol,low_vol,pre_covid
2020-01-14,97.37000275,1542.400024,17.67399979,1.817999959,12.39000034,0.000205467,-0.003882495,0.00261382,0.005992853,0.000649124,0.001825431,0.0028305517954438993,0.007899592432067157,low_vol,low_vol,pre_covid
2020-01-15,97.23000336,1552.099976,17.92300034,1.787999988,12.42000008,-0.001438843,0.006269176,0.002579808,0.005999729,0.000867688,0.00212275,0.0027895135832721437,0.007804464687055074,low_vol,low_vol,pre_covid
2020-01-16,97.31999969,1549.0,17.875,1.809000015,12.31999969,0.000925174,-0.001999276,0.002574947,0.006046951,0.000484114,0.001594307,0.0027652811178045977,0.007786606674844871,low_vol,low_vol,pre_covid
2020-01-17,97.61000061,1558.800049,18.01300049,1.835999966,12.10000038,0.002975439,0.006306764,0.002635292,0.006075716,0.000791986,0.000617769,0.002731152047896903,0.007655192801679764,low_vol,low_vol,pre_covid
2020-01-21,97.52999878,1556.400024,17.75099945,1.769000053,12.85000038,-0.000819943,-0.001540848,0.00260839,0.006081892,0.000885691,-0.000627679,0.0027519185452631184,0.007650189966743597,low_vol,low_vol,pre_covid
2020-01-22,97.52999878,1555.300049,17.77099991,1.769000053,12.90999985,0.0,-0.000706993,0.002608399,0.006118208,0.00056552,-0.001055301,0.002718648062546221,0.007520241092387153,low_vol,low_vol,pre_covid
2020-01-23,97.69000244,1564.599976,17.77300072,1.74000001,12.97999954,0.001639214,0.0059617,0.002549368,0.006061844,0.00040002,0.00046124,0.0026808612725812563,0.007389621593541626,low_vol,low_vol,pre_covid
2020-01-24,97.84999847,1571.099976,18.05699921,1.680999994,14.56000042,0.001636454,0.004145811,0.002571222,0.006043935,0.000409628,0.001242492,0.0026618299508484426,0.007389590033508297,low_vol,low_vol,pre_covid
2020-01-27,97.95999908,1576.800049,18.0,1.605000019,18.22999954,0.001123544,0.003621512,0.002580475,0.005738279,0.000614377,0.001231554,0.0026434391430683896,0.007322616908330828,low_vol,low_vol,pre_covid
2020-01-28,98.01999664,1569.199951,17.40200043,1.641000032,16.28000069,0.000612282,-0.004831604,0.00257616,0.00585399,0.000685879,0.001334375,0.002615980553068169,0.007245359627045267,low_vol,low_vol,pre_covid
2020-01-29,97.98999786,1569.800049,17.43099976,1.593999982,16.38999939,-0.000306094,0.00038235,0.002006811,0.005856468,0.000634723,0.001760859,0.002583451154690441,0.0072282237771055455,low_vol,low_vol,pre_covid
2020-01-30,97.87000275,1583.5,17.95199966,1.557999969,15.48999977,-0.001225315,0.008689333,0.001973701,0.006039744,0.000656076,0.002002875,0.002550821736285624,0.007112021179215548,low_vol,low_vol,pre_covid
2020-01-31,97.38999939,1582.900024,17.97200012,1.519999981,18.84000015,-0.004916566,-0.000378964,0.002124796,0.006057228,7.19e-05,0.002164906,0.0025308012501662164,0.007284482860541531,low_vol,low_vol,pre_covid
2020-02-03,97.80000305,1577.199951,17.63999939,1.519999981,17.96999931,0.004201079,-0.003607531,0.002071391,0.006166822,0.000194465,0.001173477,0.0026814026163168594,0.007166193285667078,low_vol,low_vol,pre_covid
2020-02-04,97.95999908,1550.400024,17.52799988,1.603000045,16.04999924,0.001634614,-0.017138114,0.002082247,0.006522898,0.000439921,-0.00038625,0.002764705907090573,0.007112071236117167,low_vol,low_vol,pre_covid
2020-02-05,98.26999664,1557.800049,17.56900024,1.649000049,15.14999962,0.003159535,0.004761623,0.002086568,0.006136697,0.000755875,0.000160612,0.002742523816268173,0.008123361430951073,low_vol,low_vol,pre_covid
2020-02-06,98.5,1565.099976,17.78899956,1.644000053,14.96000004,0.00233779,0.004675103,0.002044563,0.006175785,0.000825732,3.2e-05,0.0027703004011908356,0.008026627779277644,low_vol,low_vol,pre_covid
2020-02-07,98.68000031,1568.599976,17.66500092,1.577999949,15.47000027,0.001825747,0.002233782,0.001976847,0.00583743,0.000844662,-0.000159251,0.0027665051020411254,0.007933483528447006,low_vol,low_vol,pre_covid
2020-02-10,98.83000183,1574.699951,17.75799942,1.547000051,15.03999996,0.001518926,0.003881261,0.001976381,0.005810625,0.0008842,-0.000133276,0.002748652724594738,0.0077898543317337955,low_vol,low_vol,pre_covid
2020-02-11,98.72000122,1565.599976,17.57299995,1.590000033,15.18000031,-0.001113648,-0.005795625,0.001984446,0.00593281,0.000711607,-0.000229678,0.0027246164346671283,0.007688946762256596,low_vol,low_vol,pre_covid
2020-02-12,99.05000305,1567.400024,17.47800064,1.629999995,13.73999977,0.003337231,0.00114909,0.002058869,0.005766914,0.001075939,-0.000153004,0.002696522352429192,0.007678954913520227,low_vol,low_vol,pre_covid
2020-02-13,99.06999969,1575.099976,17.60000038,1.616999984,14.14999962,0.000201864,0.004900536,0.002058924,0.005745486,0.001218657,-0.000531884,0.00273463925797561,0.007538774597928745,low_vol,low_vol,pre_covid
2020-02-14,99.12000275,1582.699951,17.71500015,1.588000059,13.68000031,0.000504597,0.004813472,0.001994796,0.005687208,0.001760774,-1.26e-05,0.002696457539254538,0.00748612308733146,low_vol,low_vol,pre_covid
2020-02-18,99.45999908,1600.0,18.13100052,1.555999994,14.82999992,0.003424279,0.010871411,0.002068507,0.00603845,0.001683094,0.001435254,0.0026606547147588417,0.007434115941613247,low_vol,low_vol,pre_covid
2020-02-19,99.59999847,1607.5,18.29199982,1.570000052,14.38000011,0.001406605,0.004676548,0.002022775,0.005984377,0.001660293,0.00361672,0.0027048876654282667,0.0077287636440789365,low_vol,low_vol,pre_covid
2020-02-20,99.87000275,1616.599976,18.30900002,1.524999976,15.56000042,0.002707218,0.005644986,0.002013915,0.006009303,0.001615061,0.003705056,0.0026801831572065894,0.007655478522476539,low_vol,low_vol,pre_covid
2020-02-21,99.26000214,1644.599976,18.52099991,1.470999956,17.07999992,-0.006126676,0.017172015,0.002556365,0.006843871,0.000768614,0.004954747,0.0026930909654520416,0.007622462141926015,low_vol,low_vol,pre_covid
2020-02-24,99.29000092,1672.400024,18.86800003,1.376999974,25.03000069,0.000302179,0.016762556,0.00255204,0.00748074,0.000616258,0.006407625,0.002918143792052588,0.008492404023466783,low_vol,low_vol,pre_covid
2020-02-25,98.97000122,1646.900024,18.18300056,1.330000043,27.85000038,-0.003228084,-0.015364987,0.002687008,0.008496489,0.000141557,0.004483,0.002874767837324048,0.009181440602723497,low_vol,low_vol,pre_covid
2020-02-26,99.0,1640.0,17.82600021,1.309999943,27.55999947,0.000303064,-0.004198506,0.002684092,0.008603775,0.000283228,0.004642712,0.0029044542215129754,0.009687461181129304,low_vol,high_vol,pre_covid
2020-02-27,98.44000244,1640.0,17.65800095,1.299000025,39.15999985,-0.0056726,0.0,0.003002755,0.008479267,-0.000617755,0.004527803,0.0028614816287885203,0.009492263976695408,low_vol,high_vol,pre_covid
2020-02-28,98.12999725,1564.099976,16.38699913,1.126999974,40.11000061,-0.003154148,-0.047385679,0.003089978,0.01373922,-0.000953357,-0.000700818,0.003033777107389576,0.00924916069486105,low_vol,low_vol,pre_covid
2020-03-02,97.36000061,1592.300049,16.67900085,1.088000059,33.41999817,-0.007877647,0.017868979,0.003537742,0.014174425,-0.001791581,0.000604732,0.0030522121891981818,0.014447735496217829,low_vol,high_vol,covid
2020-03-03,97.15000153,1642.099976,17.12899971,1.00999999,36.81999969,-0.002159263,0.030796353,0.003404498,0.015658581,-0.002349935,0.002597227,0.0033809736844154486,0.014581001200451298,low_vol,high_vol,covid
2020-03-04,97.33999634,1641.099976,17.18700027,0.991999984,31.98999977,0.001953775,-0.000609162,0.00329554,0.015620926,-0.002295218,0.002068656,0.0033525366167453424,0.015849332265930587,low_vol,high_vol,covid
2020-03-05,96.81999969,1666.400024,17.34199905,0.925999999,39.61999893,-0.005356385,0.015298892,0.003447929,0.015244366,-0.003101579,0.003034046,0.003316956029387288,0.01530939296567765,low_vol,high_vol,covid
2020-03-06,95.94999695,1670.800049,17.2140007,0.70599997,41.93999863,-0.009026391,0.002636957,0.00379869,0.015242177,-0.00339155,0.00158054,0.0034293853090915584,0.015217199434970035,low_vol,high_vol,covid
2020-03-09,94.90000153,1674.5,17.00099945,0.499000013,54.45999908,-0.011003469,0.00221203,0.004274224,0.015240824,-0.004522115,0.000125488,0.003809701055533078,0.014714820711493578,low_vol,high_vol,covid
2020-03-10,96.41000366,1659.099976,16.90600014,0.748000026,47.29999924,0.015786247,-0.009239341,0.005707341,0.015481583,-0.002620682,0.000738052,0.004320171491844296,0.014231385554351508,high_vol,high_vol,covid
2020-03-11,96.51000214,1641.400024,16.72900009,0.819999993,53.90000153,0.001036683,-0.010725721,0.005697204,0.015750296,-0.00254732,8.53e-05,0.005231033850690787,0.0139435751471222,high_vol,high_vol,covid
2020-03-12,97.47000122,1589.300049,15.96100044,0.848999977,75.47000122,0.009897999,-0.032255853,0.006184783,0.017377413,-0.00099026,-0.003140254,0.005130592355645229,0.013734604118774911,high_vol,high_vol,covid
2020-03-13,98.75,1515.699951,14.45600033,0.950999975,57.83000183,0.013046753,-0.047416352,0.006824242,0.020302288,0.00062983,-0.003143322,0.005382048995185764,0.015357511318276023,high_vol,high_vol,covid
2020-03-16,98.08999634,1485.900024,12.77200031,0.727999985,82.69000244,-0.006706017,-0.019856681,0.006971613,0.020622391,0.000746993,-0.006915888,0.005850313777869991,0.01864745341437357,high_vol,high_vol,covid
2020-03-17,99.58000183,1524.900024,12.46899986,0.996999979,75.91000366,0.015075972,0.025908184,0.007754944,0.021505415,0.002470517,-0.007404705,0.005881940727262142,0.018605412962151045,high_vol,high_vol,covid
2020-03-18,101.1600037,1477.300049,11.73499966,1.266000032,76.44999695,0.015742098,-0.03171272,0.008444567,0.022248517,0.003849349,-0.01051506,0.0064630684085729365,0.01895007223770696,high_vol,high_vol,covid
2020-03-19,102.7600021,1478.599976,12.09700012,1.118999958,72.0,0.015692735,0.000879547,0.009049088,0.022191546,0.005954261,-0.011956995,0.007029186474440463,0.019782138560201116,high_vol,high_vol,covid
2020-03-20,102.8199997,1484.0,12.34899998,0.938000023,66.04000092,0.000583691,0.003645467,0.009046639,0.022152438,0.006915269,-0.011856144,0.0075269785875468585,0.019073301368838596,high_vol,high_vol,covid
2020-03-23,102.4899979,1567.0,13.22500038,0.763999999,61.59000015,-0.003214672,0.054421819,0.008947498,0.02521806,0.007694149,-0.006635165,0.00736954863679332,0.018411536604395026,high_vol,high_vol,covid
2020-03-24,101.7399979,1660.199951,14.22900009,0.815999985,61.66999817,-0.007344694,0.057775084,0.00915299,0.02818216,0.005381055,6.63e-05,0.007243480428730989,0.021919483882948475,high_vol,high_vol,covid
2020-03-25,101.0500031,1632.300049,14.83699989,0.85799998,63.95000076,-0.006805044,-0.016947955,0.009271265,0.028226415,0.004596882,-0.000555946,0.007237914862009219,0.025143463192611418,high_vol,high_vol,covid
2020-03-26,99.41999817,1650.099976,14.64000034,0.81099999,61.0,-0.016262192,0.010845784,0.010008097,0.028316598,0.001980863,0.003754218,0.007212277567549448,0.02455219587666583,high_vol,high_vol,covid
2020-03-27,98.37000275,1623.900024,14.49800014,0.749000013,65.54000092,-0.010617375,-0.016005199,0.010209357,0.028539377,-0.00038555,0.006895333,0.007746771798448154,0.023778723236356766,high_vol,high_vol,covid
2020-03-30,99.18000031,1622.0,14.07400036,0.670000017,57.08000183,0.008200477,-0.001170723,0.010335736,0.026445799,0.0011051,0.008763929,0.007864880442310276,0.02322441899381455,high_vol,high_vol,covid
2020-03-31,99.05000305,1583.400024,14.09799957,0.698000014,53.54000092,-0.00131158,-0.024085507,0.010167357,0.026748681,-0.000533656,0.00376456,0.007860577311787945,0.022374330666732282,high_vol,high_vol,covid
2020-04-01,99.66999817,1578.199951,13.92599964,0.63499999,57.06000137,0.006239907,-0.003289523,0.010209435,0.025786356,-0.001483875,0.00660688,0.007699481992774899,0.022314095006202673,high_vol,high_vol,covid
2020-04-02,100.1800003,1625.699951,14.59599972,0.626999974,50.90999985,0.00510386,0.029653536,0.010243848,0.026691262,-0.002542762,0.009484278,0.007632836664892123,0.021515284010590295,high_vol,high_vol,covid
2020-04-03,100.5800018,1633.699951,14.43599987,0.587000012,46.79999924,0.003984878,0.004908889,0.010139469,0.026480219,-0.002202643,0.009610621,0.007536497955957265,0.021875396419997462,high_vol,high_vol,covid
2020-04-06,100.6900024,1677.0,15.11100006,0.675999999,45.24000168,0.001093065,0.026159132,0.009834379,0.0271288,-0.00177187,0.006784352,0.00741756712287796,0.021107774593256332,high_vol,high_vol,covid
2020-04-07,99.98000336,1664.800049,15.42199993,0.736000001,46.70000076,-0.007076315,-0.007301457,0.00960346,0.027172505,-0.001745032,0.000276698,0.0072647297422030075,0.021251346945139925,high_vol,high_vol,covid
2020-04-08,100.1200027,1665.400024,15.14700031,0.763999999,43.34999847,0.001399294,0.000360324,0.009107347,0.027094822,-0.000924598,0.002007526,0.007248004154957613,0.020558092693777688,high_vol,high_vol,covid
2020-04-09,99.51999664,1736.199951,15.99499989,0.728999972,41.66999817,-0.006010899,0.041633439,0.009265286,0.028417815,0.000100531,0.005086291,0.007101093665823843,0.01981613894462186,high_vol,high_vol,covid
2020-04-13,99.34999847,1744.800049,15.47900009,0.749000013,41.16999817,-0.001709642,0.004941175,0.009081296,0.027267765,0.000991305,0.007180929,0.007053316855674982,0.02147915274833983,high_vol,high_vol,covid
2020-04-14,98.88999939,1756.699951,16.0720005,0.751999974,37.75999832,-0.004640839,0.006797057,0.008712068,0.024542401,-0.000292827,0.007977707,0.006914923745376909,0.02072892430135266,high_vol,high_vol,covid
2020-04-15,99.45999908,1727.199951,15.44699955,0.638000011,40.84000015,0.005747429,-0.016935449,0.008651587,0.024390214,0.000413074,0.008692712,0.006833104905523175,0.02004040388375729,high_vol,high_vol,covid
2020-04-16,100.0299988,1720.400024,15.56400013,0.609000027,40.11000061,0.005714585,-0.003944736,0.008094948,0.024111592,0.000360542,0.008627191,0.006782129115895366,0.019743882900545552,high_vol,high_vol,covid
2020-04-17,99.77999878,1689.199951,15.23700047,0.653999984,38.15000153,-0.002502379,-0.018301821,0.007283529,0.023231448,-0.000400082,0.003831655,0.0067319674312708985,0.019061712168127118,high_vol,high_vol,covid
2020-04-20,99.95999908,1701.599976,15.55599976,0.625999987,43.83000183,0.001802347,0.007313955,0.006287383,0.023197644,-0.000618335,0.004072162,0.00661142703169835,0.018900147645490896,high_vol,high_vol,covid
2020-04-21,100.2600021,1678.199951,14.81799984,0.57099998,45.40999985,0.002996736,-0.013847209,0.006345609,0.023622576,-0.000427968,7.15e-05,0.00648344639807941,0.0183051072995987,high_vol,high_vol,covid
2020-04-22,100.3899994,1728.699951,15.27700043,0.619000018,41.97999954,0.001295761,0.029647891,0.006350361,0.021608705,0.00040924,0.003766463,0.00637526666572535,0.01797055456935585,high_vol,high_vol,covid
2020-04-23,100.4300003,1733.300049,15.34799957,0.612999976,41.38000107,0.000398376,0.002657481,0.006185337,0.017858718,0.000309148,0.003996178,0.006248603735967587,0.018687907929283088,high_vol,high_vol,covid
2020-04-24,100.3799973,1723.5,15.25399971,0.596000016,35.93000031,-0.000498014,-0.005670027,0.006020786,0.01742305,0.000860436,-0.000734168,0.006120690791692062,0.018033819364671314,high_vol,high_vol,covid
2020-04-27,100.0400009,1711.900024,15.20100021,0.656000018,33.29000092,-0.003392842,-0.006753228,0.004859613,0.017429292,0.000692116,-0.001903608,0.005996494234637359,0.01745443051260886,high_vol,high_vol,covid
2020-04-28,99.87000275,1710.5,15.1619997,0.610000014,33.56999969,-0.001700747,-0.000818154,0.004203661,0.016964586,0.000986125,-0.00266513,0.005912929747034025,0.016924835737334935,high_vol,high_vol,covid
2020-04-29,99.56999969,1703.400024,15.15999985,0.626999974,31.22999954,-0.003008456,-0.004159457,0.003907626,0.01700917,0.000110537,-0.00138753,0.005802933162970799,0.016338793580763154,high_vol,high_vol,covid
2020-04-30,99.01999664,1684.199951,14.89799976,0.621999979,34.15000153,-0.005539095,-0.011335623,0.004093172,0.016228713,-0.001014831,-0.002126619,0.005716894317576858,0.015810485621504253,high_vol,high_vol,covid
2020-05-01,98.80000305,1694.5,14.86299992,0.64200002,37.18999863,-0.00222418,0.006097067,0.003856397,0.016177775,-0.000987011,0.00031327,0.005707141494200414,0.015515047262690283,high_vol,high_vol,covid
2020-05-04,99.48000336,1706.900024,14.72200012,0.637000024,35.97000122,0.006859017,0.007291162,0.003998446,0.01505964,-0.000481344,0.00031099,0.005609645918717054,0.015052905671877006,high_vol,high_vol,covid
2020-05-05,99.70999908,1704.400024,15.05700016,0.657000005,33.61000061,0.002309311,-0.001465717,0.003923981,0.01506911,-0.000550087,0.00154914,0.005653839755961177,0.01464274555908206,high_vol,high_vol,covid
2020-05-06,100.0899963,1684.199951,14.98700047,0.711000025,34.11999893,0.003803781,-0.011922512,0.004019449,0.014289863,-0.000299285,-0.002607901,0.005556924272902557,0.014160438390776946,high_vol,high_vol,covid
2020-05-07,99.88999939,1721.800049,15.56200027,0.630999982,31.44000053,-0.00200017,0.022079639,0.003733016,0.014941733,-0.00053914,-0.000665685,0.005493623739486268,0.01399365831737356,high_vol,high_vol,covid
2020-05-08,99.73000336,1709.900024,15.73999977,0.681999981,27.97999954,-0.001603006,-0.00693538,0.003732513,0.015056451,-0.000649639,-0.00079222,0.005398498364604416,0.01449214489118077,high_vol,high_vol,covid
2020-05-11,100.2399979,1695.300049,15.63599968,0.726000011,27.56999969,0.005100721,-0.008575158,0.003652194,0.012000363,0.000199717,-0.000974413,0.005300597774276245,0.014113394069055003,high_vol,high_vol,covid
2020-05-12,99.93000031,1704.400024,15.68700027,0.677999973,33.04000092,-0.003097345,0.005353412,0.003703391,0.012011133,6.01e-05,-0.000357257,0.005286846445025876,0.013807691263904432,high_vol,high_vol,covid
2020-05-13,100.2399979,1713.900024,15.66300011,0.648999989,35.27999878,0.003097345,0.005558333,0.003572233,0.011973313,0.000670638,0.000614522,0.0052182951884830785,0.01341230452670964,high_vol,high_vol,covid
2020-05-14,100.4700012,1738.099976,16.13599968,0.619000018,32.61000061,0.002291898,0.014021059,0.003400959,0.011840759,0.001453737,0.00315019,0.0051486626189587315,0.013041084824763606,high_vol,high_vol,covid
2020-05-15,100.4000015,1753.400024,17.04599953,0.639999986,31.88999939,-0.000696965,0.008764226,0.003188822,0.01193737,0.001606459,0.003416906,0.005065327712281762,0.013042026413758472,high_vol,high_vol,covid
2020-05-18,99.66999817,1731.800049,17.4640007,0.744000018,29.29999924,-0.007297512,-0.012395416,0.003542278,0.011524663,0.000190806,0.001448248,0.004967713950448915,0.012787523483329361,high_vol,high_vol,covid
2020-05-19,99.37000275,1744.199951,17.8920002,0.711000025,30.53000069,-0.003014426,0.007134612,0.00357199,0.01151996,-0.000341568,0.002308281,0.005077834194878348,0.012740068030783798,high_vol,high_vol,covid
2020-05-20,99.12000275,1750.599976,18.00200081,0.680000007,27.98999977,-0.00251902,0.003662603,0.003521284,0.011000056,-0.000973848,0.003866793,0.005013892889613791,0.012446526368457542,high_vol,high_vol,covid
2020-05-21,99.37000275,1720.5,17.33499908,0.676999986,29.53000069,0.00251902,-0.017343626,0.003563118,0.009812497,-0.000521929,-7.55e-05,0.004941161392994661,0.012085929104240922,high_vol,high_vol,covid
2020-05-22,99.86000061,1734.599976,17.66399956,0.657000005,28.15999985,0.004918926,0.008161879,0.003750846,0.009965705,0.000130264,0.001434192,0.004867818647812997,0.012433323677527714,high_vol,high_vol,covid
2020-05-26,98.91000366,1704.800049,17.56500053,0.698000014,28.01000023,-0.009558828,-0.017328995,0.004264265,0.010603797,-0.001335691,0.000558809,0.004865581662966656,0.01219182949065617,high_vol,high_vol,covid
2020-05-27,99.05999756,1710.300049,17.68600082,0.680000007,27.62000084,0.00151532,0.003220992,0.004243894,0.010533766,-0.000874424,0.000345567,0.005127005079075242,0.012527302648347626,high_vol,high_vol,covid
2020-05-28,98.37999725,1713.300049,17.89500046,0.704999983,28.59000015,-0.006888199,0.001752542,0.004464429,0.010539261,-0.001872979,-3.5e-05,0.005033527232701659,0.012156207881147223,high_vol,high_vol,covid
2020-05-29,98.33999634,1736.900024,18.44000053,0.648000002,27.51000023,-0.000406679,0.013680565,0.004433618,0.010893674,-0.002142836,-6.91e-05,0.005117693713794991,0.011787293562706502,high_vol,high_vol,covid
2020-06-01,97.83000183,1737.800049,18.76799965,0.662,28.22999954,-0.005199528,0.000518044,0.004415255,0.010527434,-0.002593093,-0.00089368,0.005017409772944652,0.011866806693378775,high_vol,high_vol,covid
2020-06-02,97.66999817,1725.199951,18.20700073,0.680000007,26.84000015,-0.001636866,-0.007277016,0.004406142,0.010638857,-0.002027028,-0.00038184,0.005024965068830407,0.011506220782137649,high_vol,high_vol,covid
2020-06-03,97.27999878,1697.800049,17.92099953,0.760999978,25.65999985,-0.004001025,-0.016009633,0.004121467,0.011137424,-0.002125688,-0.002696265,0.004937324993015491,0.011303514301282354,high_vol,high_vol,covid
2020-06-04,96.68000031,1718.900024,18.02400017,0.819999993,25.80999947,-0.006186847,0.012351241,0.004190115,0.011465584,-0.002492471,-0.001827401,0.004905297175279491,0.011625423239003013,high_vol,high_vol,covid
2020-06-05,96.94000244,1676.199951,17.44300079,0.903999984,24.52000046,0.002685697,-0.025155268,0.004126378,0.012494341,-0.002475803,-0.002608565,0.004961789599120888,0.011636586431661274,high_vol,high_vol,covid
2020-06-08,96.62000275,1698.300049,17.86800003,0.884000003,25.80999947,-0.003306468,0.013098482,0.004143745,0.011828604,-0.003298342,-0.002114905,0.0048911276177258664,0.01279057493304785,high_vol,high_vol,covid
2020-06-09,96.31999969,1714.699951,17.77400017,0.828999996,27.56999969,-0.003109809,0.00961033,0.004157098,0.01193984,-0.00265344,0.000579028,0.004840548345177568,0.01275677185445307,high_vol,high_vol,covid
2020-06-10,95.95999908,1713.300049,17.77599907,0.748000026,27.56999969,-0.00374455,-0.000816746,0.003876854,0.011775805,-0.003179427,0.000175254,0.004786556306858997,0.01255291175961593,high_vol,high_vol,covid
2020-06-11,96.73000336,1732.0,17.86899948,0.652999997,40.79000092,0.007992198,0.010855446,0.004444724,0.011949053,-0.001691388,0.001085545,0.004752151672548516,0.012162424585576308,high_vol,high_vol,covid
2020-06-12,97.31999969,1729.300049,17.46199989,0.699000001,36.09000015,0.006080888,-0.00156008,0.004643916,0.011907169,-0.001042631,-0.00043852,0.004909463304782181,0.01205388847617639,high_vol,high_vol,covid
2020-06-15,96.68000031,1720.300049,17.37899971,0.702000022,34.40000153,-0.006597956,-0.005218008,0.004694713,0.01154343,-0.001182474,-0.001012125,0.004954119559338921,0.011691937604046887,high_vol,high_vol,covid
2020-06-16,96.95999908,1729.599976,17.63199997,0.755999982,33.66999817,0.002891954,0.005391431,0.004802157,0.011431149,-0.000729592,0.00025472,0.005028106495231898,0.01141271695975382,high_vol,high_vol,covid
2020-06-17,97.16000366,1729.199951,17.75699997,0.73299998,33.47000122,0.002060629,-0.000231308,0.004685663,0.011109944,-0.000123426,0.001832552,0.004959774579353723,0.011141050236909852,high_vol,high_vol,covid
2020-06-18,97.41999817,1724.800049,17.49300003,0.694000006,32.93999863,0.002672368,-0.002547716,0.00474045,0.010996262,0.000762495,0.000342656,0.004877959825287086,0.010815613604370534,high_vol,high_vol,covid
2020-06-19,97.62000275,1745.900024,17.83200073,0.697000027,35.11999893,0.002050909,0.012159066,0.004769326,0.011310165,0.000699016,0.00407409,0.004809535816604759,0.010526104511638025,high_vol,high_vol,covid
2020-06-22,97.04000092,1756.699951,17.88699913,0.703999996,31.77000046,-0.005959145,0.006166825,0.004839215,0.010666123,0.000433749,0.003380924,0.00473174155557352,0.01061407927598524,high_vol,high_vol,covid
2020-06-23,96.69000244,1772.099976,18.0510006,0.708999991,31.37000084,-0.003613264,0.008728249,0.004660863,0.010685858,0.000383403,0.003292716,0.004786792862354245,0.010409559014455654,high_vol,high_vol,covid
2020-06-24,97.15000153,1765.800049,17.65800095,0.684000015,33.84000015,0.004746182,-0.003561397,0.004471201,0.009897146,0.001232476,0.003018251,0.004748437539996146,0.010318233749780718,high_vol,high_vol,covid
2020-06-25,97.43000031,1762.099976,17.88299942,0.674000025,32.22000122,0.002877983,-0.002097607,0.004516974,0.009923598,0.000721055,0.001722946,0.0047448306284202865,0.010072941751049912,high_vol,high_vol,covid
2020-06-26,97.5,1772.5,18.02300072,0.635999978,34.72999954,0.000718203,0.005884714,0.00430345,0.009971357,0.000184786,0.002467425,0.0046849556379637315,0.009815363301802976,high_vol,high_vol,covid
2020-06-29,97.54000092,1774.800049,17.97999954,0.635999978,31.78000069,0.000410182,0.001296789,0.004307341,0.009580825,0.0008856,0.003118905,0.004596187497057922,0.00964904314160467,high_vol,high_vol,covid
2020-06-30,97.38999939,1793.0,18.54100037,0.652999997,30.43000031,-0.00153903,0.010202427,0.004174966,0.009785934,0.000442502,0.003600004,0.004508377585855135,0.009401063357330663,high_vol,low_vol,covid
2020-07-01,97.19999695,1773.199951,18.13299942,0.681999981,28.62000084,-0.00195285,-0.011104398,0.004180913,0.009990855,4.12e-05,0.002512695,0.004433401978906781,0.009462740000347554,high_vol,high_vol,covid
2020-07-02,97.31999969,1784.0,18.24399948,0.66900003,27.68000031,0.001233835,0.006072238,0.004100091,0.009208623,-0.000102699,0.00337469,0.004367046904868823,0.009604382615719309,high_vol,high_vol,covid
2020-07-06,96.79000092,1788.5,18.50399971,0.684000015,27.94000053,-0.005460822,0.002519246,0.004047869,0.008920591,-0.000853873,0.002410708,0.004290501667550829,0.009457323668069182,high_vol,high_vol,covid
2020-07-07,96.87999725,1804.199951,18.62800026,0.649999976,29.43000031,0.000929378,0.008739973,0.004008734,0.006528004,-0.00016502,0.002668023,0.004345924645637807,0.009231875338202036,high_vol,low_vol,covid
2020-07-08,96.43000031,1815.5,19.08099937,0.652999997,28.07999992,-0.004655711,0.006243659,0.00407416,0.006186733,-0.000269265,0.002419564,0.004267197850531339,0.009225641650284737,high_vol,low_vol,covid
2020-07-09,96.69999695,1799.199951,18.88199997,0.605000019,29.26000023,0.002796011,-0.009018817,0.004059364,0.00654357,-0.000464282,0.001873822,0.004287443144667802,0.00910868898071574,high_vol,low_vol,covid
2020-07-10,96.65000153,1798.199951,18.9829998,0.633000016,27.29000092,-0.000517149,-0.000555957,0.003963005,0.006537623,-0.000803795,0.002027987,0.0042403634713029225,0.009152004441739163,high_vol,low_vol,covid
2020-07-13,96.45999908,1811.0,19.70899963,0.639999986,32.18999863,-0.001967816,0.007093041,0.00357895,0.006340099,-0.001072397,0.00214882,0.004162599601215735,0.008928562590321204,high_vol,low_vol,covid
2020-07-14,96.26000214,1810.599976,19.45100021,0.61500001,29.52000046,-0.002075519,-0.00022091,0.003302794,0.006307844,-0.001320967,0.00199705,0.004104537711886966,0.008865761049247866,low_vol,low_vol,covid
2020-07-15,96.08000183,1811.400024,19.68499947,0.629999995,27.76000023,-0.001871689,0.000441772,0.003016662,0.00609285,-0.001354233,0.001020985,0.0040503488760332464,0.008656353727764113,low_vol,low_vol,covid
2020-07-16,96.34999847,1798.699951,19.49699974,0.611999989,28.0,0.002806182,-0.007035886,0.003012184,0.00638988,-0.00087833,0.001427836,0.003993872382449822,0.008457818079054576,low_vol,low_vol,covid
2020-07-17,95.94000244,1808.300049,19.68499947,0.628000021,25.68000031,-0.004264358,0.00532305,0.003079748,0.006413661,-0.001428149,0.001352917,0.00395699275310641,0.008447428846471879,low_vol,low_vol,covid
2020-07-20,95.83000183,1815.900024,20.12400055,0.620000005,24.45999908,-0.001147214,0.004194022,0.002988144,0.006336075,-0.000996789,0.001520395,0.0039758609749906745,0.008348080123294044,low_vol,low_vol,covid
2020-07-21,95.12000275,1842.400024,21.49699974,0.606999993,24.84000015,-0.007436526,0.014487857,0.003244386,0.006531838,-0.001833379,0.002095183,0.003910521544248514,0.008220363662651515,low_vol,low_vol,covid
2020-07-22,94.97000122,1864.099976,23.08300018,0.595000029,24.31999969,-0.001578216,0.011709267,0.003061131,0.006791594,-0.001525629,0.002641744,0.00410936392710141,0.008727148450568222,low_vol,low_vol,covid
2020-07-23,94.69000244,1889.099976,22.94499969,0.582000017,26.07999992,-0.002952641,0.013322162,0.003036517,0.007059904,-0.002100495,0.004875842,0.0040461646502812035,0.008948547441154985,low_vol,low_vol,covid
2020-07-24,94.44000244,1897.300049,22.80800056,0.588999987,25.84000015,-0.002643686,0.004331336,0.002752822,0.006898898,-0.002313148,0.005364571,0.0040153205122651905,0.009269221751902743,low_vol,low_vol,covid
2020-07-27,93.66999817,1931.0,24.47599983,0.609000027,24.73999977,-0.00818679,0.017606155,0.00295515,0.007430331,-0.002935046,0.006415882,0.0039771313145923505,0.009089842081288374,low_vol,low_vol,covid
2020-07-28,93.76000214,1944.699951,24.26600075,0.58099997,25.44000053,0.000960401,0.007069695,0.002966225,0.007446981,-0.002631454,0.007144943,0.004223656540807921,0.009777963587116642,high_vol,high_vol,covid
2020-07-29,93.26000214,1953.5,24.29299927,0.578999996,24.10000038,-0.005347034,0.004514937,0.003011374,0.007412636,-0.002978988,0.00755226,0.004148373577521581,0.009657095821077759,low_vol,high_vol,covid
2020-07-30,93.01999664,1942.300049,23.34000015,0.541000009,24.76000023,-0.002576827,-0.005749773,0.00300959,0.007620846,-0.003517289,0.007680871,0.004206261090321508,0.009460028504061446,high_vol,high_vol,covid
2020-07-31,93.48999786,1962.800049,24.18899918,0.536000013,24.45999908,0.005039968,0.010499187,0.003398429,0.006934275,-0.002586857,0.008198485,0.004159955384216835,0.009326731673460126,high_vol,low_vol,covid
2020-08-03,93.5,1966.0,24.38999939,0.563000023,24.28000069,0.00010698,0.001628972,0.003355879,0.006962445,-0.002461437,0.00794198,0.004196150968619285,0.009412509389098805,high_vol,low_vol,covid
2020-08-04,93.37999725,2001.199951,26.01199913,0.514999986,23.76000023,-0.001284276,0.017745955,0.003257027,0.007503904,-0.001846212,0.008267789,0.004117941212971643,0.009179420160881415,low_vol,low_vol,covid
2020-08-05,92.83000183,2031.099976,26.87700081,0.542999983,22.98999977,-0.005907277,0.01483053,0.003321279,0.007754941,-0.002279118,0.008579916,0.0040503519767446814,0.009868852857710542,low_vol,high_vol,covid
2020-08-06,92.79000092,2051.5,28.38699913,0.536000013,22.64999962,-0.000430998,0.009993727,0.003282224,0.007812477,-0.002026954,0.008247072,0.00414330043663974,0.010210839786590162,low_vol,high_vol,covid
2020-08-07,93.44000244,2010.099976,27.53300095,0.561999977,22.20999908,0.00698066,-0.020386773,0.00368017,0.009168249,-0.001064519,0.005775261,0.00406761011328652,0.010197069623601972,low_vol,high_vol,covid
2020-08-10,93.58000183,2024.400024,29.24900055,0.574000001,22.12999916,0.00149716,0.007088912,0.003736528,0.009076326,-9.61e-05,0.004723537,0.004214044613918116,0.011056363548727754,high_vol,high_vol,covid
2020-08-11,93.62999725,1932.599976,26.03700066,0.657999992,24.03000069,0.000534111,-0.046407138,0.003761909,0.014522964,-0.000138753,-0.000624146,0.0041447256244548985,0.010857008426735405,low_vol,high_vol,covid
2020-08-12,93.44000244,1934.900024,25.95499992,0.670000017,22.28000069,-0.00203127,0.001189424,0.003761535,0.01451012,0.000192823,-0.000956698,0.004068828443501801,0.015277854414432133,low_vol,high_vol,covid
2020-08-13,93.33999634,1956.699951,27.69400024,0.716000021,22.12999916,-0.001070844,0.011203698,0.003760742,0.014599025,0.000343421,0.000738649,0.004014854183588032,0.014763475000849444,low_vol,high_vol,covid
2020-08-14,93.09999847,1937.0,26.06500053,0.708999991,22.04999924,-0.002574533,-0.010118971,0.003642884,0.014727057,-0.000418029,-0.001323167,0.003947569477975678,0.014505362063738267,low_vol,high_vol,covid
2020-08-17,92.84999847,1985.0,27.64299965,0.683000028,21.35000038,-0.002688897,0.02447853,0.003601998,0.015420725,-0.000697616,0.000961789,0.0039099278939062855,0.014236383653195935,low_vol,high_vol,covid
2020-08-18,92.26999664,1999.400024,28.04899979,0.66900003,21.51000023,-0.006266246,0.007228234,0.003743188,0.015432519,-0.001195813,-9e-05,0.003876621448181406,0.01491864748868484,low_vol,high_vol,covid
2020-08-19,92.88999939,1958.699951,27.31500053,0.675000012,22.54000092,0.006696966,-0.020566185,0.003944752,0.016185164,6.46e-05,-0.003629654,0.0040022592464443495,0.01451356861133794,low_vol,high_vol,covid
2020-08-20,92.79000092,1933.800049,27.12199974,0.643999994,22.71999931,-0.001077106,-0.012793959,0.003943419,0.016401258,8.24e-19,-0.005908423,0.004136148759266759,0.014872037379343504,low_vol,high_vol,covid
2020-08-21,93.25,1934.599976,26.70700073,0.639999986,22.54000092,0.004945173,0.00041357,0.004130645,0.016186276,-0.000203549,-0.003828389,0.004065630993631606,0.014701591871487023,low_vol,high_vol,covid
2020-08-24,93.30000305,1927.699951,26.58799934,0.646000028,22.37000084,0.000536082,-0.003573017,0.004115228,0.016200089,-0.000299656,-0.004894582,0.004102460678469527,0.014211039635074498,low_vol,high_vol,covid
2020-08-25,93.01999664,1911.800049,26.25399971,0.681999981,22.03000069,-0.003005653,-0.008282325,0.003777743,0.015834701,-0.000653633,-0.0010821,0.004027665169960062,0.013771846549842252,low_vol,high_vol,covid
2020-08-26,93.01000214,1940.699951,27.43000031,0.686999977,23.27000046,-0.00010745,0.015003475,0.003766653,0.01611588,-0.000461251,0.000299305,0.003999032243567972,0.0134748176875821,low_vol,high_vol,covid
2020-08-27,93.01000214,1921.599976,27.01000023,0.745999992,24.46999931,0.0,-0.009890548,0.0035909,0.016215985,-0.000354166,-0.00181012,0.0039260285580086166,0.013501632791125538,low_vol,high_vol,covid
2020-08-28,92.37000275,1964.599976,27.61000061,0.728999972,22.95999908,-0.006904757,0.02213049,0.003853106,0.016915326,-0.000787189,0.001414827,0.0038547876309058533,0.013283355577164013,low_vol,high_vol,covid
2020-08-31,92.13999939,1967.599976,28.43700027,0.693000019,26.40999985,-0.002493127,0.001525864,0.003674301,0.016763923,-0.000767612,-0.00088044,0.00402243720862602,0.013865502406519334,low_vol,high_vol,covid
2020-09-01,92.33999634,1968.199951,28.48600006,0.671999991,26.12000084,0.002168225,0.000304881,0.003723927,0.016760438,7.58e-05,-0.001572775,0.003980207199976018,0.013415884402435779,low_vol,high_vol,covid
2020-09-02,92.84999847,1934.400024,27.24900055,0.651000023,26.56999969,0.005507894,-0.017322181,0.00394917,0.016656169,-4.31e-05,-0.001248375,0.003928901910665577,0.012983153920014368,low_vol,high_vol,covid
2020-09-03,92.73999786,1927.599976,26.73500061,0.621999979,33.59999847,-0.001185415,-0.00352152,0.003741164,0.016225967,-5.39e-05,-0.000321131,0.0040006983475573505,0.013240842086734825,low_vol,high_vol,covid
2020-09-04,92.72000122,1923.900024,26.57600021,0.721000016,30.75,-0.000215644,-0.001921305,0.003740351,0.015973957,-0.000569985,-0.000554619,0.003935128970981588,0.0128468813732409,low_vol,high_vol,covid
2020-09-08,93.48000336,1933.0,26.86400032,0.684000015,31.45999908,0.008163333,0.004718812,0.003858324,0.015545935,0.000192741,0.000274564,0.003864030025961097,0.01245067546296989,low_vol,high_vol,covid
2020-09-09,93.26000214,1944.699951,26.95499992,0.703000009,28.80999947,-0.002356231,0.006034498,0.003876169,0.015517255,0.000257683,0.001706247,0.004109621117065176,0.012109314650748701,low_vol,high_vol,covid
2020-09-10,93.33999634,1954.199951,27.16300011,0.685000002,29.70999908,0.000857387,0.004873179,0.003879716,0.011740464,0.000354166,0.000693217,0.004061291659126573,0.011817502101474248,low_vol,high_vol,covid
2020-09-11,93.33000183,1937.800049,26.73900032,0.66900003,26.87000084,-0.000107082,-0.008427543,0.003855655,0.011899904,0.000343458,0.000839517,0.003989483622270601,0.011511837170950936,low_vol,high_vol,covid
2020-09-14,93.06999969,1953.099976,27.22900009,0.671000004,25.85000038,-0.002789724,0.007864507,0.003896305,0.011765261,0.000754961,-0.000587081,0.003916726494576903,0.011354898348815862,low_vol,high_vol,covid
2020-09-15,93.05000305,1956.300049,27.34600067,0.67900002,25.59000015,-0.000214879,0.001637118,0.003856343,0.011541652,0.000982786,-0.000575955,0.0038859536547063873,0.011166290600700362,low_vol,high_vol,covid
2020-09-16,93.20999908,1960.199951,27.35499954,0.686999977,26.04000092,0.001717986,0.001991525,0.003823936,0.010163946,0.000937762,-0.000407291,0.003816136746150421,0.010844226889430035,low_vol,high_vol,covid
2020-09-17,92.97000122,1940.0,26.98500061,0.684000015,26.45999908,-0.002578129,-0.010358511,0.003590429,0.010211223,0.00012916,0.000289076,0.0037614912737057023,0.010541018598000345,low_vol,high_vol,covid
2020-09-18,92.93000031,1952.099976,27.02799988,0.694000006,25.82999992,-0.000430349,0.006217731,0.003285351,0.009337677,0.000204667,0.001263001,0.0037304697116732873,0.010547398127851649,low_vol,high_vol,covid
2020-09-21,93.54000092,1901.199951,24.29899979,0.671000004,27.78000069,0.006542637,-0.026420464,0.003566787,0.010641845,0.000880495,-0.001186915,0.0036656263869616016,0.010348417496247726,low_vol,high_vol,covid
2020-09-22,93.98999786,1898.599976,24.44199944,0.663999975,26.86000061,0.004799209,-0.00136848,0.003557583,0.010638709,0.000544083,-0.001795644,0.003816053057283511,0.011880272337772002,low_vol,high_vol,covid
2020-09-23,94.38999939,1859.900024,23.01399994,0.675999999,28.57999992,0.004246758,-0.020594024,0.003656682,0.011468968,0.001204381,-0.004458496,0.0038594879841619425,0.011525058701399726,low_vol,high_vol,covid
2020-09-24,94.34999847,1868.300049,23.11800003,0.666000009,28.51000023,-0.000423873,0.004506217,0.003573506,0.011441753,0.001076255,-0.004495192,0.003876508370559098,0.012221673569744029,low_vol,high_vol,covid
2020-09-25,94.58000183,1857.699951,23.0170002,0.658999979,26.37999916,0.002434801,-0.005689815,0.003588666,0.010862303,0.001330444,-0.00422142,0.0038077526486834643,0.011887483092820814,low_vol,high_vol,covid
2020-09-28,94.26000214,1872.800049,23.52799988,0.662999988,26.19000053,-0.003389112,0.008095526,0.00370076,0.010924686,0.001270505,-0.004198318,0.003767903291300007,0.011610775049382783,low_vol,high_vol,covid
2020-09-29,93.88999939,1894.300049,24.37999916,0.644999981,26.27000046,-0.003933066,0.01141474,0.003446064,0.009989477,0.000898686,-0.003220556,0.0037617845410189334,0.011415554546361496,low_vol,high_vol,covid
2020-09-30,93.88999939,1887.5,23.43300056,0.676999986,26.37000084,0.0,-0.003596201,0.003369867,0.009968381,0.000726888,-0.003779328,0.0037764268242478976,0.0113893431809321,low_vol,high_vol,covid
2020-10-01,93.70999908,1908.400024,24.19300079,0.676999986,26.70000076,-0.00191898,0.011012005,0.003410495,0.010357282,0.000792802,-0.001642277,0.003709096705824025,0.011088479760341363,low_vol,high_vol,covid
2020-10-02,93.83999634,1900.199951,23.97100067,0.69599998,27.62999916,0.001386268,-0.004306089,0.003234088,0.009731727,0.000974464,-0.002694659,0.0036641199522939897,0.011064427812519192,low_vol,high_vol,covid
2020-10-05,93.51000214,1912.5,24.50200081,0.762000024,27.95999908,-0.00352276,0.006452169,0.003333856,0.009837598,-3.21e-05,0.000592605,0.0036088700239010466,0.01079580773656882,low_vol,high_vol,covid
2020-10-06,93.83000183,1901.099976,23.87000084,0.741999984,29.47999954,0.003416249,-0.005978634,0.003394319,0.009909078,-0.000170372,0.000131589,0.003614547138918727,0.010589975175763926,low_vol,high_vol,covid
2020-10-07,93.62999725,1883.599976,23.84799957,0.785000026,28.05999947,-0.002133838,-0.009247827,0.002957725,0.010004761,-0.000808431,0.001266209,0.0036109396456872143,0.010395658416753509,low_vol,high_vol,covid
2020-10-08,93.61000061,1888.599976,23.83699989,0.764999986,26.36000061,-0.000213594,0.002650974,0.002906121,0.009908658,-0.000787403,0.001080685,0.0035739210199683975,0.010352992945782475,low_vol,high_vol,covid
2020-10-09,93.05999756,1919.5,25.06900024,0.774999976,25.0,-0.005892802,0.016228935,0.003186998,0.010556461,-0.001620164,0.00327256,0.0035123752393014375,0.010082198083361398,low_vol,high_vol,covid
2020-10-12,93.06999969,1922.5,25.22599983,0.77700001,25.06999969,0.000107475,0.001561687,0.003187463,0.010422298,-0.001270505,0.002619176,0.0036427231919714726,0.010516538957071688,low_vol,high_vol,covid
2020-10-13,93.52999878,1888.5,24.08600044,0.726999998,26.06999969,0.004930332,-0.017843559,0.003308603,0.010904467,-0.000384165,-0.000306654,0.003578911258652921,0.010226104291953898,low_vol,high_vol,covid
2020-10-14,93.37999725,1901.300049,24.36400032,0.722000003,26.39999962,-0.001605067,0.006755025,0.003331876,0.01103686,-0.000544672,0.000728469,0.0036423058568902655,0.010828749479885033,low_vol,high_vol,covid
2020-10-15,93.86000061,1903.199951,24.19300079,0.731000006,26.96999931,0.005127157,0.000998766,0.003490425,0.011023914,0.000159942,-0.000272855,0.0035933884004325876,0.010631205664178571,low_vol,high_vol,covid
2020-10-16,93.68000031,1900.800049,24.36899948,0.744000018,27.40999985,-0.001919594,-0.001261778,0.003465854,0.010831557,-0.000170644,3.16e-05,0.0036660534335870216,0.010331813613220497,low_vol,high_vol,covid
2020-10-19,93.43000031,1906.400024,24.65699959,0.760999978,29.18000031,-0.002672226,0.002941784,0.003525504,0.010746084,-8.56e-05,-0.000319463,0.0036224684685178636,0.010051911174611522,low_vol,high_vol,covid
2020-10-20,93.06999969,1910.400024,24.93700027,0.796999991,29.35000038,-0.003860601,0.002095997,0.003322984,0.009059612,-0.000813276,0.000488,0.0035991644716716364,0.00980103790537,low_vol,high_vol,covid
2020-10-21,92.61000061,1924.599976,25.1970005,0.815999985,28.64999962,-0.004954761,0.007405484,0.003264597,0.009183682,-0.001095368,0.002153331,0.003618667215112545,0.009552088922313583,low_vol,high_vol,covid
2020-10-22,92.94999695,1901.099976,24.66500092,0.84799999,28.11000061,0.003664548,-0.012285488,0.003222651,0.008365315,-0.000707554,0.000659685,0.003688113061727782,0.009459986623484152,low_vol,high_vol,covid
2020-10-23,92.76999664,1902.0,24.62700081,0.841000021,27.54999924,-0.001938406,0.000473311,0.003232341,0.008328051,-0.000312114,-0.000915877,0.0036902861610629595,0.009683944182159055,low_vol,high_vol,covid
2020-10-26,93.05000305,1902.699951,24.37599945,0.800999999,32.45999908,0.00301374,0.00036794,0.003263665,0.008193988,-2.15e-05,-0.001035252,0.003646316015520294,0.00943092742332043,low_vol,low_vol,covid
2020-10-27,92.94000244,1908.800049,24.52599907,0.777999997,33.34999847,-0.001182866,0.003200894,0.003210438,0.008054668,-0.000632808,0.001069193,0.003628109436547622,0.009190925771332775,low_vol,low_vol,covid
2020-10-28,93.41000366,1876.199951,23.3239994,0.781000018,40.27999878,0.005044295,-0.017226369,0.003349135,0.00859325,3.21e-05,-0.001328946,0.0035730507773550856,0.008991147985443712,low_vol,low_vol,covid
2020-10-29,93.95999908,1865.599976,23.3390007,0.834999979,37.59000015,0.005870705,-0.005665725,0.003605716,0.008642772,0.000106483,-0.001995395,0.0036426560290889164,0.0097010195243575,low_vol,high_vol,covid
2020-10-30,94.04000092,1877.400024,23.61700058,0.860000014,38.02000046,0.000851083,0.00630515,0.003581227,0.00838497,0.000383551,-0.001238702,0.003753398374104834,0.009549702152084694,low_vol,high_vol,covid
2020-11-02,94.05000305,1890.400024,24.00600052,0.848999977,37.13000107,0.000106355,0.006900606,0.00357032,0.008505085,0.000661409,-0.00084282,0.0036897922642739676,0.009414331942415364,low_vol,low_vol,covid
2020-11-03,93.55000305,1908.5,24.30500031,0.882000029,35.54999924,-0.005330503,0.009529133,0.003682237,0.008651496,0.000514419,-9.95e-05,0.0036247300903207032,0.00931048805923596,low_vol,low_vol,covid
2020-11-04,93.41000366,1894.599976,23.86400032,0.768000007,29.56999969,-0.00149764,-0.007309872,0.003611093,0.00870146,0.000860131,-0.001571042,0.0037139212832854483,0.00934070489593167,low_vol,low_vol,covid
2020-11-05,92.52999878,1945.300049,25.17099953,0.776000023,27.57999992,-0.009465542,0.02640851,0.00412402,0.010191379,-0.000452878,0.002298358,0.0036610110542766887,0.0092790542354467,low_vol,low_vol,covid
2020-11-06,92.23000336,1950.300049,25.64599991,0.819999993,24.86000061,-0.003247409,0.002567,0.004164121,0.010190936,-0.000583778,0.002507727,0.00404916369133592,0.010971119009530642,low_vol,high_vol,covid
2020-11-09,92.73000336,1853.199951,23.68499947,0.958000004,25.75,0.005406587,-0.051069384,0.004190506,0.014852915,-0.000344493,-0.002636006,0.004027048908111627,0.010667826068874777,low_vol,high_vol,covid
2020-11-10,92.75,1875.400024,24.44599915,0.972000003,24.79999924,0.00021562,0.011908135,0.004190929,0.01513454,-0.000204645,-0.001765281,0.0040878875022874695,0.015978430498487194,low_vol,high_vol,covid
2020-11-11,93.04000092,1860.699951,24.25099945,0.958000004,23.45000076,0.003121817,-0.007869248,0.004098575,0.014736763,-0.000396893,-0.000829569,0.004012541698729928,0.015678002538703308,low_vol,high_vol,covid
2020-11-12,92.95999908,1872.599976,24.29000092,0.88499999,25.35000038,-0.000860235,0.006375092,0.004089476,0.014727375,-0.001069987,0.000374512,0.003983745885465666,0.015265441429286444,low_vol,high_vol,covid
2020-11-13,92.76000214,1885.699951,24.75900078,0.893000007,23.10000038,-0.002153748,0.006971252,0.003919036,0.014819692,-0.00137047,0.000441122,0.0039151941962011225,0.014821657177744592,low_vol,high_vol,covid
2020-11-16,92.56999969,1887.300049,24.7859993,0.906000018,22.45000076,-0.002050424,0.000848183,0.003921407,0.014820993,-0.001586148,-0.00016412,0.0038686104783000586,0.014414610249389758,low_vol,high_vol,covid
2020-11-17,92.41999817,1884.5,24.63500023,0.871999979,22.70999908,-0.001621726,-0.001484728,0.003899858,0.014803461,-0.00121527,-0.001265506,0.003821295722837962,0.013937564372175866,low_vol,high_vol,covid
2020-11-18,92.31999969,1873.5,24.43300056,0.882000029,23.84000015,-0.001082586,-0.005854194,0.00382723,0.014834031,-0.001173765,-0.001119938,0.0037672477319489394,0.013487278475041529,low_vol,high_vol,covid
2020-11-19,92.29000092,1861.099976,24.03300095,0.853999972,23.11000061,-0.000324996,-0.006640642,0.003681417,0.014755914,-0.00025971,-0.004424853,0.003706961369604615,0.0131306853756251,low_vol,high_vol,covid
2020-11-20,92.38999939,1872.599976,24.34799957,0.828999996,23.70000076,0.001082938,0.006160129,0.003589095,0.014636412,0.000173325,-0.004065541,0.0036422544282536957,0.01281485246291582,low_vol,high_vol,covid
2020-11-23,92.51000214,1837.800049,23.62400055,0.856999993,22.65999985,0.001298029,-0.018758596,0.003584155,0.015150698,-0.000237531,-0.000834462,0.0035838933119901,0.012489118822679645,low_vol,high_vol,covid
2020-11-24,92.23000336,1804.800049,23.29199982,0.882000029,21.63999939,-0.003031276,-0.018119421,0.003561415,0.015560076,-0.000562221,-0.003837217,0.003529774687262654,0.012909149985697352,low_vol,high_vol,covid
2020-11-25,91.98999786,1805.699951,23.3560009,0.878000021,21.25,-0.002605641,0.000498492,0.003590041,0.015521564,-0.001134967,-0.003000443,0.0035213339230161554,0.013234742389895676,low_vol,high_vol,covid
2020-11-27,91.79000092,1781.900024,22.5529995,0.842000008,20.84000015,-0.002176483,-0.013268077,0.003372771,0.015358807,-0.001266591,-0.00496476,0.0034999026437935125,0.012810434380375739,low_vol,high_vol,covid
2020-11-30,91.87000275,1775.699951,22.5340004,0.843999982,20.56999969,0.000871195,-0.003485541,0.003035499,0.015343384,-0.000964097,-0.006010439,0.003467713935798014,0.012811398422129718,low_vol,high_vol,covid
2020-12-01,91.30999756,1814.099976,24.03300095,0.934000015,20.77000046,-0.00611428,0.02139478,0.003191494,0.016103577,-0.001370483,-0.00395578,0.003412167908109722,0.012437596395769985,low_vol,high_vol,covid
2020-12-02,91.12000275,1825.699951,24.02499962,0.948000014,21.17000008,-0.002082935,0.006373985,0.003175446,0.016090027,-0.001416604,-0.003169909,0.0035648553555807506,0.013052940080454932,low_vol,high_vol,covid
2020-12-03,90.70999908,1836.800049,24.08699989,0.920000017,21.28000069,-0.004509755,0.006061505,0.003130772,0.015986938,-0.00175932,-0.001978339,0.003528203519051179,0.012720520929746513,low_vol,high_vol,covid
2020-12-04,90.69999695,1835.900024,24.20299911,0.968999982,20.79000092,-0.000110271,-0.000490116,0.003144723,0.015939112,-0.001737848,-0.001363286,0.003580678873302698,0.012397099086382223,low_vol,high_vol,covid
2020-12-07,90.79000092,1861.800049,24.74099922,0.927999973,21.29999924,0.000991834,0.01400895,0.00258154,0.015058982,-0.001746958,-0.000578404,0.0035186918138006796,0.012012560139836388,low_vol,high_vol,covid
2020-12-08,90.97000122,1870.800049,24.68400002,0.912999988,20.68000031,0.001980638,0.004822385,0.002596295,0.015101832,-0.001678697,0.001779694,0.0034628595119486827,0.012094440847820893,low_vol,high_vol,covid
2020-12-09,91.08999634,1834.599976,23.93000031,0.940999985,22.27000046,0.001318193,-0.019539712,0.002249103,0.010983293,-0.001243751,0.001637665,0.003424199102866409,0.011773376162858314,low_vol,high_vol,covid
2020-12-10,90.79000092,1833.599976,24.03100014,0.907999992,22.52000046,-0.003298831,-0.000545227,0.002296131,0.010610842,-0.001313069,0.001533293,0.003375043780509272,0.012341310738285125,low_vol,high_vol,covid
2020-12-11,90.98000336,1839.800049,24.03199959,0.893000007,23.30999947,0.002090582,0.003375662,0.0022127,0.010534201,-0.000886363,0.003197667,0.0033828858422558046,0.011959578340993603,low_vol,high_vol,covid
2020-12-14,90.70999908,1828.699951,23.98500061,0.89200002,24.71999931,-0.002972145,-0.006051591,0.002250542,0.010475318,-0.001270697,0.002941062,0.0033493288179262887,0.011618379479329421,low_vol,high_vol,covid
2020-12-15,90.47000122,1852.300049,24.58099937,0.922999978,22.88999939,-0.002649277,0.012822831,0.002263965,0.010775115,-0.000924197,0.002083867,0.0033464701735824408,0.011367307931706155,low_vol,high_vol,covid
2020-12-16,90.44999695,1856.099976,24.98500061,0.920000017,22.5,-0.000221139,0.002049363,0.00226441,0.010787767,-0.000738017,0.001651405,0.0033331337121031003,0.011427323185818856,low_vol,high_vol,covid
2020-12-17,89.81999969,1887.199951,26.10000038,0.930000007,21.93000031,-0.006989514,0.016616724,0.002603444,0.011433644,-0.000985993,0.002706927,0.0032781746426438813,0.011095914454201296,low_vol,high_vol,covid
2020-12-18,90.01999664,1885.699951,25.9489994,0.948000014,21.56999969,0.002224166,-0.000795144,0.00271845,0.011355651,-0.000752549,0.002676424,0.0035059772158686875,0.011451302576076025,low_vol,high_vol,covid
2020-12-21,90.04000092,1879.199951,26.27799988,0.940999985,25.15999985,0.000222196,-0.00345295,0.002729869,0.011279155,-0.000829513,0.000930234,0.0034713328525217847,0.011112985775661046,low_vol,high_vol,covid
2020-12-22,90.65000153,1866.599976,25.43400002,0.917999983,24.22999954,0.006751928,-0.006727547,0.003203552,0.011304135,-0.000352384,-0.000224759,0.003412240536771037,0.010823596594219791,low_vol,high_vol,covid
2020-12-23,90.41000366,1874.699951,25.8239994,0.954999983,23.30999947,-0.002651033,0.00433004,0.003183588,0.010498109,-0.000749307,0.002162216,0.0035988700726720833,0.010641627975305136,low_vol,high_vol,covid
2020-12-24,90.33000183,1879.900024,25.81100082,0.927999973,21.53000069,-0.00088527,0.002769976,0.003152565,0.00954787,-0.000507951,0.002493736,0.0035758366796813878,0.010385728073517961,low_vol,high_vol,covid
2020-12-28,90.33999634,1877.199951,26.45999908,0.933000028,21.70000076,0.000110638,-0.001437318,0.003138708,0.009571812,-0.000705945,0.002012438,0.0035187433774893358,0.010114887744213312,low_vol,high_vol,covid
2020-12-29,90.01000214,1879.699951,26.13800049,0.935000002,23.07999992,-0.003659491,0.001330885,0.003186091,0.008927428,-0.00077468,0.002750686,0.0034582515829882443,0.009847608265416854,low_vol,high_vol,covid
2020-12-30,89.62999725,1891.0,26.48800087,0.925999999,22.77000046,-0.004230744,0.005993626,0.003235808,0.008846576,-0.000932826,0.002067765,0.003476360113267033,0.009589568605009353,low_vol,high_vol,covid
2020-12-31,89.94000244,1893.099976,26.33200073,0.916999996,22.75,0.003452754,0.001109894,0.00317867,0.007780349,-0.000565437,0.001973819,0.0035184805783013773,0.009440712893976307,low_vol,low_vol,covid
2021-01-04,89.87999725,1944.699951,27.2840004,0.916999996,26.96999931,-0.000667392,0.026892014,0.003163291,0.009460144,6.68e-05,0.003001348,0.003520355464170098,0.009202514929044872,low_vol,low_vol,covid
2021-01-05,89.44000244,1952.699951,27.57099915,0.954999983,25.34000015,-0.00490738,0.004105307,0.003188623,0.009438167,-0.000646379,0.003491393,0.0034628027269201322,0.010977011085091502,low_vol,high_vol,covid
2021-01-06,89.52999878,1906.900024,26.97299957,1.042000055,25.06999969,0.001005714,-0.023734106,0.003207685,0.011077844,-0.000568028,0.001463277,0.003539574724854613,0.010698566723799678,low_vol,high_vol,covid
2021-01-07,89.83000183,1912.300049,27.20000076,1.07099998,22.37000084,0.003345265,0.002827832,0.003306345,0.010725136,-0.000908694,0.002418815,0.003483294129131422,0.011845134516300085,low_vol,high_vol,covid
2021-01-08,90.09999847,1834.099976,24.58200073,1.105000019,21.55999947,0.003001132,-0.041752847,0.003351908,0.014205688,-0.000343477,-0.002189474,0.003482824835336532,0.011501894348198951,low_vol,high_vol,covid
2021-01-11,90.54000092,1849.599976,25.23900032,1.131999969,24.07999992,0.004871604,0.008415502,0.003530945,0.013675865,0.00023221,-0.001624921,0.003470691409655506,0.014951674062508786,low_vol,high_vol,covid
2021-01-12,90.05000305,1842.900024,25.38400078,1.138000011,23.32999992,-0.005426647,-0.003628955,0.00365017,0.013702913,-0.000321518,-0.001844085,0.003537684242958135,0.014579717530880545,low_vol,high_vol,covid
2021-01-13,90.31999969,1853.599976,25.52000046,1.088000059,22.20999908,0.002993811,0.00578925,0.003686003,0.013740591,0.000343812,-0.001398248,0.0036382461190535725,0.014124151041872595,low_vol,high_vol,covid
2021-01-14,90.23999786,1850.300049,25.74600029,1.128999949,23.25,-0.000886152,-0.001781866,0.003639527,0.01367246,0.000678271,-0.002175798,0.0036197390966488767,0.013722821848577801,low_vol,high_vol,covid
2021-01-15,90.77999878,1829.300049,24.82500076,1.097000003,24.34000015,0.00596622,-0.011414408,0.003835545,0.013608304,0.000929618,-0.003428228,0.0035614223882159163,0.013284677255390637,low_vol,high_vol,covid
2021-01-19,90.5,1839.5,25.27899933,1.092000008,23.23999977,-0.003089133,0.005560389,0.003900414,0.013663871,0.000687443,-0.00556139,0.003683861773599173,0.013150797568441895,low_vol,high_vol,covid
2021-01-20,90.47000122,1865.900024,25.73399925,1.090000033,21.57999992,-0.000331533,0.014249728,0.003557105,0.0135253,0.001145028,-0.004546948,0.0036710449461559696,0.012792780643265302,low_vol,high_vol,covid
2021-01-21,90.12999725,1865.300049,25.8220005,1.108999968,21.31999969,-0.003765275,-0.000321599,0.003637961,0.013525249,0.000667929,-0.002205698,0.00360732504524241,0.012826813986160611,low_vol,high_vol,covid
2021-01-22,90.23999786,1855.699951,25.52400017,1.090999961,21.90999985,0.001219722,-0.005159967,0.003646711,0.013548879,0.000455375,-0.003004477,0.0036225443881040538,0.01242178851140556,low_vol,high_vol,covid
2021-01-25,90.38999939,1854.900024,25.45499992,1.039999962,23.19000053,0.001660871,-0.000431158,0.003339024,0.013475954,0.000321349,0.001127691,0.00356631510683517,0.01210247934332338,low_vol,high_vol,covid
2021-01-26,90.16999817,1850.699951,25.52899933,1.039999962,23.02000046,-0.002436878,-0.00226688,0.003331279,0.013439482,-0.000409499,5.95e-05,0.0035182395627204404,0.011731592860090442,low_vol,high_vol,covid
2021-01-27,90.65000153,1844.900024,25.37599945,1.014000058,37.20999908,0.005309197,-0.003138831,0.003529116,0.01342695,0.000664085,0.000108466,0.0034921638261707754,0.011392588493077966,low_vol,high_vol,covid
2021-01-28,90.45999908,1837.900024,25.9090004,1.057000041,30.20999908,-0.0020982,-0.00380146,0.003563671,0.013441628,0.000154884,-0.000850605,0.0035812473063966204,0.01108322336651313,low_vol,high_vol,covid
2021-01-29,90.58000183,1847.300049,26.89999962,1.093000054,33.09000015,0.001325704,0.005101511,0.003468047,0.013499486,0.000376069,-0.000162267,0.0035443975577732325,0.010802365334472867,low_vol,high_vol,covid
2021-02-01,91.01999664,1860.800049,29.39800072,1.077000022,30.23999977,0.004845767,0.007281389,0.003440562,0.013534901,0.000264024,0.001707312,0.003491801636223182,0.010556327925625018,low_vol,high_vol,covid
2021-02-02,91.19999695,1830.5,26.38400078,1.105000019,25.55999947,0.001975638,-0.016417375,0.003396999,0.01394752,0.000770501,-0.000490464,0.0035561719815789083,0.010394394329787471,low_vol,high_vol,covid
2021-02-03,91.12000275,1832.199951,26.87800026,1.131000042,22.90999985,-0.000877514,0.00092825,0.003401418,0.012355358,0.000715903,-0.001822612,0.0035143676677981185,0.010848250850772173,low_vol,high_vol,covid
2021-02-04,91.52999878,1788.900024,26.22299957,1.139000058,21.77000046,0.004489425,-0.023916484,0.003248064,0.013061048,0.001541373,-0.0041821,0.003458929660640623,0.010537859663075484,low_vol,high_vol,covid
2021-02-05,91.04000092,1810.900024,27.01399994,1.169999957,20.87000084,-0.005367794,0.012223053,0.003541799,0.012720798,0.000882622,-0.002443798,0.0035075928531838607,0.011732351672087192,low_vol,high_vol,covid
2021-02-08,90.93000031,1831.900024,27.56999969,1.159999967,21.23999977,-0.001208997,0.01152972,0.003517274,0.013039392,0.000595635,-0.001247711,0.0036068830625802678,0.011727883608598172,low_vol,high_vol,covid
2021-02-09,90.44000244,1835.300049,27.39599991,1.156999946,21.62999916,-0.005403309,0.00185429,0.003701295,0.009350102,0.000298992,-0.000835594,0.00355279357363053,0.011684978980850587,low_vol,high_vol,covid
2021-02-10,90.37000275,1840.599976,27.0739994,1.133000016,21.98999977,-0.00077429,0.00288361,0.00354518,0.009178426,-0.000309357,-0.00023335,0.003650965514149735,0.011339387855067141,low_vol,high_vol,covid
2021-02-11,90.41999817,1824.900024,27.04199982,1.157999992,21.25,0.000553077,-0.008566388,0.003328596,0.009331745,-4.42e-05,-0.000709842,0.0035907087451359566,0.011021801519473486,low_vol,high_vol,covid
2021-02-12,90.48000336,1821.599976,27.32299995,1.200000048,19.96999931,0.000663407,-0.001809982,0.003268942,0.009223709,-0.000110459,-0.001400992,0.0035295327325190395,0.01090279603571417,low_vol,high_vol,covid
2021-02-16,90.51000214,1797.199951,27.31900024,1.299000025,21.45999908,0.000331497,-0.013485351,0.003261659,0.009628819,-0.000561886,-0.003477666,0.0034706695107266433,0.010599441121557472,low_vol,high_vol,covid
2021-02-17,90.94999695,1771.099976,27.31399918,1.300999999,21.5,0.004849506,-0.014629062,0.003169769,0.00981987,-0.000274499,-0.003298834,0.0034118467925420017,0.010800846245689399,low_vol,high_vol,covid
2021-02-18,90.58999634,1773.400024,27.07699966,1.286999941,22.48999977,-0.00396608,0.001297813,0.003219126,0.009709203,-0.000583356,-0.003261878,0.0034813558384537853,0.011066865478268642,low_vol,high_vol,covid
2021-02-19,90.36000061,1775.800049,27.25200081,1.345000029,22.04999924,-0.002542093,0.001352431,0.003267907,0.009031266,-0.001286508,-0.000734987,0.0035112672732760157,0.010747478347098627,low_vol,high_vol,covid
2021-02-22,90.01000214,1806.699951,28.08300018,1.370000005,23.45000076,-0.003880899,0.017250897,0.003274556,0.009992222,-0.001137818,-0.000232202,0.0034883849247061833,0.010444134209597522,low_vol,high_vol,covid
2021-02-23,90.16999817,1804.400024,27.68600082,1.361999989,23.11000061,0.001775958,-0.00127381,0.003287677,0.009957365,-0.000839323,-0.001512555,0.0035142516750367244,0.010925015559333,low_vol,high_vol,covid
2021-02-24,90.18000031,1796.400024,27.85700035,1.389000058,21.34000015,0.000110919,-0.004443464,0.003264976,0.009977629,-0.0002879,-0.002142331,0.0034698555310860796,0.010615528812127356,low_vol,high_vol,covid
2021-02-25,90.12999725,1774.400024,27.63699913,1.518000007,28.88999939,-0.000554634,-0.012322324,0.003223498,0.010252459,-0.000265934,-0.003662924,0.0034106838997730736,0.010374571310607188,low_vol,high_vol,covid
2021-02-26,90.93000031,1728.099976,26.40200043,1.460000038,27.95000076,0.008836941,-0.026439826,0.003586637,0.011558951,0.000562452,-0.005450268,0.003355325263826394,0.010515965732277269,low_vol,high_vol,covid
2021-03-01,91.04000092,1722.5,26.64699936,1.44599998,23.35000038,0.001208997,-0.003245801,0.003555603,0.011557936,0.000617011,-0.00559385,0.003716027393678824,0.012017806623526101,low_vol,high_vol,covid
2021-03-02,90.79000092,1733.099976,26.85000038,1.414999962,24.10000038,-0.002749823,0.006134974,0.003607908,0.011596685,0.000308879,-0.003631817,0.0036570135886631917,0.011678941186191309,low_vol,high_vol,covid
2021-03-03,90.94999695,1715.300049,26.35700035,1.470000029,26.67000008,0.001760714,-0.010323677,0.003465443,0.01144873,1.05e-17,-0.003201279,0.003634679850991472,0.011413307764406173,low_vol,high_vol,covid
2021-03-04,91.62999725,1700.199951,25.43400002,1.549999952,28.56999969,0.007448828,-0.008842158,0.003812757,0.011149279,0.001141491,-0.004215276,0.0035862614301244177,0.011353153379583272,low_vol,high_vol,covid
2021-03-05,91.98000336,1698.0,25.25699997,1.55400002,24.65999985,0.0038125,-0.001294775,0.003881745,0.011115472,0.00177695,-0.004479997,0.0038064865306207275,0.011224773542359852,low_vol,high_vol,covid
2021-03-08,92.30999756,1677.699951,25.23999977,1.595999956,25.46999931,0.003581253,-0.012027309,0.003839288,0.01030323,0.002523165,-0.007407817,0.0038089278654418503,0.010900710132470333,low_vol,high_vol,covid
2021-03-09,91.95999908,1716.599976,26.14800072,1.546000004,24.03000069,-0.003798762,0.022921797,0.003735202,0.011311671,0.001965693,-0.004988256,0.003802881050073396,0.010977845575569335,low_vol,high_vol,covid
2021-03-10,91.79000092,1721.5,26.10199928,1.519999981,22.55999947,-0.001850321,0.002850428,0.003752275,0.010923544,0.001769569,-0.004258867,0.003810312740817384,0.011940391348523514,low_vol,high_vol,covid
2021-03-11,91.41999817,1722.300049,26.16200066,1.52699995,21.90999985,-0.004039116,0.000464631,0.00365649,0.010897099,0.001421121,-0.002980172,0.0037607733746121887,0.011592794696631499,low_vol,high_vol,covid
2021-03-12,91.68000031,1719.5,25.87999916,1.63499999,20.69000053,0.002840003,-0.001627084,0.003677857,0.010818963,0.000821427,-0.000498897,0.0037797958752510243,0.011245189675795715,low_vol,high_vol,covid
2021-03-15,91.83000183,1728.900024,26.25300026,1.606999993,20.03000069,0.001634805,0.005451831,0.003683483,0.010906061,0.000864008,0.000370866,0.0037514497840080833,0.010923015857981118,low_vol,high_vol,covid
2021-03-16,91.87000275,1730.599976,25.97400093,1.621000051,19.79000092,0.000435503,0.000982773,0.003684045,0.010932829,0.001182541,-0.000144354,0.0036973641353361276,0.010679692033916261,low_vol,high_vol,covid
2021-03-17,91.40000153,1726.800049,26.03000069,1.641000032,19.22999954,-0.005129069,-0.002198142,0.003899679,0.010636105,0.000493562,0.000668199,0.0036327926910393925,0.010377830711899625,low_vol,high_vol,covid
2021-03-18,91.84999847,1732.199951,26.32099915,1.730000019,21.57999992,0.0049113,0.003122236,0.003903174,0.010273326,0.00023981,0.001864639,0.0037105172240763495,0.010105799906652063,low_vol,high_vol,covid
2021-03-19,91.91999817,1741.400024,26.29199982,1.731999993,20.95000076,0.000761819,0.005297153,0.003768605,0.01035591,-6.53e-05,0.002523831,0.0037652110666860678,0.009854974367347134,low_vol,high_vol,covid
2021-03-22,91.80000305,1737.800049,25.74099922,1.684000015,18.87999916,-0.001306283,-0.002069428,0.003724941,0.010346156,-0.000554012,0.003519619,0.0037006087369481472,0.009667964341472863,low_vol,high_vol,covid
2021-03-23,92.33999634,1724.699951,25.20000076,1.638000011,20.29999924,0.005865047,-0.00756688,0.003725875,0.009539566,0.000412369,0.000470752,0.003645156821243215,0.009431331776778053,low_vol,low_vol,covid
2021-03-24,92.52999878,1732.900024,25.20100021,1.613999963,21.20000076,0.002055526,0.004743226,0.00372847,0.009658767,0.000802953,0.000660032,0.003755387211427038,0.009375159404931969,low_vol,low_vol,covid
2021-03-25,92.87999725,1724.900024,25.02199936,1.613999963,19.80999947,0.003775405,-0.004627228,0.003759089,0.009661245,0.001584405,0.000150846,0.0037088517409656985,0.009200489388677893,low_vol,low_vol,covid
2021-03-26,92.76999664,1732.199951,25.09199905,1.659999967,18.86000061,-0.001185032,0.004223157,0.003777988,0.009443922,0.001181902,0.00073587,0.0037142564048101376,0.009046065857806162,low_vol,low_vol,covid
2021-03-29,92.94000244,1712.099976,24.74699974,1.720999956,20.73999977,0.001830874,-0.011671576,0.0033738,0.007887913,0.001201509,-0.000976471,0.0036567477549672074,0.008876992583822393,low_vol,low_vol,covid
2021-03-30,93.30000305,1683.900024,24.12100029,1.725999951,19.61000061,0.003865991,-0.016608127,0.003429766,0.00862942,0.001544558,-0.002735561,0.003608928194068415,0.0091138726508702,low_vol,low_vol,covid
2021-03-31,93.23000336,1713.800049,24.5170002,1.746000051,19.39999962,-0.000750546,0.01760061,0.003342218,0.009433901,0.00198241,-0.000755686,0.003622465577775386,0.009745288584302647,low_vol,high_vol,covid
2021-04-01,92.93000031,1726.5,24.93499947,1.67900002,17.32999992,-0.003223069,0.007383082,0.003479235,0.009305526,0.001168973,-0.000329601,0.0035627858672942158,0.01034409294512204,low_vol,high_vol,covid
2021-04-05,92.59999847,1727.0,24.76300049,1.720000029,17.90999985,-0.0035574,0.000289561,0.00328693,0.009066767,0.000737051,-0.00083036,0.0035595456819256647,0.010199393289643031,low_vol,high_vol,covid
2021-04-06,92.33999634,1741.5,25.21199989,1.656000018,18.12000084,-0.002811748,0.008361012,0.003271107,0.009201992,0.000586505,0.000212684,0.0035687991439229327,0.009919944439144646,low_vol,high_vol,covid
2021-04-07,92.45999908,1740.099976,25.2329998,1.652999997,17.15999985,0.001298731,-0.000804242,0.003189555,0.008707722,0.000129873,0.000888947,0.0035517236999148744,0.00984526729254297,low_vol,high_vol,covid
2021-04-08,92.05999756,1756.800049,25.56900024,1.631999969,16.95000076,-0.004335597,0.009551431,0.003224138,0.007484312,-0.000509239,0.001369768,0.003498549333609771,0.009586906880393719,low_vol,high_vol,covid
2021-04-09,92.16000366,1743.300049,25.31100082,1.666000009,16.69000053,0.001085725,-0.007714103,0.003201109,0.007712512,-0.000778207,0.00106108,0.0035443544307715985,0.009596704603776447,low_vol,high_vol,covid
2021-04-12,92.13999939,1731.199951,24.85300064,1.674999952,16.90999985,-0.000217084,-0.006965115,0.003053807,0.007887425,-0.000681412,-5.77e-05,0.00348879008954071,0.00953573262524276,low_vol,high_vol,covid
2021-04-13,91.84999847,1746.199951,25.41699982,1.623000026,16.64999962,-0.003152358,0.008627189,0.00309155,0.008080748,-0.001179735,0.00197213,0.0034295557049797425,0.009445406193204123,low_vol,low_vol,covid
2021-04-14,91.69000244,1734.900024,25.51499939,1.638000011,16.98999977,-0.001743446,-0.006492182,0.003094941,0.008152086,-0.001740679,0.002983724,0.0034295656159427177,0.009417475882102589,low_vol,low_vol,covid
2021-04-15,91.66999817,1765.400024,25.95599937,1.529999971,16.56999969,-0.000218197,0.017427519,0.003092861,0.008982146,-0.001687444,0.002966415,0.003389988994447368,0.009315350862585612,low_vol,low_vol,covid
2021-04-16,91.55999756,1779.0,26.09900093,1.572999954,16.25,-0.001200684,0.007674101,0.002885573,0.009067191,-0.001485206,0.002995517,0.0033334546105168675,0.009954646436798671,low_vol,high_vol,covid
2021-04-19,91.06999969,1769.400024,25.83099937,1.600999951,17.29000092,-0.00536603,-0.005410889,0.002897294,0.009177538,-0.001666069,0.002425472,0.003287355460735227,0.009847076718332085,low_vol,high_vol,covid
2021-04-20,91.23999786,1777.300049,25.83499908,1.562000036,18.68000031,0.001864936,0.004454866,0.00292935,0.009159696,-0.0011984,0.002034858,0.003402603960978697,0.00967826047490128,low_vol,high_vol,covid
2021-04-21,91.16000366,1792.300049,26.56500053,1.56400001,17.5,-0.000877129,0.008404352,0.002923864,0.009270309,-0.001415986,0.002955717,0.0033635118512140155,0.009478468740979464,low_vol,high_vol,covid
2021-04-22,91.33000183,1781.199951,26.17399979,1.55400002,18.70999908,0.001863096,-0.006212471,0.002613645,0.009208797,-0.000796117,0.001379327,0.0033123859169234397,0.009437116530027889,low_vol,low_vol,covid
2021-04-23,90.86000061,1777.0,26.07699966,1.567000031,17.32999992,-0.005159474,-0.002360718,0.002729301,0.009215528,-0.001420637,0.001914665,0.003276217091974753,0.009322602832921691,low_vol,low_vol,covid
2021-04-26,90.80999756,1779.199951,26.21100044,1.570000052,17.63999939,-0.000550482,0.001237248,0.00251631,0.009118567,-0.001453977,0.002734902,0.0033799381149007927,0.009108914309944281,low_vol,low_vol,covid
2021-04-27,90.91000366,1778.0,26.41200066,1.621999979,17.55999947,0.001100662,-0.000674661,0.002560284,0.009107417,-0.001028675,0.001804717,0.0033254087927527347,0.008889046898495801,low_vol,low_vol,covid
2021-04-28,90.61000061,1773.199951,26.08099937,1.620000005,17.28000069,-0.003305457,-0.002703341,0.002524989,0.008671399,-0.001184876,0.002183601,0.0032763372441101907,0.008680367818650862,low_vol,low_vol,covid
2021-04-29,90.61000061,1768.099976,26.0529995,1.639999986,17.61000061,0.0,-0.002880286,0.002263909,0.007686062,-0.001163056,0.00015282,0.0032890344343502937,0.008508792420897091,low_vol,low_vol,covid
2021-04-30,91.27999878,1767.300049,25.85300064,1.631000042,18.61000061,0.007367103,-0.000452524,0.00296392,0.006856772,-0.000306278,-0.000659842,0.003234826413800113,0.008350785726112357,low_vol,low_vol,covid
2021-05-03,90.94999695,1791.400024,26.94300079,1.606999993,18.30999947,-0.003621821,0.013544465,0.002980063,0.007243629,-0.000131857,0.001235693,0.0034858583827593963,0.008170570978875505,low_vol,low_vol,covid
2021-05-04,91.29000092,1775.800049,26.53899956,1.592000008,19.47999954,0.003731391,-0.008746398,0.003092765,0.007595021,5.48e-05,-8.44e-05,0.003501110907878362,0.008599264269746765,low_vol,low_vol,covid
2021-05-05,91.30999756,1784.099976,26.50200081,1.583999991,19.14999962,0.000219021,0.00466302,0.003058767,0.007465543,0.000164404,-0.000458567,0.003514393216521989,0.00866881494133519,low_vol,low_vol,covid
2021-05-06,90.94999695,1815.5,27.46199989,1.56099999,18.38999939,-0.003950412,0.017446839,0.00311545,0.008247917,-0.000416947,0.001907364,0.003454131341531362,0.00853445055631635,low_vol,low_vol,covid
2021-05-07,90.23000336,1831.099976,27.46199989,1.577000022,16.69000053,-0.007947868,0.008555954,0.003407386,0.008205216,-0.000695786,0.002999032,0.0034847703014156467,0.009287521190166096,low_vol,low_vol,covid
2021-05-10,90.20999908,1837.5,27.47900009,1.601999998,19.65999985,-0.000221728,0.003489086,0.003380047,0.007902544,-0.000662911,0.003224215,0.003765342224155277,0.009267693284955456,low_vol,low_vol,covid
2021-05-11,90.13999939,1835.900024,27.65699959,1.623999953,21.84000015,-0.000776265,-0.000871114,0.003375619,0.007645059,-0.000850604,0.00320457,0.003698717187507195,0.009069205941696164,low_vol,low_vol,covid
2021-05-12,90.70999908,1822.599976,27.2310009,1.695000052,27.59000015,0.006303584,-0.007270798,0.003695937,0.007823832,0.000110301,0.002747824,0.003637162704033965,0.008852068824653905,low_vol,low_vol,covid
2021-05-13,90.75,1823.800049,27.04400063,1.667999983,23.12999916,0.000440879,0.000658224,0.003692727,0.007585959,0.000154388,0.003101675,0.003774642299452515,0.008823669731998194,low_vol,low_vol,covid
2021-05-14,90.31999969,1837.900024,27.35300064,1.63499999,18.80999947,-0.004749557,0.007701365,0.003806642,0.006885902,-0.001057278,0.003917064,0.0037080378731700905,0.008616485819613636,low_vol,low_vol,covid
2021-05-17,90.22000122,1867.5,28.26000023,1.639999986,19.71999931,-0.001107771,0.015977009,0.003806093,0.007448417,-0.000805873,0.004160319,0.0037618511189181835,0.008604340476860973,low_vol,low_vol,covid
2021-05-18,89.75,1867.800049,28.31399918,1.64199996,21.34000015,-0.005223118,0.000160656,0.003797455,0.007256331,-0.001701324,0.005051024,0.0037020181698493864,0.009200069724515378,low_vol,low_vol,covid
2021-05-19,90.19000244,1881.300049,28.00799942,1.682999969,22.18000031,0.004890556,0.007201759,0.003953632,0.007316381,-0.00123417,0.005304898,0.0037803528412290303,0.008972160744617244,low_vol,low_vol,covid
2021-05-20,89.80999756,1881.800049,28.05200005,1.633999944,20.67000008,-0.004222283,0.000265738,0.004033993,0.007214397,-0.001261357,0.003586788,0.003830075583145191,0.008911066062872522,low_vol,low_vol,covid
2021-05-21,90.01999664,1876.699951,27.47299957,1.631999969,20.14999962,0.00233553,-0.002713902,0.004050347,0.007045927,-0.000233017,0.002459802,0.0038533750796779648,0.008698567651200506,low_vol,low_vol,covid
2021-05-24,89.83000183,1884.599976,27.88699913,1.60800004,18.39999962,-0.002112815,0.004200695,0.003935099,0.006965226,-0.000422126,0.002530963,0.0038097073346843448,0.008526146282080453,low_vol,low_vol,covid
2021-05-25,89.63999939,1898.099976,28.03700066,1.56400001,18.84000015,-0.002117374,0.007137789,0.003950076,0.00701787,-0.000556237,0.003331854,0.0037656323498126295,0.008387645231508352,low_vol,low_vol,covid
2021-05-26,90.04000092,1901.300049,27.85300064,1.574000001,17.36000061,0.004452384,0.001684515,0.004088269,0.006973495,-0.000741357,0.004227385,0.0037230954864855776,0.008365710687423701,low_vol,low_vol,covid
2021-05-27,89.97000122,1895.699951,27.91900063,1.610000014,16.73999977,-0.000777731,-0.002949751,0.00403713,0.006984112,-0.000863218,0.003866587,0.0037556909150557143,0.008190350806129634,low_vol,low_vol,covid
2021-05-28,90.02999878,1902.5,27.99300003,1.58099997,16.76000023,0.00066664,0.003580673,0.004042534,0.006844663,-0.000321598,0.003454518,0.003692588404434528,0.008052863394962246,low_vol,low_vol,covid
2021-06-01,89.83000183,1902.900024,28.08300018,1.61500001,17.89999962,-0.002223919,0.00021024,0.003655592,0.006827087,-0.000433213,0.001877841,0.003629309109696741,0.007927805045352525,low_vol,low_vol,covid
2021-06-02,89.90000153,1907.5,28.18600082,1.590999961,17.47999954,0.000778943,0.002414433,0.00360933,0.006430483,0.000166993,0.002103219,0.0035938169683813253,0.007769979693951744,low_vol,low_vol,covid
2021-06-03,90.5,1871.199951,27.45999908,1.625,18.04000092,0.006651892,-0.019213574,0.003832057,0.007671593,0.000343127,-0.000538314,0.003534005272821976,0.007638908011056347,low_vol,low_vol,covid
2021-06-04,90.13999939,1889.800049,27.87899971,1.559999943,16.42000008,-0.00398584,0.009891119,0.003906467,0.007828794,0.000366771,0.000424224,0.003702738051403079,0.008801126514951312,low_vol,low_vol,covid
2021-06-07,89.94999695,1896.800049,28.00099945,1.569000006,16.42000008,-0.002110084,0.003697252,0.003848087,0.007076176,-7.78e-05,0.001065339,0.0037223744024979417,0.008894593139417322,low_vol,low_vol,covid
2021-06-08,90.08000183,1892.199951,27.71500015,1.527999997,17.06999969,0.001444258,-0.002428134,0.003469593,0.006979321,0.000277917,0.000402456,0.0036810943254905453,0.00872183655656023,low_vol,low_vol,covid
2021-06-09,90.12000275,1893.199951,27.98500061,1.488999963,17.88999939,0.000443961,0.000528346,0.003471267,0.006968364,0.00053405,-0.000258488,0.003626170626566297,0.00854281353337554,low_vol,low_vol,covid
2021-06-10,90.08000183,1894.199951,28.01499939,1.458999991,16.10000038,-0.000443961,0.000528067,0.003468535,0.006952012,4.44e-05,-0.000374133,0.003563537141670793,0.008350661001239032,low_vol,low_vol,covid
2021-06-11,90.55999756,1877.400024,28.13100052,1.462000012,15.64999962,0.005314403,-0.008908706,0.003383882,0.007063493,0.000653629,-0.000970028,0.003503269606341302,0.008169169769334347,low_vol,low_vol,covid
2021-06-14,90.51999664,1864.0,28.02400017,1.501000047,16.38999939,-0.000441804,-0.007163138,0.003382585,0.007307152,0.000542785,-0.002044409,0.003591894501310479,0.008285672396449222,low_vol,low_vol,covid
2021-06-15,90.54000092,1854.5,27.67900085,1.498999953,17.02000046,0.000220968,-0.005109598,0.00321211,0.007257659,0.000787274,-0.002576393,0.0035308445862247506,0.008294677668323815,low_vol,low_vol,covid
2021-06-16,91.12999725,1859.5,27.79999924,1.569000006,18.14999962,0.006495276,0.002692516,0.003484252,0.006357787,0.001358907,-0.002548585,0.0034701424673733343,0.008214052267463202,low_vol,low_vol,covid
2021-06-17,91.88999939,1773.800049,25.84399986,1.511000037,17.75,0.008305175,-0.047183469,0.003625258,0.012059415,0.001524235,-0.005345574,0.003633868478437913,0.008061112649398272,low_vol,low_vol,covid
2021-06-18,92.23000336,1767.900024,25.95800018,1.450000048,20.70000076,0.003693291,-0.00333175,0.003572054,0.011854829,0.002292148,-0.006667861,0.003914934561691314,0.01373544797354486,low_vol,high_vol,covid
2021-06-21,91.86000061,1781.800049,26.01499939,1.483999968,17.88999939,-0.004019808,0.007831701,0.003557311,0.012070784,0.002101176,-0.006254416,0.00390836823273851,0.013314953018297073,low_vol,high_vol,covid
2021-06-22,91.73000336,1776.300049,25.84799957,1.472000003,16.65999985,-0.001416169,-0.00309154,0.003584927,0.012071243,0.001815133,-0.006320757,0.0039196094102513564,0.013012265694062237,low_vol,high_vol,covid
2021-06-23,91.80000305,1782.300049,26.1079998,1.486999989,16.31999969,0.000762815,0.003372116,0.003518555,0.012049175,0.001847018,-0.00603638,0.003859417923230882,0.012622560404468065,low_vol,high_vol,covid
2021-06-24,91.81999969,1775.599976,26.04700089,1.486999989,15.97000027,0.000217805,-0.003766312,0.00345025,0.011839064,0.001913195,-0.006465818,0.003792293230414333,0.012249010212986425,low_vol,high_vol,covid
2021-06-25,91.80999756,1776.599976,26.08200073,1.536000013,15.61999989,-0.000108938,0.000563031,0.003374316,0.01181855,0.001370861,-0.005518644,0.0037246317452605225,0.011907903930874755,low_vol,high_vol,covid
2021-06-28,91.87999725,1779.599976,26.21800041,1.478000045,15.76000023,0.00076215,0.001687195,0.003352076,0.011867269,0.001491256,-0.004633611,0.003658808380127847,0.011545438304435876,low_vol,high_vol,covid
2021-06-29,92.05000305,1762.800049,25.87199974,1.480000019,16.02000046,0.001848593,-0.009485125,0.003356113,0.011846973,0.001654019,-0.005071164,0.003597092817279744,0.011205299599955658,low_vol,high_vol,covid
2021-06-30,92.44000244,1770.800049,26.16500092,1.442999959,15.82999992,0.004227871,0.004527968,0.003336036,0.011953969,0.001427278,-0.004887618,0.0035514664983294147,0.011117266865225805,low_vol,high_vol,covid
2021-07-01,92.59999847,1775.900024,26.07500076,1.480000019,15.47999954,0.001729313,0.002875901,0.00333415,0.01196566,0.000769692,0.000118318,0.003583052304728597,0.010840466961401007,low_vol,high_vol,covid
2021-07-02,92.23000336,1782.599976,26.4810009,1.430999994,15.06999969,-0.004003632,0.003765609,0.003307078,0.011488823,-1.14e-17,0.000828054,0.003535662040915702,0.010547843593064573,low_vol,high_vol,covid
2021-07-06,92.55000305,1793.5,26.15399933,1.370000005,16.44000053,0.003463578,0.006096059,0.003152522,0.011315854,0.000748339,0.00065449,0.003564409361639208,0.010285211073451936,low_vol,high_vol,covid
2021-07-07,92.63999939,1801.5,26.11000061,1.32099998,16.20000076,0.000971935,0.004450633,0.003058293,0.011337625,0.000987149,0.001408707,0.0035646595400289447,0.010097712645599641,low_vol,high_vol,covid
2021-07-08,92.36000061,1799.599976,25.96699905,1.287999988,19.0,-0.003027016,-0.001055247,0.003207306,0.011341744,0.000608166,0.000965971,0.0035073358884936774,0.009874253515213096,low_vol,high_vol,covid
2021-07-09,92.12999725,1810.0,26.21100044,1.355999947,16.18000031,-0.002493398,0.005762441,0.003304072,0.011465899,0.000337046,0.001918847,0.003499682557550004,0.009616100260851562,low_vol,high_vol,covid
2021-07-12,92.23000336,1805.5,26.21699905,1.363000035,16.17000008,0.0010849,-0.002489284,0.003286294,0.011449686,0.00045643,0.001613615,0.0034758547946337403,0.009457848232003784,low_vol,high_vol,covid
2021-07-13,92.75,1809.400024,26.11499977,1.414999962,17.12000084,0.005622208,0.00215775,0.003306546,0.011384006,0.000942435,0.001660671,0.0034222371199934386,0.009238865238790406,low_vol,low_vol,covid
2021-07-14,92.41000366,1824.300049,26.24600029,1.355999947,16.32999992,-0.003672464,0.008201066,0.003455516,0.01151217,0.00039033,0.00342929,0.0035343225442082227,0.009020498047560334,low_vol,low_vol,covid
2021-07-15,92.62000275,1828.400024,26.375,1.297000051,17.01000023,0.002269893,0.002244902,0.003461814,0.011493555,0.000194532,0.003200983,0.0035492921137588633,0.009002763953572265,low_vol,low_vol,covid
2021-07-16,92.69000244,1814.5,25.77700043,1.299999952,18.45000076,0.000755488,-0.007631333,0.003231971,0.011562898,9.71e-05,0.00215026,0.003514253844980499,0.008798340024260573,low_vol,low_vol,covid
2021-07-19,92.88999939,1808.699951,25.12599945,1.180999994,22.5,0.002155373,-0.003201619,0.002763356,0.00483985,0.00071305,0.001453537,0.0034564579897737556,0.008791610384222931,low_vol,low_vol,covid
2021-07-20,92.97000122,1810.900024,24.97699928,1.208999991,19.72999954,0.000860883,0.001215645,0.002667969,0.00474045,0.00045278,0.000965495,0.0034218909260802176,0.008623969333364236,low_vol,low_vol,covid
2021-07-21,92.75,1802.900024,25.23800087,1.279999971,17.90999985,-0.002369172,-0.00442748,0.002553716,0.004629285,0.000118669,7.77e-05,0.0033675432041998655,0.00843030597813399,low_vol,low_vol,covid
2021-07-22,92.81999969,1805.0,25.36499977,1.264999986,17.69000053,0.000754429,0.001164099,0.002517691,0.004553951,0.000496814,0.000299619,0.0033451621774203723,0.008317614987536755,low_vol,low_vol,covid
2021-07-23,92.91000366,1801.400024,25.21800041,1.286000013,17.20000076,0.000969192,-0.001996438,0.002518915,0.00455086,0.000843073,-0.000476269,0.0032920842104409826,0.008140685757221761,low_vol,low_vol,covid
2021-07-26,92.65000153,1798.699951,25.29500008,1.276000023,17.57999992,-0.002802353,-0.001499999,0.002624186,0.004470604,0.000454348,-0.000377341,0.003242505317085706,0.0079881198524481,low_vol,low_vol,covid
2021-07-27,92.43000031,1799.5,24.63199997,1.233999968,19.36000061,-0.002377365,0.000444694,0.002693196,0.004470748,-0.00034561,-0.000548646,0.0032384001026147346,0.007837539503842353,low_vol,low_vol,covid
2021-07-28,92.31999969,1799.5,24.8560009,1.261000037,18.30999947,-0.001190805,0.0,0.002710844,0.004465577,-9.74e-05,-0.001368753,0.003221144145731501,0.007685104173593831,low_vol,low_vol,covid
2021-07-29,91.86000061,1831.199951,25.76399994,1.269000053,17.70000076,-0.004995114,0.017462614,0.002910248,0.005247301,-0.000823945,0.000153018,0.0031783243582419666,0.007541593671070645,low_vol,low_vol,covid
2021-07-30,92.16999817,1812.599976,25.52799988,1.238999963,18.23999977,0.003368993,-0.010209198,0.002851859,0.005820208,-0.000562594,-0.000104768,0.0032795337702380147,0.008458513424271584,low_vol,low_vol,covid
2021-08-02,92.05000305,1818.099976,25.55699921,1.174000025,19.45999908,-0.001302737,0.003029721,0.002829188,0.005822636,-0.000908405,0.000518366,0.0032890989689169582,0.008632876213641226,low_vol,low_vol,covid
2021-08-03,92.08000183,1810.099976,25.56599998,1.175999999,18.04000092,0.000325843,-0.004409907,0.002699324,0.005909451,-0.000961909,-4.42e-05,0.003245928188647309,0.00846157894846569,low_vol,low_vol,covid
2021-08-04,92.26999664,1810.5,25.44599915,1.184000015,17.96999931,0.002061241,0.000220971,0.002623626,0.005780317,-0.000518868,0.000420656,0.0031932737972732096,0.008346343749204704,low_vol,low_vol,covid
2021-08-05,92.23999786,1805.099976,25.27700043,1.217000008,17.28000069,-0.000325172,-0.002987072,0.002611273,0.00575067,-0.000626828,5.54e-06,0.003165604175132913,0.00816478413181953,low_vol,low_vol,covid
2021-08-06,92.80000305,1760.0,24.31200027,1.289999962,16.14999962,0.00605282,-0.025302169,0.002860636,0.007990946,-0.000118465,-0.002325034,0.003115758915567314,0.008029682878005208,low_vol,low_vol,covid
2021-08-09,92.94999695,1723.400024,23.25499916,1.317000031,16.71999931,0.001615009,-0.021014711,0.002805286,0.008929249,0.000323271,-0.004276506,0.0032808722325091944,0.009924843702138118,low_vol,high_vol,covid
2021-08-10,93.05999756,1728.800049,23.37700081,1.342000008,16.79000092,0.001182739,0.003128456,0.002806523,0.009008187,0.000679282,-0.004008129,0.0032408941299345334,0.010893158610334767,low_vol,high_vol,covid
2021-08-11,92.91000366,1750.400024,23.47400093,1.328999996,16.17000008,-0.001613098,0.012416793,0.002571039,0.009512811,0.000637052,-0.00276645,0.003195364942281514,0.010601578384899025,low_vol,high_vol,covid
2021-08-12,93.04000092,1749.0,23.10499954,1.366999984,15.59000015,0.001398196,-0.000800151,0.002435324,0.009249262,0.001276383,-0.004592727,0.0031608326737659277,0.010699570634680501,low_vol,high_vol,covid
2021-08-13,92.51999664,1775.199951,23.76799965,1.297000051,15.44999981,-0.005604717,0.014868869,0.002711265,0.009924996,0.000379012,-0.00208492,0.0031209300944248647,0.010398043207654993,low_vol,high_vol,covid
2021-08-16,92.62999725,1786.900024,23.78000069,1.256999969,16.12000084,0.001188233,0.006569223,0.002719337,0.009963334,0.000628109,-0.00173097,0.003264762685672151,0.010687850781325593,low_vol,high_vol,covid
2021-08-17,93.12999725,1785.0,23.64800072,1.258000016,17.90999985,0.005383303,-0.001063873,0.002932005,0.009947726,0.001133855,-0.001396366,0.003218590384759264,0.010492285749611849,low_vol,high_vol,covid
2021-08-18,93.13999939,1781.599976,23.41200066,1.273000002,21.56999969,0.000107394,-0.001906592,0.002927129,0.009942122,0.000938471,-0.001609123,0.0033315692541485637,0.010202766326561927,low_vol,high_vol,covid
2021-08-19,93.56999969,1780.199951,23.21999931,1.241999984,21.67000008,0.004606085,-0.000786133,0.003028483,0.00990696,0.001431596,-0.001389029,0.003276167924111443,0.00993603127921906,low_vol,high_vol,covid
2021-08-20,93.5,1781.0,23.10499954,1.25999999,18.55999947,-0.00074838,0.000449314,0.003037906,0.00990181,0.000751476,0.00118612,0.003341522957385504,0.009672900344924759,low_vol,high_vol,covid
2021-08-23,92.95999908,1803.199951,23.64900017,1.254999995,17.14999962,-0.005792153,0.012387833,0.003314442,0.010292896,1.08e-05,0.004526374,0.0032897188437614132,0.009420420186483884,low_vol,low_vol,covid
2021-08-24,92.88999939,1805.599976,23.88999939,1.289999962,17.21999931,-0.000753292,0.001330096,0.003256684,0.010290147,-0.000182843,0.004346538,0.0034315810290063207,0.009622800353700512,low_vol,high_vol,covid
2021-08-25,92.83000183,1788.199951,23.77099991,1.342000008,16.79000092,-0.000646108,-0.009683433,0.003211823,0.010512189,-8.61e-05,0.002136515,0.003377261798168549,0.009376403139973549,low_vol,low_vol,covid
2021-08-26,93.05999756,1792.199951,23.54599953,1.342000008,18.84000015,0.002474537,0.002234388,0.003231673,0.010526674,2.15e-05,0.002439969,0.003323539397580349,0.009436391515412115,low_vol,low_vol,covid
2021-08-27,92.69000244,1816.599976,24.05999947,1.312000036,16.38999939,-0.003983802,0.01352272,0.003154173,0.010227106,0.000183582,0.002305354,0.003301818332972025,0.009208335753301116,low_vol,low_vol,covid
2021-08-30,92.65000153,1809.0,23.95999908,1.284999967,16.19000053,-0.000431649,-0.004192402,0.003085291,0.010020194,2.16e-05,0.001229192,0.0033421237456490167,0.009516962262345895,low_vol,high_vol,covid
2021-08-31,92.62999725,1815.0,23.95999908,1.30400002,16.47999954,-0.000215936,0.003311261,0.00306705,0.01002477,-0.00053833,0.001666705,0.003287883055070336,0.00933144097544245,low_vol,low_vol,covid
2021-09-01,92.44999695,1813.099976,24.17700005,1.302000046,16.11000061,-0.001945109,-0.001047394,0.003105851,0.009978924,-0.000743581,0.001752625,0.0032341599398994906,0.009125907793489086,low_vol,low_vol,covid
2021-09-02,92.23000336,1808.699951,23.875,1.29400003,16.40999985,-0.002382431,-0.002429746,0.003123381,0.00999379,-0.001442432,0.001588264,0.00320563990875537,0.008907050298732793,low_vol,low_vol,covid
2021-09-03,92.04000092,1830.900024,24.76199913,1.322000027,16.40999985,-0.002062219,0.012199334,0.003154694,0.010314733,-0.001573816,0.002763266,0.0031897999017715816,0.008717561437433779,low_vol,low_vol,covid
2021-09-07,92.51999664,1795.900024,24.33399963,1.370000005,18.13999939,0.005201526,-0.01930136,0.003076123,0.00961871,-0.000474448,-0.000405653,0.0031657673923688673,0.008975963135391538,low_vol,low_vol,covid
2021-09-08,92.65000153,1790.699951,24.01199913,1.333999991,17.95999908,0.001404168,-0.002899725,0.003070433,0.008266555,-0.000258702,-0.000828636,0.0032717904286745365,0.0099080960893684,low_vol,high_vol,covid
2021-09-09,92.48000336,1797.400024,24.13299942,1.299000025,18.79999924,-0.001836528,0.003734612,0.003075399,0.008272393,-0.000377744,0.000513169,0.0032285283450643604,0.009671864294002637,low_vol,high_vol,covid
2021-09-10,92.58000183,1789.599976,23.85499954,1.340999961,20.95000076,0.001080714,-0.004349072,0.00307397,0.008006677,-0.000517126,-0.000145177,0.003197673899068241,0.009455899858791942,low_vol,high_vol,covid
2021-09-13,92.62000275,1792.0,23.75300026,1.324000001,19.37000084,0.000431975,0.001340197,0.003056514,0.0079955,-7.55e-05,-0.001363429,0.003152140843180707,0.009278198334239296,low_vol,low_vol,covid
2021-09-14,92.65000153,1804.699951,23.84199905,1.27699995,19.45999908,0.000323838,0.007062031,0.002796591,0.007491681,-1.22e-17,-0.000237986,0.003102520020944022,0.009049991036247422,low_vol,low_vol,covid
2021-09-15,92.48999786,1792.400024,23.75900078,1.30400002,18.18000031,-0.001728462,-0.006838828,0.002810508,0.007545216,-0.000151253,-0.001252995,0.0030538974821395387,0.00897742809949728,low_vol,low_vol,covid
2021-09-16,92.86000061,1754.599976,22.75200081,1.33099997,18.69000053,0.003992482,-0.021314621,0.002689299,0.00888309,0.000442506,-0.003279718,0.003026661396587856,0.008920086607219959,low_vol,low_vol,covid
2021-09-17,93.19999695,1749.400024,22.29500008,1.370000005,20.80999947,0.0036547,-0.002968011,0.002814014,0.008892609,0.00104622,-0.003333544,0.0030764276012731325,0.010094235576449345,low_vol,high_vol,covid
2021-09-20,93.23999786,1761.800049,22.16300011,1.309000015,25.70999908,0.000429102,0.007063155,0.002615024,0.009059638,0.001295352,-0.003847162,0.0031077987982907024,0.009849268079612642,low_vol,high_vol,covid
2021-09-21,93.19999695,1776.0,22.57299995,1.324000001,24.36000061,-0.000429102,0.008027603,0.002612409,0.009248095,0.000732289,-0.001114266,0.003059426869835019,0.009723532934598867,low_vol,high_vol,covid
2021-09-22,93.45999908,1776.699951,22.86899948,1.335999966,20.87000084,0.002785839,0.000394039,0.002343364,0.008795398,0.000870456,-0.000784889,0.0030132032843929683,0.009647136522464309,low_vol,high_vol,covid
2021-09-23,93.09999847,1747.699951,22.6420002,1.409999967,18.62999916,-0.00385936,-0.016457074,0.002502815,0.009423642,0.000668173,-0.002804058,0.003013631830237597,0.009395923202450985,low_vol,low_vol,covid
2021-09-24,93.33000183,1749.699951,22.38800049,1.460000038,17.75,0.002467451,0.001143707,0.002547757,0.009251122,0.000806846,-0.00225478,0.0030645442648231155,0.00997537250491793,low_vol,high_vol,covid
2021-09-27,93.37999725,1750.0,22.65699959,1.483999968,18.76000023,0.000535541,0.000171471,0.002497977,0.009225572,0.000817203,-0.002371653,0.0030526160779307796,0.00970967686761178,low_vol,high_vol,covid
2021-09-28,93.76999664,1735.800049,22.43000031,1.534000039,23.25,0.00416778,-0.008147358,0.002454264,0.008701151,0.001201597,-0.003892592,0.0030063803909152766,0.009455163975669352,low_vol,high_vol,covid
2021-09-29,94.33999634,1721.5,21.45899963,1.541000009,22.55999947,0.006060299,-0.008272427,0.002718822,0.008793706,0.001980473,-0.004035951,0.0030660844895457067,0.009425329302975074,low_vol,low_vol,covid
2021-09-30,94.25,1755.300049,22.02099991,1.529000044,23.13999939,-0.000954413,0.019443807,0.002738152,0.009943497,0.001485784,3.99e-05,0.0032363339022162614,0.009403997704163414,low_vol,low_vol,covid
2021-10-01,94.04000092,1757.0,22.51000023,1.478999972,21.10000038,-0.002230593,0.000967999,0.002753263,0.009958737,0.000897254,0.000433492,0.003189826356869116,0.010234930335444899,low_vol,high_vol,covid
2021-10-04,93.80999756,1766.199951,22.61800003,1.480999947,22.95999908,-0.002448799,0.005222509,0.002757148,0.010062349,0.000609464,0.000249428,0.0031702750762823907,0.009955228076889637,low_vol,high_vol,covid
2021-10-05,93.98000336,1759.599976,22.58200073,1.529000044,21.29999924,0.001810595,-0.003743822,0.00268406,0.009596878,0.000833434,-0.000927715,0.003157806022019714,0.0097602089565885,low_vol,high_vol,covid
2021-10-06,94.26999664,1760.5,22.50600052,1.524000049,21.0,0.00308094,0.000511363,0.002554588,0.008734926,0.000862944,-0.000915982,0.0031257078023885095,0.009549617810332258,low_vol,high_vol,covid
2021-10-07,94.22000122,1757.900024,22.63199997,1.57099998,19.54000092,-0.000530484,-0.001477931,0.002570043,0.008724546,0.001195832,0.000581932,0.003131574744071703,0.009303616133476628,low_vol,low_vol,covid
2021-10-08,94.06999969,1756.300049,22.67900085,1.605000019,18.77000046,-0.001593303,-0.000910577,0.002558087,0.00866034,0.000789756,0.000376503,0.003083959052675637,0.009079241126009125,low_vol,low_vol,covid
2021-10-11,94.31999969,1754.599976,22.63999939,1.613999963,20.0,0.00265407,-0.000968454,0.002589209,0.008628316,0.001001609,0.000262511,0.003052758185059246,0.008861845080068305,low_vol,low_vol,covid
2021-10-12,94.51999664,1758.300049,22.49099922,1.580000043,19.85000038,0.002118164,0.002106564,0.002600524,0.008640057,0.000796648,0.001287903,0.0030471093003452427,0.008656642909863317,low_vol,low_vol,covid
2021-10-13,94.08000183,1793.699951,23.14900017,1.549000025,18.63999939,-0.004665913,0.019933037,0.002875627,0.009632883,-0.000275974,0.004108449,0.003026135804498096,0.008469654650094865,low_vol,low_vol,covid
2021-10-14,93.95999908,1796.699951,23.45599937,1.519000053,16.86000061,-0.001276354,0.001671123,0.002857944,0.009522023,-0.000308168,0.002331181,0.0031192249658525033,0.009507850798092068,low_vol,high_vol,covid
2021-10-15,93.94000244,1767.199951,23.32799911,1.575999975,16.29999924,-0.000212843,-0.016555276,0.002765281,0.009030442,-0.000106393,0.000578854,0.0030809483373355293,0.009270092185183617,low_vol,low_vol,covid
2021-10-18,93.94999695,1764.800049,23.24300003,1.583999991,16.30999947,0.000106387,-0.001358948,0.002672996,0.009007762,0.000149126,-7.93e-05,0.0030330404378823,0.0098753928192642,low_vol,high_vol,covid
2021-10-19,93.79000092,1769.699951,23.86199951,1.63499999,15.69999981,-0.001704443,0.002772616,0.002711374,0.00889747,-0.000202378,0.000572352,0.0029860026951178936,0.009619727323739948,low_vol,high_vol,covid
2021-10-20,93.55999756,1784.099976,24.42399979,1.636000037,15.48999977,-0.002455335,0.00810406,0.00277322,0.008900843,-0.000756005,0.001331621,0.0029606149096098023,0.009389245406125367,low_vol,low_vol,covid
2021-10-21,93.76999664,1781.199951,24.14999962,1.675999999,15.01000023,0.002242024,-0.001626806,0.002750149,0.008909749,-0.000478755,0.001316734,0.0029569769603261264,0.009339883077773973,low_vol,low_vol,covid
2021-10-22,93.61000061,1795.5,24.42900085,1.654999971,15.43000031,-0.001707718,0.007996268,0.002630485,0.008204913,-0.000490196,0.002207418,0.0029427615610033296,0.009115202213976293,low_vol,low_vol,covid
2021-10-25,93.80999756,1806.0,24.5720005,1.63499999,15.23999977,0.002134212,0.00583092,0.002617476,0.008264418,-0.000542182,0.002887356,0.002918991300262118,0.009080470327779937,low_vol,low_vol,covid
2021-10-26,93.94999695,1792.699951,24.08600044,1.618999958,15.97999954,0.001491259,-0.007391619,0.002631067,0.008487363,-0.000604872,0.001937538,0.0029032768864213796,0.008957911679000069,low_vol,low_vol,covid
2021-10-27,93.86000061,1797.900024,24.18899918,1.529000044,16.97999954,-0.000958377,0.002896495,0.002487148,0.008220564,-0.000234119,0.000233883,0.0028733747422925084,0.008927535054460279,low_vol,low_vol,covid
2021-10-28,93.34999847,1801.599976,24.11700058,1.567999959,16.53000069,-0.005448463,0.002055815,0.002360306,0.00789839,-0.00065133,0.000272352,0.002838053941597504,0.00873707592227776,low_vol,low_vol,covid
2021-10-29,94.12000275,1783.0,23.94499969,1.557000041,16.26000023,0.008214739,-0.010377807,0.003026555,0.007294337,0.000191429,0.000890099,0.0029966777820640642,0.0085449783863303,low_vol,low_vol,covid
2021-11-01,93.87999725,1795.099976,24.06399918,1.575000048,16.40999985,-0.002553251,0.006763378,0.003038889,0.007411856,-7.45e-05,0.001702332,0.0033511050815553107,0.008722606058670392,low_vol,low_vol,covid
2021-11-02,94.08999634,1788.699951,23.5,1.549000025,16.03000069,0.00223439,-0.003571645,0.003028266,0.007411069,0.000319348,0.001067906,0.0033346585550522293,0.00866000874454965,low_vol,low_vol,covid
2021-11-03,93.86000061,1763.599976,23.22599983,1.578999996,15.10000038,-0.002447415,-0.014131911,0.003053398,0.00803604,0.00032014,-0.001155691,0.003306217020789101,0.008508932125285995,low_vol,low_vol,covid
2021-11-04,94.34999847,1793.0,23.90600014,1.524000049,15.43999958,0.005206939,0.016533034,0.003194747,0.008800427,0.000616632,0.000660293,0.003288382532926299,0.00898793917840603,low_vol,low_vol,covid
2021-11-05,94.31999969,1816.400024,24.15200043,1.452999949,16.47999954,-0.000318003,0.012966339,0.003193185,0.009164587,0.000755603,0.0011573,0.003385786569703159,0.009585187311321113,low_vol,high_vol,covid
2021-11-08,94.05000305,1827.400024,24.53700066,1.496999979,17.21999931,-0.002866665,0.006037671,0.00323774,0.009196346,0.000255515,0.001177975,0.003329753550783984,0.009813258744099268,low_vol,high_vol,covid
2021-11-09,93.95999908,1830.199951,24.31299973,1.432000041,17.78000069,-0.000957438,0.001531019,0.003184632,0.009173651,1.06e-05,0.002070239,0.00332412865852409,0.009652172762488104,low_vol,high_vol,covid
2021-11-10,94.84999847,1847.599976,24.7670002,1.559999943,18.72999954,0.00942753,0.009462263,0.00379043,0.009316882,0.001049236,0.002726816,0.003275065590553814,0.009405689903402443,low_vol,low_vol,covid
2021-11-11,95.18000031,1863.199951,25.3010006,1.559999943,17.65999985,0.003473159,0.008407927,0.003686348,0.008536698,0.001941399,0.003362027,0.003702315964345216,0.009424693108801887,low_vol,low_vol,covid
2021-11-12,95.12999725,1867.900024,25.34399986,1.582000017,16.29000092,-0.000525491,0.002519405,0.003671322,0.008538014,0.001067376,0.004651748,0.0036969784242685926,0.009387415207881162,low_vol,low_vol,covid
2021-11-15,95.41000366,1866.099976,25.10700035,1.623000026,16.48999977,0.002939085,-0.00096414,0.003701197,0.007468346,0.001616609,0.003878996,0.0036335784476100126,0.009165739248284913,low_vol,low_vol,covid
2021-11-16,95.91999817,1853.599976,24.94400024,1.633999944,16.37000084,0.005331058,-0.006720998,0.003829883,0.007698338,0.001926276,0.003564061,0.0036135843289905978,0.008944100623670176,low_vol,low_vol,covid
2021-11-17,95.83000183,1869.699951,25.16699982,1.603999972,17.11000061,-0.000938684,0.008648283,0.003806539,0.007820736,0.002077149,0.00584208,0.0036958324164114275,0.008883888552624963,low_vol,low_vol,covid
2021-11-18,95.54000092,1861.0,24.90099907,1.588999987,17.59000015,-0.00303079,-0.004663986,0.003834809,0.007869032,0.001253376,0.003722378,0.0036359343869642197,0.008899587377768027,low_vol,low_vol,covid
2021-11-19,96.06999969,1851.199951,24.78000069,1.536000013,17.90999985,0.005532072,-0.005279927,0.003953574,0.007992844,0.001838384,0.001897752,0.003623144157626748,0.008764762862927938,low_vol,low_vol,covid
2021-11-22,96.5,1806.0,24.29700089,1.625,19.17000008,0.004465919,-0.024719596,0.003959675,0.009731303,0.002571642,-0.001177975,0.003715822228546749,0.00865917790797712,low_vol,low_vol,covid
2021-11-23,96.48999786,1783.5,23.43499947,1.667000055,19.37999916,-0.000103654,-0.012536729,0.00397038,0.010028135,0.00265702,-0.00258475,0.0037493987635724125,0.010322457283279662,low_vol,high_vol,covid
2021-11-24,96.83999634,1784.099976,23.49600029,1.644999981,18.57999992,0.00362074,0.000336347,0.004001472,0.009907396,0.002076341,-0.003497341,0.0036829112109333564,0.010483049536754671,low_vol,high_vol,covid
2021-11-26,96.08999634,1785.300049,23.10700035,1.481999993,28.62000084,-0.00777488,0.000672423,0.00445658,0.009884175,0.000951538,-0.004270892,0.0036836986941601764,0.010189424299066876,low_vol,high_vol,covid
2021-11-29,96.33999634,1782.300049,22.79899979,1.529999971,22.95999908,0.002598349,-0.001681803,0.004202437,0.009872618,0.001263921,-0.004691013,0.003929014311707359,0.009911026683846955,low_vol,high_vol,covid
2021-11-30,95.98999786,1773.599976,22.76499939,1.442999959,27.19000053,-0.003639566,-0.004893327,0.004048929,0.009669051,0.000606056,-0.005083931,0.003889054646050692,0.009656801446492618,low_vol,high_vol,covid
2021-12-01,96.05000305,1781.599976,22.29899979,1.434000015,31.12000084,0.000624924,0.004500458,0.003970593,0.00959932,0.000135443,-0.003961786,0.0038867058554660026,0.009483042615591299,low_vol,high_vol,covid
2021-12-02,96.12999725,1760.699951,22.28000069,1.447999954,27.95000076,0.000832493,-0.011800394,0.003962134,0.00990023,0.000312561,-0.006006653,0.00381799598642021,0.009295601896831578,low_vol,low_vol,covid
2021-12-03,96.12000275,1782.0,22.44499969,1.343000054,30.67000008,-0.000103974,0.0120249,0.00389193,0.009777276,0.000605242,-0.004337765,0.0037524945294363774,0.009500636525103839,low_vol,high_vol,covid
2021-12-06,96.29000092,1777.5,22.22800064,1.434000015,27.18000031,0.001767041,-0.002528446,0.00378275,0.009073297,0.000228739,-0.004062617,0.003685925844500793,0.009670136144086931,low_vol,high_vol,covid
2021-12-07,96.37000275,1782.599976,22.48699951,1.480000019,21.88999939,0.000830498,0.002865076,0.003771495,0.008583023,-0.000134803,-0.00130415,0.0036360498138753145,0.009440295456916846,low_vol,low_vol,covid
2021-12-08,95.88999939,1783.400024,22.38999939,1.508999944,19.89999962,-0.004993284,0.000448709,0.003907288,0.008442831,-0.000623766,-5.61e-06,0.0035754831913313457,0.009220958955241377,low_vol,low_vol,covid
2021-12-09,96.26999664,1774.599976,21.97400093,1.486999989,21.57999992,0.003955014,-0.004946637,0.003936049,0.008457893,-0.000590339,-0.000533904,0.003649637747744481,0.008992083209900319,low_vol,low_vol,covid
2021-12-10,96.05000305,1782.900024,22.15999985,1.488999963,18.69000053,-0.002287788,0.004666234,0.003512609,0.008209056,-4.16e-05,-0.000134523,0.0036648136294342016,0.008860557334269431,low_vol,low_vol,covid
2021-12-13,96.31999969,1786.300049,22.29000092,1.424000025,20.30999947,0.002807057,0.001905203,0.003488277,0.007926597,-2.08e-05,0.000224178,0.0036296683131333296,0.008714520095435193,low_vol,low_vol,covid
2021-12-14,96.56999969,1770.400024,21.88699913,1.437999964,21.88999939,0.002592152,-0.008940945,0.003505757,0.007993603,0.000602413,-0.000180584,0.003605922485539096,0.008521937575151472,low_vol,low_vol,covid
2021-12-15,96.51000214,1762.599976,21.50799942,1.463000059,19.29000092,-0.000621479,-0.004415546,0.003478833,0.007994787,0.000477773,-0.001072185,0.003577061974598038,0.008609524001227884,low_vol,low_vol,covid
2021-12-16,96.04000092,1796.599976,22.45499992,1.422000051,20.56999969,-0.004881871,0.019105998,0.003490279,0.009237936,-9.37e-05,0.002018455,0.0035175848009564603,0.00848510955057057,low_vol,low_vol,covid
2021-12-17,96.56999969,1803.800049,22.50699997,1.40199995,21.56999969,0.00550335,0.003999602,0.003676299,0.009036415,0.000467069,0.001215925,0.00358952037623033,0.009425923967031884,low_vol,low_vol,covid
2021-12-20,96.55000305,1793.699951,22.27499962,1.41900003,22.87000084,-0.00020709,-0.005615079,0.003596612,0.009054333,0.000269656,0.000907262,0.003682866021301678,0.00922953106100756,low_vol,low_vol,covid
2021-12-21,96.48999786,1787.900024,22.50200081,1.486999989,21.01000023,-0.000621687,-0.003238738,0.003412147,0.0090255,0.000124438,0.00029688,0.003618385421386759,0.009106018617178689,low_vol,low_vol,covid
2021-12-22,96.08000183,1801.599976,22.79199982,1.457000017,18.62999916,-0.004258157,0.007633385,0.003398842,0.007529152,0.00019795,0.001015348,0.0035577762829466335,0.008921020654031019,low_vol,low_vol,covid
2021-12-23,96.01999664,1811.199951,22.93099976,1.493000031,17.95999908,-0.000624729,0.005314437,0.003399946,0.007049145,-0.000260024,0.002041455,0.0035967197638814884,0.008883169729206442,low_vol,low_vol,covid
2021-12-27,96.08999634,1808.099976,22.97900009,1.480999947,17.68000031,0.000728746,-0.001713025,0.003292954,0.007069082,4.16e-05,0.001403529,0.0035367269915024223,0.008755592066289664,low_vol,low_vol,covid
2021-12-28,96.19999695,1810.199951,23.11100006,1.480999947,17.54000092,0.001144112,0.001160753,0.00283326,0.00707001,-0.000124665,0.001329084,0.003478113608553064,0.0085638668126811,low_vol,low_vol,covid
2021-12-29,95.93000031,1805.099976,22.84799957,1.542999983,16.95000076,-0.002810564,-0.002821331,0.002836295,0.007093213,-0.000664937,0.001941045,0.0034251179207051043,0.008373171611236706,low_vol,low_vol,covid
2021-12-30,95.97000122,1812.699951,23.02799988,1.514999986,17.32999992,0.000416893,0.004201441,0.002726562,0.007017949,-0.0005611,0.002802744,0.0034137168113516254,0.008221955003907913,low_vol,low_vol,covid
2021-12-31,95.66999817,1827.5,23.32799911,1.511999965,17.21999931,-0.003130905,0.008131493,0.002804893,0.007150981,-0.000386003,0.001705294,0.0033567405537762605,0.008102308996785608,low_vol,low_vol,covid
2022-01-03,96.23999786,1799.400024,22.79000092,1.628000021,16.60000038,0.005940299,-0.015495623,0.003103455,0.007522956,-0.000342308,-0.000244229,0.0033591825466023685,0.008152699397966773,low_vol,low_vol,post_covid
2022-01-04,96.29000092,1814.0,23.03800011,1.667999983,16.90999985,0.000519431,0.008081062,0.003104845,0.007280207,-0.000269656,0.001125385,0.0034958150592493274,0.00880945196865229,low_vol,low_vol,post_covid
2022-01-05,96.19000244,1824.599976,23.14999962,1.705000043,19.72999954,-0.001039053,0.00582642,0.00308914,0.007314699,-0.000311393,0.002031901,0.0034370486392504467,0.00880156191123269,low_vol,low_vol,post_covid
2022-01-06,96.25,1788.699951,22.17399979,1.73300004,19.61000061,0.000623546,-0.0198717,0.003086522,0.008627824,0.000176778,-0.000718607,0.003385679876836398,0.008696828482831482,low_vol,low_vol,post_covid
2022-01-07,95.73999786,1797.0,22.3939991,1.771000028,18.76000023,-0.005312812,0.004629536,0.003112737,0.008682815,-0.000292031,-0.000787097,0.0033305358630753186,0.009740852692331043,low_vol,high_vol,post_covid
2022-01-10,95.98999786,1798.400024,22.44599915,1.779999971,19.39999962,0.002607835,0.000778786,0.003038536,0.008597265,-0.000104122,-0.000537916,0.003439345099180975,0.00954194497416685,low_vol,high_vol,post_covid
2022-01-11,95.62000275,1818.599976,22.80599976,1.746000051,18.40999985,-0.003861965,0.011169567,0.003112717,0.008862786,-0.000604729,0.000462965,0.0034170234352856265,0.009297016135775568,low_vol,low_vol,post_covid
2022-01-12,95.0,1827.199951,23.20000076,1.725000024,17.62000084,-0.00650514,0.004717753,0.003317444,0.008899212,-0.000974187,0.001216874,0.0034457251087049528,0.00942779559102915,low_vol,low_vol,post_covid
2022-01-13,94.79000092,1821.199951,23.15500069,1.710999966,20.30999947,-0.002212963,-0.003289116,0.003247093,0.008663402,-0.001237173,0.000467818,0.0036218802925990527,0.009249337219719411,low_vol,low_vol,post_covid
2022-01-14,95.16999817,1816.5,22.9109993,1.771999955,19.19000053,0.004000819,-0.002584025,0.003418078,0.008611552,-0.000524,-0.000603734,0.003586376529681236,0.009057269099953729,low_vol,low_vol,post_covid
2022-01-18,95.73000336,1812.300049,23.48699951,1.86500001,22.79000092,0.005867017,-0.002314789,0.003557147,0.007625929,-0.000531329,0.000714349,0.0036064809271905154,0.00886204098184629,low_vol,low_vol,post_covid
2022-01-19,95.51000214,1843.099976,24.22599983,1.827000022,23.85000038,-0.002300788,0.01685214,0.003337435,0.008404099,-0.00081335,0.001591457,0.003719621453135424,0.008673153405383452,low_vol,low_vol,post_covid
2022-01-20,95.73999786,1842.5,24.71100044,1.832999945,25.59000015,0.002405185,-0.000325578,0.003398032,0.008273343,-0.000468927,0.000976257,0.003682917985584114,0.00934513102724294,low_vol,low_vol,post_covid
2022-01-21,95.63999939,1831.800049,24.31399918,1.746999979,28.85000038,-0.001045025,-0.005824228,0.00340066,0.008362679,-0.000635784,0.002381004,0.003646578280069086,0.009110508241540593,low_vol,low_vol,post_covid
2022-01-24,95.91999817,1841.699951,23.79500008,1.735000014,29.89999962,0.002923355,0.005389915,0.003356336,0.008289794,0.000187833,0.002457042,0.003589256128729248,0.009002401105348062,low_vol,low_vol,post_covid
2022-01-25,95.94999695,1852.699951,23.89599991,1.782999992,31.15999985,0.000312699,0.005954977,0.003354953,0.008307436,-4.17e-05,0.002974661,0.003570491912923623,0.008869808745660434,low_vol,low_vol,post_covid
2022-01-26,96.48999786,1829.900024,23.80699921,1.84800005,31.95999908,0.005612163,-0.012382674,0.003572696,0.008798481,0.000905732,0.000619437,0.0035089194762289223,0.008765303645211726,low_vol,low_vol,post_covid
2022-01-27,97.26000214,1793.300049,22.67300034,1.807000041,30.48999977,0.007948473,-0.020203809,0.003951301,0.009893842,0.002351094,-0.001872719,0.0036141075177396984,0.009067644951789156,low_vol,low_vol,post_covid
2022-01-28,97.26999664,1784.900024,22.30200005,1.781999946,27.65999985,0.000102755,-0.00469512,0.003878931,0.00992473,0.002582665,-0.002013319,0.0038692487190491805,0.01008587645769244,low_vol,high_vol,post_covid
2022-01-31,96.54000092,1795.0,22.39500046,1.781999946,24.82999992,-0.007533143,0.005642617,0.004271943,0.00996403,0.001429269,-0.001190655,0.0037994670276692392,0.009881311139587507,low_vol,high_vol,post_covid
2022-02-01,96.38999939,1800.300049,22.59600067,1.799999952,21.95999908,-0.001554984,0.002948323,0.004222548,0.009803281,0.000687069,-0.000664344,0.004015416255582257,0.00970325475199728,low_vol,high_vol,post_covid
2022-02-02,95.94000244,1809.199951,22.71100044,1.766000032,22.09000015,-0.004679434,0.004931387,0.004155845,0.009261733,0.000449205,-0.001856419,0.003954564161390891,0.00947104226284346,low_vol,high_vol,post_covid
2022-02-03,95.37999725,1803.0,22.375,1.827000022,24.35000038,-0.005854137,-0.003432787,0.004333547,0.009115145,-0.000376728,-0.00216714,0.003991559711197118,0.009295993424383914,low_vol,low_vol,post_covid
2022-02-04,95.48000336,1806.599976,22.47500038,1.929999948,23.21999931,0.001047953,0.001994668,0.004343335,0.009024495,-0.00016743,-0.00138525,0.004085427502115525,0.00910446300705372,low_vol,low_vol,post_covid
2022-02-07,95.40000153,1820.599976,23.07600021,1.916000009,22.86000061,-0.000838242,0.007719491,0.004338617,0.008010421,-0.00054359,-0.001152293,0.004014575315438363,0.008891480410625605,low_vol,low_vol,post_covid
2022-02-08,95.63999939,1826.599976,23.19499969,1.953999996,21.44000053,0.002512542,0.003290198,0.004232337,0.007984043,-0.000323605,-0.001418771,0.003944999889773431,0.008859841447419742,low_vol,low_vol,post_covid
2022-02-09,95.48999786,1835.199951,23.33600044,1.92900002,19.95999908,-0.001569629,0.004697139,0.004199225,0.008029719,-0.001041785,0.000289211,0.0039024218986644125,0.008680504378081391,low_vol,low_vol,post_covid
2022-02-10,95.55000305,1836.199951,23.5189991,2.030999899,23.90999985,0.000628195,0.000544751,0.004119605,0.007681753,-0.001773812,0.002364067,0.0038450993238268926,0.008546416375852288,low_vol,low_vol,post_covid
2022-02-11,96.08000183,1840.800049,23.36599922,1.955000043,27.36000061,0.005531494,0.002502094,0.004010261,0.007635405,-0.001230939,0.003083788,0.0037775102717557355,0.008354099308260267,low_vol,low_vol,post_covid
2022-02-14,96.37000275,1868.0,23.84499931,1.996000051,28.32999992,0.003013782,0.014668054,0.003993129,0.008192327,-0.000176246,0.003986332,0.0038600032872931006,0.00818986764108804,low_vol,low_vol,post_covid
2022-02-15,95.98999786,1854.800049,23.33799934,2.045000076,25.70000076,-0.003950981,-0.00709144,0.004049774,0.008354101,-0.000415846,0.002982356,0.0038336873696793905,0.008717311650146456,low_vol,low_vol,post_covid
2022-02-16,95.69999695,1870.199951,23.60099983,2.046999931,24.29000092,-0.003025731,0.008268451,0.003913099,0.008463052,-0.000250475,0.003316062,0.003845667635748263,0.008690283029400158,low_vol,low_vol,post_covid
2022-02-17,95.80000305,1900.699951,23.87400055,1.972000003,28.11000061,0.00104445,0.016176863,0.003883369,0.008402863,0.000439383,0.005277027,0.0038244751585623437,0.008701075364152815,low_vol,low_vol,post_covid
2022-02-18,96.04000092,1898.599976,23.99099922,1.932000041,27.75,0.002502064,-0.001105454,0.003886245,0.008412891,0.000584794,0.004967015,0.0037606607972943008,0.009302873900035554,low_vol,low_vol,post_covid
2022-02-22,96.02999878,1906.099976,24.31100082,1.947999954,28.80999947,-0.000104151,0.003942497,0.003877205,0.008260494,0.000658204,0.004589315,0.0037240460260758008,0.009075033967488655,low_vol,low_vol,post_covid
2022-02-23,96.19000244,1909.199951,24.55500031,1.976999998,31.02000046,0.001664798,0.001625024,0.003842475,0.008221576,0.000573429,0.004422798,0.0036582293491924578,0.008897429003002215,low_vol,low_vol,post_covid
2022-02-24,97.13999939,1925.099976,24.68600082,1.968999982,30.31999969,0.009827803,0.008293621,0.004387035,0.008297382,0.001713172,0.004782446,0.0036074271894622357,0.008691971067509135,low_vol,low_vol,post_covid
2022-02-25,96.62000275,1886.5,23.99699974,1.985999942,27.59000015,-0.005367443,-0.020254641,0.004412387,0.009109444,0.001113608,0.002702507,0.004023159894494948,0.00870394132941264,low_vol,low_vol,post_covid
2022-02-28,96.70999908,1899.400024,24.36100006,1.838999987,30.14999962,0.000931013,0.006814799,0.004035013,0.007696558,0.00065356,0.003133777,0.004089321088016335,0.00979141757950434,low_vol,high_vol,post_covid
2022-03-01,97.41000366,1942.400024,25.5340004,1.707000017,33.31999969,0.007212112,0.022386275,0.004353525,0.008604257,0.001073393,0.003905599,0.004017346971874589,0.009659726989462804,low_vol,high_vol,post_covid
2022-03-02,97.38999939,1920.900024,25.18300056,1.86500001,30.73999977,-0.000205383,-0.011130496,0.003992472,0.009204344,0.001447953,0.003501694,0.004182495693779539,0.010774880345856927,high_vol,high_vol,post_covid
2022-03-03,97.79000092,1934.400024,25.20499992,1.843999982,30.47999954,0.004098802,0.007003375,0.004043121,0.009240647,0.002160407,0.003375186,0.004104980509642993,0.0108075845885543,low_vol,high_vol,post_covid
2022-03-04,98.65000153,1965.099976,25.78199959,1.723999977,31.97999954,0.008755916,0.015745909,0.00421105,0.009622476,0.002931553,0.003332091,0.004104995015866558,0.010620039097462992,low_vol,high_vol,post_covid
2022-03-07,99.29000092,1993.900024,25.71299934,1.751000047,36.45000076,0.006466622,0.01454941,0.004014294,0.009733407,0.003328009,0.004897577,0.004370772332769793,0.010955643708143708,high_vol,high_vol,post_covid
2022-03-08,99.05999756,2040.099976,26.88800049,1.871999979,35.13000107,-0.002319168,0.022906282,0.004116522,0.010474363,0.003106507,0.006793956,0.004465921811481578,0.011167257147312181,high_vol,high_vol,post_covid
2022-03-09,97.97000122,1985.900024,25.75699997,1.947999954,32.45000076,-0.011064381,-0.02692659,0.004957328,0.012656251,0.001833589,0.003938794,0.004405605974875845,0.012099899137520985,high_vol,high_vol,post_covid
2022-03-10,98.51000214,1998.099976,26.20199966,2.010999918,30.22999954,0.005496766,0.006124493,0.005036985,0.012661865,0.001400486,0.003721882,0.00483705902591491,0.013378565238712479,high_vol,high_vol,post_covid
2022-03-11,99.12000275,1982.699951,26.1060009,2.003999949,30.75,0.006173177,-0.007737189,0.005091223,0.012928974,0.002554548,0.004973627,0.0048594519249219445,0.013022757663674521,high_vol,high_vol,post_covid
2022-03-14,99.05999756,1959.599976,25.24399948,2.140000105,31.77000046,-0.000605563,-0.011719169,0.005112213,0.013347922,0.00240089,0.00312023,0.004911069573005602,0.012748625325351768,high_vol,high_vol,post_covid
2022-03-15,99.06999969,1928.5,25.12299919,2.160000086,29.82999992,0.000100965,-0.01599786,0.005046589,0.013984477,0.001689776,-0.000718184,0.004816784753710986,0.01266720719222318,high_vol,high_vol,post_covid
2022-03-16,98.37999725,1908.0,24.67000008,2.187999964,26.67000008,-0.006989164,-0.010686926,0.00535517,0.013950171,0.001011397,-0.000673827,0.004723020767951162,0.012857722514312078,high_vol,high_vol,post_covid
2022-03-17,98.01000214,1942.099976,25.58399963,2.191999912,25.67000008,-0.003767967,0.017714276,0.005346881,0.014276375,0.00022472,0.000397264,0.004831918236141751,0.012716609378707645,high_vol,high_vol,post_covid
2022-03-18,98.23000336,1928.199951,25.05500031,2.148000002,23.87000084,0.002242166,-0.007182949,0.005272027,0.014345448,-0.000426655,-0.001895622,0.004796563975890214,0.012994880487147656,high_vol,high_vol,post_covid
2022-03-21,98.5,1928.599976,25.28199959,2.315000057,23.53000069,0.002744846,0.000207439,0.005281881,0.01394363,-0.000798832,-0.003329819,0.004722332284973812,0.012703488968532841,high_vol,high_vol,post_covid
2022-03-22,98.48999786,1920.699951,24.88500023,2.372999907,22.94000053,-0.00010155,-0.004104661,0.005283391,0.013978299,-0.00057707,-0.006030914,0.004660187465116739,0.012303488334282964,high_vol,high_vol,post_covid
2022-03-23,98.62000275,1936.599976,25.17000008,2.321000099,23.56999969,0.00131911,0.008244168,0.005274953,0.014061752,0.000661279,-0.002513838,0.004570420454145982,0.011966282693287042,high_vol,high_vol,post_covid
2022-03-24,98.79000092,1961.599976,25.89999962,2.34100008,21.67000008,0.001722286,0.012826609,0.005275184,0.014306691,0.000283831,-0.001843626,0.004489377796258434,0.011755390681352704,high_vol,high_vol,post_covid
2022-03-25,98.80999756,1953.800049,25.59499931,2.492000103,20.80999947,0.000202395,-0.003984235,0.004899205,0.014256929,-0.000313248,-0.001468331,0.004415521543647143,0.011784617718449256,high_vol,high_vol,post_covid
2022-03-28,99.08999634,1939.599976,25.1760006,2.476999998,19.62999916,0.002829702,-0.007294466,0.004704972,0.013568153,3.03e-05,-0.00102586,0.004331825941591991,0.011471272281907056,high_vol,high_vol,post_covid
2022-03-29,98.40000153,1912.0,24.7159996,2.400000095,18.89999962,-0.006987672,-0.014331939,0.005033622,0.013920253,-0.000678585,-0.000859268,0.004284105169731891,0.01127131207860195,high_vol,high_vol,post_covid
2022-03-30,97.79000092,1933.5,25.10300064,2.35800004,19.32999992,-0.006218488,0.011182017,0.005034738,0.013229585,-0.000601517,0.001327626,0.004423333030888058,0.011470632508165324,high_vol,high_vol,post_covid
2022-03-31,98.30999756,1949.199951,25.12100029,2.326999903,20.55999947,0.005303395,0.008087175,0.005155423,0.013101091,0.000305619,0.000364916,0.004509401135985669,0.011427678144409094,high_vol,high_vol,post_covid
2022-04-01,98.62999725,1919.099976,24.6420002,2.377000093,19.62999916,0.003249721,-0.015562694,0.005128617,0.013477953,0.000406375,-0.000473059,0.004539507409454204,0.011243283063255307,high_vol,high_vol,post_covid
2022-04-04,98.98999786,1929.199951,24.58399963,2.411999941,18.56999969,0.003643366,0.00524907,0.004824843,0.01303752,0.000496227,3.11e-05,0.0044955999350171074,0.011536538780410568,high_vol,high_vol,post_covid
2022-04-05,99.47000122,1922.900024,24.52799988,2.555999994,21.03000069,0.00483729,-0.003270908,0.004730602,0.012554158,0.00099011,0.00011448,0.004464543697314353,0.011254603858450467,high_vol,high_vol,post_covid
2022-04-06,99.59999847,1918.400024,24.45499992,2.608999968,22.10000038,0.001306046,-0.002342958,0.004704508,0.011214682,0.000988804,-0.000944233,0.0044771458916730185,0.010954565752869959,high_vol,high_vol,post_covid
2022-04-07,99.75,1933.800049,24.7329998,2.65199995,21.54999924,0.001504906,0.007995486,0.00392722,0.010001905,0.000967066,-0.001427345,0.004398433460386985,0.010655107909901344,high_vol,high_vol,post_covid
2022-04-08,99.80000305,1941.599976,24.81900024,2.713000059,21.15999985,0.000501158,0.004025359,0.003780715,0.009934615,0.000996942,-0.000626386,0.004324153313207466,0.01051538976463414,high_vol,high_vol,post_covid
2022-04-11,99.93000031,1944.300049,24.97800064,2.779999971,24.37000084,0.00130173,0.001389677,0.00356629,0.009841152,0.000844145,0.000242029,0.004243518442302051,0.010259691091339443,high_vol,high_vol,post_covid
2022-04-12,100.2900009,1972.099976,25.72500038,2.724999905,24.26000023,0.003596054,0.014196912,0.003625162,0.010043574,0.001902518,0.003094914,0.004171016779603781,0.009980998498043375,high_vol,high_vol,post_covid
2022-04-13,99.87999725,1981.0,26.02000046,2.687000036,21.81999969,-0.00409656,0.004502815,0.00376631,0.009352495,0.002114711,0.002426994,0.004150802054420408,0.010261576935262234,low_vol,high_vol,post_covid
2022-04-14,100.3199997,1970.900024,25.69000053,2.828000069,22.70000076,0.004395636,-0.005111464,0.003458135,0.009070715,0.002023935,0.00110713,0.004154028962388134,0.010030311827828537,low_vol,high_vol,post_covid
2022-04-18,100.7799988,1982.900024,26.13999939,2.861999989,22.17000008,0.004574837,0.006070128,0.003369536,0.008360983,0.002156446,0.003270412,0.0041632586657993345,0.009841140595413496,high_vol,high_vol,post_covid
2022-04-19,100.9599991,1955.699951,25.39100075,2.913000107,21.37000084,0.001784479,-0.013812271,0.003364799,0.008798689,0.001970558,0.001364278,0.004179274166750056,0.009679454414492313,high_vol,high_vol,post_covid
2022-04-20,100.3899994,1952.300049,25.27000046,2.839999914,20.31999969,-0.005661795,-0.001739971,0.003671112,0.008814105,0.000920649,0.001517371,0.004115092283814856,0.009996837555383425,low_vol,high_vol,post_covid
2022-04-21,100.5800018,1944.900024,24.62100029,2.917000055,22.68000031,0.001890854,-0.003797615,0.003669543,0.008806194,0.00097913,0.001371906,0.004190839179752868,0.009738805163122633,high_vol,high_vol,post_covid
2022-04-22,101.2200012,1931.0,24.25699997,2.905999899,28.20999908,0.006342929,-0.007172571,0.003850681,0.008779312,0.001462932,-0.0001449,0.0041280579323367365,0.009530682029956517,low_vol,high_vol,post_covid
2022-04-25,101.75,1893.199951,23.66799927,2.825999975,27.02000046,0.005222446,-0.01976951,0.00394718,0.009241896,0.001935061,-0.002524387,0.0042322710972687964,0.009449703431417534,high_vol,high_vol,post_covid
2022-04-26,102.3000031,1901.400024,23.54199982,2.772000074,33.52000046,0.005390878,0.004321977,0.004029609,0.009316247,0.002343976,-0.002231157,0.00427297788098684,0.010357246086731633,high_vol,high_vol,post_covid
2022-04-27,102.9499969,1885.900024,23.45800018,2.818000078,31.60000038,0.006333701,-0.008185296,0.004151478,0.009346911,0.002617741,-0.004469378,0.004319322826376381,0.01011652284071255,high_vol,high_vol,post_covid
2022-04-28,103.6200027,1888.699951,23.12899971,2.862999916,29.98999977,0.006486984,0.001483562,0.003743405,0.008872627,0.003676095,-0.004771303,0.004410539823739686,0.010041310609096028,high_vol,high_vol,post_covid
2022-04-29,102.9599991,1909.300049,23.04000092,2.887000084,33.40000153,-0.006389833,0.010847972,0.003763403,0.008850751,0.002597548,-0.00317536,0.004504258712303917,0.009774371909173591,high_vol,high_vol,post_covid
2022-05-02,103.7399979,1861.800049,22.54400063,2.996000051,32.34000015,0.007547194,-0.02519292,0.003878461,0.010107757,0.002894784,-0.006301664,0.004594423929528547,0.009843890248773565,high_vol,high_vol,post_covid
2022-05-03,103.4700012,1868.800049,22.62100029,2.960000038,29.25,-0.002606021,0.003752752,0.004033792,0.009700116,0.002455734,-0.004545162,0.004736274147445964,0.011319869923724626,high_vol,high_vol,post_covid
2022-05-04,102.5899963,1867.0,22.36199951,2.917000055,25.42000008,-0.008541301,-0.000963675,0.004656351,0.009585583,0.002167783,-0.004467533,0.00467374158171923,0.011016963538006092,high_vol,high_vol,post_covid
2022-05-05,103.75,1874.0,22.39999962,3.065999985,31.20000076,0.011243733,0.003742319,0.005064113,0.009645003,0.003103071,-0.003713539,0.004881593031400238,0.010700744616258496,high_vol,high_vol,post_covid
2022-05-06,103.6600037,1881.199951,22.32500076,3.122999907,30.19000053,-0.000867811,0.003834661,0.00510122,0.009703285,0.002381997,-0.002612816,0.005259034308902452,0.01042962726599101,high_vol,high_vol,post_covid
2022-05-09,103.6500015,1857.099976,21.78199959,3.078999996,34.75,-9.65e-05,-0.012893727,0.005119399,0.009812389,0.001850103,-0.001925238,0.005157697693234012,0.010174616234987499,high_vol,high_vol,post_covid
2022-05-10,103.9199982,1839.900024,21.38999939,2.993000031,32.99000168,0.002601501,-0.009304882,0.005112728,0.009839195,0.001571165,-0.003287923,0.005055681057731583,0.010373755398360917,high_vol,high_vol,post_covid
2022-05-11,103.8499985,1852.599976,21.54999924,2.921000004,32.56000137,-0.000673819,0.006878809,0.005142882,0.010020662,0.000870413,-0.001781513,0.004980575636707355,0.010335629766093207,high_vol,high_vol,post_covid
2022-05-12,104.8499985,1823.800049,20.75699997,2.816999912,31.77000046,0.009583207,-0.015667781,0.00540483,0.009675529,0.001180035,-0.003496647,0.004884937435521988,0.01017225350929983,high_vol,high_vol,post_covid
2022-05-13,104.5599976,1807.400024,20.98399925,2.934999943,28.87000084,-0.002769697,-0.009032901,0.005335871,0.009550214,0.001542049,-0.005484735,0.005136330907283021,0.010587445963076876,high_vol,high_vol,post_covid
2022-05-16,104.1900024,1813.5,21.53499985,2.877000093,27.46999931,-0.003544867,0.003369318,0.005451155,0.009695379,0.000432843,-0.002628511,0.005065112693978753,0.01052022303330275,high_vol,high_vol,post_covid
2022-05-17,103.3600006,1818.199951,21.73699951,2.967999935,26.10000038,-0.007998133,0.002588294,0.005810074,0.009543802,-0.000106368,-0.002744957,0.0050150701046775825,0.010251797961222258,high_vol,high_vol,post_covid
2022-05-18,103.8099976,1815.900024,21.53300095,2.885999918,30.95999908,0.004344236,-0.001265748,0.005849584,0.009296841,0.001182186,-0.002775164,0.005162164997518714,0.009985390434150001,high_vol,high_vol,post_covid
2022-05-19,102.7200012,1841.199951,21.89800072,2.855000019,29.35000038,-0.01055543,0.01383628,0.006227149,0.0100387,-0.000997731,-0.001765768,0.005128140859398158,0.009723209392229005,high_vol,high_vol,post_covid
2022-05-20,103.1500015,1841.800049,21.66900063,2.786999941,29.43000031,0.004177402,0.000325874,0.006261699,0.010058315,-0.000493209,-0.002116646,0.005437233670626063,0.010002475004856418,high_vol,high_vol,post_covid
2022-05-23,102.0800018,1847.800049,21.72299957,2.858999968,28.47999954,-0.010427417,0.003252388,0.006631671,0.010078266,-0.001526302,-0.000502035,0.005388218658533612,0.00973300271325666,high_vol,high_vol,post_covid
2022-05-24,101.8600006,1865.099976,22.06299973,2.75999999,29.45000076,-0.00215751,0.009318889,0.00655864,0.009510931,-0.002002203,0.001360342,0.0056635934596840345,0.009504358495930627,high_vol,high_vol,post_covid
2022-05-25,102.0599976,1846.199951,21.86000061,2.749000072,28.37000084,0.001961524,-0.010185212,0.006461014,0.009652804,-0.001738668,-0.00034606,0.0055662468213103725,0.00950791854491773,high_vol,high_vol,post_covid
2022-05-26,101.8300018,1847.400024,21.94099998,2.756000042,27.5,-0.002256078,0.000649812,0.006302511,0.009534224,-0.002922597,0.0012857,0.005466705888835255,0.009587100569545754,high_vol,high_vol,post_covid
2022-05-27,101.6699982,1851.300049,22.05999947,2.743000031,25.71999931,-0.001572518,0.002108863,0.006096456,0.009543282,-0.002802879,0.002399876,0.005376285454255102,0.009339447033461233,high_vol,low_vol,post_covid
2022-05-31,101.75,1842.699951,21.65099907,2.844000101,26.19000053,0.000786568,-0.004656261,0.00597351,0.009177438,-0.002369735,0.001597318,0.005278598387319935,0.009115088347589466,high_vol,low_vol,post_covid
2022-06-01,102.5500031,1843.300049,21.88400078,2.930999994,25.69000053,0.00783169,0.000325609,0.005993113,0.007433739,-0.000786753,0.00137105,0.005175425481003059,0.008966743843940082,high_vol,low_vol,post_covid
2022-06-02,101.7699966,1866.5,22.25399971,2.913000107,24.71999931,-0.007635182,0.012507549,0.006177064,0.00791278,-0.001984695,0.002748379,0.005293928439923265,0.008751280229619109,high_vol,low_vol,post_covid
2022-06-03,102.1399994,1845.400024,21.88999939,2.957000017,24.79000092,0.003629083,-0.01136895,0.005981168,0.008289119,-0.000566244,0.000227856,0.0054017936439085465,0.00902950673574602,high_vol,low_vol,post_covid
2022-06-06,102.4400024,1839.199951,22.0739994,3.038000107,25.06999969,0.00293287,-0.003365401,0.005435527,0.008249933,-0.000690697,-0.000141271,0.0053390665359435,0.0092295985138797,high_vol,low_vol,post_covid
2022-06-07,102.3199997,1847.5,22.1590004,2.971999884,24.02000046,-0.001172131,0.004502706,0.005436668,0.008270336,0.000234832,-1.62e-05,0.005262245966234674,0.009040338192635562,high_vol,low_vol,post_covid
2022-06-08,102.5400009,1851.900024,22.0739994,3.029000044,23.95999908,0.002147821,0.002378778,0.005469425,0.007818456,0.000665365,-0.000710251,0.0051632749276472115,0.008878920630678102,high_vol,low_vol,post_covid
2022-06-09,103.2200012,1848.800049,21.79700089,3.04399991,26.09000015,0.006609669,-0.001675346,0.005650474,0.007543396,0.001130179,0.000140736,0.00507721221846384,0.008683130355971952,high_vol,low_vol,post_covid
2022-06-10,104.1500015,1871.5,21.91300011,3.155999899,27.75,0.008969538,0.012203442,0.006001395,0.007860869,0.002252741,0.001296099,0.005137885617250381,0.008494971901689746,high_vol,low_vol,post_covid
2022-06-13,105.0800018,1828.0,21.23600006,3.365999937,34.02000046,0.0088898,-0.023517775,0.0059485,0.008798084,0.003298973,-0.001266565,0.005326970152870741,0.008776943528676402,high_vol,low_vol,post_covid
2022-06-14,105.5199966,1809.5,20.93600082,3.48300004,32.68999863,0.004178494,-0.010171909,0.005973829,0.008860553,0.003638165,-0.00181813,0.005496836274037858,0.010254804057628457,high_vol,high_vol,post_covid
2022-06-15,105.1600037,1815.300049,21.40200043,3.394999981,29.62000084,-0.003417442,0.003200206,0.005969648,0.008857466,0.002513252,-0.00153067,0.005445776929007934,0.010272782893841797,high_vol,high_vol,post_covid
2022-06-16,103.6299973,1845.699951,21.86700058,3.306999922,32.95000076,-0.014656198,0.016607813,0.006585336,0.009559107,0.00181115,-0.001120644,0.005379862345064509,0.010014449529350664,high_vol,high_vol,post_covid
2022-06-17,104.6999969,1835.599976,21.57299995,3.239000082,31.12999916,0.010272252,-0.005487193,0.006895047,0.009646824,0.002475467,-0.000532468,0.0060040204557502575,0.010489494593550861,high_vol,high_vol,post_covid
2022-06-21,104.4400024,1834.599976,21.75399971,3.306999922,30.19000053,-0.002486322,-0.000544929,0.00646505,0.009151526,0.001933548,-0.000250421,0.006209048955813391,0.010285142574703721,high_vol,high_vol,post_covid
2022-06-22,104.1999969,1834.300049,21.40699959,3.155999899,28.95000076,-0.002300667,-0.000163497,0.006449909,0.009150821,0.001820695,-0.000717041,0.006102147176968861,0.010003051452047945,high_vol,high_vol,post_covid
2022-06-23,104.4300003,1825.699951,21.03199959,3.068000078,29.04999924,0.002204893,-0.004699516,0.00595136,0.009165578,0.001826402,-0.00142487,0.005995228891229649,0.009733964818051093,high_vol,high_vol,post_covid
2022-06-24,104.1900024,1826.5,21.11599922,3.125,27.22999954,-0.002300815,0.000438119,0.005955343,0.008886997,0.000935353,-0.001213524,0.005887721399494744,0.009549901917551592,high_vol,high_vol,post_covid
2022-06-27,103.9400024,1820.900024,21.1590004,3.194000006,26.95000076,-0.002402346,-0.003070669,0.005998912,0.008651661,-0.000201835,-0.002740935,0.005786545659424344,0.009303776345144286,high_vol,low_vol,post_covid
2022-06-28,104.5100021,1817.5,20.79700089,3.20600009,28.36000061,0.005468948,-0.001868967,0.006034433,0.008650097,-0.00054392,-0.000576054,0.005689748614044977,0.009104027979261419,high_vol,low_vol,post_covid
2022-06-29,105.1100006,1813.699951,20.66799927,3.092999935,28.15999985,0.005724646,-0.002093,0.006074524,0.008628575,-0.000389305,0.000231837,0.0056733592245450095,0.008895102411293227,high_vol,low_vol,post_covid
2022-06-30,104.6900024,1804.099976,20.28199959,2.971999884,28.70999908,-0.004003801,-0.005307092,0.006194743,0.008643606,-0.000447941,-0.000618893,0.005667134994693686,0.00870087380781447,high_vol,low_vol,post_covid
2022-07-01,105.1399994,1798.900024,19.59700012,2.888999939,26.70000076,0.004289164,-0.002886458,0.006056282,0.008647245,0.001446595,-0.00256832,0.005609289918601852,0.008600440881493988,high_vol,low_vol,post_covid
2022-07-05,106.5,1761.800049,19.05200005,2.809000015,27.54000092,0.012852196,-0.020839339,0.006212084,0.00906352,0.00170459,-0.004103535,0.005557511927892288,0.008437182815049332,high_vol,low_vol,post_covid
2022-07-06,107.0999985,1734.900024,19.08499908,2.913000107,26.72999954,0.005617978,-0.015386252,0.006250591,0.00929402,0.00251502,-0.005587667,0.0059892569891704505,0.009644366464701569,high_vol,high_vol,post_covid
2022-07-07,107.1299973,1737.900024,19.12199974,3.007999897,26.07999992,0.000280061,0.001727713,0.006263064,0.009348664,0.002773092,-0.005398546,0.005966095730443321,0.01009621361329948,high_vol,high_vol,post_covid
2022-07-08,107.0100021,1740.599976,19.16699982,3.101000071,24.63999939,-0.001120717,0.001552366,0.006261718,0.009256762,0.002440531,-0.004773358,0.005844685698690147,0.009828393342789603,high_vol,high_vol,post_covid
2022-07-11,108.0199966,1730.0,19.06699944,2.990999937,26.17000008,0.009394056,-0.006108459,0.006459056,0.009202715,0.003610019,-0.005428016,0.0057307341302227244,0.009572922149945158,high_vol,high_vol,post_covid
2022-07-12,108.0699997,1723.300049,18.89900017,2.957999945,27.29000092,0.000462798,-0.003880323,0.006401539,0.009196518,0.003896533,-0.005508981,0.0059019508723769905,0.009445672584852917,high_vol,high_vol,post_covid
2022-07-13,107.9599991,1734.199951,19.13800049,2.904000044,26.81999969,-0.001018383,0.006305098,0.006241415,0.008778394,0.0032478,-0.004691575,0.00578243035251902,0.009256220801249493,high_vol,low_vol,post_covid
2022-07-14,108.5400009,1704.5,18.16900063,2.960000038,26.39999962,0.005357997,-0.017274371,0.006083896,0.008154667,0.003211135,-0.006209712,0.005669232059204246,0.009139582111949502,high_vol,low_vol,post_covid
2022-07-15,108.0599976,1702.400024,18.54800034,2.930000067,24.22999954,-0.004432171,-0.001232778,0.006186667,0.008011776,0.003168298,-0.00580228,0.00564969267379397,0.009833094603308428,high_vol,high_vol,post_covid
2022-07-18,107.3700027,1709.199951,18.79100037,2.960000038,25.29999924,-0.006405767,0.003986362,0.006329282,0.008043505,0.002098805,-0.005114998,0.005604920367820275,0.009578495717525363,high_vol,high_vol,post_covid
2022-07-19,106.6800003,1710.0,18.67000008,3.019000053,24.5,-0.006447137,0.000467974,0.005515835,0.006757885,0.000168872,-0.002984267,0.005635383285730711,0.009373191610758716,high_vol,low_vol,post_covid
2022-07-20,107.0800018,1699.5,18.63899994,3.036000013,23.87999916,0.003742534,-0.00615928,0.005162288,0.006768671,-1.87e-05,-0.00206157,0.005666167759610687,0.009136328623946267,high_vol,low_vol,post_covid
2022-07-21,106.9100037,1712.699951,18.68700027,2.910000086,23.11000061,-0.001588842,0.007736954,0.005135015,0.007188042,-0.000205563,-0.001460646,0.0055977821462435,0.00903950241614754,high_vol,low_vol,post_covid
2022-07-22,106.7300034,1727.099976,18.58499908,2.782999992,23.03000069,-0.001685081,0.008372643,0.005116275,0.007602168,-0.000262,-0.000778618,0.005494564770968,0.008997942718904207,high_vol,low_vol,post_covid
2022-07-25,106.4800034,1719.0,18.29400063,2.819999933,23.36000061,-0.002345107,-0.004700961,0.00516514,0.007602186,-0.001435916,-0.000637868,0.005395165471293107,0.008990539115369754,high_vol,low_vol,post_covid
2022-07-26,107.1900024,1717.699951,18.48699951,2.786999941,24.69000053,0.006645778,-0.000756568,0.005253905,0.00758065,-0.000817618,-0.000325493,0.005308236167690316,0.008851233653221605,high_vol,low_vol,post_covid
2022-07-27,106.4499969,1719.099976,18.5529995,2.733999968,23.23999977,-0.006927621,0.000814726,0.005502499,0.007624195,-0.001408542,-0.00087453,0.005358210028373729,0.008645107868199178,high_vol,low_vol,post_covid
2022-07-28,106.3499985,1750.300049,19.82699966,2.680999994,22.32999992,-0.000939835,0.017986346,0.005427394,0.00886735,-0.002038325,0.002651542,0.005425718691320151,0.008448180429735672,high_vol,low_vol,post_covid
2022-07-29,105.9000015,1762.900024,20.15600014,2.64199996,21.32999992,-0.00424026,0.007172964,0.005413756,0.009079722,-0.002019134,0.003492116,0.005320752306219515,0.009271747593908227,high_vol,low_vol,post_covid
2022-08-01,105.4499969,1769.0,20.3220005,2.605999947,22.84000015,-0.004258389,0.003454221,0.005424284,0.009090222,-0.001804396,0.003438902,0.005282018919734407,0.00918873018213226,high_vol,low_vol,post_covid
2022-08-02,106.2399979,1771.099976,20.10499954,2.740999937,23.93000031,0.007463788,0.001186394,0.005581673,0.009089966,-0.000413304,0.003510744,0.005245277130366478,0.008993982407874745,high_vol,low_vol,post_covid
2022-08-03,106.5100021,1758.0,19.86499977,2.747999907,21.95000076,0.002538232,-0.007424009,0.004845219,0.008014725,-0.000533734,0.003384271,0.005339446777426358,0.008779968187695657,high_vol,low_vol,post_covid
2022-08-04,105.6900024,1788.5,20.09900093,2.676000118,21.44000053,-0.007728593,0.01720048,0.004946359,0.008062168,-0.001147709,0.004330624,0.00525500618201848,0.008764326044952284,high_vol,low_vol,post_covid
2022-08-05,106.6200027,1772.900024,19.81900024,2.839999914,21.14999962,0.008760833,-0.008760642,0.005353888,0.008363283,-0.000103118,0.002617295,0.00537045726344308,0.009458199445136735,high_vol,high_vol,post_covid
2022-08-08,106.4400024,1786.800049,20.59199905,2.765000105,21.29000092,-0.001689668,0.0078097,0.005360071,0.008496249,-3.76e-05,0.003868361,0.005529393158635229,0.009459825673481442,high_vol,high_vol,post_covid
2022-08-09,106.3700027,1794.0,20.45800018,2.796999931,21.77000046,-0.000657861,0.004021426,0.004882967,0.008343932,-0.000767938,0.004346161,0.005429144211357349,0.009391830410312796,high_vol,low_vol,post_covid
2022-08-10,105.1999969,1795.599976,20.71800041,2.786000013,19.73999977,-0.011060337,0.000891451,0.005365485,0.008247935,-0.001181209,0.004353833,0.005322341215189855,0.009197877905475424,high_vol,low_vol,post_covid
2022-08-11,105.0899963,1789.699951,20.32600021,2.888000011,20.20000076,-0.00104618,-0.003291234,0.00536542,0.008260819,-0.001191844,0.002226075,0.005649981756852309,0.008971449147510736,high_vol,low_vol,post_covid
2022-08-12,105.6299973,1798.599976,20.67700005,2.848999977,19.53000069,0.005125305,0.00496059,0.005351241,0.007073807,-0.000255287,0.002004838,0.005540255423475934,0.008795359231652285,high_vol,low_vol,post_covid
2022-08-15,106.5500031,1781.400024,20.25099945,2.790999889,19.95000076,0.008671991,-0.009608985,0.005718454,0.007520354,0.001037751,0.000698517,0.005517683745297712,0.008662063720158176,high_vol,low_vol,post_covid
2022-08-16,106.5,1773.199951,20.06500053,2.823999882,19.69000053,-0.000469402,-0.004613789,0.005565423,0.007648992,0.000244432,0.000118499,0.005661163870101934,0.008778464329652557,high_vol,low_vol,post_covid
2022-08-17,106.5699997,1760.300049,19.71100044,2.892999887,19.89999962,0.000657058,-0.00730152,0.005391875,0.007897978,5.63e-05,0.000130748,0.005547886550555424,0.00864962022291001,high_vol,low_vol,post_covid
2022-08-18,107.4800034,1755.300049,19.44799995,2.880000114,19.55999947,0.008502772,-0.002844467,0.005652988,0.007771871,0.001679451,-0.001873747,0.005437532614255076,0.008637738084021707,high_vol,low_vol,post_covid
2022-08-19,108.1699982,1747.599976,19.05800056,2.989000082,20.60000038,0.006399232,-0.004396406,0.005795154,0.007738955,0.001443291,-0.001437323,0.005576682053382573,0.008471439336746569,high_vol,low_vol,post_covid
2022-08-22,109.0500031,1734.0,18.87299919,3.036999941,23.79999924,0.008102474,-0.007812526,0.005995846,0.007769759,0.002422505,-0.002999546,0.005602125678767416,0.008355156508616048,high_vol,low_vol,post_covid
2022-08-23,108.6200027,1746.800049,19.01199913,3.053999901,24.11000061,-0.003950943,0.007354692,0.006050949,0.007835422,0.002093197,-0.002666219,0.005708446965699501,0.008392424830405358,high_vol,low_vol,post_covid
2022-08-24,108.6800003,1747.800049,18.89500046,3.105999947,22.81999969,0.000552209,0.000572312,0.00590846,0.007827891,0.003254452,-0.002698133,0.00564776797850179,0.00838035103871972,high_vol,low_vol,post_covid
2022-08-25,108.4700012,1757.699951,19.11100006,3.026000023,21.78000069,-0.001934139,0.005648226,0.005684164,0.007898249,0.003165656,-0.001804187,0.0055346104482573745,0.008197300849494321,high_vol,low_vol,post_covid
2022-08-26,108.8000031,1736.099976,18.73999977,3.035000086,25.55999947,0.003037714,-0.012364904,0.005686231,0.007407256,0.002956897,-0.003536737,0.00543744639057836,0.008126331344698303,high_vol,low_vol,post_covid
2022-08-29,108.8399963,1736.599976,18.55500031,3.109999895,26.20999908,0.000367518,0.00028796,0.005557939,0.007205489,0.002126449,-0.002547042,0.0053598868860918625,0.008498710915644067,high_vol,low_vol,post_covid
2022-08-30,108.7699966,1723.199951,18.1590004,3.109999895,26.20999908,-0.00064335,-0.007746166,0.005431591,0.00729536,0.002109055,-0.00286028,0.005253180311438883,0.008308700290773866,high_vol,low_vol,post_covid
2022-08-31,108.6999969,1712.800049,17.76199913,3.132999897,25.87000084,-0.000643764,-0.006053512,0.005270461,0.007345407,0.001978972,-0.002735479,0.005150620105414208,0.008346140355700964,high_vol,low_vol,post_covid
2022-09-01,109.6900024,1696.599976,17.5510006,3.265000105,25.55999947,0.009066462,-0.009503253,0.005545502,0.00744131,0.002035341,-0.003401358,0.005050592217089847,0.008299274972492285,high_vol,low_vol,post_covid
2022-09-02,109.5299988,1709.800049,17.77599907,3.193000078,25.46999931,-0.001459754,0.007750199,0.005186597,0.006463056,0.001249443,-0.002186697,0.005252812717880293,0.008441668022783207,high_vol,low_vol,post_covid
2022-09-06,110.2099991,1700.400024,17.79500008,3.339999914,26.90999985,0.006189155,-0.005512901,0.005039817,0.006334358,0.001058111,-0.001956735,0.005157023042887001,0.00844520688471069,high_vol,low_vol,post_covid
2022-09-07,109.8399963,1715.300049,18.13699913,3.265000105,24.63999939,-0.0033629,0.008724489,0.005106825,0.006407827,0.001116915,-0.001819755,0.005193891447770346,0.008369535613440008,high_vol,low_vol,post_covid
2022-09-08,109.7099991,1708.0,18.32999992,3.292000055,23.61000061,-0.001184216,-0.004264926,0.005119208,0.006275844,0.000943273,-0.002303479,0.005134743626882669,0.008430809396069721,high_vol,low_vol,post_covid
2022-09-09,109.0,1716.199951,18.65800095,3.321000099,22.79000092,-0.00649263,0.004789421,0.004634145,0.00643188,0.000487423,-0.002389359,0.005039126435248906,0.008313061269866305,high_vol,low_vol,post_covid
2022-09-12,108.3300018,1728.099976,19.75499916,3.361999989,23.87000084,-0.006165741,0.006910009,0.004911626,0.006720424,-0.000432922,-0.000461868,0.005103061994376871,0.008204925698714829,high_vol,low_vol,post_covid
2022-09-13,109.8199997,1705.0,19.38999939,3.421999931,27.27000046,0.013660518,-0.013457414,0.005543781,0.007007799,0.000896378,-0.001836405,0.005148029360818137,0.008186019032022542,high_vol,low_vol,post_covid
2022-09-14,109.6600037,1696.5,19.47100067,3.411999941,26.15999985,-0.001457956,-0.004997805,0.005358336,0.006845758,0.000814917,-0.001561569,0.0056999857448691285,0.008645272592933576,high_vol,low_vol,post_covid
2022-09-15,109.7399979,1665.400024,19.17499924,3.459000111,26.27000046,0.000729209,-0.018501956,0.005344128,0.007695937,0.000952215,-0.002806414,0.005592729882686799,0.008537549081319356,high_vol,low_vol,post_covid
2022-09-16,109.7600021,1671.699951,19.29599953,3.447999954,26.29999924,0.000182271,0.003775694,0.005348551,0.007764722,6.38e-05,-0.001478519,0.005481600984579252,0.009453035472947645,high_vol,high_vol,post_covid
2022-09-19,109.7399979,1666.199951,19.27300072,3.49000001,25.76000023,-0.000182271,-0.003295488,0.005102353,0.007766464,0.000191544,-0.002583088,0.005371682106504139,0.009250129296900151,high_vol,low_vol,post_covid
2022-09-20,110.2200012,1659.699951,19.10199928,3.571000099,27.15999985,0.004364467,-0.003908722,0.005013053,0.007761177,9.08e-06,-0.00242267,0.0052646014123896665,0.009058155362330346,high_vol,low_vol,post_covid
2022-09-21,110.6399994,1664.599976,19.4109993,3.50999999,27.98999977,0.003803302,0.002948006,0.004786626,0.007745146,0.000725695,-0.003000318,0.00522741517311327,0.008892012971049924,high_vol,low_vol,post_covid
2022-09-22,111.3499985,1670.800049,19.54800034,3.707999945,27.35000038,0.006396698,0.003717743,0.004817571,0.007565375,0.001483787,-0.002202051,0.005175073058259666,0.008704450113864459,high_vol,low_vol,post_covid
2022-09-23,113.1900024,1645.300049,18.8409996,3.697000027,29.92000008,0.016389464,-0.015379815,0.00584425,0.008066011,0.003771996,-0.004218975,0.005220452254404509,0.00854328353815239,high_vol,low_vol,post_covid
2022-09-26,114.0999985,1623.300049,18.40600014,3.878000021,32.25999832,0.008007399,-0.013461624,0.005917258,0.008133703,0.00518931,-0.006256138,0.006026033854814084,0.00913376464079557,high_vol,low_vol,post_covid
2022-09-27,114.1100006,1626.699951,18.25699997,3.963999987,32.59999847,8.77e-05,0.002092248,0.005936587,0.007981853,0.003832024,-0.004701172,0.006102676359043808,0.009481996418735615,high_vol,high_vol,post_covid
2022-09-28,112.5999985,1660.400024,18.79599953,3.704999924,30.18000031,-0.013321199,0.020505159,0.006838788,0.009487987,0.0026457,-0.002150875,0.0059778825888348016,0.009249832753249514,high_vol,low_vol,post_covid
2022-09-29,112.25,1658.5,18.61100006,3.746999979,31.84000015,-0.003113176,-0.001144972,0.006900568,0.009401809,0.002261461,-0.000415177,0.006412160724801386,0.010220234548440453,high_vol,high_vol,post_covid
2022-09-30,112.1200027,1662.400024,18.95999908,3.803999901,31.62000084,-0.001158776,0.002348777,0.006909476,0.009391523,0.002127357,-0.000557869,0.0063106799281816735,0.009945053733181941,high_vol,high_vol,post_covid
2022-10-03,111.75,1692.900024,20.5189991,3.651000023,30.10000038,-0.003305517,0.018180693,0.006755571,0.01011556,0.001815032,0.001589749,0.0061856150942706835,0.009691522895614967,high_vol,high_vol,post_covid
2022-10-04,110.0699997,1721.099976,21.03700066,3.617000103,29.06999969,-0.015147709,0.016520558,0.007600691,0.0106243,-0.000136186,0.003632677,0.006094531719934226,0.010353095843348915,high_vol,high_vol,post_covid
2022-10-05,111.0699997,1711.400024,20.47900009,3.759000063,28.54999924,0.009044106,-0.005651844,0.007736844,0.010628153,0.000387895,0.002772692,0.00666712410406873,0.010781460178268157,high_vol,high_vol,post_covid
2022-10-06,112.2600021,1711.699951,20.59499931,3.825999975,30.52000046,0.010656998,0.000175237,0.007999059,0.010451881,0.000813925,0.002418442,0.006759569380572657,0.010565391711308287,high_vol,high_vol,post_covid
2022-10-07,112.8000031,1700.5,20.19199944,3.882999897,31.36000061,0.004798738,-0.006564675,0.008022475,0.01050959,-0.000345148,0.003299956,0.00693390470441658,0.010267651397826672,high_vol,high_vol,post_covid
2022-10-10,113.1399994,1667.300049,19.55599976,3.888000011,32.45000076,0.003009618,-0.019716745,0.007825182,0.011260489,-0.000844926,0.002674444,0.006851923322554056,0.010113772548684723,high_vol,high_vol,post_covid
2022-10-11,113.2200012,1678.699951,19.42700005,3.938999891,33.63000107,0.000706855,0.006814074,0.007617427,0.011256978,-0.000783006,0.003146626,0.006733953665454554,0.010915739045025605,high_vol,high_vol,post_covid
2022-10-12,113.3199997,1670.300049,18.87800026,3.90199995,33.56999969,0.000882833,-0.005016375,0.007143622,0.010950744,0.000637397,0.000594473,0.0065954637066197854,0.0107150884569602,high_vol,high_vol,post_covid
2022-10-13,112.3600006,1670.0,18.8579998,3.951999903,31.94000053,-0.008507665,-0.000179654,0.007448419,0.010912745,9.79e-05,0.000691005,0.006460994515240182,0.010483913813037836,high_vol,high_vol,post_covid
2022-10-14,113.3099976,1641.699951,18.01499939,4.010000229,32.02000046,0.008419396,-0.017091366,0.007613484,0.010801789,0.001055765,-0.00125301,0.006545200595077765,0.01019067157101027,high_vol,high_vol,post_covid
2022-10-17,112.0400009,1657.0,18.67399979,4.014999866,31.37000084,-0.011271445,0.009276478,0.008108604,0.010980523,0.000259173,-0.002143431,0.006613586562908704,0.010728357140480167,high_vol,high_vol,post_covid
2022-10-18,112.1299973,1649.0,18.57099915,3.997999907,30.5,0.000802929,-0.004839695,0.008104398,0.01100588,0.001854236,-0.004279456,0.006844126314325127,0.010640988652128583,high_vol,high_vol,post_covid
2022-10-19,112.9800034,1627.5,18.33600044,4.126999855,30.76000023,0.007551954,-0.013123948,0.008199343,0.011327835,0.001705021,-0.005026667,0.006703414297195239,0.010409055925549339,high_vol,high_vol,post_covid
2022-10-20,112.8799973,1630.800049,18.66600037,4.225999832,29.97999954,-0.000885558,0.002025627,0.008188105,0.011313814,0.000550765,-0.004841628,0.006724708582178606,0.010602564378889593,high_vol,high_vol,post_covid
2022-10-21,112.0100021,1651.0,19.04299927,4.212999821,29.69000053,-0.007737111,0.012310443,0.008298536,0.011642691,-0.000702819,-0.002954116,0.0065879058051874365,0.010311782814197428,high_vol,high_vol,post_covid
2022-10-24,111.9899979,1648.699951,19.17399979,4.234000206,29.85000038,-0.00017861,-0.001394096,0.007432984,0.011142295,-0.001021642,-0.001121851,0.0066289564766342955,0.01042775363864954,high_vol,high_vol,post_covid
2022-10-25,110.9499969,1652.800049,19.3390007,4.107999802,28.45999908,-0.009329941,0.00248378,0.00740271,0.010706835,-0.002025322,-0.001554881,0.006491939773445343,0.010144141852408063,high_vol,high_vol,post_covid
2022-10-26,109.6999969,1664.0,19.47999954,4.014999866,27.28000069,-0.011330282,0.006753493,0.007706227,0.010781764,-0.003246633,-0.000377894,0.006617052509647001,0.00988194656869031,high_vol,high_vol,post_covid
2022-10-27,110.5899963,1660.699951,19.47800064,3.937000036,27.38999939,0.008080297,-0.001985172,0.007530203,0.009830772,-0.001587837,-0.000558446,0.006851045565615198,0.009742183197904476,high_vol,high_vol,post_covid
2022-10-28,110.6699982,1639.599976,19.14699936,4.010000229,25.75,0.000723148,-0.012786876,0.007519276,0.01021964,-0.002357462,-0.000127997,0.006888161948599559,0.009500485874494022,high_vol,high_vol,post_covid
2022-10-31,111.5299988,1635.900024,19.125,4.077000141,25.87999916,0.007740818,-0.002259168,0.007738254,0.01020384,-0.000456236,-0.001281561,0.0067461000648870615,0.009757423179120402,high_vol,high_vol,post_covid
2022-11-01,111.4800034,1645.0,19.67300034,4.052000046,25.80999947,-0.000448369,0.005547258,0.007706922,0.009369277,-0.000581366,-0.000242866,0.006773448845170996,0.009518722809871679,high_vol,high_vol,post_covid
2022-11-02,111.3499985,1645.699951,19.60000038,4.059000015,25.86000061,-0.001166853,0.000425412,0.00690563,0.008445667,-0.001453246,0.00111207,0.006633638049484885,0.009359415513737524,high_vol,low_vol,post_covid
2022-11-03,112.9300003,1627.300049,19.43600082,4.124000072,25.29999924,0.01408978,-0.011243566,0.007292847,0.008647874,4.43e-05,-0.000214849,0.0065008105772715805,0.009123217777308661,high_vol,low_vol,post_covid
2022-11-04,110.8799973,1672.5,20.79000092,4.156000137,24.54999924,-0.01831965,0.027397283,0.008036164,0.010820458,-0.001013966,0.001293835,0.00692899795964331,0.009305596662542326,high_vol,low_vol,post_covid
2022-11-07,110.1200027,1676.5,20.89800072,4.214000225,24.35000038,-0.006877805,0.002388774,0.008048687,0.010770783,-0.001683886,0.001672122,0.007674586149928449,0.011125891502933296,high_vol,high_vol,post_covid
2022-11-08,109.6200027,1712.099976,21.47699928,4.125999928,25.54000092,-0.004550841,0.021012386,0.008022605,0.010837684,-0.001205976,0.003524982,0.007634314298252544,0.010812781584536302,high_vol,high_vol,post_covid
2022-11-09,110.5500031,1710.099976,21.29800034,4.151000023,26.09000015,0.00844807,-0.001168839,0.008302296,0.010773037,0.00077186,0.002732749,0.007527879233781003,0.011601100172527128,high_vol,high_vol,post_covid
2022-11-10,108.2099991,1750.300049,21.67700005,3.828999996,23.53000069,-0.02139416,0.023235396,0.009384107,0.011721807,-0.002175586,0.005254806,0.0075487268805756865,0.011257829534390829,high_vol,high_vol,post_covid
2022-11-11,106.2900009,1766.0,21.64599991,3.812999964,22.52000046,-0.017902559,0.008929872,0.009909243,0.011796578,-0.004038157,0.007426481,0.008493607565577318,0.012211817240528482,high_vol,high_vol,post_covid
2022-11-14,106.6600037,1773.599976,22.09199905,3.86500001,23.72999954,0.003475023,0.004294263,0.009689518,0.010894708,-0.004464736,0.008081824,0.009022143135919217,0.01201318291341751,high_vol,high_vol,post_covid
2022-11-15,106.4000015,1773.800049,21.49900055,3.799000025,24.54000092,-0.002440648,0.0001128,0.00949684,0.010842735,-0.004663964,0.007538378,0.008854632289470678,0.011685291419597243,high_vol,high_vol,post_covid
2022-11-16,106.2799988,1773.0,21.50399971,3.691999912,24.11000061,-0.001128482,-0.000451138,0.009472988,0.010720756,-0.004660127,0.007450723,0.008679838928562467,0.011333163200933343,high_vol,high_vol,post_covid
2022-11-17,106.6900024,1760.800049,20.95499992,3.775000095,23.93000031,0.003850347,-0.006904748,0.009308601,0.010318293,-0.00568407,0.007884605,0.008498430302471615,0.010999062994732483,high_vol,high_vol,post_covid
2022-11-18,106.9300003,1751.900024,20.97599983,3.818000078,23.12000084,0.002246962,-0.005067352,0.009364529,0.010492144,-0.003627409,0.004638141,0.008350567518497552,0.010813011820674885,high_vol,high_vol,post_covid
2022-11-21,107.8399963,1737.400024,20.84900093,3.825000048,22.36000061,0.008474196,-0.00831117,0.009583653,0.010582201,-0.002092209,0.003568147,0.008184502307216394,0.010577794483135804,high_vol,high_vol,post_covid
2022-11-22,107.2200012,1738.300049,21.0340004,3.757999897,21.29000092,-0.005765803,0.000517895,0.009613704,0.010555856,-0.002213705,0.001518698,0.008177200428894154,0.010476853836665589,high_vol,high_vol,post_covid
2022-11-23,106.0800018,1744.900024,21.35700035,3.70600009,20.35000038,-0.010689266,0.003789609,0.009669425,0.010559477,-0.004127439,0.002014543,0.008084638987892195,0.010183736375043778,high_vol,high_vol,post_covid
2022-11-25,105.9599991,1753.300049,21.42499924,3.690999985,20.5,-0.001131888,0.004802493,0.00943797,0.010529482,-0.002101212,0.000171252,0.008187207963486544,0.009940983653052684,high_vol,high_vol,post_covid
2022-11-28,106.6800003,1740.099976,20.90999985,3.703000069,22.20999908,0.006772046,-0.007557186,0.009374624,0.010716418,0.000366249,-0.001477453,0.008017305906474348,0.00973519678088199,high_vol,high_vol,post_covid
2022-11-29,106.8199997,1748.400024,21.20400047,3.747999907,21.88999939,0.00131147,0.004758529,0.009383147,0.010156948,0.000149893,-0.001431027,0.007955993789480057,0.0096573465115809,high_vol,high_vol,post_covid
2022-11-30,105.9499969,1746.0,21.54999924,3.703000069,20.57999992,-0.008177916,-0.001373641,0.009225182,0.010135578,-0.000423834,-0.001579671,0.007791741235198496,0.009466642078752165,high_vol,high_vol,post_covid
2022-12-01,104.7300034,1801.099976,22.63699913,3.529000044,19.84000015,-0.011581614,0.031070118,0.009422548,0.011831809,-0.001469147,0.001572455,0.0077953337475292536,0.009232527107540892,high_vol,low_vol,post_covid
2022-12-02,104.5500031,1795.900024,23.03800011,3.506000042,19.05999947,-0.001720187,-0.002891273,0.009418014,0.011908243,-0.0020262,0.001973802,0.007962263014727671,0.01159775376270644,high_vol,high_vol,post_covid
2022-12-05,105.2900009,1767.400024,22.1989994,3.598999977,20.75,0.007053001,-0.015996749,0.008889925,0.012255744,-0.001545596,0.000880863,0.007801925822576572,0.011274048450640792,high_vol,high_vol,post_covid
2022-12-06,105.5800018,1769.300049,22.12299919,3.513000011,22.17000008,0.00275052,0.001074462,0.008282506,0.011019652,-0.002117964,0.001819426,0.007757945288870936,0.011597952640642204,high_vol,high_vol,post_covid
2022-12-07,105.0999985,1785.5,22.70999908,3.407999992,22.68000031,-0.004556713,0.009114472,0.008234161,0.011108169,-0.001997055,0.002679084,0.007612467453958541,0.011251750337913036,high_vol,high_vol,post_covid
2022-12-08,104.7699966,1788.699951,23.06299973,3.490999937,22.29000092,-0.003144824,0.001790584,0.008219981,0.010313178,-0.00124261,0.002479181,0.007506828966104058,0.011121732709819896,high_vol,high_vol,post_covid
2022-12-09,104.8099976,1798.099976,23.53499985,3.566999912,22.82999992,0.000381725,0.005241467,0.007881228,0.010306944,-0.001091249,0.002523078,0.007375893335785677,0.0108030378925985,high_vol,high_vol,post_covid
2022-12-12,105.1299973,1780.5,23.21999931,3.611000061,25.0,0.00304849,-0.009836315,0.006669063,0.009453824,-0.001463605,0.002295165,0.0072215383253652595,0.010560645853447095,high_vol,high_vol,post_covid
2022-12-13,103.9800034,1813.900024,23.8010006,3.500999928,22.54999924,-0.010999048,0.018585013,0.005944415,0.010082129,-0.002694657,0.003677814,0.007094330661527267,0.010536798801340957,high_vol,high_vol,post_covid
2022-12-14,103.7699966,1807.5,23.94599915,3.503000021,21.13999939,-0.002021726,-0.003534562,0.00585573,0.010109585,-0.002079038,0.003461722,0.007274069652048909,0.011126732579834066,high_vol,high_vol,post_covid
2022-12-15,104.5599976,1777.199951,23.12800026,3.450000048,22.82999992,0.007584167,-0.01690561,0.006159525,0.010832258,-0.00016246,-0.001335851,0.007133502679102444,0.010838208185267637,high_vol,high_vol,post_covid
2022-12-16,104.6999969,1790.0,23.15099907,3.482000113,22.62000084,0.001338043,0.007176555,0.006177054,0.010940508,0.000143363,-0.000329068,0.007136619964461561,0.01128339243471076,high_vol,high_vol,post_covid
2022-12-19,104.7200012,1787.699951,23.02899933,3.58100009,22.42000008,0.000191045,-0.00128577,0.006092921,0.01081957,-0.000542832,0.00114203,0.006991939407574318,0.011073709857608461,high_vol,high_vol,post_covid
2022-12-20,103.9700012,1815.900024,24.09399986,3.684000015,21.47999954,-0.007187726,0.015651376,0.00619719,0.011203105,-0.001536657,0.002599721,0.006846295326763462,0.010756985104419694,high_vol,high_vol,post_covid
2022-12-21,104.1600037,1815.900024,24.03499985,3.684000015,20.06999969,0.001825806,0.0,0.00582986,0.010975941,-0.000898405,0.001688274,0.006851852435811709,0.01107093769635751,high_vol,high_vol,post_covid
2022-12-22,104.4300003,1787.0,23.47599983,3.66899991,21.96999931,0.00258878,-0.01604299,0.005820245,0.011668707,-0.000325045,-9.51e-05,0.006718167520703147,0.010748496077288278,high_vol,high_vol,post_covid
2022-12-23,104.3099976,1795.900024,23.76399994,3.750999928,20.87000084,-0.001149782,0.004968066,0.005404568,0.011684023,-0.000478195,-0.000122424,0.006597190784775752,0.011131349165691758,high_vol,high_vol,post_covid
2022-12-27,104.1800003,1814.800049,24.04000092,3.859999895,21.64999962,-0.001247036,0.010468993,0.005404979,0.011831711,-0.000907748,0.001908107,0.006465119454061768,0.010864100548484721,high_vol,high_vol,post_covid
2022-12-28,104.4599991,1807.900024,23.66300011,3.887000084,22.13999939,0.002684039,-0.003809332,0.005187618,0.011713695,0.000460561,-0.000331327,0.006336980739729323,0.010827302915394839,high_vol,high_vol,post_covid
2022-12-29,103.8399963,1819.5,24.07799911,3.835000038,21.44000053,-0.005952997,0.006395774,0.005267274,0.01173965,6.74e-05,0.000661706,0.006227548051814898,0.010560094025185563,high_vol,high_vol,post_covid
2022-12-30,103.5199966,1819.699951,23.86199951,3.878999949,21.67000008,-0.003086419,0.000109887,0.005049835,0.01172343,-0.000999625,0.002363256,0.006211907813284574,0.01036623824004317,high_vol,high_vol,post_covid
2023-01-03,104.5199966,1839.699951,24.05900002,3.792999983,22.89999962,0.00961361,0.010930863,0.004968644,0.009906798,-0.000172068,0.002738687,0.00611560280143187,0.010078445895209167,high_vol,high_vol,post_covid
2023-01-04,104.25,1852.800049,23.79199982,3.709000111,22.01000023,-0.002586548,0.007095546,0.004986372,0.00994978,-0.000449827,0.003576818,0.006273023900637269,0.010128038278295663,high_vol,high_vol,post_covid
2023-01-05,105.0400009,1834.800049,23.25799942,3.720000029,22.45999908,0.007549378,-0.009762524,0.005023199,0.009484205,0.001023883,0.001035428,0.006166016041866305,0.009985778075086538,high_vol,high_vol,post_covid
2023-01-06,103.8799973,1864.199951,23.8220005,3.569000006,21.12999916,-0.011104878,0.01589647,0.005514187,0.009968083,-0.000269185,0.002625075,0.006213388327207584,0.010001580486208715,high_vol,high_vol,post_covid
2023-01-09,103.0,1872.699951,23.71199989,3.51699996,21.96999931,-0.008507372,0.004549233,0.005713519,0.009865596,-0.001378801,0.004684298,0.006464532201507616,0.010416835385972519,high_vol,high_vol,post_covid
2023-01-10,103.2399979,1871.599976,23.50699997,3.621000051,20.57999992,0.002327366,-0.000587547,0.005733697,0.009885011,-0.001031086,0.004128736,0.006548525754995864,0.010178156436609137,high_vol,high_vol,post_covid
2023-01-11,103.1900024,1874.599976,23.32699966,3.553999901,21.09000015,-0.000484381,0.001601623,0.005728636,0.009860109,-0.00095482,0.003241999,0.006428305695900543,0.009901654648768923,high_vol,high_vol,post_covid
2023-01-12,102.25,1895.5,23.86300087,3.448999882,18.82999992,-0.009151178,0.011087366,0.00593974,0.009661101,-0.002138342,0.004731669,0.006296751034764715,0.009642787800411815,high_vol,high_vol,post_covid
2023-01-13,102.1999969,1918.400024,24.2310009,3.510999918,18.35000038,-0.000489147,0.012008862,0.005510959,0.009226828,-0.001591957,0.005292978,0.006424291508485702,0.009738135846489656,high_vol,high_vol,post_covid
2023-01-17,102.3899994,1907.199951,23.94400024,3.535000086,19.36000061,0.001857398,-0.005855346,0.005533708,0.00931827,-0.001097575,0.004696455,0.00629284796630584,0.009884862033197066,high_vol,high_vol,post_covid
2023-01-18,102.3600006,1904.400024,23.53000069,3.375,20.34000015,-0.000293028,-0.001469161,0.005205797,0.008254335,-0.002088239,0.003456452,0.006173403410949158,0.00972883067417041,high_vol,high_vol,post_covid
2023-01-19,102.0599976,1922.099976,23.75399971,3.397000074,20.52000046,-0.002935166,0.009251314,0.005192819,0.008315349,-0.002123101,0.003672029,0.006047349430644552,0.009481861987079577,high_vol,high_vol,post_covid
2023-01-20,102.0100021,1926.400024,23.82999992,3.483999968,19.85000038,-0.000489983,0.002234663,0.005185714,0.0082516,-0.002927037,0.004871748,0.005952802382601088,0.009483523920846568,high_vol,high_vol,post_covid
2023-01-23,102.1399994,1927.099976,23.45199966,3.525000095,19.80999947,0.001273547,0.000363281,0.005027476,0.007792985,-0.001689195,0.003318429,0.005832589549999589,0.009252953153640494,high_vol,low_vol,post_covid
2023-01-24,101.9199982,1933.900024,23.64900017,3.469000101,19.20000076,-0.002156241,0.003522432,0.004996681,0.007766885,-0.001054081,0.003215749,0.005719032032088287,0.009022292768083496,high_vol,low_vol,post_covid
2023-01-25,101.6399994,1941.199951,23.8390007,3.461999893,19.07999992,-0.002751021,0.003767611,0.004938568,0.006425868,-0.00156192,0.003651265,0.005620175533114815,0.008838394462745858,high_vol,low_vol,post_covid
2023-01-26,101.8399963,1929.099976,23.93000031,3.493000031,18.72999954,0.001965766,-0.006252753,0.00498951,0.006792295,-0.001316905,0.002865827,0.005534309871344986,0.00867050687849449,high_vol,low_vol,post_covid
2023-01-27,101.9300003,1928.599976,23.52700043,3.517999887,18.51000023,0.000883388,-0.000259222,0.00500887,0.006636243,-0.000313449,0.001731168,0.005435664196817391,0.008609234526295624,high_vol,low_vol,post_covid
2023-01-30,102.2799988,1922.900024,23.64500046,3.551000118,19.94000053,0.003427832,-0.002959863,0.005039057,0.006595792,7.82e-05,0.000234296,0.005329167842675849,0.008413920494768216,high_vol,low_vol,post_covid
2023-01-31,102.0999985,1929.5,23.74799919,3.529000044,19.39999962,-0.001761428,0.003426426,0.004914717,0.006549594,-0.000283634,0.001162473,0.005263778364943464,0.008263226414052421,high_vol,low_vol,post_covid
2023-02-01,101.2200012,1927.800049,23.52099991,3.397000074,17.87000084,-0.008656332,-0.00088142,0.005186779,0.006573444,-0.001119964,0.001221247,0.005171436654011879,0.008121789293466583,high_vol,low_vol,post_covid
2023-02-02,101.75,1916.300049,23.5340004,3.395999908,18.72999954,0.005222446,-0.005983213,0.00480932,0.006556885,-0.000304203,-0.000302206,0.00534712869479554,0.007957218094902378,high_vol,low_vol,post_covid
2023-02-03,102.9199982,1862.900024,22.33399963,3.532000065,18.32999992,0.011433145,-0.028261843,0.005536792,0.009181713,0.00088811,-0.003351856,0.00533588929027548,0.007935499884904329,high_vol,low_vol,post_covid
2023-02-06,103.6200027,1866.199951,22.17700005,3.634000063,19.43000031,0.006778418,0.001769825,0.005482263,0.008892689,0.001438597,-0.003211202,0.00567969458674087,0.010300413303095678,high_vol,high_vol,post_covid
2023-02-07,103.4300003,1871.699951,22.11700058,3.674000025,18.65999985,-0.00183533,0.002942831,0.004945091,0.008217373,0.001470688,-0.003269162,0.005716711933256989,0.010022544069637165,high_vol,high_vol,post_covid
2023-02-08,103.4100037,1877.400024,22.36700058,3.653000116,19.62999916,-0.000193354,0.003040771,0.004565558,0.008183898,0.001726455,-0.003341846,0.005613425814433812,0.009773236984671387,high_vol,high_vol,post_covid
2023-02-09,103.2200012,1866.199951,22.09700012,3.683000088,20.70999908,-0.00183906,-0.005983602,0.004558518,0.008291211,0.001345973,-0.003314931,0.005500534464857916,0.009538778370041306,high_vol,high_vol,post_covid
2023-02-10,103.6299973,1862.800049,22.0340004,3.743999958,20.53000069,0.003964192,-0.001823493,0.004638004,0.008288976,0.001654053,-0.003471358,0.005402966843056767,0.009409037135857373,high_vol,low_vol,post_covid
2023-02-13,103.3499985,1851.900024,21.81800079,3.717000008,20.34000015,-0.002705565,-0.005868606,0.00417856,0.007942813,0.001040713,-0.003762232,0.005349089952736594,0.009183007445801314,high_vol,low_vol,post_covid
2023-02-14,103.2300034,1854.0,21.84199905,3.760999918,18.90999985,-0.00116173,0.001133315,0.004189162,0.00737937,0.001100683,-0.003991543,0.005270211503483085,0.00907185168711435,high_vol,low_vol,post_covid
2023-02-15,103.9199982,1834.199951,21.54599953,3.809000015,18.22999954,0.006661814,-0.010737075,0.00439445,0.007593061,0.002632498,-0.004977109,0.005170944053053186,0.008853338975803503,high_vol,low_vol,post_covid
2023-02-16,103.8600006,1842.0,21.68400002,3.842999935,20.17000008,-0.00057751,0.004243545,0.004398122,0.007709152,0.002052502,-0.003954433,0.005229010891222674,0.009026326080292059,high_vol,low_vol,post_covid
2023-02-17,103.8600006,1840.400024,21.69400024,3.828000069,20.02000046,0.0,-0.000868985,0.004323062,0.007303428,0.000909187,-0.001215147,0.0051267133700141345,0.008858932069619628,high_vol,low_vol,post_covid
2023-02-21,104.1800003,1833.0,21.86899948,3.954999924,22.87000084,0.003076331,-0.004028984,0.004338533,0.007246589,0.000538979,-0.001795028,0.005025365393111209,0.008653147855504875,high_vol,low_vol,post_covid
2023-02-22,104.5899963,1832.0,21.6609993,3.923000097,22.29000092,0.003927735,-0.000545703,0.004385238,0.007232168,0.001115285,-0.002143882,0.0049612382891278325,0.008514650868814722,high_vol,low_vol,post_covid
2023-02-23,104.5999985,1818.0,21.29899979,3.878999949,21.13999939,9.56e-05,-0.00767127,0.004328054,0.007185429,0.001144183,-0.003215086,0.004921761668814696,0.008325768619838391,high_vol,low_vol,post_covid
2023-02-24,105.2099991,1808.800049,20.80599976,3.948999882,21.67000008,0.005814807,-0.005073327,0.004337146,0.007029911,0.00190957,-0.003124058,0.004825411903728924,0.008357839811418535,high_vol,low_vol,post_covid
2023-02-27,104.6699982,1817.0,20.67000008,3.921999931,20.95000076,-0.005145818,0.00452312,0.004581509,0.007199736,0.000998569,-0.002489397,0.004862284005516535,0.008271665122603878,high_vol,low_vol,post_covid
2023-02-28,104.8700027,1828.900024,20.96100044,3.915999889,20.70000076,0.001908988,0.006527917,0.004582254,0.007469184,0.001460024,-0.001249745,0.00487474800694061,0.008158073305087244,high_vol,low_vol,post_covid
2023-03-01,104.4800034,1837.699951,20.95899963,3.993999958,20.57999992,-0.003725816,0.004800057,0.004685129,0.007636801,0.001203616,-0.00088307,0.004792986313095568,0.008125519531746658,high_vol,low_vol,post_covid
2023-03-02,105.0299988,1833.5,20.76600075,4.072999954,19.59000015,0.005250314,-0.002288055,0.004727151,0.00752891,0.001062466,-3.82e-05,0.004757775544509062,0.00802986977752705,high_vol,low_vol,post_covid
2023-03-03,104.5199966,1847.699951,21.09300041,3.963999987,18.48999977,-0.004867603,0.007714887,0.004386274,0.007844409,0.000633456,0.000308966,0.004773607868111621,0.007888767653658703,high_vol,low_vol,post_covid
2023-03-06,104.3499985,1847.900024,20.98399925,3.98300004,18.61000061,-0.00162779,0.000108276,0.004352354,0.007803079,0.000470677,0.000406692,0.004778967228243369,0.007934245171511665,high_vol,low_vol,post_covid
2023-03-07,105.6200027,1813.900024,20.05400085,3.974999905,19.59000015,0.012097154,-0.018570636,0.004432084,0.006296713,0.00137276,-0.001047473,0.004697824703362369,0.007776099554933386,high_vol,low_vol,post_covid
2023-03-08,105.6600037,1812.699951,20.00499916,3.976000071,19.11000061,0.000378653,-0.000661817,0.004247923,0.006260284,0.001017852,-0.001059085,0.005169830439498144,0.008833541742769459,high_vol,low_vol,post_covid
2023-03-09,105.3099976,1829.300049,20.02499962,3.924999952,22.61000061,-0.003318068,0.009115987,0.004308054,0.006608896,0.000676482,0.000619641,0.005067770385834291,0.008627799727412996,high_vol,low_vol,post_covid
2023-03-10,104.5800018,1862.0,20.375,3.694999933,24.79999924,-0.006956012,0.017717772,0.004631194,0.007745949,-0.0006006,0.002898751,0.005011611812998882,0.00868996773442363,high_vol,low_vol,post_covid
2023-03-13,103.5999985,1911.699951,21.79299927,3.515000105,26.52000046,-0.009415031,0.026341694,0.005097079,0.009575163,-0.001027521,0.005080608,0.005100621167254241,0.009447783113689667,high_vol,high_vol,post_covid
2023-03-14,103.5999985,1906.199951,21.92900085,3.638000011,23.72999954,0.0,-0.002881167,0.005022591,0.009594332,-0.00121842,0.0041397,0.0053312090679869285,0.011094481648944552,high_vol,high_vol,post_covid
2023-03-15,104.6500015,1926.599976,21.77400017,3.492000103,26.13999939,0.010084148,0.010645073,0.005438114,0.009671334,0.000162577,0.004724202,0.005224894508646489,0.01079594897493476,high_vol,high_vol,post_covid
2023-03-16,104.4199982,1919.0,21.58799934,3.585000038,22.98999977,-0.002200253,-0.003952562,0.005459571,0.00975437,-0.00058248,0.004557751,0.005480955168860055,0.010773647427186511,high_vol,high_vol,post_covid
2023-03-17,103.7099991,1969.800049,22.35099983,3.394999981,25.51000023,-0.006822677,0.026127823,0.005497128,0.010687926,-0.000777987,0.006399044,0.005389236243883172,0.01051243286237155,high_vol,high_vol,post_covid
2023-03-20,103.2799988,1979.199951,22.53300095,3.480999947,24.14999962,-0.004154799,0.004760658,0.005567758,0.010690571,-0.001030688,0.006864283,0.005449941079275441,0.011920149575109045,high_vol,high_vol,post_covid
2023-03-21,103.2600021,1938.0,22.3239994,3.605999947,21.37999916,-0.000193635,-0.021036185,0.005567454,0.011929267,-0.002259767,0.006617728,0.0054039496162557555,0.011606673553301557,high_vol,high_vol,post_covid
2023-03-22,102.3499985,1946.800049,22.67499924,3.5,22.26000023,-0.008851803,0.004530511,0.005811474,0.011842357,-0.003182813,0.00713696,0.005296109225504109,0.01233526497026944,high_vol,high_vol,post_covid
2023-03-23,102.5299988,1993.800049,23.1439991,3.405999899,22.61000061,0.00175713,0.023855366,0.005741241,0.012659541,-0.002675293,0.008610898,0.005474583622391619,0.011995848273952498,high_vol,high_vol,post_covid
2023-03-24,103.1200027,1982.099976,23.24699974,3.380000114,21.73999977,0.005737958,-0.005885514,0.005921679,0.012582776,-0.001405896,0.00625057,0.005374867613419482,0.012907522338642903,high_vol,high_vol,post_covid
2023-03-27,102.8600006,1952.400024,23.05400085,3.528000116,20.60000038,-0.002524539,-0.015097479,0.00574133,0.013127145,-0.000716847,0.002106652,0.005382224200638018,0.012581835215261,high_vol,high_vol,post_covid
2023-03-28,102.4300003,1972.400024,23.3239994,3.563999891,19.96999931,-0.004189205,0.01019169,0.005711138,0.013204312,-0.001135767,0.003413938,0.0052988857240146925,0.012717454772966515,high_vol,high_vol,post_covid
2023-03-29,102.6399994,1966.099976,23.37599945,3.565999985,19.12000084,0.002048073,-0.003199215,0.005714796,0.013278209,-0.001939375,0.002029509,0.0052593727344947775,0.012541234240439538,high_vol,high_vol,post_covid
2023-03-30,102.1399994,1980.300049,23.90200043,3.551000118,19.02000046,-0.004883299,0.0071965,0.00574765,0.013300719,-0.00220768,0.003144416,0.005169193182950837,0.01217590508470775,high_vol,high_vol,post_covid
2023-03-31,102.5100021,1969.0,24.07600021,3.493999958,18.70000076,0.00361596,-0.005722573,0.005668183,0.013396975,-0.001163816,-4.06e-05,0.005158093566036907,0.011915586863601835,high_vol,high_vol,post_covid
2023-04-03,102.0899963,1983.900024,23.94099998,3.430000067,18.54999924,-0.004105634,0.007538817,0.005645633,0.013394191,-0.001158899,0.000237192,0.005103038341925098,0.011638290638981696,high_vol,high_vol,post_covid
2023-04-04,101.5899963,2022.199951,25.02199936,3.336999893,19.0,-0.004909672,0.019121387,0.005705494,0.013798009,-0.001630503,0.004252949,0.0050681297844279325,0.0114206342275953,high_vol,high_vol,post_covid
2023-04-05,101.8499985,2020.900024,24.96299934,3.286999941,19.07999992,0.002556059,-0.000643035,0.004911991,0.012833635,-0.000489717,0.003735594,0.0050622574481756725,0.01195205073948413,high_vol,high_vol,post_covid
2023-04-06,101.8199997,2011.900024,25.02499962,3.288000107,18.39999962,-0.000294582,-0.004463407,0.004899716,0.012945973,-0.000694888,0.000903717,0.00498609016653464,0.011589062583751057,high_vol,high_vol,post_covid
2023-04-10,102.5800018,1989.099976,24.84600067,3.414999962,18.96999931,0.007436454,-0.011397298,0.005276577,0.0133836,-0.000525039,0.000352539,0.0048886780131413374,0.011296375945421867,high_vol,high_vol,post_covid
2023-04-11,102.1999969,2004.800049,25.13100052,3.434000015,19.10000038,-0.003711352,0.007862067,0.005147079,0.013046632,-0.00064372,0.002648493,0.005003835249811632,0.011303957263500886,high_vol,high_vol,post_covid
2023-04-12,101.5,2010.900024,25.40399933,3.421000004,19.09000015,-0.006872849,0.003038066,0.004968438,0.011953609,-0.000912084,0.001933131,0.004960616695495062,0.011118356196831245,high_vol,high_vol,post_covid
2023-04-13,101.0100021,2041.300049,25.87400055,3.451999903,17.79999924,-0.004839255,0.015004489,0.005032756,0.012192624,-0.001600817,0.003753501,0.0050483470240454,0.010814009522793296,high_vol,high_vol,post_covid
2023-04-14,101.5500031,2002.199951,25.42399979,3.522000074,17.06999969,0.005331775,-0.019340332,0.004586807,0.013012811,-0.00057931,0.001099818,0.005040690745745088,0.011072666420926004,high_vol,high_vol,post_covid
2023-04-17,102.0999985,1994.199951,25.0529995,3.59100008,16.95000076,0.005401392,-0.004003609,0.004817302,0.013013951,-0.000400767,0.001271714,0.00504685933653935,0.011708178410835483,high_vol,high_vol,post_covid
2023-04-18,101.75,2007.400024,25.24799919,3.572000027,16.82999992,-0.003433886,0.006597422,0.00466945,0.011835234,-0.000333592,0.001177575,0.005055526851284255,0.011399151882055546,high_vol,high_vol,post_covid
2023-04-19,101.9700012,1995.199951,25.36599922,3.601999998,16.45999908,0.00215984,-0.006096093,0.004653243,0.011895149,0.00037336,-0.001344173,0.0050028081915220865,0.01116327871749054,high_vol,high_vol,post_covid
2023-04-20,101.8399963,2007.599976,25.36800003,3.545000076,17.17000008,-0.001275746,0.006195695,0.004654418,0.010884765,-9.82e-06,-0.0006603,0.0049213714635438464,0.01093943013814238,high_vol,high_vol,post_covid
2023-04-21,101.8199997,1979.5,25.0529995,3.569999933,16.77000046,-0.000196373,-0.014095679,0.004259128,0.011388139,2.44e-17,-0.001623527,0.004832167311411669,0.010717047129933589,high_vol,high_vol,post_covid
2023-04-24,101.3499985,1989.099976,25.30599976,3.515000105,16.88999939,-0.004626688,0.004837975,0.004336041,0.010151525,-0.001206314,6.07e-18,0.004738305820587944,0.010951501221367867,high_vol,high_vol,post_covid
2023-04-25,101.8600006,1994.0,24.87700081,3.395999908,18.76000023,0.00501947,0.002460409,0.004286486,0.010077307,-0.000333232,-0.000540166,0.004735936166774289,0.010690748639711829,high_vol,high_vol,post_covid
2023-04-26,101.4700012,1985.699951,24.87100029,3.431999922,18.84000015,-0.003836127,-0.004171199,0.00432553,0.009509453,-2.96e-05,-0.001261092,0.00474342644582411,0.010400271548546159,high_vol,high_vol,post_covid
2023-04-27,101.5,1989.900024,24.9829998,3.528000116,17.03000069,0.000295598,0.002112926,0.004252033,0.00927117,0.000483926,-0.002550249,0.004713466407583995,0.0101643816606734,high_vol,high_vol,post_covid
2023-04-28,101.6699982,1990.099976,24.99900055,3.451999903,15.77999973,0.001673458,0.000100478,0.004241872,0.009234643,0.000118094,-0.000606168,0.004622462622836279,0.009896778353817288,high_vol,high_vol,post_covid
2023-05-01,102.1500015,1983.400024,25.00900078,3.573999882,16.07999992,0.00471008,-0.00337232,0.004257351,0.009143438,4.9e-05,-0.000543039,0.004544280542266585,0.00963270868715574,high_vol,high_vol,post_covid
2023-05-02,101.9599991,2014.300049,25.40399933,3.438999891,17.78000069,-0.001861766,0.015459209,0.004192339,0.009627481,0.000206175,0.00034314,0.004548217649849241,0.00942090023355292,high_vol,low_vol,post_covid
2023-05-03,101.3399963,2028.599976,25.47599983,3.403000116,18.34000015,-0.006099407,0.007074123,0.004304938,0.009612423,-0.00061975,0.001660162,0.0044770077135618145,0.00986581604780351,high_vol,high_vol,post_covid
2023-05-04,101.4000015,2048.0,26.03499985,3.351000071,20.09000015,0.000591942,0.009517819,0.004179219,0.008913255,-0.000432981,0.001992374,0.004553583489006859,0.009739448255659642,high_vol,high_vol,post_covid
2023-05-05,101.2099991,2017.400024,25.74300003,3.446000099,17.19000053,-0.001875549,-0.015054141,0.004150761,0.009546325,-0.000600899,0.001896528,0.004467507974435376,0.009735732422191317,high_vol,high_vol,post_covid
2023-05-08,101.3700027,2026.300049,25.63599968,3.520999908,16.97999954,0.001579659,0.004401928,0.004170988,0.009538926,1.97e-05,0.001852923,0.004398834613533686,0.010148513977518165,high_vol,high_vol,post_covid
2023-05-09,101.6399994,2036.199951,25.69799995,3.520999908,17.70999908,0.002659936,0.004873808,0.003851077,0.00919244,-0.000216218,0.002094263,0.004325511357197944,0.009921082599115507,high_vol,high_vol,post_covid
2023-05-10,101.4800034,2030.5,25.46100044,3.438999891,16.94000053,-0.001575385,-0.002803234,0.003788001,0.009095108,9.86e-06,0.00223106,0.004273959659095124,0.009718329154793896,high_vol,high_vol,post_covid
2023-05-11,102.0599976,2014.699951,24.25499916,3.397000074,16.93000031,0.005699084,-0.007811791,0.003695681,0.00925681,0.000550205,0.001238588,0.0042060320837130375,0.009490604659524723,high_vol,high_vol,post_covid
2023-05-12,102.6800003,2014.5,23.99200058,3.463000059,17.03000069,0.006056507,-9.93e-05,0.003708513,0.008603774,0.00098851,0.001218615,0.004271074857710746,0.00944179255087088,high_vol,low_vol,post_covid
2023-05-15,102.4300003,2018.0,24.12700081,3.507999897,17.12000084,-0.002437718,0.001735896,0.003618253,0.007466051,0.000273731,0.001729437,0.0043505532940042195,0.00920149075179498,high_vol,low_vol,post_covid
2023-05-16,102.5599976,1988.400024,23.73699951,3.549000025,17.98999977,0.001268328,-0.014776614,0.003441305,0.008123102,0.00058674,-0.001294146,0.004296361161980112,0.008980608689847082,high_vol,low_vol,post_covid
2023-05-17,102.8799973,1980.699951,23.75200081,3.58100009,16.87000084,0.003115264,-0.003880015,0.003390565,0.008009652,0.001508207,-0.002389559,0.0042220683665926155,0.009458661332953804,high_vol,high_vol,post_covid
2023-05-18,103.5800018,1956.5,23.49500084,3.648000002,16.04999924,0.006781045,-0.01229313,0.003642517,0.008328619,0.002127117,-0.004570654,0.004185540507616002,0.009268455700753263,high_vol,low_vol,post_covid
2023-05-19,103.1999969,1978.699951,23.92000008,3.691999912,16.80999947,-0.003675455,0.011282876,0.003745304,0.00861537,0.001947127,-0.001936953,0.0043110945332004045,0.009511909380461096,high_vol,high_vol,post_covid
2023-05-22,103.1999969,1974.800049,23.71500015,3.719000101,17.20999908,0.0,-0.001972887,0.003743378,0.008060517,0.001789161,-0.002574434,0.00429259225403157,0.00963102253789701,high_vol,high_vol,post_covid
2023-05-23,103.4899979,1972.400024,23.47400093,3.697999954,18.53000069,0.002806146,-0.001216064,0.003567668,0.007982467,0.001803782,-0.003183421,0.004211947109554981,0.00939505863071767,high_vol,low_vol,post_covid
2023-05-24,103.8899994,1962.800049,23.11499977,3.719000101,20.03000069,0.003857672,-0.004879038,0.003510694,0.008011519,0.002347087,-0.003391002,0.004167629330120034,0.00916327030627355,high_vol,low_vol,post_covid
2023-05-25,104.2099991,1943.099976,22.7859993,3.813999891,19.13999939,0.003075444,-0.010087427,0.003361382,0.008238608,0.002084723,-0.003618565,0.004156311893416856,0.00901892473190261,low_vol,low_vol,post_covid
2023-05-26,104.2099991,1944.099976,23.23999977,3.809999943,17.95000076,0.0,0.000514509,0.003366277,0.008215444,0.001479073,-0.003557189,0.004121007925241333,0.00913405797252523,low_vol,low_vol,post_covid
2023-05-30,104.1699982,1958.0,23.125,3.700000048,17.45999908,-0.000383923,0.007124412,0.003383376,0.008407868,0.001684452,-0.003018338,0.004044735879342161,0.008909892985818483,low_vol,low_vol,post_covid
2023-05-31,104.3199997,1963.900024,23.47400093,3.637000084,17.94000053,0.001438933,0.00300876,0.003285488,0.008424572,0.001701513,-0.0012398,0.003971388603932858,0.008849767160807086,low_vol,low_vol,post_covid
2023-06-01,103.5599976,1978.0,23.875,3.60800004,15.64999962,-0.007311964,0.007153929,0.003710687,0.007812042,0.00065879,-0.000136406,0.003908073270294527,0.008665677222195847,low_vol,low_vol,post_covid
2023-06-02,104.0199966,1952.400024,23.64299965,3.690999985,14.60000038,0.004432025,-0.013026836,0.003441841,0.00801923,0.000423888,-0.000209777,0.004098537420390374,0.00862420445342068,low_vol,low_vol,post_covid
2023-06-05,104.0,1958.0,23.5340004,3.693000078,14.72999954,-0.000192257,0.002864147,0.003453492,0.007672698,0.000772208,-0.001051649,0.004111787395287054,0.008994012822585053,low_vol,low_vol,post_covid
2023-06-06,104.1299973,1965.5,23.5739994,3.698999882,13.96000004,0.001249193,0.003823122,0.003380647,0.007173635,0.000897127,-0.000472049,0.0040360535097880125,0.008799275147220998,low_vol,low_vol,post_covid
2023-06-07,104.0999985,1942.699951,23.43899918,3.78399992,13.93999958,-0.000288131,-0.011667933,0.003398945,0.007395265,0.000587699,-0.001517235,0.003968607011892742,0.008634967898786438,low_vol,low_vol,post_covid
2023-06-08,103.3399963,1963.599976,24.26399994,3.713999987,13.64999962,-0.007327474,0.010700778,0.003861351,0.007766326,-0.000530815,4.07e-05,0.003896864659688066,0.008896245652475616,low_vol,low_vol,post_covid
2023-06-09,103.5599976,1962.199951,24.33399963,3.744999886,13.82999992,0.002126644,-0.000713243,0.003832366,0.007765261,-0.000625695,0.000978164,0.004089384698345725,0.009032427887132733,low_vol,low_vol,post_covid
2023-06-12,103.6299973,1955.300049,23.98500061,3.765000105,15.01000023,0.000675705,-0.003522609,0.00367575,0.007650069,-0.000558125,0.000574453,0.004033887717656996,0.008816242078527917,low_vol,low_vol,post_covid
2023-06-13,103.3399963,1944.599976,23.75600052,3.838999987,14.60999966,-0.002802349,-0.005487371,0.003539332,0.007693611,-0.000799967,-0.000686726,0.003961590887832387,0.00865464934428079,low_vol,low_vol,post_covid
2023-06-14,103.0100021,1955.300049,24.04400063,3.796000004,13.88000011,-0.003198396,0.005487371,0.003572543,0.007819457,-0.0012637,-0.000438865,0.003929556302723001,0.008563911894644371,low_vol,low_vol,post_covid
2023-06-15,102.1200027,1957.800049,23.89100075,3.727999926,14.5,-0.008677472,0.001277759,0.00405949,0.007218548,-0.001400251,-0.001026481,0.003910523558601345,0.008462638216491679,low_vol,low_vol,post_covid
2023-06-16,102.3000031,1958.400024,24.07600021,3.769000053,13.53999996,0.001761084,0.000306407,0.004014623,0.007185183,-0.001667345,0.000306843,0.0042016985573249755,0.008278351854812504,high_vol,low_vol,post_covid
2023-06-20,102.5400009,1935.5,23.19300079,3.729000092,13.88000011,0.002343272,-0.011762135,0.003731789,0.007142559,-0.001413792,-0.001155785,0.004136506580101723,0.00810061909713466,low_vol,low_vol,post_covid
2023-06-21,102.0699997,1933.300049,22.77400017,3.72300005,13.19999981,-0.004594126,-0.001137278,0.003776235,0.006611363,-0.001998124,-0.001651825,0.004083946972296658,0.008426743505027222,low_vol,low_vol,post_covid
2023-06-22,102.3899994,1912.699951,22.43600082,3.799000025,12.90999985,0.003130196,-0.010712582,0.003858839,0.006935821,-0.001656292,-0.00155629,0.004110551137379978,0.008247060608815747,low_vol,low_vol,post_covid
2023-06-23,102.9000015,1919.099976,22.32799911,3.739000082,13.43999958,0.004968612,0.003340483,0.003975082,0.007016655,-0.000426683,-0.00229232,0.004078425958591671,0.008477538202988386,low_vol,low_vol,post_covid
2023-06-26,102.6900024,1923.699951,22.80500031,3.719000101,14.25,-0.002042893,0.002394076,0.003875864,0.007010893,-0.000843637,-0.001981588,0.0041156471448366375,0.008321460486406349,low_vol,low_vol,post_covid
2023-06-27,102.4899979,1914.0,22.93899918,3.767999887,13.73999977,-0.001949553,-0.005055097,0.003794908,0.006764939,-0.001106162,-0.002134837,0.004060464730532914,0.008157467675926096,low_vol,low_vol,post_covid
2023-06-28,102.9100037,1912.300049,22.86800003,3.710000038,13.43000031,0.004089643,-0.000888561,0.003939781,0.006759078,-0.000416963,-0.001674956,0.004005148989498186,0.008084128897698968,low_vol,low_vol,post_covid
2023-06-29,103.3399963,1909.199951,22.5909996,3.854000092,13.53999996,0.004169632,-0.001622451,0.004075123,0.00651228,0.00031984,-0.002385938,0.00400922485411672,0.0079217741884788,low_vol,low_vol,post_covid
2023-06-30,102.9100037,1921.099976,22.80999947,3.819000006,13.59000015,-0.004169632,0.006213645,0.004133261,0.006651944,0.000770624,-0.001892349,0.004016195728753051,0.007776677838227817,low_vol,low_vol,post_covid
2023-07-03,102.9899979,1921.699951,22.89599991,3.85800004,13.56999969,0.00077702,0.00031226,0.003848269,0.006392573,0.000672217,-0.001891764,0.004028398715104663,0.007758468212945014,low_vol,low_vol,post_covid
2023-07-05,103.3700027,1919.599976,23.1970005,3.944999933,14.18000031,0.003682936,-0.001093367,0.003805813,0.005808759,0.000806184,-0.000824887,0.0039568847993033725,0.007610491340368489,low_vol,low_vol,post_covid
2023-07-06,103.1699982,1908.699951,22.68600082,4.040999889,15.43999958,-0.001936716,-0.005694462,0.00382238,0.005838489,0.001071925,-0.001280606,0.003948201926975179,0.007477750822990035,low_vol,low_vol,post_covid
2023-07-07,102.2699966,1926.199951,23.09199905,4.050000191,14.82999992,-0.008761753,0.009126768,0.004213121,0.006172448,-0.00011727,0.000703329,0.003896078993789486,0.007479300486682304,low_vol,low_vol,post_covid
2023-07-10,101.9700012,1925.0,23.15099907,4.006000042,15.06999969,-0.002937678,-0.000623157,0.00423481,0.005664214,-0.000907899,0.000306965,0.004195568915736248,0.0076446202434614354,high_vol,low_vol,post_covid
2023-07-11,101.7300034,1931.300049,23.08600044,3.980000019,14.84000015,-0.002356387,0.003267409,0.003994645,0.005141619,-0.000939249,0.000394299,0.004158960567035358,0.007506012440221509,high_vol,low_vol,post_covid
2023-07-12,100.5199966,1956.199951,24.11899948,3.861000061,13.53999996,-0.011965599,0.012810414,0.004622044,0.005937071,-0.001940853,0.00218085,0.0041090477587635,0.007408037834677227,low_vol,low_vol,post_covid
2023-07-13,99.76999664,1959.199951,24.76799965,3.760999918,13.60999966,-0.007489176,0.001532411,0.004777834,0.005895648,-0.003098735,0.002422947,0.004666552965892733,0.007868105606336861,high_vol,low_vol,post_covid
2023-07-14,99.91000366,1960.099976,25.01399994,3.819000006,13.34000015,0.001402314,0.000459278,0.00482196,0.005755261,-0.003375467,0.00263112,0.004808166163905894,0.007719921830661399,high_vol,low_vol,post_covid
2023-07-17,99.83999634,1952.400024,24.84399986,3.796999931,13.47999954,-0.000700949,-0.003936082,0.004811545,0.005704116,-0.003028599,0.001616147,0.004721763135328536,0.007574372431929167,high_vol,low_vol,post_covid
2023-07-18,99.94000244,1977.199951,25.08399963,3.789000034,13.30000019,0.001001162,0.01262228,0.004544636,0.006339965,-0.003006185,0.002847149,0.004632788539267411,0.007502433402876807,high_vol,low_vol,post_covid
2023-07-19,100.2799988,1977.5,25.21899986,3.742000103,13.76000023,0.003396231,0.000151743,0.004608364,0.006340254,-0.003034855,0.00297166,0.004547205268215439,0.007933662781627507,high_vol,low_vol,post_covid
2023-07-20,100.8799973,1968.300049,24.80500031,3.854000092,13.98999977,0.005965403,-0.00466317,0.004801513,0.00582414,-0.002244643,0.003074789,0.004507057902721193,0.007775519906236868,high_vol,low_vol,post_covid
2023-07-21,101.0699997,1964.300049,24.69799995,3.836999893,13.60000038,0.001881679,-0.002034278,0.004751812,0.005842321,-0.0011803,0.001958685,0.004568060964215015,0.007714160888439367,high_vol,low_vol,post_covid
2023-07-24,101.3499985,1960.300049,24.43600082,3.857000113,13.90999985,0.002766515,-0.002038425,0.004738684,0.005269372,-0.000609881,0.001817158,0.004494372295491183,0.007587727674191794,high_vol,low_vol,post_covid
2023-07-25,101.3499985,1962.099976,24.68000031,3.911999941,13.85999966,0.0,0.000917768,0.004573887,0.005245958,-0.000374242,0.001582194,0.004439872692926871,0.007469120670665492,high_vol,low_vol,post_covid
2023-07-26,100.8899994,1968.900024,24.82500076,3.851000071,13.18999958,-0.004549049,0.003459708,0.004642239,0.005264677,0.000367413,0.000647123,0.004355509788755155,0.007340052388076608,high_vol,low_vol,post_covid
2023-07-27,101.7699966,1945.400024,24.23600006,4.012000084,14.40999985,0.008684524,-0.0120074,0.005075198,0.005856774,0.001984783,-0.000706858,0.004367205828043267,0.007257487177653427,high_vol,low_vol,post_covid
2023-07-28,101.6200027,1960.400024,24.37000084,3.969000101,13.32999992,-0.001474939,0.007680923,0.004976908,0.006031027,0.001697058,1.53e-05,0.004602300868086958,0.0077061012582393985,high_vol,low_vol,post_covid
2023-07-31,101.8600006,1970.5,24.85400009,3.959000111,13.63000011,0.002358934,0.005138771,0.004905301,0.006054202,0.002003046,0.000922792,0.0045239036663916,0.0077648338623872385,high_vol,low_vol,post_covid
2023-08-01,102.3000031,1940.699951,24.20800018,4.051000118,13.93000031,0.004310375,-0.01523861,0.004953073,0.006961774,0.002333967,-0.001863297,0.004459806356489823,0.007704909681156899,high_vol,low_vol,post_covid
2023-08-02,102.5899963,1937.400024,23.75399971,4.078000069,16.09000015,0.002830724,-0.001701827,0.004995147,0.006978104,0.002277417,-0.002048654,0.004452398837849012,0.008402227301875516,high_vol,low_vol,post_covid
2023-08-03,102.5400009,1932.0,23.58600044,4.18900013,15.92000008,-0.000487451,-0.002791145,0.004915942,0.007005898,0.001632131,-0.001861452,0.004400757586622366,0.008230278294372114,high_vol,low_vol,post_covid
2023-08-04,102.0199966,1939.599976,23.61700058,4.059999943,17.10000038,-0.005084136,0.003926018,0.005012679,0.00690772,0.00093555,-0.001265422,0.004318728043385622,0.008086960709512704,high_vol,low_vol,post_covid
2023-08-07,102.0500031,1933.5,23.1420002,4.078000069,15.77000046,0.00029408,-0.003149922,0.004645533,0.006680403,0.000688306,-0.001376572,0.004355034714053843,0.00796838861729207,high_vol,low_vol,post_covid
2023-08-08,102.5299988,1924.099976,22.71699905,4.026000023,15.98999977,0.004692508,-0.004873519,0.004710635,0.006769748,0.001157557,-0.0019557,0.004273010194884442,0.007849182163537376,high_vol,low_vol,post_covid
2023-08-09,102.4899979,1915.400024,22.64999962,4.012000084,15.96000004,-0.000390215,-0.004531822,0.004675424,0.006794141,0.00157344,-0.002754853,0.004288665970202932,0.007790343157132555,high_vol,low_vol,post_covid
2023-08-10,102.5199966,1914.400024,22.74600029,4.079999924,15.85000038,0.000292657,-0.00052222,0.003729994,0.006084453,0.000734254,-0.001606335,0.004209056888967317,0.007723351239665248,high_vol,low_vol,post_covid
2023-08-11,102.8399963,1912.900024,22.67399979,4.168000221,14.84000015,0.003116478,-0.000783842,0.003214236,0.006056638,0.001193395,-0.002452812,0.004130739512313488,0.007579489640076053,low_vol,low_vol,post_covid
2023-08-14,103.1900024,1910.599976,22.6439991,4.184000015,14.81999969,0.003397626,-0.001203112,0.003242336,0.006045559,0.001297265,-0.003087,0.004097497490509293,0.007445886311014318,low_vol,low_vol,post_covid
2023-08-15,103.2099991,1902.5,22.59499931,4.221000195,16.45999908,0.000193766,-0.004248505,0.003217222,0.006052963,0.000885604,-0.00198799,0.004073827761639479,0.007324251973936496,low_vol,low_vol,post_covid
2023-08-16,103.4199982,1896.099976,22.47999954,4.257999897,16.78000069,0.002032611,-0.003369679,0.003215804,0.00516328,0.000805792,-0.002154775,0.003998815602335287,0.007279861001442163,low_vol,low_vol,post_covid
2023-08-17,103.4400024,1884.099976,22.67000008,4.308000088,17.88999939,0.000193409,-0.006348892,0.003203772,0.005222703,0.000873878,-0.00251055,0.003944276579043749,0.007211021812458664,low_vol,low_vol,post_covid
2023-08-18,103.3799973,1886.099976,22.69499969,4.250999928,17.29999924,-0.000580265,0.001060952,0.003060512,0.005242752,0.001324265,-0.002797056,0.0038726117479551685,0.0072650492728308915,low_vol,low_vol,post_covid
2023-08-21,103.3300018,1893.300049,23.30400085,4.342000008,17.12999916,-0.000483725,0.003810172,0.003076331,0.00539549,0.001246485,-0.002101047,0.003804854158930463,0.007149227215272892,low_vol,low_vol,post_covid
2023-08-22,103.5599976,1896.400024,23.42000008,4.328000069,16.96999931,0.002223363,0.001636001,0.003063462,0.005445125,0.00099957,-0.001450095,0.0037383147107906494,0.007088834378942086,low_vol,low_vol,post_covid
2023-08-23,103.3600006,1918.5,24.36300087,4.197999954,15.97999954,-0.001933085,0.011586266,0.003124309,0.006142634,0.000845283,0.000161714,0.003695896777036906,0.006989111632630638,low_vol,low_vol,post_covid
2023-08-24,103.9800034,1918.199951,24.21100044,4.235000134,17.20000076,0.005980559,-0.00015641,0.003044061,0.006059423,0.001414074,0.000198295,0.003651635241345956,0.0073952322551300576,low_vol,low_vol,post_covid
2023-08-25,104.0800018,1911.099976,24.21999931,4.238999844,15.68000031,0.000961247,-0.003708241,0.002551262,0.005573354,0.001198551,-9.41e-05,0.0037682326322874635,0.007269355149895227,low_vol,low_vol,post_covid
2023-08-28,104.0599976,1917.900024,24.23800087,4.211999893,15.07999992,-0.000192219,0.00355187,0.002502199,0.005324742,0.000839566,0.000381353,0.0037051691623829473,0.007211171910606595,low_vol,low_vol,post_covid
2023-08-29,103.5500031,1936.5,24.77700043,4.122000217,14.44999981,-0.004913015,0.00965137,0.002808092,0.005666787,0.000328888,0.001771341,0.00364005349941806,0.007139533470381263,low_vol,low_vol,post_covid
2023-08-30,103.1600037,1944.300049,24.73399925,4.118000031,13.88000011,-0.003773401,0.00401982,0.002854153,0.004692841,-0.000251713,0.002510291,0.003706041276197769,0.0073751428698690825,low_vol,low_vol,post_covid
2023-08-31,103.6200027,1938.199951,24.47200012,4.092999935,13.56999969,0.004449171,-0.003142358,0.002943559,0.004730692,0.000173863,0.002830944,0.0037169380380906868,0.0073054169226555435,low_vol,low_vol,post_covid
2023-09-01,104.2399979,1939.800049,24.23200035,4.172999859,13.09000015,0.005965524,0.000825218,0.003166372,0.004688893,0.000828442,0.002807371,0.003749710919907085,0.00722869916005062,low_vol,low_vol,post_covid
2023-09-05,104.8099976,1926.199951,23.55800056,4.268000126,14.01000023,0.005453252,-0.007035775,0.003021745,0.004859462,0.00142214,0.001722776,0.0038583705306842963,0.007113782040123822,low_vol,low_vol,post_covid
2023-09-06,104.8600006,1918.099976,23.20599937,4.289999962,14.44999981,0.000476969,-0.004214025,0.003019009,0.004895747,0.0012475,0.001137774,0.003931644476244091,0.007213088658625863,low_vol,low_vol,post_covid
2023-09-07,105.0599976,1917.5,22.95000076,4.260000229,14.39999962,0.001905459,-0.000312846,0.002921811,0.004786421,0.001631355,-5.21e-05,0.00386104767284912,0.007175409570840722,low_vol,low_vol,post_covid
2023-09-08,105.0899963,1918.400024,22.8920002,4.257999897,13.84000015,0.000285499,0.000469264,0.002907562,0.004681479,0.001061849,1.04e-05,0.0038083317348780025,0.007063521338421689,low_vol,low_vol,post_covid
2023-09-11,104.5699997,1923.300049,23.10300064,4.288000107,13.80000019,-0.00496039,0.002550968,0.003200136,0.004709839,0.000469685,0.000636351,0.0037403736981986547,0.006957634237680766,low_vol,low_vol,post_covid
2023-09-12,104.7099991,1911.300049,23.12700081,4.263999939,14.22999954,0.001337915,-0.006258822,0.003163052,0.004915289,0.000622698,-0.000344719,0.003802744944550409,0.006880215878103586,low_vol,low_vol,post_covid
2023-09-13,104.7699966,1909.099976,22.91200066,4.249000072,13.47999954,0.000572824,-0.00115175,0.003109262,0.004914694,0.001171282,-0.001425031,0.0037428720027462923,0.006957684967993692,low_vol,low_vol,post_covid
2023-09-14,105.4100037,1910.0,22.74799919,4.288000107,12.81999969,0.006090104,0.000471328,0.003318233,0.004819486,0.002157633,-0.00177988,0.0036777059121073426,0.0068659872571648,low_vol,low_vol,post_covid
2023-09-15,105.3199997,1923.699951,23.12599945,4.322000027,13.78999996,-0.000854211,0.007147147,0.003333269,0.00497528,0.001627294,-0.000750929,0.003798951475280773,0.006772542562662668,low_vol,low_vol,post_covid
2023-09-18,105.1999969,1931.5,23.23200035,4.318999767,14.0,-0.00114006,0.004046514,0.00335934,0.004752267,0.000916736,-0.0004288,0.0037353601734685573,0.006883112390483742,low_vol,low_vol,post_covid
2023-09-19,105.1999969,1932.0,23.19400024,4.364999771,14.10999966,0.0,0.000258833,0.003349762,0.004756521,0.000371411,0.000300661,0.003676674587001706,0.0068484201282264,low_vol,low_vol,post_covid
2023-09-20,105.1600037,1945.599976,23.57900047,4.348999977,15.14000034,-0.000380237,0.007014664,0.003347807,0.004895665,0.00028569,0.00142353,0.0036119794702435108,0.0067558521567063125,low_vol,low_vol,post_covid
2023-09-21,105.3600006,1919.199951,23.44400024,4.480000019,17.54000092,0.001900029,-0.013661993,0.003341845,0.005881669,0.000285147,8.86e-05,0.003550067679581655,0.006860513633294621,low_vol,low_vol,post_covid
2023-09-22,105.5800018,1925.400024,23.59600067,4.438000202,17.20000076,0.002085914,0.003225344,0.003290957,0.005358309,0.000465189,0.000364223,0.0035069291971314698,0.007525741406243084,low_vol,low_vol,post_covid
2023-09-25,106.0,1916.599976,23.14500046,4.541999817,16.89999962,0.003970117,-0.004580981,0.003166063,0.005457889,0.001358239,-0.000348972,0.0034690932231787545,0.007425541399367786,low_vol,low_vol,post_covid
2023-09-26,106.2300034,1900.400024,22.95000076,4.558000088,18.94000053,0.002167492,-0.008488367,0.003177841,0.005712286,0.001441197,-0.000571926,0.0034937372175473163,0.007385780874367341,low_vol,low_vol,post_covid
2023-09-27,106.6699982,1871.599976,22.47699928,4.625999928,18.21999931,0.004133353,-0.015270736,0.003238109,0.006504799,0.00179725,-0.001983825,0.0034581860714826148,0.007548229462239978,low_vol,low_vol,post_covid
2023-09-28,106.2200012,1860.400024,22.51499939,4.597000122,17.34000015,-0.004227513,-0.006002135,0.003176487,0.006086975,0.000765488,-0.002631171,0.0034904713646336954,0.008273209350317792,low_vol,low_vol,post_covid
2023-09-29,106.1699982,1848.099976,22.23600006,4.572999954,17.52000046,-0.000470861,-0.00663346,0.002993811,0.006011609,0.000803823,-0.004009232,0.0035316663068141996,0.008229358967805338,low_vol,low_vol,post_covid
2023-10-02,106.9000015,1830.0,21.21800041,4.683000088,17.61000061,0.006852267,-0.009842104,0.003158791,0.006226017,0.001603056,-0.005398094,0.003472422982802786,0.008216960820138777,low_vol,low_vol,post_covid
2023-10-03,107.0,1824.599976,21.1779995,4.802000046,19.78000069,0.000935002,-0.002955195,0.00298807,0.006172339,0.001696556,-0.005719496,0.0036605332922940727,0.008389465946192096,low_vol,low_vol,post_covid
2023-10-04,106.8000031,1818.5,20.95599937,4.735000134,18.57999992,-0.001870879,-0.003348786,0.002898342,0.006101306,0.001547492,-0.006755841,0.0036001923748223315,0.008240127727202368,low_vol,low_vol,post_covid
2023-10-05,106.3300018,1816.599976,20.84799957,4.717000008,18.48999977,-0.004410472,-0.001045377,0.003121297,0.006102207,0.000916442,-0.00549418,0.003557713348928589,0.008108974690114363,low_vol,low_vol,post_covid
2023-10-06,106.0400009,1830.199951,21.54000092,4.78399992,17.45000076,-0.002731093,0.007458615,0.003192191,0.006471615,0.000434741,-0.005070853,0.0036037496573078907,0.007946519384420377,low_vol,low_vol,post_covid
2023-10-09,106.0800018,1849.5,21.74099922,4.796999931,17.70000076,0.000377154,0.010490108,0.003192029,0.007025479,7.54e-05,-0.003563744,0.0035828816117098477,0.007974017821962508,low_vol,low_vol,post_covid
2023-10-10,105.8300018,1861.0,21.77599907,4.65500021,17.03000069,-0.002359493,0.006198645,0.003017432,0.007180305,-0.000377254,-0.002095043,0.0035211675230790457,0.008183479647861834,low_vol,low_vol,post_covid
2023-10-11,105.8199997,1872.800049,21.95700073,4.59499979,16.09000015,-9.45e-05,0.006320686,0.003015403,0.007293245,-0.00080004,6.41e-05,0.003492904874182446,0.008135138921538509,low_vol,low_vol,post_covid
2023-10-12,106.5699997,1869.300049,21.79199982,4.711999893,16.69000053,0.007062509,-0.001870608,0.003338271,0.007295832,0.000328962,0.000477252,0.0034332515974944407,0.008095345232667282,low_vol,low_vol,post_covid
2023-10-13,106.6500015,1927.400024,22.72699928,4.629000187,19.31999969,0.000750416,0.030607902,0.003111751,0.010045956,0.000451089,0.004201389,0.0036401893288319017,0.007943523373895494,low_vol,low_vol,post_covid
2023-10-16,106.2399979,1921.099976,22.61000061,4.711999893,17.20999908,-0.003851794,-0.003274031,0.003245592,0.009954625,-0.000619317,0.004858196,0.0035788961429208425,0.010605123790029536,low_vol,high_vol,post_covid
2023-10-17,106.25,1922.699951,22.86300087,4.847000122,17.87999916,9.41e-05,0.000832497,0.003227163,0.009912881,-0.000703403,0.005236965,0.0035990257222103107,0.010338792962075915,low_vol,high_vol,post_covid
2023-10-18,106.5699997,1955.300049,22.94400024,4.903999805,19.21999931,0.003007236,0.016813237,0.003271544,0.010587898,-0.000215591,0.007253167,0.003536374602649102,0.01005335588641577,low_vol,high_vol,post_covid
2023-10-19,106.25,1968.400024,22.88699913,4.987999916,21.39999962,-0.003007236,0.006677383,0.003360562,0.010577886,-7.53e-05,0.008025443,0.003522289952492705,0.01054187744592342,low_vol,high_vol,post_covid
2023-10-20,106.1600037,1982.5,23.35099983,4.923999786,21.70999908,-0.000847383,0.007137632,0.003356443,0.01014507,0.000113103,0.007993345,0.0035133549491028642,0.010358741204493507,low_vol,high_vol,post_covid
2023-10-23,105.5400009,1976.300049,23.0720005,4.837999821,20.37000084,-0.005857388,-0.00313224,0.003591587,0.010187199,-0.000510351,0.00663111,0.003457636393358566,0.010203613229071797,low_vol,high_vol,post_covid
2023-10-24,106.2699966,1975.0,22.97999954,4.840000153,18.96999931,0.006892957,-0.000658036,0.003804206,0.010110753,0.000414894,0.005945442,0.003590061252759184,0.00995586034672393,low_vol,high_vol,post_covid
2023-10-25,106.5299988,1984.099976,22.87700081,4.953000069,20.19000053,0.00244363,0.004597,0.003812102,0.009869313,0.000668709,0.005773074,0.0037702926831348887,0.009691007867077215,low_vol,high_vol,post_covid
2023-10-26,106.5999985,1987.199951,22.78700066,4.84499979,20.68000031,0.000656873,0.00156119,0.003703698,0.00904081,2.81e-05,0.006116253,0.003731917413143639,0.009494107501323831,low_vol,high_vol,post_covid
2023-10-27,106.5599976,1988.599976,22.77000046,4.84499979,21.27000046,-0.000375314,0.000704273,0.003578762,0.00882829,-8.44e-05,0.00312589,0.003667518843087364,0.009256146844971447,low_vol,low_vol,post_covid
2023-10-30,106.1200027,1996.199951,23.28199959,4.875,19.75,-0.004137629,0.003814488,0.00369814,0.008537607,-0.000113011,0.003834742,0.00360408921464675,0.009025967047727956,low_vol,low_vol,post_covid
2023-10-31,106.6600037,1985.199951,22.8409996,4.875,18.13999939,0.005075684,-0.005525709,0.003550379,0.008242889,0.000385143,0.003198922,0.0036351692391933567,0.008848242621812299,low_vol,low_vol,post_covid
2023-11-01,106.8799973,1978.800049,22.68499947,4.789000034,16.87000084,0.002060445,-0.003229015,0.003575301,0.008254444,0.000290464,0.001194697,0.003702576528142864,0.008746138596381263,low_vol,low_vol,post_covid
2023-11-02,106.1200027,1985.599976,22.75099945,4.669000149,15.65999985,-0.007136129,0.003430498,0.003880701,0.008089194,-0.000122425,0.000870008,0.0036578219699515153,0.008581776348875058,low_vol,low_vol,post_covid
2023-11-03,105.0199966,1991.5,23.20100021,4.558000088,14.90999985,-0.010419779,0.002967,0.004387147,0.00800641,-0.001079665,0.000452945,0.0038587189162582187,0.008421464484682324,low_vol,low_vol,post_covid
2023-11-06,105.2200012,1981.599976,23.14900017,4.662000179,14.89000034,0.001902632,-0.004983537,0.004390619,0.008224381,-0.000303663,0.000267815,0.004306334741589915,0.008261275787986688,high_vol,low_vol,post_covid
2023-11-07,105.5400009,1966.800049,22.50799942,4.571000099,14.81000042,0.003036629,-0.007496705,0.004451174,0.008425294,-0.000689296,-0.000416052,0.004240405157516139,0.008178334693405571,high_vol,low_vol,post_covid
2023-11-08,105.5899963,1951.5,22.64699936,4.522999763,14.44999981,0.000473598,-0.007809574,0.004426685,0.008703367,-0.000886299,-0.001656709,0.004201091088750977,0.008212965090469052,high_vol,low_vol,post_covid
2023-11-09,105.9100037,1964.199951,22.83099937,4.630000114,15.28999996,0.003026076,0.006486705,0.00447923,0.008707313,-0.000649379,-0.001164158,0.004123499224029021,0.008261610902244759,low_vol,low_vol,post_covid
2023-11-10,105.8600006,1932.599976,22.21500015,4.627999783,14.17000008,-0.000472239,-0.016218779,0.004180435,0.009568715,-0.000659071,-0.002856463,0.004087993487834135,0.008219804881916794,low_vol,low_vol,post_covid
2023-11-13,105.6600037,1945.5,22.29899979,4.631999969,14.76000023,-0.001891046,0.006652779,0.004186405,0.007025926,-0.000434413,-0.002572634,0.0040139406051973685,0.008940278822748277,low_vol,low_vol,post_covid
2023-11-14,104.1100006,1961.800049,23.07900047,4.440999985,14.15999985,-0.014778388,0.008343431,0.005189865,0.007174251,-0.00241982,-0.00118572,0.003958927090929384,0.00885811953828181,low_vol,low_vol,post_covid
2023-11-15,104.3899994,1960.099976,23.48500061,4.534999847,14.18000031,0.002685841,-0.000866964,0.005246799,0.007185791,-0.00235728,-0.000949515,0.00484719613060492,0.008859858869809813,high_vol,low_vol,post_covid
2023-11-16,104.3700027,1983.900024,23.8920002,4.445000172,14.31999969,-0.000191575,0.012069137,0.00517544,0.006720579,-0.001662825,-8.57e-05,0.004779978038046281,0.008654009844272033,high_vol,low_vol,post_covid
2023-11-17,103.8199997,1981.599976,23.80900002,4.440999985,13.80000019,-0.005283677,-0.00116003,0.005243129,0.006587851,-0.001149215,-0.000498354,0.004687397739911929,0.008909209666528849,high_vol,low_vol,post_covid
2023-11-20,103.4700012,1977.699951,23.57900047,4.421999931,13.40999985,-0.0033769,-0.001970058,0.005266,0.006413962,-0.001677168,-0.000197006,0.0047139597726782055,0.008703029513738638,high_vol,low_vol,post_covid
2023-11-21,103.5899963,1999.300049,23.84300041,4.418000221,13.35000038,0.001159037,0.010862615,0.005179072,0.006800251,-0.001864927,0.001638926,0.004671378851580573,0.008517747457344368,high_vol,low_vol,post_covid
2023-11-22,103.9199982,1991.400024,23.67200089,4.415999889,12.85000038,0.00318059,-0.003959222,0.004958877,0.006867421,-0.001594228,0.002023961,0.004586128919345199,0.008699940514519219,high_vol,low_vol,post_covid
2023-11-24,103.4000015,2002.199951,24.32900047,4.472000122,12.46000004,-0.005016378,0.00540863,0.004962179,0.00689449,-0.002398473,0.001916154,0.004538805190298336,0.00855664384240499,high_vol,low_vol,post_covid
2023-11-27,103.1999969,2011.800049,24.67200089,4.388999939,12.68999958,-0.001936153,0.004783316,0.004940126,0.006956441,-0.002544865,0.004016363,0.004561157431929167,0.008453113045678043,high_vol,low_vol,post_covid
2023-11-28,102.75,2039.699951,24.93000031,4.335999966,12.68999958,-0.00436997,0.013772846,0.004969712,0.007528582,-0.002792757,0.00472837,0.004490820762111517,0.008335854329383326,high_vol,low_vol,post_covid
2023-11-29,102.7699966,2047.099976,25.0720005,4.270999908,12.97999954,0.000194596,0.003621431,0.004954832,0.007525358,-0.001295459,0.00425617,0.004489488475026211,0.008764242748573441,high_vol,low_vol,post_covid
2023-11-30,103.5,2038.099976,25.29299927,4.352000237,12.92000008,0.007078164,-0.004406156,0.00510525,0.00747916,-0.000856227,0.003902251,0.004403925218759251,0.008597392822099646,high_vol,low_vol,post_covid
2023-12-01,103.2699966,2071.0,25.49900055,4.225999832,12.63000011,-0.002224728,0.016013593,0.005043944,0.008058963,-0.001059542,0.004296697,0.004531501718317919,0.008473452133902715,high_vol,low_vol,post_covid
2023-12-04,103.6399994,2024.099976,24.55500031,4.288000107,13.07999992,0.003576465,-0.022906437,0.005001424,0.009729012,-0.000173528,0.002122056,0.004467305723657059,0.009090740040614435,high_vol,low_vol,post_covid
2023-12-05,104.0500031,2018.5,24.20100021,4.171000004,12.85000038,0.003948232,-0.002770484,0.00463589,0.009749031,0.000558985,0.002042013,0.004435268592304397,0.010427320720179383,high_vol,high_vol,post_covid
2023-12-06,104.1500015,2030.5,23.88899994,4.120999813,12.97000027,0.0009606,0.005927407,0.004616587,0.009724989,0.000539142,0.001548492,0.004416251787204479,0.010161332420319446,high_vol,high_vol,post_covid
2023-12-07,103.5400009,2029.900024,23.73200035,4.129000187,13.06000042,-0.005874162,-0.000295525,0.004685547,0.009529446,-0.000366333,0.001914862,0.004335939210649306,0.009975707165552815,high_vol,high_vol,post_covid
2023-12-08,104.0100021,1998.300049,22.97100067,4.244999886,12.35000038,0.004529049,-0.015689699,0.00482691,0.010055164,0.000588209,-0.000194971,0.004409349845092152,0.009708361400308577,high_vol,high_vol,post_covid
2023-12-11,104.0999985,1978.0,22.77300072,4.238999844,12.63000011,0.000864892,-0.01021061,0.004765745,0.010268192,0.000868314,-0.001694363,0.004412284247882169,0.010179151232411834,high_vol,high_vol,post_covid
2023-12-12,103.8700027,1977.800049,22.72800064,4.205999851,12.06999969,-0.002211817,-0.000101093,0.004774493,0.009546097,0.001084129,-0.003081757,0.004331366592295545,0.010205271824840729,high_vol,high_vol,post_covid
2023-12-13,102.8700027,1982.300049,22.63899994,4.032999992,12.18999958,-0.009674062,0.002272671,0.005142839,0.009466244,9.73e-05,-0.003216633,0.0042729669664243256,0.009925822962540168,high_vol,high_vol,post_covid
2023-12-14,101.9599991,2030.199951,24.09600067,3.930000067,12.47999954,-0.008885511,0.023876475,0.004488276,0.01061475,-0.001499104,-0.00038837,0.004603469413613765,0.009672375880073742,high_vol,high_vol,post_covid
2023-12-15,102.5500031,2021.099976,23.87000084,3.927999973,12.27999973,0.005769944,-0.004492381,0.004661798,0.010686663,-0.000699637,-0.002438968,0.004841129102475428,0.010961748399233133,high_vol,high_vol,post_covid
2023-12-18,102.5100021,2026.300049,23.83099937,3.953999996,12.56000042,-0.000390139,0.002569588,0.004660604,0.010412645,-0.001096297,0.000108635,0.00487519961671106,0.010703151507969529,high_vol,high_vol,post_covid
2023-12-19,102.1699982,2038.400024,24.04000092,3.921999931,12.52999973,-0.003322301,0.005953704,0.004586506,0.010454252,-0.001823351,0.000981054,0.00478083621742514,0.01041339477195174,high_vol,high_vol,post_covid
2023-12-20,102.4100037,2034.5,24.34700012,3.877000093,13.67000008,0.002346325,-0.00191511,0.004593447,0.010453387,-0.001684778,0.000196802,0.004734429937284846,0.010213796164587431,high_vol,high_vol,post_covid
2023-12-21,101.8399963,2039.099976,24.30699921,3.894000053,13.64999962,-0.005581482,0.002258434,0.004706542,0.01022802,-0.00165551,0.000452198,0.004663872181048644,0.009946595259079654,high_vol,high_vol,post_covid
2023-12-22,101.6999969,2057.100098,24.29000092,3.901000023,13.02999973,-0.001375645,0.008788749,0.004617495,0.010300836,-0.00224598,0.002900043,0.0047048613156484035,0.009691896748963268,high_vol,high_vol,post_covid
2023-12-26,101.4700012,2058.199951,24.1439991,3.885999918,12.98999977,-0.002264073,0.000534519,0.004536997,0.010264291,-0.002558876,0.003974556,0.004622474895180615,0.009653999893799791,high_vol,high_vol,post_covid
2023-12-27,100.9899979,2081.899902,24.375,3.789000034,12.43000031,-0.004741719,0.011449101,0.004609841,0.010477803,-0.002811866,0.005129575,0.004556331466525366,0.00940263025480936,high_vol,low_vol,post_covid
2023-12-28,101.2300034,2073.899902,24.13400078,3.849999905,12.47000027,0.002373708,-0.003850046,0.004600479,0.010157548,-0.001607089,0.004517303,0.004566526936882763,0.009542304942591524,high_vol,high_vol,post_covid
2023-12-29,101.3300018,2062.399902,23.85300064,3.865999937,12.44999981,0.000987347,-0.00556054,0.00461151,0.01022704,-0.000619803,0.001573602,0.004501444230269191,0.00934657194951635,high_vol,low_vol,post_covid
2024-01-02,102.1999969,2064.399902,23.7329998,3.946000099,13.19999981,0.008549112,0.000969274,0.004744371,0.010169032,-0.000341887,0.002119767,0.004419135362503381,0.009213687248993959,high_vol,low_vol,post_covid
2024-01-03,102.4599991,2034.199951,22.94599915,3.907000065,14.03999996,0.002540822,-0.014736983,0.004776729,0.010053479,-4.88e-05,0.00038911,0.0046399857957584514,0.00898676171298742,high_vol,low_vol,post_covid
2024-01-04,102.4199982,2042.300049,22.98900032,3.990999937,14.13000011,-0.000390481,0.00397405,0.004690308,0.008729342,0.000244391,0.000191145,0.00457603770501962,0.009460530531948348,high_vol,high_vol,post_covid
2024-01-05,102.4100037,2042.400024,23.12199974,4.041999817,13.35000038,-9.76e-05,4.9e-05,0.004577438,0.008699348,-2.36e-17,0.000387551,0.004489143337281942,0.009261594066926384,high_vol,low_vol,post_covid
2024-01-08,102.2099991,2026.599976,23.12000084,4.001999855,13.07999992,-0.001954888,-0.007766099,0.004566954,0.00878969,0.000362659,-0.000614902,0.004403644014012228,0.009030520721320408,high_vol,low_vol,post_covid
2024-01-09,102.5699997,2026.400024,22.90399933,4.019000053,12.76000023,0.003515978,-9.87e-05,0.0045145,0.008789567,0.000851822,-0.001503644,0.004338193388450658,0.009013092237969717,high_vol,low_vol,post_covid
2024-01-10,102.3600006,2021.699951,22.88400078,4.03000021,12.68999958,-0.002049472,-0.002322114,0.004378037,0.008056187,0.000873282,-0.001789307,0.004309100972933269,0.00879545676699462,high_vol,low_vol,post_covid
2024-01-11,102.2900009,2014.300049,22.53700066,3.976999998,12.43999958,-0.000684092,-0.003666953,0.004362287,0.007739311,0.001279044,-0.003300913,0.00424818470931629,0.008610445574140273,high_vol,low_vol,post_covid
2024-01-12,102.4000015,2046.699951,23.16200066,3.950000048,12.69999981,0.001074802,0.015956951,0.004369381,0.008403755,0.001149154,-0.001320213,0.00417124094138776,0.00846478216208859,high_vol,low_vol,post_covid
2024-01-16,103.3600006,2026.0,22.93300056,4.065999985,13.84000015,0.009331318,-0.01016531,0.004381294,0.008785862,0.001983551,-0.00178069,0.004098345613423734,0.009077753235326632,low_vol,low_vol,post_covid
2024-01-17,103.4499969,2002.599976,22.51600075,4.105999947,14.78999996,0.000870329,-0.011617082,0.003852094,0.007491389,0.001215673,-0.003039326,0.0044095732628505035,0.009192656962601133,high_vol,low_vol,post_covid
2024-01-18,103.5400009,2018.599976,22.66699982,4.144000053,14.13000011,0.000869646,0.007957866,0.003673308,0.007662941,0.001048555,-0.000769841,0.0043287636383459996,0.009394586448689221,high_vol,low_vol,post_covid
2024-01-19,103.2900009,2026.5,22.57099915,4.145999908,13.30000019,-0.002417445,0.003905977,0.003723003,0.007691358,0.000845859,-0.000776648,0.00425004031604262,0.009337979854022523,high_vol,low_vol,post_covid
2024-01-22,103.3300018,2019.800049,22.16300011,4.093999863,13.18999958,0.000387193,-0.003311646,0.003626251,0.007598221,0.000894337,-0.001112708,0.004198587748017992,0.00914444691580539,high_vol,low_vol,post_covid
2024-01-23,103.6200027,2023.699951,22.33399963,4.142000198,12.55000019,0.00280262,0.001928974,0.003638976,0.007607117,0.001370088,-0.000143201,0.004120772978787958,0.008958855111167632,low_vol,low_vol,post_covid
2024-01-24,103.2399979,2013.900024,22.75499916,4.177999973,13.14000034,-0.003674034,-0.004854342,0.003499153,0.007647922,0.000651086,-0.000618768,0.004079441537808088,0.008753076283426591,low_vol,low_vol,post_covid
2024-01-25,103.5699997,2016.900024,22.80800056,4.131999969,13.44999981,0.003191355,0.001488539,0.00350886,0.007360721,0.001175169,-0.000237703,0.004070272153127114,0.008633596657501665,low_vol,low_vol,post_covid
2024-01-26,103.4700012,2016.800049,22.75499916,4.159999847,13.26000023,-0.000965982,-4.96e-05,0.003462053,0.007355973,0.00114698,0.000124036,0.004041387256160061,0.008441444735002813,low_vol,low_vol,post_covid
2024-01-29,103.6100006,2025.199951,23.13800049,4.09100008,13.60000038,0.001352129,0.004156316,0.003209084,0.006898385,0.001174713,-0.001056028,0.003972284163542617,0.008254854706882893,low_vol,low_vol,post_covid
2024-01-30,103.4000015,2031.5,23.10700035,4.059000015,13.31000042,-0.002028879,0.003105999,0.00327309,0.006937461,3.87e-05,0.000271103,0.003907823957934808,0.008131915713140658,low_vol,low_vol,post_covid
2024-01-31,103.2699966,2048.399902,23.0510006,3.967000008,14.35000038,-0.001258092,0.008284516,0.003310332,0.00713579,-0.000174149,0.002261263,0.003858817026852497,0.00799159664772912,low_vol,low_vol,post_covid
2024-02-01,103.0500031,2053.0,23.12999916,3.862999916,13.88000011,-0.002132548,0.002243185,0.002867801,0.007152732,-0.000474368,0.001689795,0.003798151496516994,0.00805965545218778,low_vol,low_vol,post_covid
2024-02-02,103.9199982,2036.099976,22.70100021,4.032999992,13.85000038,0.008407018,-0.008265937,0.003334979,0.006617391,0.000608078,0.000472603,0.003754890551952632,0.007908711683491013,low_vol,low_vol,post_covid
2024-02-05,104.4499969,2025.699951,22.33499908,4.164000034,13.67000008,0.005087104,-0.005120906,0.003459465,0.006644914,0.001078069,0.000291677,0.004030642400970456,0.008009228651821286,low_vol,low_vol,post_covid
2024-02-06,104.1800003,2034.5,22.39299965,4.090000153,13.06000042,-0.002588284,0.004334793,0.003538417,0.006724367,0.000538979,0.000532259,0.004075866055392709,0.007948519654637692,low_vol,low_vol,post_covid
2024-02-07,104.0400009,2035.199951,22.27799988,4.110000134,12.82999992,-0.001344726,0.000343982,0.003516966,0.006496189,0.00077191,0.001052092,0.004034197011629389,0.007850101268520038,low_vol,low_vol,post_covid
2024-02-08,104.1500015,2032.199951,22.56500053,4.170000076,12.78999996,0.001056733,-0.001475144,0.00346413,0.006506307,0.000558447,0.000755723,0.003969739808870608,0.0076968147456621845,low_vol,low_vol,post_covid
2024-02-09,104.0800018,2023.300049,22.52799988,4.186999798,12.93000031,-0.000672331,-0.00438906,0.003421698,0.00656076,0.000587812,0.000321774,0.003902085957515067,0.007563207328609861,low_vol,low_vol,post_covid
2024-02-12,104.1699982,2018.199951,22.70899963,4.171999931,13.93000031,0.000864311,-0.002523865,0.003404908,0.006533171,0.000539031,-0.000346244,0.0038341809253036067,0.007506925891800001,low_vol,low_vol,post_covid
2024-02-13,104.9599991,1992.900024,22.09600067,4.315999985,15.85000038,0.007555154,-0.012615124,0.003705085,0.006018939,0.001497434,-0.001918356,0.0037684932274425135,0.0074025769578963145,low_vol,low_vol,post_covid
2024-02-14,104.7200012,1990.300049,22.33099937,4.267000198,14.38000011,-0.002289183,-0.001305471,0.00326816,0.005664195,0.001394325,-0.002877355,0.0039788456806869104,0.007887017820375809,low_vol,low_vol,post_covid
2024-02-15,104.3000031,2002.099976,22.91200066,4.239999771,14.01000023,-0.004018742,0.005911212,0.003420224,0.005275867,0.001205705,-0.002510552,0.003933229332505683,0.007740087047772567,low_vol,low_vol,post_covid
2024-02-16,104.2799988,2011.5,23.43899918,4.295000076,14.23999977,-0.000191814,0.004684095,0.003420619,0.005073067,0.000345822,-0.001215549,0.003943278469347326,0.00771175108853277,low_vol,low_vol,post_covid
2024-02-20,104.0800018,2027.5,23.1060009,4.275000095,15.42000008,-0.001919726,0.007922795,0.003402239,0.00530478,-0.000354861,8.88e-05,0.0038719029923154962,0.007639863102134528,low_vol,low_vol,post_covid
2024-02-21,104.0100021,2022.300049,22.85099983,4.324999809,15.34000015,-0.000672783,-0.002568005,0.003409714,0.005283844,-0.000163311,-0.000601459,0.00382181025644036,0.007717492097747374,low_vol,low_vol,post_covid
2024-02-22,103.9599991,2019.699951,22.76499939,4.327000141,14.53999996,-0.000480868,-0.00128654,0.003364799,0.005273523,-7.69e-05,-0.000764511,0.003756061736651056,0.007600842735150342,low_vol,low_vol,post_covid
2024-02-23,103.9400024,2038.599976,22.96899986,4.260000229,13.75,-0.000192368,0.009314324,0.00325048,0.005534,-0.000201835,0.000314436,0.0036908086911460903,0.007470741976154622,low_vol,low_vol,post_covid
2024-02-26,103.8300018,2028.5,22.5170002,4.298999786,13.73999977,-0.001058869,-0.004966682,0.003194714,0.005658911,-0.000240489,0.000256674,0.0036260750162735466,0.0076492877017520266,low_vol,low_vol,post_covid
2024-02-27,103.8300018,2034.0,22.52300072,4.315000057,13.43000031,0.0,0.002707694,0.003185245,0.005682986,-0.00032692,0.00077983,0.0035695012493658904,0.007608016423984928,low_vol,low_vol,post_covid
2024-02-28,103.9800034,2033.0,22.40999985,4.274000168,13.84000015,0.001443641,-0.000491763,0.003187012,0.005619715,-0.000938071,0.001992166,0.003507663946294093,0.007491953801773881,low_vol,low_vol,post_covid
2024-02-29,104.1600037,2045.699951,22.66600037,4.251999855,13.39999962,0.001729608,0.006227471,0.003162811,0.005740868,-0.000536192,0.00274546,0.0034578512121969107,0.007361675820719052,low_vol,low_vol,post_covid
2024-03-01,103.8600006,2086.899902,23.14999962,4.179999828,13.10999966,-0.002884369,0.019939659,0.00322345,0.006978207,-0.000422755,0.004148305,0.0034143672202165158,0.007375671330024774,low_vol,low_vol,post_covid
2024-03-04,103.8300018,2117.699951,23.77899933,4.218999863,13.48999977,-0.00028888,0.014650907,0.003179513,0.007596676,-0.000432461,0.005144986,0.003405808141111369,0.008625736476910315,low_vol,low_vol,post_covid
2024-03-05,103.8000031,2133.5,23.76300049,4.137000084,14.46000004,-0.000288964,0.007433253,0.002590711,0.007358629,-0.000269385,0.005096032,0.0033491001311392265,0.009095785356773625,low_vol,low_vol,post_covid
2024-03-06,103.3700027,2150.300049,24.27199936,4.104000092,14.5,-0.004151189,0.007843566,0.002454677,0.00725461,-0.000617226,0.006137189,0.0032939552980658987,0.009036293365780082,low_vol,low_vol,post_covid
2024-03-07,102.8199997,2158.0,24.37000084,4.092000008,14.43999958,-0.005334927,0.003574477,0.002638115,0.007248685,-0.001102632,0.006623291,0.003342587706614991,0.00900000060848357,low_vol,low_vol,post_covid
2024-03-08,102.7399979,2178.600098,24.3390007,4.089000225,14.73999977,-0.000778379,0.009500647,0.002633288,0.007367591,-0.001161233,0.006641923,0.00345182320280062,0.008818478799656885,low_vol,low_vol,post_covid
2024-03-11,102.8700027,2182.5,24.51199913,4.104000092,15.22000027,0.001264578,0.001788495,0.002640203,0.007297191,-0.000928888,0.007317441,0.0033971671878572783,0.008887106859843927,low_vol,low_vol,post_covid
2024-03-12,102.9599991,2160.399902,24.19400024,4.15500021,13.84000015,0.000874473,-0.010177664,0.002659265,0.007704029,-0.000841441,0.006028905,0.0033480734780860387,0.008683776573024982,low_vol,low_vol,post_covid
2024-03-13,102.7900009,2175.399902,24.95899963,4.191999912,13.75,-0.001652473,0.006919166,0.002650684,0.007633271,-0.001151052,0.006769998,0.0032959444305767477,0.008834942599559295,low_vol,low_vol,post_covid
2024-03-14,103.3600006,2163.0,24.87400055,4.297999859,14.39999962,0.005529965,-0.005716364,0.00235855,0.00702611,-0.000771017,0.005575614,0.0032588881486864873,0.008771160544836943,low_vol,low_vol,post_covid
2024-03-15,103.4300003,2157.300049,25.20000076,4.303999901,14.40999985,0.000677012,-0.002638685,0.002349401,0.007081306,-0.000414879,0.00331778,0.003377734420655964,0.00868135165585008,low_vol,low_vol,post_covid
2024-03-18,103.5800018,2160.699951,25.0909996,4.340000153,14.32999992,0.00144922,0.001574758,0.002251385,0.007081016,-0.000241069,0.002010165,0.003323166566046144,0.008508481521630905,low_vol,low_vol,post_covid
2024-03-19,103.8099976,2156.300049,24.9640007,4.296999931,13.81999969,0.002218003,-0.002038408,0.002319167,0.007182225,9.63e-06,0.001062999,0.003279035573058868,0.008324043261027866,low_vol,low_vol,post_covid
2024-03-20,103.4100037,2157.899902,24.93300056,4.272999763,13.03999996,-0.003860577,0.000741669,0.002426676,0.007122331,3.87e-05,0.000352809,0.0032521641479275765,0.008161434062741484,low_vol,low_vol,post_covid
2024-03-21,104.0,2182.399902,24.84900093,4.270999908,12.92000008,0.005689195,0.011289663,0.002753861,0.007224974,0.001141102,0.001124328,0.0032895491821071333,0.007991195791941096,low_vol,low_vol,post_covid
2024-03-22,104.4300003,2158.100098,24.69199944,4.217999935,13.06000042,0.004126094,-0.011196894,0.002893959,0.007857972,0.001631549,-0.000945426,0.0034158767463590024,0.008257164196198565,low_vol,low_vol,post_covid
2024-03-25,104.2300034,2174.800049,24.74500084,4.252999783,13.18999958,-0.001916965,0.007708479,0.002930333,0.007802667,0.001313395,-0.000353428,0.003450073882838105,0.008522404901205443,low_vol,low_vol,post_covid
2024-03-26,104.2900009,2175.600098,24.4829998,4.234000206,13.23999977,0.000575461,0.000367805,0.002918785,0.00761212,0.001283493,0.000701119,0.0034135095293261197,0.008517708850075544,low_vol,low_vol,post_covid
2024-03-27,104.3499985,2190.600098,24.625,4.196000099,12.77999973,0.00057513,0.00687099,0.002919409,0.007649126,0.001506254,0.000696301,0.0033573040947518723,0.008326702968171307,low_vol,low_vol,post_covid
2024-03-28,104.5500031,2217.399902,24.79700089,4.205999851,13.01000023,0.001914836,0.012159771,0.002930927,0.007812839,0.001144741,0.002483915,0.0033026560947828965,0.00829705406353857,low_vol,low_vol,post_covid
2024-04-01,105.0199966,2236.5,24.95400047,4.328999996,13.64999962,0.004485321,0.00857685,0.003058896,0.007860982,0.001525572,0.003605468,0.003267905240809283,0.008596886567696084,low_vol,low_vol,post_covid
2024-04-02,104.8199997,2261.0,25.80400085,4.364999771,14.60999966,-0.001906186,0.010895049,0.00301363,0.007176104,0.001190031,0.004537497,0.003327603258344037,0.008631425548479033,low_vol,low_vol,post_covid
2024-04-03,104.25,2294.399902,26.94499969,4.355000019,14.32999992,-0.00545273,0.014664136,0.003275234,0.007177103,0.000422958,0.006207752,0.003294935135789925,0.008805020180769665,low_vol,low_vol,post_covid
2024-04-04,104.1200027,2288.800049,27.13999939,4.309000015,16.35000038,-0.001247754,-0.002443645,0.003288932,0.007251462,0.00068424,0.00588922,0.003414904901636237,0.009254249541535649,low_vol,low_vol,post_covid
2024-04-05,104.3000031,2325.699951,27.39999962,4.377999783,16.03000069,0.001727285,0.015993364,0.003152172,0.00770792,0.000288049,0.00635959,0.0033670460955767707,0.009045663509005451,low_vol,low_vol,post_covid
2024-04-08,104.1399994,2331.699951,27.71199989,4.423999786,15.18999958,-0.001535249,0.002576546,0.002904226,0.007712027,-0.000278085,0.007736934,0.00332639948757975,0.009584606099518566,low_vol,high_vol,post_covid
2024-04-09,104.1500015,2343.5,27.89100075,4.366000175,14.97999954,9.6e-05,0.005047944,0.002889595,0.007604644,-7.68e-05,0.007470881,0.0032860897991191344,0.00935313051786834,low_vol,low_vol,post_covid
2024-04-10,105.25,2329.600098,27.96100044,4.559999943,15.80000019,0.01050629,-0.005948917,0.003603567,0.007873114,0.000916298,0.006839209,0.0032319378627529947,0.009188460486493704,low_vol,low_vol,post_covid
2024-04-11,105.2799988,2354.800049,28.1760006,4.576000214,14.90999985,0.000284983,0.010759198,0.003607616,0.007419437,0.000887284,0.00722803,0.0037750579217959977,0.009080000836715696,low_vol,low_vol,post_covid
2024-04-12,106.0400009,2356.199951,28.25499916,4.499000072,17.30999947,0.007192934,0.000594312,0.003786874,0.007427772,0.001415093,0.006071484,0.003707974615880563,0.009203512768321808,low_vol,low_vol,post_covid
2024-04-15,106.2099991,2365.800049,28.65099907,4.627999783,19.22999954,0.001601868,0.004066121,0.003672221,0.00710054,0.001126748,0.005620411,0.00389836037289431,0.00897582733483935,low_vol,low_vol,post_covid
2024-04-16,106.2600021,2390.800049,28.31800079,4.65899992,18.39999962,0.000470683,0.010511807,0.003674234,0.007040636,0.001364435,0.005582087,0.0038394520146514434,0.008806969955154226,low_vol,low_vol,post_covid
2024-04-17,105.9499969,2371.699951,28.34600067,4.585000038,18.20999908,-0.002921685,-0.008021081,0.003786575,0.007559118,0.00161754,0.003313565,0.00377125184517399,0.008938935867842904,low_vol,low_vol,post_covid
2024-04-18,106.1500015,2382.300049,28.32900047,4.646999836,18.0,0.001885947,0.004459451,0.003782264,0.007412373,0.00193091,0.004003874,0.003749725422422678,0.008941395238531345,low_vol,low_vol,post_covid
2024-04-19,106.1500015,2398.399902,28.80800056,4.614999771,18.70999908,0.0,0.00673538,0.00362147,0.007365711,0.001758181,0.003078076,0.003700057383194161,0.0087847183567858,low_vol,low_vol,post_covid
2024-04-22,106.0800018,2332.199951,27.21299934,4.623000145,16.94000053,-0.000659659,-0.0279898,0.003494727,0.010155943,0.00184574,2.14e-05,0.0036347425180192038,0.008716627598050745,low_vol,low_vol,post_covid
2024-04-23,105.6900024,2327.699951,27.33099937,4.59800005,15.68999958,-0.00368324,-0.001931373,0.003554068,0.009691629,0.001467812,-0.00067649,0.003573973497499503,0.010827998205881166,low_vol,high_vol,post_covid
2024-04-24,105.8600006,2324.5,27.3239994,4.65199995,15.97000027,0.001607168,-0.001375672,0.003513683,0.009701925,0.0005779,-0.000219166,0.003587491097449883,0.010529744256986362,low_vol,high_vol,post_covid
2024-04-25,105.5999985,2329.800049,27.34199905,4.705999851,15.36999989,-0.002459115,0.002277486,0.003582469,0.009683279,0.00030349,-0.001067337,0.003537865910448057,0.010240824622158171,low_vol,high_vol,post_covid
2024-04-26,105.9400024,2334.800049,27.24099922,4.669000149,15.02999973,0.003214562,0.002143807,0.003627773,0.009650048,-9.43e-05,-0.000912388,0.00351168167997772,0.00997112351024983,low_vol,high_vol,post_covid
2024-04-29,105.5800018,2345.399902,27.37299919,4.613999844,14.67000008,-0.003403942,0.004529666,0.003724567,0.009430483,-0.000594928,-0.000866033,0.003505431684910983,0.009713839415833054,low_vol,high_vol,post_covid
2024-04-30,106.2200012,2291.399902,26.39100075,4.68599987,15.64999962,0.00604345,-0.02329298,0.003822844,0.010884974,-3.77e-05,-0.004246512,0.0035113021828221225,0.009513909446037522,low_vol,high_vol,post_covid
2024-05-01,105.7600021,2299.899902,26.48900032,4.59499979,15.39000034,-0.00434003,0.003702659,0.003935966,0.010674289,-0.000179486,-0.003074138,0.003642348199893752,0.010817305301611742,low_vol,high_vol,post_covid
2024-05-02,105.3000031,2299.199951,26.58300018,4.571000099,14.68000031,-0.004358948,-0.000304386,0.003860815,0.010191941,-0.000803975,-0.003550521,0.0036804828539150135,0.010539361542546517,low_vol,high_vol,post_covid
2024-05-03,105.0299988,2299.0,26.44499969,4.5,13.48999977,-0.002567436,-8.7e-05,0.003900828,0.0101755,-0.001060719,-0.004232756,0.003717442265817163,0.010243682829885976,low_vol,high_vol,post_covid
2024-05-06,105.0500031,2321.600098,27.36899948,4.488999844,13.48999977,0.000190444,0.009782399,0.003889365,0.00977629,-0.000975709,-0.000455536,0.003687709055192213,0.009962275082328213,low_vol,high_vol,post_covid
2024-05-07,105.4100037,2315.199951,27.3029995,4.462999821,13.22999954,0.003421087,-0.002760589,0.003920065,0.009773039,-0.000265276,-0.000538458,0.003622770963420235,0.009955874693472526,low_vol,high_vol,post_covid
2024-05-08,105.5500031,2313.600098,27.36100006,4.492000103,13.0,0.00132726,-0.000691261,0.003921715,0.009694823,-0.000293267,-0.000470017,0.0036189829244538713,0.009714613758640384,low_vol,high_vol,post_covid
2024-05-09,105.2300034,2332.100098,28.13199997,4.448999882,12.68999958,-0.003036341,0.007964396,0.003278129,0.009786804,-0.000350989,9.87e-05,0.0035642366688347226,0.0094623470258965,low_vol,high_vol,post_covid
2024-05-10,105.3099976,2367.300049,28.27499962,4.504000187,12.55000019,0.000759896,0.014980895,0.003281895,0.01005738,-0.000596456,0.001382383,0.0035545447599942266,0.009401261024791384,low_vol,low_vol,post_covid
2024-05-13,105.2200012,2336.100098,28.22100067,4.480999947,13.60000038,-0.00085495,-0.013267172,0.002842037,0.010479795,-0.000341557,-0.000397301,0.0034956695355960244,0.009807494621562593,low_vol,high_vol,post_covid
2024-05-14,105.0100021,2353.399902,28.48500061,4.445000172,13.42000008,-0.001997804,0.007378135,0.002825689,0.010574983,-0.001145682,0.002669811,0.0034405282604561306,0.010069648399450817,low_vol,high_vol,post_covid
2024-05-15,104.3499985,2388.699951,29.51399994,4.355999947,12.44999981,-0.006304985,0.014888215,0.003079798,0.010837538,-0.001342178,0.003788366,0.003406114571736552,0.009942288651745748,low_vol,high_vol,post_covid
2024-05-16,104.4599991,2380.0,29.66500092,4.376999855,12.42000008,0.001053595,-0.003648777,0.003069133,0.01071792,-0.000800923,0.003453927,0.0035720927010934127,0.010281042738765551,low_vol,high_vol,post_covid
2024-05-17,104.4499969,2412.199951,31.04700089,4.420000076,11.98999977,-9.58e-05,0.013438686,0.003016487,0.011071045,-0.000553755,0.004806493,0.003515393667021598,0.010039631736986071,low_vol,high_vol,post_covid
2024-05-20,104.5699997,2433.899902,32.20500183,4.436999798,12.14999962,0.001148242,0.008955695,0.003041423,0.011142997,-0.000457976,0.004723822,0.0034551352569843815,0.010257975996528333,low_vol,high_vol,post_covid
2024-05-21,104.6600037,2421.699951,31.86800003,4.414000034,11.85999966,0.000860335,-0.005025116,0.003060809,0.009132092,-0.000714051,0.00449737,0.0034028535282821905,0.010187864241002695,low_vol,high_vol,post_covid
2024-05-22,104.9400024,2389.199951,31.29500008,4.434000015,12.28999996,0.002671746,-0.013511191,0.003059218,0.009700178,-0.000579602,0.003215377,0.0033490389170271005,0.009986930331995493,low_vol,high_vol,post_covid
2024-05-23,105.1100006,2335.0,30.2840004,4.474999905,12.77000046,0.001618645,-0.02294667,0.003059584,0.011040704,-0.000114104,0.00012427,0.0033320078849561744,0.01024947971253621,low_vol,high_vol,post_covid
2024-05-24,104.7200012,2332.5,30.32999992,4.467000008,11.93000031,-0.003717293,-0.001071237,0.003115003,0.011033601,-0.000561822,-0.001480943,0.003290472938130624,0.011381228952121372,low_vol,high_vol,post_covid
2024-05-28,104.6100006,2355.199951,31.97100067,4.541999817,12.92000008,-0.001050978,0.009684975,0.003004746,0.011226018,-0.000581425,0.000814271,0.003319451239939416,0.011047928717593896,low_vol,high_vol,post_covid
2024-05-29,105.0999985,2340.300049,32.20299911,4.624000072,14.27999973,0.004673108,-0.006346482,0.003141918,0.011277429,8.57e-05,-0.00055819,0.003271694470043226,0.010958239752630803,low_vol,high_vol,post_covid
2024-05-30,104.7200012,2342.899902,31.38800049,4.553999901,14.47000027,-0.00362213,0.001110289,0.00287564,0.009947308,0.000353951,-0.001935983,0.0033408178522650583,0.010754686597672217,low_vol,high_vol,post_covid
2024-05-31,104.6699982,2322.899902,30.29700089,4.513999939,12.92000008,-0.000477607,-0.008573074,0.002750452,0.010142919,0.000200831,-0.002428412,0.003363175735986014,0.01044967891912965,low_vol,high_vol,post_covid
2024-06-03,104.1399994,2346.600098,30.64100075,4.40199995,13.10999966,-0.005076384,0.010151151,0.002804787,0.01035716,-0.000297232,-0.002757166,0.0033086262260767834,0.010369739224115836,low_vol,high_vol,post_covid
2024-06-04,104.1100006,2325.5,29.48800087,4.335999966,13.15999985,-0.000288104,-0.009032444,0.002765729,0.010584345,-0.000440866,-0.00455598,0.0034051831292905054,0.010352530142791996,low_vol,high_vol,post_covid
2024-06-05,104.2699966,2354.100098,29.94799995,4.289000034,12.63000011,0.001535618,0.012223461,0.002795961,0.01070359,-0.000373338,-0.002831122,0.003348489124068924,0.010301999484227114,low_vol,high_vol,post_covid
2024-06-06,104.0999985,2370.300049,31.24699974,4.281000137,12.57999992,-0.001631696,0.00685802,0.00266931,0.010755482,-0.000803682,-0.000794201,0.0033049946035789437,0.010413168749254527,low_vol,high_vol,post_covid
2024-06-07,104.8899994,2305.199951,29.33499908,4.429999828,12.22000027,0.007560215,-0.027849131,0.003189617,0.012478817,-0.000209525,-0.001284447,0.003267227585512235,0.010244275889038444,low_vol,high_vol,post_covid
2024-06-10,105.1500015,2307.699951,29.7689991,4.468999863,12.73999977,0.002475741,0.001083917,0.003179851,0.012344073,0.000409778,-0.001068932,0.0035300588469340914,0.011981394621283536,low_vol,high_vol,post_covid
2024-06-11,105.2300034,2307.5,29.13299942,4.403999805,12.85000038,0.000760546,-8.66e-05,0.003179859,0.01182624,0.000590931,-0.002046094,0.003500832350530789,0.011616951166451615,low_vol,high_vol,post_covid
2024-06-12,104.6500015,2336.0,30.1760006,4.295000076,12.03999996,-0.005526999,0.012275378,0.003396096,0.011838577,-0.00042908,-0.000183908,0.003443446587044612,0.011268298591286528,low_vol,high_vol,post_covid
2024-06-13,105.1999969,2300.199951,28.98999977,4.237999916,11.93999958,0.005241808,-0.015444011,0.003573543,0.012170092,0.000457314,-0.001839338,0.003556687965614202,0.011302903955646553,low_vol,high_vol,post_covid
2024-06-14,105.5500031,2331.399902,29.40200043,4.212999821,12.65999985,0.003321532,0.013472849,0.003321248,0.012080779,0.000837228,0.000365254,0.0036378024187958967,0.011581167470465068,low_vol,high_vol,post_covid
2024-06-17,105.3199997,2312.399902,29.32500076,4.278999805,12.75,-0.002181471,-0.008183,0.003371105,0.012167761,0.001126719,-0.001468161,0.003629931887648692,0.011664497958812232,low_vol,high_vol,post_covid
2024-06-18,105.2600021,2330.399902,29.50499916,4.217000008,12.30000019,-0.000569832,0.007753981,0.003376107,0.011881656,0.001098546,0.000210482,0.00359339706245184,0.011487691938889743,low_vol,high_vol,post_covid
2024-06-20,105.5899963,2353.800049,30.77599907,4.254000187,13.27999973,0.003130135,0.009991179,0.00342634,0.01192989,0.001257998,-1.27e-05,0.0035331008292535443,0.011286874741868142,low_vol,high_vol,post_covid
2024-06-21,105.8000031,2316.399902,29.57299995,4.256999969,13.19999981,0.001986913,-0.01601685,0.00344167,0.012322639,0.001619859,-0.002300234,0.0035231278819835227,0.011195666666688715,low_vol,high_vol,post_covid
2024-06-24,105.4700012,2330.0,29.48900032,4.248000145,13.32999992,-0.003123984,0.005854053,0.003492157,0.012150717,0.000551439,0.001070085,0.0034826288991631565,0.01152920132875394,low_vol,high_vol,post_covid
2024-06-25,105.6100006,2316.600098,28.83699989,4.237999916,12.84000015,0.001326506,-0.005767632,0.003486968,0.011150137,0.000436515,0.00038493,0.0034793430059580255,0.011263736793713208,low_vol,high_vol,post_covid
2024-06-26,106.0500031,2299.199951,28.9090004,4.315999985,12.55000019,0.00415764,-0.007539421,0.003465071,0.011259087,0.000776225,-0.000360347,0.003428670174147036,0.011023820919254497,low_vol,high_vol,post_covid
2024-06-27,105.9100037,2324.5,28.91799927,4.288000107,12.23999977,-0.001320998,0.010943747,0.003472002,0.011320239,0.001196825,-0.00049351,0.0034635998952403596,0.01086076702988776,low_vol,high_vol,post_covid
2024-06-28,105.8700027,2327.699951,29.23699951,4.342999935,12.43999958,-0.000377759,0.001375672,0.003347588,0.01125029,0.000634868,0.001188458,0.0034153877858729515,0.010850009746266747,low_vol,high_vol,post_covid
2024-07-01,105.9000015,2327.600098,29.29999924,4.479000092,12.22000027,0.000283315,-4.29e-05,0.003222157,0.011246096,0.000331046,-0.000163117,0.0033588232153105996,0.01054173594982569,low_vol,high_vol,post_covid
2024-07-02,105.7200012,2323.0,29.35300064,4.43599987,12.02999973,-0.001701166,-0.001978282,0.003252278,0.011094939,0.000379077,0.000457355,0.0033029270824196004,0.010245363068685776,low_vol,high_vol,post_covid
2024-07-03,105.4000015,2359.800049,30.54800034,4.355000019,12.09000015,-0.003031451,0.015717437,0.003105021,0.011411501,0.000132915,0.001253701,0.0032666329754318228,0.009977309447285988,low_vol,high_vol,post_covid
2024-07-05,104.8799973,2388.5,31.38800049,4.271999836,12.47999954,-0.004945837,0.012088663,0.003327937,0.011481445,-0.000674682,0.001463449,0.0032694802162775566,0.010380226765975675,low_vol,high_vol,post_covid
2024-07-08,105.0100021,2355.199951,30.61800003,4.269000053,12.36999989,0.001238791,-0.014039925,0.00332328,0.011658028,-0.000749494,0.001661141,0.0033613293040839105,0.010476054273961295,low_vol,high_vol,post_covid
2024-07-09,105.1200027,2360.100098,30.77199936,4.300000191,12.51000023,0.001046977,0.002078404,0.003295237,0.011564178,-0.000332398,0.001283576,0.00331295085417559,0.010729794797779581,low_vol,high_vol,post_covid
2024-07-10,105.0500031,2372.199951,30.72699928,4.28000021,12.85000038,-0.000666125,0.005113742,0.002871196,0.009713338,-0.000531661,0.002371714,0.0032636172563483496,0.010433144906531277,low_vol,high_vol,post_covid
2024-07-11,104.4400024,2415.0,31.3939991,4.19299984,12.92000008,-0.005823689,0.017881513,0.003086958,0.010359252,-0.001529794,0.004913807,0.003213296191615711,0.0102078902055816,low_vol,high_vol,post_covid
2024-07-12,104.0899963,2414.0,30.88599968,4.18900013,12.46000004,-0.003356893,-0.000414164,0.003144936,0.010363056,-0.001733384,0.003778016,0.0033637143772659254,0.01077397588072802,low_vol,high_vol,post_covid
2024-07-15,104.1900024,2422.899902,30.67200089,4.229000092,13.11999989,0.000960305,0.003680007,0.002940346,0.010109733,-0.001599577,0.004008449,0.0033743023781142396,0.010467033148936003,low_vol,high_vol,post_covid
2024-07-16,104.2699966,2462.399902,31.19499969,4.166999817,13.18999958,0.000767478,0.016171315,0.002675768,0.009771271,-0.001551161,0.005629871,0.0033222587493844263,0.010207028313219688,low_vol,high_vol,post_covid
2024-07-17,103.75,2454.800049,30.13699913,4.145999908,14.47999954,-0.004999497,-0.003091133,0.002709456,0.009570842,-0.001880994,0.005518586,0.0032699334413164457,0.010622307829079853,low_vol,high_vol,post_covid
2024-07-18,104.1699982,2451.800049,29.99500084,4.18900013,15.93000031,0.004040003,-0.001222843,0.002887338,0.009300696,-0.001173849,0.003824558,0.003364811877776082,0.010351687889656203,low_vol,high_vol,post_covid
2024-07-19,104.4000015,2395.5,29.08799934,4.238999844,16.52000046,0.002205528,-0.023230491,0.002947959,0.010808816,-0.000458712,0.000292642,0.003397880002842345,0.010070459638017924,low_vol,high_vol,post_covid
2024-07-22,104.3099976,2392.0,29.12400055,4.260000229,14.90999985,-0.000862479,-0.001462141,0.002836166,0.010636567,-0.000668839,0.001550421,0.0033665126117640143,0.011265714268032388,low_vol,high_vol,post_covid
2024-07-23,104.4499969,2404.600098,29.13199997,4.238999844,14.72000027,0.001341248,0.005253774,0.002810321,0.009948961,-0.000639412,0.001867958,0.0033151419105487316,0.010941030660172888,low_vol,high_vol,post_covid
2024-07-24,104.3899994,2413.300049,29.11599922,4.285999775,18.04000092,-0.000574579,0.003611516,0.002750795,0.009915017,-0.000630258,0.001717735,0.0032695941898945352,0.01069137678041317,low_vol,high_vol,post_covid
2024-07-25,104.3600006,2351.899902,27.80699921,4.256000042,18.45999908,-0.000287413,-0.025771655,0.002719875,0.011499849,-7.66e-05,-0.002647582,0.0032183543476894394,0.01041831703985915,low_vol,high_vol,post_covid
2024-07-26,104.3199997,2380.0,27.86000061,4.199999809,16.38999939,-0.000383371,0.011877017,0.002496839,0.011582819,0.000220722,-0.001418463,0.0031668474928766566,0.011855884373742987,low_vol,high_vol,post_covid
2024-07-29,104.5599976,2377.300049,27.70299911,4.177999973,16.60000038,0.002297951,-0.001135077,0.002581326,0.011396363,0.000354487,-0.001899972,0.0031172686132150094,0.01182264082840142,low_vol,high_vol,post_covid
2024-07-30,104.5500031,2405.0,28.36499977,4.143000126,17.69000053,-9.56e-05,0.011584493,0.002583334,0.01162551,0.00026818,-0.002358654,0.0030984423767506236,0.01146849844901003,low_vol,high_vol,post_covid
2024-07-31,104.0999985,2426.5,28.77799988,4.109000206,16.36000061,-0.004313494,0.008899986,0.002697214,0.011727371,0.00033678,-0.001159542,0.00304970705824753,0.011447760635468271,low_vol,high_vol,post_covid
2024-08-01,104.4199982,2435.0,28.33099937,3.976000071,18.59000015,0.003069249,0.003496867,0.002817185,0.011695754,0.000239705,-0.000687571,0.003121578188303244,0.01129561033424833,low_vol,high_vol,post_covid
2024-08-02,103.2099991,2425.699951,28.24600029,3.792000055,23.38999939,-0.011655472,-0.003826634,0.003685695,0.011342123,-0.001146395,0.001252815,0.003127205646135096,0.010989497597628435,low_vol,high_vol,post_covid
2024-08-05,102.6900024,2401.699951,27.07600021,3.785000086,38.56999969,-0.005050974,-0.009943323,0.00369139,0.011314344,-0.001565245,0.000404696,0.003834282148670738,0.01071409155856719,low_vol,high_vol,post_covid
2024-08-06,102.9700012,2389.100098,27.09600067,3.888000011,27.70999908,0.002722931,-0.005260033,0.003750232,0.01091457,-0.001427076,-0.000646684,0.0038956541439593546,0.010684615079711223,low_vol,high_vol,post_covid
2024-08-07,103.1999969,2390.5,26.82999992,3.967999935,27.85000038,0.002231128,0.000585782,0.0037902,0.010909871,-0.001146506,-0.000949258,0.003860008275254906,0.01046217433792359,low_vol,high_vol,post_covid
2024-08-08,103.2099991,2422.199951,27.5,3.996999979,23.79000092,9.69e-05,0.013173649,0.003795983,0.011213792,-0.001108073,0.002945273,0.00381381984135921,0.010169909483322326,low_vol,high_vol,post_covid
2024-08-09,103.1399994,2432.100098,27.48699951,3.941999912,20.37000084,-0.000678456,0.004078924,0.003620312,0.010559874,-0.001137581,0.002165463,0.003745486169162113,0.01035703922330491,low_vol,high_vol,post_covid
2024-08-12,103.1399994,2462.399902,27.91699982,3.90899992,20.70999908,0.0,0.012381323,0.003566036,0.010878763,-0.001367376,0.003517103,0.003681843604272061,0.010110962417711209,low_vol,high_vol,post_covid
2024-08-13,102.5599976,2466.699951,27.69499969,3.851999998,18.12000084,-0.005639313,0.001744761,0.003724078,0.010862624,-0.001921749,0.00253313,0.0036170113729881953,0.010249220583997319,low_vol,high_vol,post_covid
2024-08-14,102.5699997,2439.399902,27.25399971,3.819999933,16.19000053,9.75e-05,-0.011129138,0.003713274,0.010567331,-0.001480647,0.000530218,0.0037242830266554705,0.009973737412148131,low_vol,high_vol,post_covid
2024-08-15,102.9800034,2453.100098,28.34199905,3.926000118,15.22999954,0.003989338,0.005600503,0.003720973,0.010628619,-0.001388638,0.000740581,0.003658305489706555,0.010072195684555892,low_vol,high_vol,post_covid
2024-08-16,102.4599991,2498.600098,28.77799988,3.89199996,14.80000019,-0.005062358,0.018378043,0.003713593,0.011354748,-0.000729327,0.002961049,0.003674455947294979,0.009881575488503404,low_vol,high_vol,post_covid
2024-08-19,101.8899994,2501.800049,29.23999977,3.867000103,14.64999962,-0.005578676,0.001279878,0.003787589,0.009919283,-0.000782097,0.004083369,0.0037460468630853743,0.010536735130575802,low_vol,high_vol,post_covid
2024-08-20,101.4400024,2511.300049,29.45499992,3.818000078,15.88000011,-0.004426279,0.003790074,0.003852922,0.009892012,-0.001497018,0.00498838,0.0038409236275369586,0.010243444332781446,low_vol,high_vol,post_covid
2024-08-21,101.0400009,2508.399902,29.47599983,3.778000116,16.27000046,-0.003951028,-0.001155506,0.003842629,0.009895767,-0.002115234,0.004814251,0.00387250473550333,0.009997492342094598,low_vol,high_vol,post_covid
2024-08-22,101.5100021,2478.899902,29.00600052,3.861999989,17.54999924,0.00464085,-0.011830187,0.004072559,0.010334968,-0.00166084,0.002313868,0.003882685582146766,0.009733772943854298,low_vol,high_vol,post_covid
2024-08-23,100.7200012,2508.399902,29.7859993,3.806999922,15.85999966,-0.007812935,0.011830187,0.004300732,0.008510678,-0.002374288,0.003088994,0.003915381538592377,0.009899681966099068,low_vol,high_vol,post_covid
2024-08-26,100.8499985,2517.699951,29.97699928,3.818000078,16.14999962,0.001289847,0.003700706,0.004341467,0.008271172,-0.002245303,0.002220932,0.004140486829037571,0.010020270747915179,low_vol,high_vol,post_covid
2024-08-27,100.5500031,2516.0,29.95100021,3.832999945,15.43000031,-0.002979103,-0.000675428,0.004255782,0.008261178,-0.001979282,0.001978913,0.004070647513933842,0.00978455922199192,low_vol,high_vol,post_covid
2024-08-28,101.0899963,2501.0,29.1760006,3.84100008,17.11000061,0.005356026,-0.005979687,0.004526588,0.008205675,-0.001453432,0.002493858,0.0040396730421366775,0.00952859377086783,low_vol,high_vol,post_covid
2024-08-29,101.3399963,2525.699951,29.55699921,3.867000103,15.64999962,0.002469991,0.009827581,0.004565335,0.008247832,-0.001605366,0.002916566,0.004097289609657151,0.009399355605678212,low_vol,low_vol,post_covid
2024-08-30,101.6999969,2493.800049,28.7310009,3.911000013,15.0,0.003546109,-0.012710562,0.004589171,0.008829509,-0.00074452,-0.000192294,0.004048745730194291,0.009439357482750217,low_vol,low_vol,post_covid
2024-09-03,101.8300018,2489.899902,27.95100021,3.844000101,20.71999931,0.001277501,-0.001565161,0.00394675,0.008779603,-5.89e-05,-0.000476798,0.004031711456319195,0.009696734887508416,low_vol,high_vol,post_covid
2024-09-04,101.3600006,2493.399902,28.16699982,3.767999887,21.31999969,-0.004626232,0.001404692,0.003924043,0.008397522,-7.89e-05,-0.000715337,0.003964708046801937,0.009452442948683838,low_vol,high_vol,post_covid
2024-09-05,101.1100006,2511.399902,28.71999931,3.730999947,19.89999962,-0.002469503,0.007193126,0.003865979,0.008314492,6.93e-05,0.000119527,0.003998781593565041,0.00921548014158484,low_vol,low_vol,post_covid
2024-09-06,101.1800003,2493.5,27.80800056,3.710000038,22.37999916,0.000692073,-0.007152982,0.003818587,0.008565572,-0.000325622,0.000587247,0.003956766423522254,0.009137162748827738,low_vol,low_vol,post_covid
2024-09-09,101.5500031,2501.800049,28.29100037,3.697000027,19.45000076,0.003650206,0.003323146,0.003943572,0.008184844,0.000820692,-0.000263457,0.003886595334880348,0.009082705689814272,low_vol,low_vol,post_covid
2024-09-10,101.6299973,2512.300049,28.25699997,3.645999908,19.07999992,0.000787422,0.004188195,0.003958258,0.008186574,0.000770449,-0.000214708,0.0038797036120783524,0.008891338292132806,low_vol,low_vol,post_covid
2024-09-11,101.6800003,2512.100098,28.56299973,3.653000116,17.69000053,0.00049189,-7.96e-05,0.003964073,0.007804542,0.001117548,-0.000155124,0.0038122101449675912,0.008730517381783771,low_vol,low_vol,post_covid
2024-09-12,101.3700027,2551.199951,29.74300003,3.680000067,17.06999969,-0.003053413,0.015444722,0.003840519,0.0084223,0.000276604,0.001987317,0.003744817616348186,0.008528096319967874,low_vol,low_vol,post_covid
2024-09-13,101.1100006,2581.300049,30.6989994,3.650000095,16.55999947,-0.002568177,0.011729349,0.003861842,0.008167662,-0.000227212,0.002177493,0.0037284156147712054,0.00908342108605014,low_vol,low_vol,post_covid
2024-09-16,100.7600021,2580.399902,30.77099991,3.621000051,17.13999939,-0.003467566,-0.000348779,0.003752041,0.008164928,-0.00092858,0.003413672,0.003698308450433121,0.009271634864436641,low_vol,low_vol,post_covid
2024-09-17,100.8899994,2564.300049,30.61899948,3.64199996,17.61000061,0.001289336,-0.006258832,0.003666424,0.007498483,-0.000927397,0.002944305,0.003697970409408895,0.0090409665967661,low_vol,low_vol,post_covid
2024-09-18,100.5999985,2570.699951,30.3409996,3.684999943,18.22999954,-0.002878566,0.00249266,0.003532998,0.007503506,-0.00075263,0.003053101,0.0036404566512165276,0.008954529477522944,low_vol,low_vol,post_covid
2024-09-19,100.6100006,2588.0,31.09399986,3.74000001,16.32999992,9.94e-05,0.00670716,0.003424734,0.007578656,-0.000495738,0.003004505,0.003622651733658941,0.008756163107678305,low_vol,low_vol,post_covid
2024-09-20,100.7200012,2619.899902,31.1760006,3.727999926,16.14999962,0.001092739,0.012250735,0.003338373,0.007907261,-0.000455671,0.004944877,0.0035593715544385224,0.008688864927207851,low_vol,low_vol,post_covid
2024-09-23,100.9199982,2626.5,30.7670002,3.739000082,15.89000034,0.001983704,0.00251605,0.003194943,0.007237575,-0.000622321,0.004864167,0.003503458266531641,0.008954097882355058,low_vol,low_vol,post_covid
2024-09-24,100.3700027,2651.199951,32.11100006,3.736000061,15.39000034,-0.00546472,0.009360188,0.002949708,0.007101496,-0.001247535,0.005381366,0.0034635329857178594,0.0087560971628407,low_vol,low_vol,post_covid
2024-09-25,100.9199982,2659.199951,31.69799995,3.780999899,15.40999985,0.00546472,0.003012958,0.003184094,0.007097927,-0.000750252,0.005690621,0.0035716007494941806,0.008821723070649651,low_vol,low_vol,post_covid
2024-09-26,100.5599976,2669.899902,32.02500153,3.790999889,15.36999989,-0.003573566,0.004015675,0.003214708,0.007063299,-0.000802268,0.004547716,0.003663996242646233,0.008639302331894062,low_vol,low_vol,post_covid
2024-09-27,100.4199982,2644.300049,31.5189991,3.749000072,16.95999908,-0.001393168,-0.009634583,0.002981908,0.007331106,-0.000684767,0.002411323,0.0036691088377495875,0.00848916528994458,low_vol,low_vol,post_covid
2024-09-30,100.7799988,2636.100098,31.16399956,3.802000046,16.72999954,0.003578539,-0.003105809,0.003042895,0.007240958,1.98e-05,0.00213562,0.0036158742876927184,0.008622693509461179,low_vol,low_vol,post_covid
2024-10-01,101.1900024,2667.300049,31.44499969,3.743000031,19.26000023,0.004060051,0.011766154,0.003076946,0.006697962,0.000296915,0.003938119,0.0036180628684640316,0.008462832217693658,low_vol,low_vol,post_covid
2024-10-02,101.6800003,2647.100098,31.62800026,3.785000086,18.89999962,0.004830668,-0.007602005,0.003256957,0.00703395,0.001067839,0.002928652,0.0036390749869843197,0.008715131954174622,low_vol,low_vol,post_covid
2024-10-03,101.9899979,2657.100098,32.18899918,3.849999905,20.48999977,0.003044118,0.003770601,0.003148771,0.007027488,0.001362309,0.002634996,0.0036939432673658524,0.008713242443411111,low_vol,low_vol,post_covid
2024-10-04,102.5199966,2645.800049,32.12799835,3.980999947,19.20999908,0.00518312,-0.004261844,0.003253897,0.00713182,0.001771347,0.000983738,0.0036748263543355474,0.008552778961062395,low_vol,low_vol,post_covid
2024-10-07,102.5400009,2644.800049,31.74500084,4.026000023,22.63999939,0.000195107,-0.000378029,0.003255455,0.006820598,0.001592487,0.000694331,0.0037453522693455614,0.008427259308889396,low_vol,low_vol,post_covid
2024-10-08,102.5500031,2615.0,30.35499954,4.032999992,21.42000008,9.75e-05,-0.011331369,0.003182466,0.007482505,0.002148713,-0.001374825,0.003678895336489676,0.008242446448088131,low_vol,low_vol,post_covid
2024-10-09,102.9300003,2606.0,30.42499924,4.066999912,20.86000061,0.003698634,-0.003447619,0.00325961,0.007561442,0.001972104,-0.002020883,0.0036141190885924995,0.00851943593272111,low_vol,low_vol,post_covid
2024-10-10,102.9899979,2620.600098,31.00499916,4.096000195,20.93000031,0.000582727,0.005586858,0.003259512,0.007594158,0.002387734,-0.001863765,0.0036208904570961755,0.008373727272730586,low_vol,low_vol,post_covid
2024-10-11,102.8899994,2657.600098,31.52000046,4.072999954,20.45999908,-0.000971425,0.01402016,0.003173043,0.007473588,0.002429908,0.00050171,0.0035590558788536697,0.008288568168958274,low_vol,low_vol,post_covid
2024-10-14,103.3000031,2647.800049,31.08300018,4.09800005,19.70000076,0.003976955,-0.003694372,0.00315648,0.007217523,0.002469749,0.000442854,0.0035033698532218444,0.008744473617434386,low_vol,low_vol,post_covid
2024-10-15,103.2600021,2661.399902,31.52700043,4.038000107,20.63999939,-0.000387306,0.005123138,0.003005456,0.007257053,0.002025014,-0.000221448,0.003526583076674466,0.008591447621611849,low_vol,low_vol,post_covid
2024-10-16,103.5899963,2674.0,31.76000023,4.015999794,19.57999992,0.003190665,0.004723215,0.003037788,0.007065275,0.001861013,0.001011074,0.0034670208813232534,0.008476125603307301,low_vol,low_vol,post_covid
2024-10-17,103.8300018,2691.0,31.57299995,4.096000195,19.11000061,0.002314199,0.006337393,0.002892123,0.007128355,0.001788022,0.001267753,0.003461833323923831,0.00835558075327332,low_vol,low_vol,post_covid
2024-10-18,103.4899979,2713.699951,33.0320015,4.072999954,18.03000069,-0.003279995,0.008400128,0.003063196,0.007191434,0.00094171,0.00253395,0.0034308974913852147,0.008300823229911915,low_vol,low_vol,post_covid
2024-10-21,104.0100021,2723.100098,33.86899948,4.18200016,18.37000084,0.0050121,0.003457974,0.003164838,0.00682732,0.001423409,0.002917551,0.0034354972140565364,0.008349655156785233,low_vol,low_vol,post_covid
2024-10-22,104.0800018,2744.199951,34.83100128,4.203999996,18.20000076,0.000672783,0.007718603,0.003168381,0.00694644,0.001480934,0.004822548,0.0035120990284018046,0.008203720139962236,low_vol,low_vol,post_covid
2024-10-23,104.4300003,2714.399902,33.63999939,4.242000103,19.23999977,0.003357142,-0.010918677,0.002761973,0.007286106,0.001446784,0.004075442,0.003453776411676419,0.00822414961139379,low_vol,low_vol,post_covid
2024-10-24,104.0599976,2734.899902,33.61100006,4.199999809,19.07999992,-0.003549361,0.007523938,0.002876434,0.007410089,0.001033576,0.00426915,0.003455026424831347,0.008472066821365264,low_vol,low_vol,post_covid
2024-10-25,104.2600021,2740.899902,33.60300064,4.231999874,20.32999992,0.001920167,0.002191462,0.002635582,0.007387771,0.001322735,0.00308628,0.003468856272757008,0.00846215071166387,low_vol,low_vol,post_covid
2024-10-28,104.3199997,2742.899902,33.83000183,4.277999878,19.79999924,0.000575295,0.000729421,0.002553012,0.006957981,0.000982569,0.003528659,0.0034287377325288777,0.008287231291283484,low_vol,low_vol,post_covid
2024-10-29,104.2799988,2768.399902,34.26900101,4.274000168,19.34000015,-0.000383518,0.009253781,0.002562502,0.007049429,0.000982948,0.003941724,0.0033721106453710324,0.00810985013910176,low_vol,low_vol,post_covid
2024-10-30,103.9899979,2788.5,33.91400146,4.265999794,20.35000038,-0.002784857,0.007234316,0.002670432,0.006811531,0.000385396,0.004192834,0.003316771447807228,0.008224787321141052,low_vol,low_vol,post_covid
2024-10-31,103.9800034,2738.300049,32.65299988,4.28399992,23.15999985,-9.61e-05,-0.018166509,0.002558802,0.00787263,0.000144364,0.001742444,0.003308970495028153,0.008219596785460009,low_vol,low_vol,post_covid
2024-11-01,104.2799988,2738.600098,32.54199982,4.361000061,21.87999916,0.002880972,0.000109569,0.002552734,0.007862992,0.000760461,0.000913388,0.0032543452553451375,0.009150902035399013,low_vol,low_vol,post_covid
2024-11-04,103.8899994,2736.100098,32.47999954,4.309000015,21.97999954,-0.003746936,-0.000913292,0.002574793,0.007775072,-0.000115443,0.000476261,0.0032476694032767487,0.008925628278700302,low_vol,low_vol,post_covid
2024-11-05,103.4199982,2740.300049,32.65499878,4.289000034,20.48999977,-0.004534292,0.001533837,0.002810934,0.007761958,-0.00063615,-0.000142215,0.003280197587534306,0.008716542231848918,low_vol,low_vol,post_covid
2024-11-06,105.0899963,2667.600098,31.22100067,4.426000118,16.27000046,0.016018742,-0.026888193,0.004413556,0.009593137,0.00063001,-0.001739167,0.003348885616077034,0.008520195055699318,low_vol,low_vol,post_covid
2024-11-07,104.5100021,2698.399902,31.76499939,4.34100008,15.19999981,-0.00553431,0.01147974,0.004604307,0.00980189,0.000431515,-0.001343587,0.004529918705593325,0.010521061738270403,high_vol,high_vol,post_covid
2024-11-08,105.0,2687.5,31.35899925,4.306000233,14.93999958,0.004677569,-0.004047575,0.004683981,0.009834279,0.000707255,-0.00196749,0.004575778625449779,0.010567669252109044,high_vol,high_vol,post_covid
2024-11-11,105.5400009,2611.199951,30.54000092,4.308000088,14.97000027,0.005129686,-0.028801526,0.004749527,0.01136378,0.001162694,-0.004920585,0.004577069911227715,0.010319704041020769,high_vol,high_vol,post_covid
2024-11-12,106.0199966,2600.0,30.68600082,4.43200016,14.71000004,0.004537687,-0.004298422,0.004767398,0.011372131,0.001654815,-0.006275806,0.004596426368648198,0.012167287076153707,high_vol,high_vol,post_covid
2024-11-13,106.4800034,2580.800049,30.59000015,4.451000214,14.02000046,0.004329482,-0.007411998,0.004798027,0.011370944,0.002366249,-0.007740437,0.004591556922743117,0.011841030209426319,high_vol,high_vol,post_covid
2024-11-14,106.6699982,2568.199951,30.50799942,4.418000221,14.31000042,0.001782734,-0.004894202,0.004782479,0.011302742,0.002554133,-0.006413206,0.004579354545403969,0.011623431924440087,high_vol,high_vol,post_covid
2024-11-15,106.6900024,2565.699951,30.37100029,4.427999973,16.13999939,0.000187517,-0.000973919,0.004784562,0.011147129,0.002284788,-0.006521555,0.004503877801036888,0.011339424854457776,high_vol,high_vol,post_covid
2024-11-18,106.2799988,2610.600098,31.16300011,4.414000034,15.57999992,-0.003850347,0.017348791,0.004813356,0.01173118,0.002274447,-0.004695347,0.004417946426929898,0.011007532753414652,high_vol,high_vol,post_covid
2024-11-19,106.2099991,2627.100098,31.20800018,4.379000187,16.35000038,-0.000658852,0.006300496,0.004751405,0.011811543,0.002661991,-0.004218681,0.004401062190665503,0.011432696879102245,high_vol,high_vol,post_covid
2024-11-20,106.6800003,2648.199951,30.95599937,4.406000137,17.15999985,0.004415444,0.007999532,0.004808497,0.011822908,0.001501661,-0.000729908,0.004319996369289094,0.01118564182741202,high_vol,high_vol,post_covid
2024-11-21,106.9700012,2672.100098,30.91200066,4.43200016,16.87000084,0.002714731,0.008984571,0.004795947,0.011844332,0.002326565,-0.000979425,0.004322529587054586,0.011012684260595764,high_vol,high_vol,post_covid
2024-11-22,107.4899979,2709.899902,31.30900002,4.409999847,15.23999977,0.004849367,0.014046981,0.004734761,0.012153606,0.002343745,0.00083003,0.00427235076155384,0.010892566437478095,high_vol,high_vol,post_covid
2024-11-25,106.8199997,2616.800049,30.20999908,4.264999866,14.60000038,-0.006252628,-0.034959482,0.005029062,0.014271214,0.001205514,0.000214235,0.004294574149049038,0.011074304975738351,high_vol,high_vol,post_covid
2024-11-26,107.0100021,2620.300049,30.38800049,4.302000046,14.10000038,0.001777136,0.001336618,0.005028972,0.014278073,0.000929458,0.000777739,0.004390624275735602,0.01360795567744382,high_vol,high_vol,post_covid
2024-11-27,106.0800018,2639.899902,30.11100006,4.242000103,14.10000038,-0.008728764,0.007452167,0.005471626,0.014211208,-0.000376366,0.002264155,0.004320323564642311,0.013169095768604155,high_vol,high_vol,post_covid
2024-11-29,105.7399979,2657.0,30.68499947,4.177999973,13.51000023,-0.003210313,0.006456666,0.005486389,0.014186214,-0.000875671,0.003399242,0.004573209040503065,0.01286215185505645,high_vol,high_vol,post_covid
2024-12-02,106.4499969,2634.899902,30.4489994,4.196000099,13.34000015,0.006692132,-0.008352473,0.005629393,0.01379362,-0.000225209,0.002661387,0.00453089827367115,0.012542028743311171,high_vol,high_vol,post_covid
2024-12-03,106.3700027,2644.699951,31.07699966,4.22300005,13.30000019,-0.000751755,0.003712425,0.005628322,0.013841313,8.46e-05,0.00129775,0.004628098336434702,0.012318622752655928,high_vol,high_vol,post_covid
2024-12-04,106.3399963,2653.800049,31.50499916,4.179999828,13.44999981,-0.000282134,0.003434975,0.005533898,0.013885517,0.000122322,0.001011198,0.004541838123888752,0.011965092131947434,high_vol,high_vol,post_covid
2024-12-05,105.7099991,2626.600098,31.13400078,4.179999828,13.53999996,-0.005941987,-0.010302322,0.005613637,0.013997925,-0.000913422,-0.000818987,0.004455428432489921,0.011624532800470915,high_vol,high_vol,post_covid
2024-12-06,105.9700012,2638.600098,31.18600082,4.151000023,12.77000046,0.00245656,0.004558239,0.004467789,0.012838354,-0.000939239,-0.001261621,0.004525243269738469,0.011548302791751347,high_vol,high_vol,post_covid
2024-12-09,106.1500015,2664.899902,32.2159996,4.198999882,14.18999958,0.001697156,0.009917986,0.004261696,0.012769704,-0.00125446,-0.00167452,0.004463051383584431,0.01124961786586487,high_vol,high_vol,post_covid
2024-12-10,106.4000015,2697.600098,32.36299896,4.221000195,14.18000031,0.002352389,0.012196028,0.004183813,0.013039226,-0.000393958,0.003041031,0.004389567300934071,0.01115739341491002,high_vol,high_vol,post_covid
2024-12-11,106.7099991,2733.800049,32.56200027,4.270999908,13.57999992,0.002909275,0.013330076,0.004091467,0.01150872,-0.000280744,0.004240377,0.004329389337986001,0.011196043172445174,high_vol,high_vol,post_covid
2024-12-12,106.9599991,2687.5,31.22800064,4.323999882,13.92000008,0.002340058,-0.017081207,0.004011015,0.012186839,0.000826138,0.001787039,0.004283727528272933,0.01130252399298153,high_vol,high_vol,post_covid
2024-12-13,107.0,2656.0,30.65500069,4.399000168,13.81000042,0.00037391,-0.011790162,0.003909863,0.012384143,0.00118456,-3.76e-05,0.004226532594341355,0.01171110328730691,high_vol,high_vol,post_covid
2024-12-16,106.8600006,2651.399902,30.6970005,4.396999836,14.68999958,-0.001309262,-0.001733466,0.003906763,0.012323291,0.000384421,0.000624257,0.004147965227361435,0.011709589973744248,low_vol,high_vol,post_covid
2024-12-17,106.9599991,2644.399902,30.57299995,4.385000229,15.86999989,0.000935352,-0.002643606,0.003911153,0.01234554,0.000553132,-1.13e-05,0.00407986399058553,0.011365786620730199,low_vol,high_vol,post_covid
2024-12-18,108.0299988,2636.5,30.40999985,4.493999958,27.62000084,0.009954031,-0.00299188,0.004346278,0.011821685,0.001576748,-0.000654031,0.004008176382556503,0.011049924999656428,low_vol,high_vol,post_covid
2024-12-19,108.4100037,2592.199951,29.09399986,4.570000172,24.09000015,0.003511414,-0.016945363,0.00437255,0.012326025,0.002522088,-0.001318335,0.004381646756756984,0.010755490285341033,high_vol,high_vol,post_covid
2024-12-20,107.6200027,2628.699951,29.65999985,4.524000168,18.36000061,-0.00731384,0.013982492,0.004651512,0.012601688,0.001545048,-0.00037591,0.004350806616496289,0.011213466189669653,high_vol,high_vol,post_covid
2024-12-23,108.0400009,2612.300049,29.88800049,4.598999977,16.78000069,0.003895008,-0.006258331,0.004687644,0.01247538,0.001764833,-0.001993542,0.0045050967028522895,0.011361880115794153,high_vol,high_vol,post_covid
2024-12-24,108.2600021,2620.0,29.97400093,4.59100008,14.27000046,0.002034224,0.00294324,0.004595611,0.012029632,0.001733017,-0.002918821,0.004481597384536681,0.011131926237447142,high_vol,high_vol,post_covid
2024-12-26,108.1299973,2638.800049,30.04700089,4.578999996,14.72999954,-0.00120158,0.007149969,0.004359431,0.009418228,0.001321932,-0.003536831,0.004412820913682897,0.010825536247148987,high_vol,high_vol,post_covid
2024-12-27,108.0,2617.199951,29.65500069,4.618999958,15.94999981,-0.001202954,-0.008219262,0.004367025,0.009599742,0.00096763,-0.002650637,0.004336219915034959,0.010642215863234826,high_vol,high_vol,post_covid
2024-12-30,108.1299973,2606.100098,29.1060009,4.545000076,17.39999962,0.001202954,-0.004250137,0.003829271,0.009481006,0.001050535,-0.001896634,0.004261691253882923,0.010532774843606983,high_vol,high_vol,post_covid
2024-12-31,108.4899979,2629.199951,28.94000053,4.572999954,17.35000038,0.003323802,0.00882471,0.003742082,0.009582837,0.001513841,-0.000840817,0.004187638127527231,0.010291544412559023,high_vol,high_vol,post_covid
2025-01-02,109.3899994,2658.899902,29.62199974,4.574999809,17.93000031,0.008261489,0.011232868,0.003870249,0.009732374,0.002246455,0.000546831,0.004158342279949353,0.0102128440936592,high_vol,high_vol,post_covid
2025-01-03,108.9499969,2645.0,29.80599976,4.596000195,16.12999916,-0.004030439,-0.005241401,0.004020268,0.009777491,0.000848008,0.000321879,0.004382668924149056,0.010269586016388173,high_vol,high_vol,post_covid
2025-01-06,108.2600021,2638.399902,30.34199905,4.618000031,16.04000092,-0.006353272,-0.00249843,0.004333804,0.009759143,-0.000138461,0.001766572,0.004373488110377235,0.01007041388650781,high_vol,high_vol,post_covid
2025-01-07,108.5400009,2656.699951,30.4470005,4.683000088,17.81999969,0.002583016,0.006912097,0.004055939,0.00959658,0.000851225,0.001059532,0.00446996103521219,0.009818763918460195,high_vol,high_vol,post_covid
2025-01-08,109.0899963,2664.5,30.45199966,4.69299984,17.70000076,0.005054419,0.00293169,0.004133203,0.009569074,0.000967166,0.001978534,0.004412123255182528,0.009689076107400113,high_vol,high_vol,post_covid
2025-01-09,109.1800003,2683.800049,30.79100037,4.69299984,17.70000076,0.000824703,0.007217296,0.004134259,0.009453125,0.000846214,0.00240594,0.004436257286186703,0.009457357724687109,high_vol,high_vol,post_covid
2025-01-10,109.6500015,2708.5,31.0909996,4.776000023,19.54000092,0.00429559,0.009161257,0.004179544,0.009284452,0.001395931,0.002607069,0.004354449814406714,0.00936366799344184,high_vol,low_vol,post_covid
2025-01-13,109.9599991,2673.5,30.0909996,4.802999973,19.19000053,0.002823166,-0.013006501,0.004178065,0.009199414,0.001798543,0.002128345,0.004350976948260279,0.009369580889424115,high_vol,low_vol,post_covid
2025-01-14,109.2699966,2677.5,30.13199997,4.788000107,18.70999908,-0.006294802,0.001495048,0.004496639,0.008444167,0.001048767,0.002702863,0.004302465651431261,0.009656591600923999,high_vol,high_vol,post_covid
2025-01-15,109.0899963,2712.5,31.31900024,4.652999878,16.12000084,-0.001648657,0.012987196,0.004532629,0.008471426,0.000551521,0.003119112,0.004400320488804878,0.009409602180535593,high_vol,low_vol,post_covid
2025-01-16,108.9599991,2746.399902,31.52300072,4.605999947,16.60000038,-0.001192362,0.012420209,0.004529824,0.008799558,-0.000393864,0.003237846,0.004329932741396052,0.009656576115465153,high_vol,high_vol,post_covid
2025-01-17,109.3499985,2744.300049,30.95100021,4.609000206,15.97000027,0.003572899,-0.000764876,0.004566492,0.008762916,0.00036647,0.003685499,0.00425545341095521,0.009838884573598026,high_vol,high_vol,post_covid
2025-01-21,108.0599976,2755.0,31.31100082,4.573999882,15.06000042,-0.011867127,0.003891391,0.004909452,0.008704598,-0.000184916,0.004324481,0.004231241424663489,0.009580619015940078,high_vol,high_vol,post_covid
2025-01-22,108.1699982,2767.600098,31.23900032,4.598999977,15.10000038,0.001017441,0.004563111,0.004850409,0.007539855,-0.000341473,0.004089582,0.004760413902088269,0.009373082998183613,high_vol,low_vol,post_covid
2025-01-23,108.0500031,2763.100098,30.67300034,4.638000011,15.02000046,-0.001109936,-0.001627281,0.004570261,0.00717586,-0.000957908,0.003633685,0.004671692142837627,0.009193664604922241,high_vol,low_vol,post_covid
2025-01-24,107.4400024,2777.300049,31.02300072,4.625999928,14.85000038,-0.005661536,0.005125977,0.004657832,0.006916406,-0.001606532,0.003424553,0.004587296851277651,0.00897686140897724,high_vol,low_vol,post_covid
2025-01-27,107.3399963,2737.5,30.25399971,4.527999878,17.89999962,-0.000931242,-0.014434155,0.004629501,0.007884798,-0.002129216,0.001065012,0.0046360445122930576,0.008837430787816417,high_vol,low_vol,post_covid
2025-01-28,107.8700027,2766.800049,30.72699928,4.551000118,16.40999985,0.004925491,0.01064634,0.004767886,0.008032537,-0.001918983,0.003430296,0.004550950149015353,0.009302635927789423,high_vol,low_vol,post_covid
2025-01-29,108.0,2769.100098,31.23800087,4.554999828,16.55999947,0.001204403,0.000830958,0.004769351,0.007677369,-0.001169063,0.003363887,0.004563124593526282,0.009399564873957066,high_vol,low_vol,post_covid
2025-01-30,107.8000031,2823.0,32.36399841,4.512000084,15.84000015,-0.00185354,0.019277756,0.004777435,0.008305512,-0.001189551,0.003992943,0.004481114549653671,0.009162258328946292,high_vol,low_vol,post_covid
2025-01-31,108.3700027,2812.5,32.12799835,4.568999767,16.43000031,0.005273636,-0.003726382,0.004866353,0.008377654,-0.000542951,0.002378284,0.0044116833045883,0.010012558371979232,high_vol,high_vol,post_covid
2025-02-03,108.9899979,2833.899902,32.39199829,4.543000221,18.62000084,0.005704792,0.007580053,0.004676214,0.008239513,-0.000329762,0.003212777,0.004445404967183494,0.00978754231519981,high_vol,high_vol,post_covid
2025-02-04,107.9599991,2853.300049,32.88800049,4.513000011,17.20999908,-0.009495336,0.006822416,0.005039483,0.008052018,-9.26e-05,0.003505879,0.004497224239836819,0.00968708811744399,high_vol,high_vol,post_covid
2025-02-05,107.5800018,2871.600098,32.85699844,4.421999931,15.77000046,-0.003526006,0.006393163,0.00490955,0.007947868,-0.000546927,0.003688885,0.004789732830537613,0.009562374046408494,high_vol,high_vol,post_covid
2025-02-06,107.6900024,2856.0,32.51800156,4.440000057,15.5,0.001021978,-0.005447355,0.004875415,0.008178296,-0.000333736,0.003306877,0.004748728008296511,0.0094294159335255,high_vol,low_vol,post_covid
2025-02-07,108.0400009,2867.300049,32.33499908,4.486999989,16.54000092,0.003244785,0.003948793,0.004789906,0.008178118,0.000556896,0.003189159,0.004660339490972958,0.009287399524089126,high_vol,low_vol,post_covid
2025-02-10,108.3199997,2914.300049,32.39199829,4.493000031,15.81000042,0.002588269,0.016258833,0.004828868,0.008610558,0.000908847,0.006258458,0.004612193231042782,0.009097724249121659,high_vol,low_vol,post_covid
2025-02-11,107.9599991,2912.5,32.23099899,4.537000179,16.02000046,-0.003329027,-0.000617852,0.004745939,0.008577507,8.34e-05,0.005132038,0.0045500780895379326,0.009654607034893294,high_vol,high_vol,post_covid
2025-02-12,107.9400024,2909.0,32.69499969,4.637000084,15.89000034,-0.00018524,-0.001202439,0.004677935,0.007795764,-5.56e-05,0.004928699,0.004511916677264087,0.009405063383616949,high_vol,low_vol,post_covid
2025-02-13,107.3099976,2925.899902,32.65000153,4.525000095,15.10000038,-0.005853721,0.005792713,0.004653346,0.007782564,-0.000455587,0.003580194,0.00442600579364503,0.009172624841471397,high_vol,low_vol,post_covid
2025-02-14,106.5699997,2883.600098,32.80099869,4.472000122,14.77000046,-0.006919776,-0.014562545,0.004836467,0.00851881,-0.001674928,0.002496578,0.004493087905824205,0.009042888643753196,high_vol,low_vol,post_covid
2025-02-18,107.0500031,2931.600098,33.31700134,4.544000149,15.35000038,0.004494,0.016508835,0.004988586,0.008789391,-0.001796007,0.003389456,0.00461343501805913,0.009494451482574013,high_vol,high_vol,post_covid
2025-02-19,107.1699982,2919.399902,32.99300003,4.534999847,15.27000046,0.001120298,-0.0041703,0.004908115,0.008895186,-0.000734444,0.002290185,0.004606237742424525,0.010023874199641718,high_vol,high_vol,post_covid
2025-02-20,106.3399963,2940.0,33.44400024,4.5,15.65999985,-0.007774868,0.007031499,0.004519196,0.008938173,-0.00115933,0.002354018,0.004522329006698471,0.00980886182983029,high_vol,high_vol,post_covid
2025-02-21,106.6100006,2937.600098,32.97600174,4.420000076,18.20999908,0.002535848,-0.000816627,0.004561077,0.008971022,-0.001007943,0.002817091,0.004692387234352905,0.009684481716090829,high_vol,high_vol,post_covid
2025-02-24,106.5999985,2947.899902,32.57500076,4.393000126,18.97999954,-9.38e-05,0.003500065,0.004561809,0.008912983,-0.001341804,0.002772218,0.004626755341397408,0.00943450891134465,high_vol,low_vol,post_covid
2025-02-25,106.3099976,2904.5,31.8010006,4.297999859,19.43000031,-0.002724166,-0.014831761,0.004443753,0.009712407,-0.001873048,-0.000336841,0.004537809821149571,0.00922692064548125,high_vol,low_vol,post_covid
2025-02-26,106.4199982,2916.800049,32.25299835,4.249000072,19.10000038,0.001034181,0.004225883,0.004454976,0.008944174,-0.001436727,0.000147532,0.00448422101714629,0.0096799611684073,high_vol,high_vol,post_covid
2025-02-27,107.2399979,2883.199951,31.8010006,4.284999847,21.12999916,0.007675781,-0.01158637,0.004655577,0.009304996,-0.000650625,-0.000890861,0.004402738175395293,0.009474489045184466,high_vol,high_vol,post_covid
2025-02-28,107.6100006,2836.800049,31.21899986,4.230999947,19.62999916,0.003444292,-0.016224098,0.004716519,0.010117496,0.000279177,-0.003092542,0.004566918578918961,0.009647621577216096,high_vol,high_vol,post_covid
2025-03-03,106.75,2890.199951,32.0320015,4.179999828,22.78000069,-0.008023934,0.018649013,0.005009591,0.010061948,0.000168761,0.000228614,0.004527432562734702,0.010173561157113377,high_vol,high_vol,post_covid
2025-03-04,105.7399979,2909.600098,32.10800171,4.210000038,23.51000023,-0.009506422,0.006689961,0.005197598,0.010067822,-0.001231281,-0.000753273,0.004713141176969225,0.010816110057210894,high_vol,high_vol,post_covid
2025-03-05,105.7399979,2915.300049,32.85800171,4.264999866,21.93000031,0.0,0.001957099,0.004964162,0.009975632,-0.001343311,-0.000140534,0.004985123768770377,0.010617078616635335,high_vol,high_vol,post_covid
2025-03-06,104.0599976,2916.600098,33.06299973,4.285999775,24.87000084,-0.016015598,0.000445841,0.005649658,0.009897424,-0.002167384,-0.000799099,0.004887236244887926,0.010324909082375058,high_vol,high_vol,post_covid
2025-03-07,103.8399963,2904.699951,32.54800034,4.316999912,23.37000084,-0.002116415,-0.00408849,0.005635885,0.0098785,-0.00263261,-0.001126286,0.0057275440789482735,0.0100392787706321,high_vol,high_vol,post_covid
2025-03-10,103.9100037,2891.0,32.27500153,4.212999821,27.86000061,0.000673957,-0.004727635,0.005628033,0.009857895,-0.002555832,-0.001949056,0.005627865121041063,0.009821362590888855,high_vol,high_vol,post_covid
2025-03-11,103.4400024,2912.899902,32.88800049,4.288000107,26.92000008,-0.004533417,0.007546652,0.005541517,0.009950203,-0.002736757,0.000288786,0.005515643304167171,0.009633005810760325,high_vol,high_vol,post_covid
2025-03-12,103.6100006,2939.100098,33.48400116,4.31799984,24.22999954,0.001642098,0.00895433,0.005505462,0.009498413,-0.002675966,0.00076163,0.005478946078052018,0.009541497613898262,high_vol,high_vol,post_covid
2025-03-13,103.8300018,2984.300049,34.05099869,4.274000168,24.65999985,0.002121108,0.015261785,0.005573507,0.01003024,-0.003231433,0.003446446,0.005377791390476679,0.009523067719253748,high_vol,high_vol,post_covid
2025-03-14,103.7200012,2994.5,34.18700027,4.308000088,21.77000046,-0.001059992,0.003412043,0.005563645,0.01002645,-0.003681861,0.00541006,0.005285488791809341,0.0099391239590125,high_vol,high_vol,post_covid
2025-03-17,103.3700027,3000.0,34.07400131,4.306000233,20.51000023,-0.003380161,0.001835016,0.005501573,0.009976418,-0.003217484,0.00372866,0.00518495322013723,0.009702251214869423,high_vol,high_vol,post_covid
2025-03-18,103.2399979,3035.100098,34.57899857,4.281000137,21.70000076,-0.001258457,0.011632116,0.005374426,0.009536112,-0.002392688,0.004222876,0.005126538252491125,0.009455787988851114,high_vol,high_vol,post_covid
2025-03-19,103.4300003,3035.899902,33.97499847,4.256000042,19.89999962,0.001838704,0.000263484,0.005255997,0.008980346,-0.002208817,0.004053514,0.005031855567378623,0.009602821631929971,high_vol,high_vol,post_covid
2025-03-20,103.8499985,3040.0,33.7859993,4.232999802,19.79999924,0.004052477,0.001349627,0.005370637,0.008881253,-0.00020201,0.004143893,0.0049448478973324606,0.00935382218068525,high_vol,low_vol,post_covid
2025-03-21,104.0899963,3018.199951,33.29000092,4.251999855,19.28000069,0.002308339,-0.007196904,0.005230358,0.009014153,0.000240466,0.003833051,0.004909752046236392,0.009121673616463174,high_vol,low_vol,post_covid
2025-03-24,104.2600021,3013.100098,33.26499939,4.330999851,17.47999954,0.001631925,-0.00169113,0.005203295,0.00902619,0.000336262,0.004136702,0.0048334453716100375,0.009070329353635019,high_vol,low_vol,post_covid
2025-03-25,104.1800003,3023.699951,34.0019989,4.30700016,17.14999962,-0.000767625,0.003511749,0.005199106,0.009026339,0.000712842,0.003733212,0.004749043313102567,0.008860983915385996,high_vol,low_vol,post_covid
2025-03-26,104.5500031,3020.899902,34.03300095,4.337999821,18.32999992,0.00354528,-0.000926463,0.005280158,0.00826905,0.00090316,0.002745132,0.004659817222925779,0.008686130525920897,high_vol,low_vol,post_covid
2025-03-27,104.0699997,3060.199951,34.89699936,4.368999958,18.69000053,-0.004601708,0.012925489,0.005325573,0.008604051,0.000230878,0.002511503,0.004619922581426292,0.00849022892047705,high_vol,low_vol,post_covid
2025-03-28,104.0400009,3086.5,34.64400101,4.255000114,21.64999962,-0.000288297,0.008557506,0.004941878,0.008087599,0.000308048,0.003026049,0.004621763856328405,0.00882957904881371,high_vol,low_vol,post_covid
2025-03-31,104.2099991,3122.800049,34.45700073,4.245999813,22.28000069,0.001632636,0.011692288,0.004867557,0.006940485,0.000809327,0.004011776,0.004533369467767232,0.008844697580714185,high_vol,low_vol,post_covid
2025-04-01,104.2600021,3118.899902,34.15800095,4.156000137,21.77000046,0.000479715,-0.001249707,0.004649015,0.006246438,0.000983145,0.002723594,0.0044570689621914366,0.009053308909249238,high_vol,low_vol,post_covid
2025-04-02,103.8099976,3139.899902,34.49900055,4.196000099,21.51000023,-0.004325518,0.006710577,0.00430681,0.006246945,0.000366722,0.003368303,0.004372981258044222,0.008840127697528984,high_vol,low_vol,post_covid
2025-04-03,102.0699997,3097.0,31.84399986,4.054999828,30.02000046,-0.016903432,-0.01375702,0.005538219,0.007308063,-0.001728869,0.001857639,0.0043751185773139275,0.00876718220260965,high_vol,low_vol,post_covid
2025-04-04,103.0199966,3012.0,29.11599922,3.984999895,45.31000137,0.009264262,-0.027829591,0.004986881,0.009917629,-0.001033276,-0.00020563,0.005420801107948233,0.00918186736490128,high_vol,low_vol,post_covid
2025-04-07,103.2600021,2951.300049,29.51000023,4.15500021,46.97999954,0.002326989,-0.020358542,0.005008122,0.010959492,-0.00096377,-0.002072371,0.0056068051571770946,0.011154818739694827,high_vol,high_vol,post_covid
2025-04-08,102.9599991,2968.399902,29.59199905,4.262000084,52.33000183,-0.002909546,0.005777286,0.005035444,0.01093631,-0.001177962,-0.001845818,0.005511435002483665,0.011877107102786744,high_vol,high_vol,post_covid
2025-04-09,102.9000015,3056.5,30.32299995,4.400000095,33.61999893,-0.000582897,0.029247416,0.004947799,0.012476954,-0.00159078,0.00117157,0.005431939435681758,0.01159072018951077,high_vol,high_vol,post_covid
2025-04-10,100.8700027,3155.199951,30.67099953,4.394000053,40.72000122,-0.019925071,0.031781399,0.006523135,0.013989167,-0.003123116,0.003057161,0.005324698078979852,0.013180707745168649,high_vol,high_vol,post_covid
2025-04-11,99.77999878,3222.199951,31.8239994,4.493000031,37.56000137,-0.010864836,0.021012471,0.00679483,0.014286542,-0.00418077,0.004302658,0.006514860935131899,0.014789682932062993,high_vol,high_vol,post_covid
2025-04-14,99.63999939,3204.800049,32.09199905,4.363999844,30.88999939,-0.001404066,-0.00541464,0.006793132,0.014423154,-0.00448444,0.002591965,0.0067274023737229635,0.01512043715700967,high_vol,high_vol,post_covid
2025-04-15,100.2200012,3218.699951,32.22700119,4.322999954,30.12000084,0.005804097,0.004327835,0.006986704,0.01442134,-0.003952002,0.003149719,0.006594171646754474,0.014672348649364252,high_vol,high_vol,post_covid
2025-04-16,99.37999725,3326.600098,32.92599869,4.278999805,32.63999939,-0.008416923,0.032973255,0.007148437,0.015726929,-0.004361142,0.005775987,0.006553909404433273,0.014216289687687482,high_vol,high_vol,post_covid
2025-04-17,99.37999725,3308.699951,32.41999817,4.333000183,29.64999962,0.0,-0.005395442,0.007112624,0.015848765,-0.002670799,0.006612145,0.006628515536406555,0.015787532934456953,high_vol,high_vol,post_covid
2025-04-21,98.27999878,3406.199951,32.49599838,4.40500021,33.81999969,-0.011130323,0.029041938,0.007247463,0.016735926,-0.004710258,0.012299298,0.006491342018367664,0.01530717000740264,high_vol,high_vol,post_covid
2025-04-22,98.91999817,3400.800049,32.88000107,4.388999939,30.56999969,0.006490889,-0.001586574,0.007444608,0.016568455,-0.004293868,0.014176494,0.0067222749043619615,0.01629088447108744,high_vol,high_vol,post_covid
2025-04-23,99.83999634,3276.300049,33.51800156,4.387000084,28.45000076,0.009257444,-0.037295961,0.007828504,0.019003611,-0.003077169,0.00986917,0.006700946950534513,0.015736290716740188,high_vol,high_vol,post_covid
2025-04-24,99.29000092,3332.0,33.48199844,4.304999828,26.46999931,-0.005523998,0.016857973,0.007857909,0.01920895,-0.003571279,0.008630225,0.0068023214597391435,0.017611582400372056,high_vol,high_vol,post_covid
2025-04-25,99.47000122,3282.399902,32.98899841,4.265999794,24.84000015,0.001811233,-0.014997892,0.007802447,0.019652532,-0.001397648,0.003952296,0.006749845968514064,0.01744540930470159,high_vol,high_vol,post_covid
2025-04-28,99.01000214,3332.5,32.99000168,4.21600008,25.14999962,-0.004635227,0.015147941,0.007802929,0.019709167,-0.000774687,0.003365843,0.006618531118691965,0.01721767531160002,high_vol,high_vol,post_covid
2025-04-29,99.23999786,3318.800049,33.27500153,4.172999859,24.17000008,0.002320261,-0.004119487,0.00785835,0.019758578,-0.000402255,0.003495359,0.006546238028636676,0.016989373225925537,high_vol,high_vol,post_covid
2025-04-30,99.47000122,3305.0,32.53099823,4.177000046,24.70000076,0.002314966,-0.004166813,0.007876592,0.019731075,-0.000751168,0.002645894,0.006425982156755616,0.016431019756854712,high_vol,high_vol,post_covid
2025-05-01,100.25,3210.0,32.18899918,4.230999947,24.60000038,0.007810963,-0.029165536,0.00815947,0.020915337,0.000871621,-0.003567985,0.006308761150507054,0.01589863175630303,high_vol,high_vol,post_covid
2025-05-02,100.0,3231.899902,31.98900032,4.322000027,22.68000031,-0.00249688,0.006799232,0.008141666,0.020916477,0.000621933,-0.002348518,0.006360866080682627,0.016862280947167754,high_vol,high_vol,post_covid
2025-05-05,99.83000183,3311.300049,32.20500183,4.342999935,23.63999939,-0.001701428,0.024270707,0.007368973,0.021185299,0.001564822,-0.002825641,0.006250061266513522,0.016351425892401295,high_vol,high_vol,post_covid
2025-05-06,99.23999786,3411.399902,33.11299896,4.308000088,24.76000023,-0.00592762,0.029781859,0.007043613,0.020692576,0.000322971,0.000311202,0.006131526468690399,0.01678557043337558,high_vol,high_vol,post_covid
2025-05-07,99.61000061,3381.399902,32.53099823,4.275000095,23.54999924,0.00372143,-0.00883294,0.007090683,0.020104972,-0.00023063,0.003157504,0.006118927190869268,0.017653386305611914,high_vol,high_vol,post_covid
2025-05-08,100.6399994,3296.600098,32.37799835,4.373000145,22.47999954,0.01028722,-0.025398132,0.007549352,0.021276197,0.001350492,-0.001068106,0.00603590323058935,0.017169053051006567,high_vol,high_vol,post_covid
2025-05-09,100.3399963,3335.399902,32.67599869,4.375,21.89999962,-0.002985404,0.011700919,0.007559556,0.020610211,0.000870828,0.001601775,0.006239472888919685,0.017649060289746363,high_vol,high_vol,post_covid
2025-05-12,101.7900009,3220.0,32.38800049,4.456999779,18.38999939,0.014347494,-0.035211223,0.006993133,0.021294144,0.0027691,-0.003434141,0.006140436501927343,0.017245824290830394,high_vol,high_vol,post_covid
2025-05-13,101.0,3240.300049,32.86800003,4.499000072,18.21999931,-0.00779136,0.006284574,0.006773593,0.020838629,0.001757938,-0.002393735,0.006628104271145273,0.01864416308843214,high_vol,high_vol,post_covid
2025-05-14,101.0400009,3181.399902,32.22600174,4.527999878,18.62000084,0.00039597,-0.018344612,0.006758621,0.021202727,0.001566038,-0.003811515,0.0066695929311953485,0.018039954909435392,high_vol,high_vol,post_covid
2025-05-15,100.8799973,3220.699951,32.48099899,4.454999924,17.82999992,-0.001584823,0.012277391,0.006669415,0.021360777,0.00062646,0.000332777,0.006531750654060123,0.017952472476949758,high_vol,high_vol,post_covid
2025-05-16,101.0899963,3182.0,32.15800095,4.440999985,17.23999977,0.002079509,-0.012088782,0.006369041,0.020112844,0.001084099,-0.001556024,0.006404975505548004,0.01755441235999441,high_vol,high_vol,post_covid
2025-05-19,100.4300003,3228.899902,32.31299973,4.474999905,18.13999939,-0.006550202,0.014631562,0.006568099,0.020422006,0.000599221,-0.002519938,0.00628526829320475,0.017189220663374076,high_vol,high_vol,post_covid
2025-05-20,100.1200027,3280.300049,32.97999954,4.480999947,18.09000015,-0.003091476,0.015793405,0.006071852,0.019631608,0.000882836,-0.003918784,0.006290133091123324,0.016937639050935656,high_vol,high_vol,post_covid
2025-05-21,99.55999756,3309.300049,33.46300125,4.596000195,20.87000084,-0.005609041,0.008801805,0.006087204,0.019767497,-5.02e-05,-0.002155309,0.006191695149080524,0.016760381394339635,high_vol,high_vol,post_covid
2025-05-22,99.95999908,3292.300049,33.04700089,4.552999973,20.28000069,0.004009644,-0.005150278,0.005802455,0.018006815,-0.000677969,-0.000130524,0.006165130949609976,0.016306717750471232,high_vol,high_vol,post_covid
2025-05-23,99.11000061,3363.600098,33.44200134,4.508999825,22.29000092,-0.008539746,0.021425435,0.005982033,0.018243702,-0.001233403,0.000841928,0.006087539812921248,0.01579709051124752,high_vol,high_vol,post_covid
2025-05-26,98.93000031,3363.600098,33.44200134,4.508999825,22.29000092,-0.001817818,0.0,0.005976889,0.017899054,-0.002849934,0.00436305,0.0061950731563571145,0.016064302513710216,high_vol,high_vol,post_covid
2025-05-27,99.51999664,3299.100098,33.14599991,4.434000015,18.95999908,0.005946063,-0.019362124,0.006035265,0.018133614,-0.001476192,0.00179838,0.006079257169919766,0.015513785657677564,high_vol,high_vol,post_covid
2025-05-28,99.87999725,3293.600098,33.0,4.477000237,19.30999947,0.003610843,-0.001668512,0.00606396,0.018116895,-0.001154705,0.00346599,0.0060642906779179205,0.015690280572114135,high_vol,high_vol,post_covid
2025-05-29,99.27999878,3317.100098,33.28300095,4.423999786,19.18000031,-0.006025309,0.007109716,0.006197464,0.018165564,-0.001598754,0.002949222,0.005980408626287609,0.015162683476855253,high_vol,high_vol,post_covid
2025-05-30,99.33000183,3288.899902,32.89199829,4.415999889,18.56999969,0.00050353,-0.008537804,0.005931021,0.017021425,-0.001756351,0.00330432,0.0059779428721276565,0.01474216628624302,high_vol,high_vol,post_covid
2025-06-02,98.69999695,3370.600098,34.56299973,4.461999893,18.36000061,-0.006362743,0.024537666,0.006056749,0.017740407,-0.001737605,0.004294931,0.005856717523714758,0.014400461186333592,high_vol,high_vol,post_covid
2025-06-03,99.25,3350.199951,34.50299835,4.460000038,17.69000053,0.005557004,-0.006070768,0.006197606,0.017058451,-0.000872757,0.002108513,0.005873364882601566,0.015068749546915816,high_vol,high_vol,post_covid
2025-06-04,98.79000092,3373.5,34.51900101,4.364999771,17.61000061,-0.004645525,0.00693075,0.006145258,0.01578202,-0.000776406,0.001921408,0.005852686896284617,0.014638199867343897,high_vol,high_vol,post_covid
2025-06-05,98.73999786,3350.699951,35.68899918,4.394000053,18.47999954,-0.000506283,-0.006781516,0.006078693,0.015734347,-0.001227999,0.001758284,0.005807144411099879,0.014239331000063827,high_vol,high_vol,post_covid
2025-06-06,99.19000244,3322.699951,36.02500153,4.510000229,16.77000046,0.004547116,-0.008391574,0.00568988,0.014794841,8.07e-05,-0.001223417,0.0056904890251979635,0.013869261250042706,high_vol,high_vol,post_covid
2025-06-09,98.94000244,3332.100098,36.68799973,4.481999874,17.15999985,-0.002523597,0.002825074,0.005681456,0.014580348,1.01e-05,-0.000940909,0.005643468940584514,0.013570662243374975,high_vol,high_vol,post_covid
2025-06-10,99.05000305,3320.899902,36.54199982,4.473999977,16.95000076,0.001111173,-0.003366964,0.00455471,0.012202358,-0.000473379,0.000658607,0.005552715104561873,0.013145298422767454,high_vol,high_vol,post_covid
2025-06-11,98.62999725,3321.300049,36.16600037,4.412000179,17.26000023,-0.004249357,0.000120486,0.004363868,0.012154779,-0.001259399,0.000837507,0.005444826557742438,0.012753434414870918,high_vol,high_vol,post_covid
2025-06-12,97.91999817,3380.899902,36.21300125,4.356999874,18.02000046,-0.007224647,0.01778563,0.004543713,0.011805627,-0.001379333,0.001905098,0.005401862786760815,0.012351145654801525,high_vol,high_vol,post_covid
2025-06-13,98.18000031,3431.199951,36.28099823,4.423999786,20.81999969,0.002651732,0.014768123,0.004632642,0.011916578,-0.001164513,0.004235691,0.005481708810998404,0.012670666901178289,high_vol,high_vol,post_covid
2025-06-16,98.0,3396.399902,36.37900162,4.452000141,19.11000061,-0.001835053,-0.010194022,0.004568515,0.011803136,-0.000711744,0.000762522,0.005395286551710642,0.012747049408740536,high_vol,high_vol,post_covid
2025-06-17,98.81999969,3386.600098,37.09000015,4.393000126,21.60000038,0.008332532,-0.002889521,0.004885727,0.011564464,-0.000434191,0.001080647,0.005300450575604184,0.012589829366407007,high_vol,high_vol,post_covid
2025-06-18,98.91000366,3389.800049,36.86600113,4.396999836,20.13999939,0.000910372,0.00094444,0.004868649,0.01114256,0.000121399,0.000482016,0.0054390757930088286,0.012217476507915315,high_vol,high_vol,post_covid
2025-06-20,98.70999908,3368.100098,35.97600174,4.375,20.62000084,-0.002024134,-0.006422121,0.004744734,0.011143332,-3.04e-05,0.000517955,0.0053326547921661634,0.011841360198676563,high_vol,high_vol,post_covid
2025-06-23,98.41999817,3377.699951,36.15299988,4.320000172,19.82999992,-0.002942232,0.002846174,0.004662893,0.011064797,-0.000779321,0.00164173,0.005242230068181424,0.011589497708941505,high_vol,high_vol,post_covid
2025-06-24,97.86000061,3317.399902,35.70100021,4.293000221,17.47999954,-0.005706125,-0.018013676,0.004462576,0.010807769,-0.001097574,-0.000442145,0.005171544827466603,0.01125902982819466,high_vol,high_vol,post_covid
2025-06-25,97.68000031,3327.100098,36.08499908,4.293000221,16.76000023,-0.001841059,0.002919769,0.004462894,0.010835411,-0.001392797,0.000186528,0.005192790531265959,0.011751872861626756,high_vol,high_vol,post_covid
2025-06-26,97.15000153,3333.5,36.58599854,4.252999783,16.59000015,-0.005440641,0.00192172,0.004316421,0.009943512,-0.001511926,0.000366652,0.005103451525096201,0.011414389980994975,high_vol,high_vol,post_covid
2025-06-27,97.40000153,3273.699951,36.03699875,4.282999992,16.31999969,0.002570035,-0.018101974,0.004264715,0.010737181,-0.000532457,-0.003222109,0.005116831070795507,0.011082474941551767,high_vol,high_vol,post_covid
2025-06-30,96.87999725,3294.399902,35.85200119,4.230000019,16.72999954,-0.005353155,0.006303199,0.004229042,0.010710805,-0.001332946,-0.004068601,0.00503934530010548,0.011603652572650034,high_vol,high_vol,post_covid
2025-07-01,96.81999969,3336.699951,36.08200073,4.250999928,16.82999992,-0.00061949,0.012758252,0.004213958,0.010901002,-0.00121139,-0.001773374,0.005052102552478977,0.01134715101947592,high_vol,high_vol,post_covid
2025-07-02,96.77999878,3348.0,36.42599869,4.293000221,16.63999939,-0.000413233,0.003380873,0.00404754,0.009470294,-0.002085966,-0.001146334,0.0049543843511152584,0.011404808195226,high_vol,high_vol,post_covid
2025-07-03,97.18000031,3331.600098,36.7840004,4.34800005,16.37999916,0.004124583,-0.004910454,0.003943386,0.009438397,-0.001764545,-0.001731824,0.004858147101212711,0.011091289808814844,high_vol,high_vol,post_covid
2025-07-04,97.18000031,3332.5,36.77500153,4.34800005,16.37999916,0.0,0.000270075,0.003858254,0.009295322,-0.001562132,-0.001062604,0.004828549641659376,0.010836404841632341,high_vol,high_vol,post_covid
2025-07-07,97.48000336,3332.199951,36.61500168,4.394999981,17.79000092,0.003082331,-9e-05,0.00394949,0.00918624,-0.000959675,-0.001356226,0.004734511576011866,0.010525292238801826,high_vol,high_vol,post_covid
2025-07-08,97.51000214,3307.0,36.47200012,4.414999962,16.80999947,0.000307696,-0.007591298,0.003777212,0.009152433,-0.000358293,-0.000313988,0.004679797410612724,0.010229812403123427,high_vol,high_vol,post_covid
2025-07-09,97.47000122,3311.600098,36.35100174,4.342000008,15.93999958,-0.000410308,0.001390052,0.003757472,0.009133856,-0.000215218,-0.00046696,0.004589653615674021,0.010120031539523565,high_vol,high_vol,post_covid
2025-07-10,97.65000153,3317.399902,37.0379982,4.346000195,15.77999973,0.001845022,0.001749828,0.003778636,0.00911601,0.000513348,-0.000484149,0.004502495798271135,0.009848428440214567,high_vol,high_vol,post_covid
2025-07-11,97.84999847,3356.0,38.67599869,4.422999859,16.39999962,0.002046005,0.011568474,0.003730539,0.009462443,0.000460945,0.002482896,0.004430082975587371,0.00959356751798976,high_vol,high_vol,post_covid
2025-07-14,98.08000183,3351.5,38.4620018,4.427000046,17.20000076,0.002347813,-0.001341782,0.003424399,0.008595755,0.001231042,0.001718398,0.004362994187187387,0.009724041869154291,high_vol,high_vol,post_covid
2025-07-15,98.62000275,3329.800049,37.83399963,4.488999844,17.37999916,0.005490618,-0.00649575,0.003583435,0.007945498,0.001842053,-0.000207002,0.004303532322576062,0.009476089875400481,high_vol,high_vol,post_covid
2025-07-16,98.38999939,3352.5,37.85300064,4.454999924,17.15999985,-0.002334942,0.006794079,0.003599345,0.007872901,0.001649882,0.000134318,0.004352920119186567,0.00937023493900606,high_vol,low_vol,post_covid
2025-07-17,98.73000336,3340.100098,38.05599976,4.462999821,16.52000046,0.003449719,-0.00370556,0.003180305,0.007886668,0.001582395,0.000254808,0.0042964180569923785,0.00926503422335771,high_vol,low_vol,post_covid
2025-07-18,98.48000336,3353.0,38.22299957,4.43200016,16.40999985,-0.00253537,0.003854692,0.00321731,0.007941618,0.001328858,0.000613269,0.004266870420002221,0.009081680203729887,high_vol,low_vol,post_covid
2025-07-21,97.84999847,3401.899902,39.10100174,4.372000217,16.64999962,-0.006417838,0.014478603,0.003473981,0.008457831,0.000378842,0.002070134,0.0042175908193905634,0.008901655839703697,high_vol,low_vol,post_covid
2025-07-22,97.38999939,3439.199951,39.31999969,4.335999966,16.5,-0.004712149,0.010904802,0.003558751,0.008748589,-0.000123143,0.003919744,0.004327980880293598,0.00932322087153429,high_vol,low_vol,post_covid
2025-07-23,97.20999908,3394.100098,39.27799988,4.388000011,15.36999989,-0.001849952,-0.013200213,0.003371293,0.008279898,-0.000267107,0.002460717,0.004347667765081427,0.009434635447802231,high_vol,low_vol,post_covid
2025-07-24,97.37999725,3371.0,39.02099991,4.407999992,15.39000034,0.001747245,-0.006829223,0.003381124,0.008443767,-0.000276885,0.001602812,0.00428201975834708,0.00972984475563324,high_vol,high_vol,post_covid
2025-07-25,97.65000153,3334.0,38.16699982,4.386000156,14.93000031,0.00276885,-0.011036652,0.003208595,0.008809767,-0.000204601,-0.0006577,0.004214330806019763,0.009620859080566473,high_vol,high_vol,post_covid
2025-07-28,98.66000366,3309.100098,38.02600098,4.420000076,15.02999973,0.01028996,-0.007496506,0.003863726,0.007985138,0.000589614,-0.001273173,0.004169008581404854,0.009743980265811428,high_vol,high_vol,post_covid
2025-07-29,98.91000366,3323.399902,38.08399963,4.329999924,15.97999954,0.00253075,0.004312047,0.003631152,0.007924528,0.000293627,-0.000192393,0.004551206109929815,0.009662788446854666,high_vol,high_vol,post_covid
2025-07-30,99.94000244,3295.800049,37.56600189,4.375999928,15.47999954,0.010359648,-0.00833938,0.004142584,0.00761298,0.001563086,-0.001705739,0.004489751456992077,0.009460352953884274,high_vol,high_vol,post_covid
2025-07-31,100.0299988,3293.199951,36.55199814,4.360000134,16.71999931,0.000900098,-0.000789224,0.004121955,0.007558491,0.001308124,-0.001414105,0.004839816743990327,0.009439826141649694,high_vol,low_vol,post_covid
2025-08-01,98.69000244,3347.699951,36.78699875,4.21999979,20.37999916,-0.01348648,0.016413807,0.005221653,0.00836594,0.000213013,-0.000158194,0.004748239547506461,0.009202460107538916,high_vol,low_vol,post_covid
2025-08-04,98.77999878,3374.399902,37.19200134,4.199999809,17.52000046,0.000911494,0.007943974,0.005219033,0.008533714,0.000945946,-0.000811657,0.005354607200311837,0.009760241050296064,high_vol,high_vol,post_covid
2025-08-05,98.77999878,3381.899902,37.68700027,4.196000099,17.85000038,0.0,0.002220151,0.00519426,0.00853933,0.001417161,-0.001680122,0.0052502722986110615,0.00967754683233395,high_vol,high_vol,post_covid
2025-08-06,98.18000031,3380.0,37.76599884,4.21999979,16.77000046,-0.006092611,-0.000561943,0.005397946,0.008333147,0.000992895,-0.000416295,0.00514591924872552,0.009436504775285135,high_vol,low_vol,post_covid
2025-08-07,98.40000153,3400.300049,38.15800095,4.243999958,16.56999969,0.002238288,0.005987968,0.005410808,0.008402924,0.001042,0.000865424,0.00518534238488539,0.009198058602405676,high_vol,low_vol,post_covid
2025-08-08,98.18000031,3439.100098,38.41699982,4.284999847,15.14999962,-0.002238288,0.01134616,0.005431582,0.008687098,0.000541286,0.003103705,0.005100107021304649,0.009073568481254636,high_vol,low_vol,post_covid
2025-08-11,98.51999664,3353.100098,37.66199875,4.272999763,16.25,0.003457007,-0.025324517,0.005463443,0.010194586,-0.000142009,0.001320904,0.005019627714087526,0.00923638997885898,high_vol,low_vol,post_covid
2025-08-12,98.09999847,3348.899902,37.89899826,4.293000221,14.72999954,-0.004272188,-0.001253416,0.005531451,0.01019404,-0.000822303,0.000764358,0.004965012070289836,0.010854052201276117,high_vol,high_vol,post_covid
2025-08-13,97.83999634,3358.699951,38.49900055,4.237999916,14.48999977,-0.002653897,0.002922075,0.005412183,0.010102439,-0.002123658,0.001890503,0.004940742346975376,0.010547917271692743,high_vol,high_vol,post_covid
2025-08-14,98.25,3335.199951,37.98199844,4.293000221,14.82999992,0.004181797,-0.007021347,0.005480767,0.010115846,-0.001795488,0.001267291,0.004872981462769999,0.01027091054027261,high_vol,high_vol,post_covid
2025-08-15,97.84999847,3336.0,37.89400101,4.328000069,15.09000015,-0.004079573,0.000239852,0.005485425,0.010084979,-0.000854797,-0.000350104,0.004844658630246392,0.010134623266475634,high_vol,high_vol,post_covid
2025-08-18,98.16999817,3331.699951,37.95100021,4.34100008,14.98999977,0.003264973,-0.001289815,0.005519844,0.010047584,-0.000619449,-0.001273483,0.004818674558908257,0.009858430362513007,high_vol,high_vol,post_covid
2025-08-19,98.26999664,3313.399902,37.26100159,4.302000046,15.56999969,0.001018107,-0.005507847,0.005333016,0.009509556,-0.000517638,-0.002046283,0.004765768369154977,0.009603016354042983,high_vol,high_vol,post_covid
2025-08-20,98.22000122,3343.399902,37.70500183,4.296000004,15.68999958,-0.000508885,0.009013401,0.005216896,0.009396917,4.07e-05,-0.001088749,0.004676915226464505,0.009452315482526837,high_vol,high_vol,post_covid
2025-08-21,98.62000275,3336.899902,38.02700043,4.329999924,16.60000038,0.004064236,-0.001946021,0.005248667,0.008999531,0.000223329,-0.001882147,0.0045880010650100065,0.0094436442528778,high_vol,low_vol,post_covid
2025-08-22,97.72000122,3374.399902,39.00299835,4.260000229,14.22000027,-0.00916785,0.011175299,0.005662434,0.009251453,-0.000469627,-0.001899234,0.00456683622102773,0.0092173384283263,high_vol,low_vol,post_covid
2025-08-25,98.43000031,3373.800049,38.67699814,4.275000095,14.78999996,0.00723938,-0.000177782,0.005846237,0.008897624,-9.14e-05,0.00061544,0.004828114171523495,0.009355633004738208,high_vol,low_vol,post_covid
2025-08-26,98.23000336,3388.600098,38.58200073,4.257999897,14.61999989,-0.002033937,0.004377166,0.005403374,0.008735511,0.000132435,0.001178498,0.004936253736071605,0.009120021184114098,high_vol,low_vol,post_covid
2025-08-27,98.23000336,3404.600098,38.68899918,4.237999916,14.85000038,0.0,0.004710602,0.005367339,0.008743199,0.000397825,0.001357351,0.004856919320761588,0.008950550355332777,high_vol,low_vol,post_covid
2025-08-28,97.80999756,3431.800049,39.18999863,4.206999779,14.43000031,-0.004284906,0.007957432,0.004834099,0.008580598,-0.000448845,0.002855229,0.004762181898379795,0.008800315646961862,high_vol,low_vol,post_covid
2025-08-29,97.76999664,3473.699951,40.20000076,4.227000237,15.35999966,-0.000409049,0.012135375,0.00481643,0.008835864,-8.18e-05,0.004044781,0.004746400526021535,0.00878695806870327,high_vol,low_vol,post_covid
2025-09-02,98.40000153,3549.399902,41.07099915,4.27699995,17.17000008,0.006423072,0.021558253,0.00417005,0.009298901,0.000234017,0.006329588,0.004655311555721443,0.00903349675425401,high_vol,low_vol,post_covid
2025-09-03,98.13999939,3593.199951,41.54199982,4.210999966,16.35000038,-0.002645795,0.012264609,0.004197357,0.009465046,-0.000132373,0.008106833,0.004730694995209815,0.010161804679828627,high_vol,high_vol,post_covid
2025-09-04,98.34999847,3565.800049,40.9109993,4.176000118,15.30000019,0.002137505,-0.00765471,0.004231021,0.009746407,0.000132266,0.006440022,0.004669208558291404,0.010287849840046463,high_vol,high_vol,post_covid
2025-09-05,97.76999664,3613.199951,41.07400131,4.085999966,15.18000031,-0.005914782,0.013205346,0.004218814,0.009988647,-0.000865636,0.007955159,0.004596809976161647,0.010176975817667905,high_vol,high_vol,post_covid
2025-09-08,97.44999695,3638.100098,41.42599869,4.046000004,15.10999966,-0.003278353,0.006867801,0.00423118,0.010002862,-0.000276686,0.007524409,0.004657182618036243,0.01036567573379696,high_vol,high_vol,post_covid
2025-09-09,97.79000092,3643.300049,40.87799835,4.073999882,15.03999996,0.003482937,0.001428284,0.004294799,0.009832639,-0.000652331,0.007685016,0.004613834170830527,0.010200049257041903,high_vol,high_vol,post_covid
2025-09-10,97.77999878,3643.600098,41.13299942,4.032000065,15.35000038,-0.000102287,8.24e-05,0.004213153,0.007489941,-0.000459166,0.007255535,0.004573788079677707,0.009924635922527457,high_vol,high_vol,post_covid
2025-09-11,97.54000092,3636.899902,41.6969986,4.011000156,14.71000004,-0.002457485,-0.001840587,0.004146969,0.007511428,-0.000704914,0.006600416,0.004486176176618558,0.009659159234659504,high_vol,high_vol,post_covid
2025-09-12,97.55000305,3649.399902,42.38700104,4.06099987,14.76000023,0.000102539,0.0034311,0.004111298,0.007508838,-0.00026617,0.006147782,0.004428164648246928,0.009420015431802452,high_vol,low_vol,post_covid
2025-09-15,97.30000305,3682.199951,42.51699829,4.03399992,15.68999958,-0.002566078,0.008947643,0.004019184,0.007141521,-0.000481873,0.005829009,0.0043440789818017965,0.009211871342454768,high_vol,low_vol,post_covid
2025-09-16,96.62999725,3688.899902,42.47100067,4.026000023,16.36000061,-0.006909797,0.001817898,0.004190339,0.00710028,-0.00181516,0.003854974,0.004293018462557542,0.009218068750002483,high_vol,low_vol,post_covid
2025-09-17,96.87000275,3681.800049,41.72200012,4.076000214,15.72000027,0.002480678,-0.001926508,0.00415756,0.007128834,-0.001302512,0.002435862,0.0044268947902174295,0.00899709087813065,high_vol,low_vol,post_covid
2025-09-18,97.34999847,3643.699951,41.70700073,4.104000092,15.69999981,0.004942814,-0.010402141,0.004320592,0.007548866,-0.001021981,0.002161119,0.004368207913141274,0.008794814095850294,high_vol,low_vol,post_covid
2025-09-19,97.63999939,3671.5,42.5359993,4.138999939,15.44999981,0.002974523,0.007600662,0.004384528,0.007513077,-0.000133051,0.001600651,0.004389735105571316,0.008950649331940768,high_vol,low_vol,post_covid
2025-09-22,97.33000183,3740.699951,43.79899979,4.143000126,16.10000038,-0.003179954,0.018672449,0.004309818,0.007967852,-0.000123211,0.002781115,0.004343704208602638,0.008909130169137223,high_vol,low_vol,post_covid
2025-09-23,97.26000214,3780.600098,44.19200134,4.119999886,16.63999939,-0.000719458,0.010610006,0.003841576,0.007948437,-0.00054345,0.003699288,0.004308639449023701,0.009734008515165078,high_vol,high_vol,post_covid
2025-09-24,97.87000275,3732.100098,43.77700043,4.146999836,16.18000031,0.006252269,-0.012911649,0.003750643,0.008832774,9.2e-05,0.002399887,0.004230371517880886,0.009792550084630428,high_vol,high_vol,post_covid
2025-09-25,98.55000305,3736.899902,44.6969986,4.171999931,16.73999977,0.006923969,0.001285261,0.004038547,0.008865991,0.00103015,0.002712472,0.004322846927683351,0.010029712581446798,high_vol,high_vol,post_covid
2025-09-26,98.15000153,3775.300049,46.22100067,4.186999798,15.28999996,-0.004067128,0.010223498,0.004142529,0.008948826,0.000613184,0.003391712,0.004447081860014985,0.009762047369437869,high_vol,high_vol,post_covid
2025-09-29,97.91000366,3820.899902,46.61199951,4.140999794,16.12000084,-0.00244821,0.012006109,0.0040671,0.009060418,0.000624971,0.003697559,0.00443653183289103,0.009795730111131672,high_vol,high_vol,post_covid
2025-09-30,97.76999664,3840.800049,46.25299835,4.147999763,16.28000069,-0.00143098,0.00519472,0.004078947,0.008916953,0.001172852,0.004035241,0.004379867574168271,0.00993710039865336,high_vol,high_vol,post_covid
2025-10-01,97.70999908,3867.5,47.29000092,4.105999947,16.29000092,-0.000613849,0.006927613,0.003804728,0.008072368,0.0008634,0.004920653,0.004306960531748568,0.009742333554043595,high_vol,high_vol,post_covid
2025-10-02,97.84999847,3839.699951,46.0,4.087999821,16.62999916,0.00143178,-0.007214078,0.003784904,0.008203782,0.000512296,0.005239459,0.00422803587388477,0.009618159488338277,high_vol,high_vol,post_covid
2025-10-03,97.72000122,3880.800049,47.59700012,4.118999958,16.64999962,-0.001329419,0.010647105,0.003756054,0.007966194,8.19e-05,0.005544103,0.004157496103013915,0.009533030473404338,high_vol,high_vol,post_covid
2025-10-06,98.11000061,3948.5,48.08200073,4.162000179,16.37000084,0.003983046,0.017294429,0.003636148,0.00824669,0.000798202,0.005406301,0.004089391608130218,0.009610457979125875,low_vol,high_vol,post_covid
2025-10-07,98.58000183,3976.600098,47.17900085,4.126999855,17.23999977,0.004779115,0.007091447,0.003679458,0.008250416,0.001348059,0.005054445,0.004085810794446742,0.01019790519147781,low_vol,high_vol,post_covid
2025-10-08,98.84999847,4043.300049,48.65599823,4.129000187,16.29999924,0.002735114,0.016633995,0.003653168,0.008649249,0.000996344,0.00800901,0.004114237867124891,0.010051081937953631,low_vol,high_vol,post_covid
2025-10-09,99.54000092,3946.300049,46.84999847,4.147999763,16.43000031,0.006956048,-0.024282759,0.003909406,0.010722161,0.000999552,0.005452208,0.004071426789413608,0.010524098231282595,low_vol,high_vol,post_covid
2025-10-10,98.98000336,3975.899902,46.93799973,4.051000118,21.65999985,-0.005641739,0.00747267,0.004101136,0.010669656,0.000842091,0.005177125,0.004216036330951426,0.011763581960924998,high_vol,high_vol,post_covid
2025-10-13,99.26999664,4108.600098,50.13000107,4.051000118,19.03000069,0.002925533,0.032831249,0.004126833,0.01235365,0.001379465,0.007259639,0.004284700735007489,0.011536242502644248,high_vol,high_vol,post_covid
2025-10-14,99.05000305,4138.700195,50.31399918,4.021999836,20.80999947,-0.002218573,0.007299414,0.004113199,0.012336834,0.001300706,0.007470109,0.0042409550002463605,0.013600664706681784,high_vol,high_vol,post_covid
2025-10-15,98.79000092,4176.899902,51.07300186,4.046000004,20.63999939,-0.00262841,0.009187545,0.003803879,0.012329722,0.00109925,0.007696102,0.004185477722147592,0.013265852799967752,high_vol,high_vol,post_covid
2025-10-16,98.38999939,4280.200195,53.02299881,3.976000071,25.30999947,-0.004057228,0.024430462,0.003946055,0.012823081,0.000550349,0.010860556,0.004141126194268597,0.01301443896062895,low_vol,high_vol,post_covid
2025-10-17,98.43000031,4189.899902,49.86399841,4.006999969,20.78000069,0.000406472,-0.021322939,0.003826927,0.013758716,0.000723938,0.007663551,0.004143285747039028,0.013844834261373984,low_vol,high_vol,post_covid
2025-10-20,98.58999634,4336.399902,51.11899948,3.986000061,18.22999954,0.001624161,0.034367644,0.003794928,0.015032003,0.00048805,0.009370873,0.004066948314240352,0.014333963099322174,low_vol,high_vol,post_covid
2025-10-21,98.93000031,4087.699951,47.45000076,3.963000059,17.87000084,0.003442733,-0.059062036,0.00375216,0.020740509,0.000354411,0.002755525,0.004003527452496054,0.01604961922810369,low_vol,high_vol,post_covid
2025-10-22,98.90000153,4044.399902,47.46099854,3.953000069,18.60000038,-0.000303278,-0.010649269,0.003744956,0.020931194,5.06e-05,2.72e-05,0.003984915708926656,0.020923366849044903,low_vol,high_vol,post_covid
2025-10-23,98.94000244,4125.5,48.48199844,3.990999937,17.29999924,0.000404376,0.01985404,0.003530234,0.020890386,-0.000604595,0.004440878,0.003912802610422079,0.020330326156930135,low_vol,high_vol,post_covid
2025-10-24,98.94999695,4118.399902,48.3769989,3.996999979,16.37000084,0.000101011,-0.00172251,0.003210676,0.020925769,-3.03e-05,0.00352136,0.0038424332540140734,0.020142551222328046,low_vol,high_vol,post_covid
2025-10-27,98.77999878,4001.899902,46.56200027,3.996999979,15.78999996,-0.001719498,-0.028695491,0.00309367,0.022096209,-0.000494823,-0.002631314,0.003773351570800024,0.019423468601358147,low_vol,high_vol,post_covid
2025-10-28,98.69000244,3966.199951,47.125,3.98300004,16.42000008,-0.000911494,-0.008960779,0.003043058,0.022131944,-0.000364116,-0.004257333,0.003722483874333319,0.019944709629657584,low_vol,high_vol,post_covid
2025-10-29,99.22000122,3983.699951,47.72100067,4.058000088,16.92000008,0.00535597,0.004402578,0.003197815,0.022126503,0.000434322,-0.00473583,0.0036615619690962913,0.019351409810303432,low_vol,high_vol,post_covid
2025-10-30,99.52999878,4001.300049,48.4280014,4.092999935,16.90999985,0.003119475,0.004408297,0.003224721,0.022103785,0.001151993,-0.006738046,0.003742055154722675,0.018686298420926208,low_vol,high_vol,post_covid
2025-10-31,99.80000305,3982.199951,47.99399948,4.100999832,17.44000053,0.00270912,-0.004784902,0.003247638,0.022061561,0.001382258,-0.005084243,0.003723406317946622,0.018050302045496645,low_vol,high_vol,post_covid
2025-11-03,99.87000275,4000.300049,47.88800049,4.105999947,17.17000008,0.000701154,0.004534952,0.003206673,0.02197827,0.001289957,-0.008067512,0.003693483083612095,0.017454619927372145,low_vol,high_vol,post_covid
2025-11-04,100.2200012,3947.699951,47.13000107,4.089000225,19.0,0.003498414,-0.013236252,0.003186083,0.021886966,0.001295525,-0.003484933,0.0036304015401165284,0.01687482327375632,low_vol,high_vol,post_covid
2025-11-05,100.1999969,3980.300049,47.86299896,4.157000065,18.01000023,-0.000199624,0.008224087,0.003075155,0.021906727,0.00130589,-0.001597598,0.003629036820802839,0.016598827814881707,low_vol,high_vol,post_covid
2025-11-06,99.73000336,3979.899902,47.79399872,4.092999935,19.5,-0.00470159,-0.000100537,0.003260878,0.02157494,0.000795294,-0.003593056,0.003565970924105659,0.016136710093900913,low_vol,high_vol,post_covid
2025-11-07,99.59999847,3999.399902,48.01699829,4.092999935,19.07999992,-0.001304419,0.004887657,0.002912943,0.020913136,0.000654751,-0.002932039,0.0036257059742550207,0.015583138567296866,low_vol,high_vol,post_covid
2025-11-10,99.62000275,4111.799805,50.17699814,4.110000134,17.60000038,0.000200826,0.027716516,0.002607251,0.021695928,0.000846783,0.002709162,0.003572418194275489,0.015094044637714778,low_vol,high_vol,post_covid
2025-11-11,99.45999908,4106.799805,50.61800003,4.119999886,17.28000069,-0.001607431,-0.001216752,0.002566945,0.020483697,0.00077719,0.003483564,0.0035105680495921394,0.015975446461818334,low_vol,high_vol,post_covid
2025-11-12,99.48000336,4204.399902,53.33200073,4.065000057,17.51000023,0.000201109,0.023487484,0.002511803,0.021069189,0.000261703,0.005392055,0.0034657727005770276,0.015432512584951829,low_vol,high_vol,post_covid
2025-11-13,99.18000031,4186.899902,53.07400131,4.111999989,20.0,-0.003020269,-0.004170993,0.002535261,0.021003262,-0.000352271,0.004534126,0.003406797847231732,0.01589645987866041,low_vol,high_vol,post_covid
2025-11-14,99.26999664,4087.600098,50.59000015,4.147999763,19.82999992,0.000906993,-0.024002555,0.002343888,0.020858263,-0.000532484,0.002612361,0.0034031466152083726,0.015388549348387383,low_vol,high_vol,post_covid
2025-11-17,99.58999634,4068.300049,50.625,4.132999897,22.37999916,0.003218344,-0.004732791,0.002421856,0.020406757,-0.000280765,0.001685586,0.0033497546875901345,0.015938563071842684,low_vol,high_vol,post_covid
2025-11-18,99.55000305,4061.300049,50.45000076,4.123000145,24.69000053,-0.00040166,-0.001722102,0.002417604,0.018691301,-0.000670772,0.002837001,0.003350584311389704,0.0154382944840763,low_vol,high_vol,post_covid
2025-11-19,100.2300034,4077.699951,50.79000092,4.132999897,23.65999985,0.006807517,0.004029961,0.002717918,0.01363723,2.99e-05,0.002417589,0.0032959392356418133,0.01492225468839293,low_vol,high_vol,post_covid
2025-11-20,100.1600037,4056.5,50.24700165,4.105999947,26.42000008,-0.000698635,-0.005212559,0.002726003,0.013477955,0.000430238,0.001906386,0.003497733112716087,0.014449969515581725,low_vol,high_vol,post_covid
2025-11-21,100.1800003,4076.699951,49.8730011,4.063000202,23.43000031,0.000199627,0.004967293,0.002727114,0.012761816,0.000580642,0.00191435,0.0034410696038882143,0.01402997497962206,low_vol,high_vol,post_covid
2025-11-24,100.1399994,4091.899902,50.29499817,4.038000107,20.52000046,-0.00039937,0.00372156,0.002733806,0.01279242,0.000520623,-0.000485146,0.0033827630857604595,0.013615840627787508,low_vol,high_vol,post_covid
2025-11-25,99.66000366,4139.200195,50.93399811,4.001999855,18.55999947,-0.004804771,0.011493194,0.002938218,0.011245842,0.000200889,0.000785849,0.0033272126545925472,0.013200005304309578,low_vol,high_vol,post_covid
2025-11-26,99.59999847,4165.200195,52.91600037,3.997999907,17.19000053,-0.00060228,0.006261761,0.002931968,0.011018969,0.00012055,-0.000936723,0.0034072960298511808,0.01305321815237685,low_vol,high_vol,post_covid
2025-11-28,99.45999908,4218.299805,56.44599915,4.017000198,16.35000038,-0.001406605,0.012667816,0.002729052,0.011242008,0.000281916,0.000747158,0.003352382727123361,0.01271776496488364,low_vol,high_vol,post_covid
2025-12-01,99.41000366,4239.299805,58.41799927,4.096000195,17.23999977,-0.000502795,0.004965958,0.002642772,0.011246841,0.000140937,0.003644009,0.0033089664659453045,0.012665198935035276,low_vol,high_vol,post_covid
2025-12-02,99.36000061,4186.600098,57.98300171,4.085999966,16.59000015,-0.000503125,-0.012509143,0.002566498,0.011625565,-0.00023121,0.002866374,0.003256099198057388,0.012318283391279862,low_vol,high_vol,post_covid
2025-12-03,98.84999847,4199.299805,57.92100143,4.05700016,16.07999992,-0.00514609,0.003028826,0.002771643,0.011616272,-0.000705653,0.003341467,0.003204726706614678,0.012312210739202745,low_vol,high_vol,post_covid
2025-12-04,98.98999786,4211.799805,56.84700012,4.107999802,15.77999973,0.001415279,0.002972265,0.002656698,0.011056533,-0.001244877,0.003235697,0.0033129393372949554,0.011948895766125105,low_vol,high_vol,post_covid
2025-12-05,98.98999786,4212.899902,58.42200089,4.138999939,15.40999985,0.0,0.00026116,0.002658514,0.011007864,-0.001175013,0.003783069,0.003268585574911417,0.01160246871275898,low_vol,high_vol,post_covid
2025-12-08,99.08999634,4187.200195,57.77899933,4.171999931,16.65999985,0.001009678,-0.006118924,0.002503234,0.011161812,-0.001094008,0.002674447,0.0032149433784243995,0.011254264092068889,low_vol,high_vol,post_covid
2025-12-09,99.22000122,4206.700195,60.16899872,4.18599987,16.93000031,0.001311128,0.004646239,0.002516139,0.011159265,-0.000922958,0.002766915,0.0031680641663923248,0.011025936424506642,low_vol,high_vol,post_covid
2025-12-10,98.79000092,4196.399902,60.37900162,4.164000034,15.77000046,-0.004343225,-0.002451547,0.002672123,0.009566197,-0.000876804,0.001372441,0.003126574139697044,0.010756662129924795,low_vol,high_vol,post_covid
2025-12-11,98.34999847,4285.5,63.92900085,4.140999794,14.85000038,-0.004463865,0.02101024,0.002806087,0.010496557,-0.001262962,0.002847289,0.003195031324288669,0.010468753784110411,low_vol,high_vol,post_covid
2025-12-12,98.40000153,4300.100098,61.36199951,4.193999767,15.73999977,0.00050829,0.00340107,0.00281091,0.009289046,-0.001071472,0.001920614,0.003265448850344353,0.01130567386182637,low_vol,high_vol,post_covid
2025-12-15,98.15000153,4306.700195,62.93999863,4.18200016,16.5,-0.002543883,0.001533694,0.002791577,0.009211147,-0.001275581,0.001577388,0.0032129996364442686,0.0109974749381935,low_vol,high_vol,post_covid
2025-12-16,98.15000153,4304.5,62.70000076,4.149000168,16.47999954,0.0,-0.000511008,0.002775738,0.007182087,-0.001225269,0.002777202,0.0032017375473303634,0.010682961160608058,low_vol,high_vol,post_covid
2025-12-17,98.37000275,4347.5,66.23699951,4.151000023,17.62000084,0.002238971,0.00993998,0.002717036,0.007160828,-0.000486763,0.003468317,0.0031499551580873434,0.010380874692652937,low_vol,high_vol,post_covid
2025-12-18,98.43000031,4339.5,64.59200287,4.116000175,16.87000084,0.000609731,-0.001841833,0.00272942,0.007164957,-0.000567317,0.002986907,0.003128320759403101,0.010351583935877103,low_vol,high_vol,post_covid
2025-12-19,98.59999847,4361.399902,66.84500122,4.151000023,14.90999985,0.001725607,0.00503395,0.002224008,0.00717443,-0.000394757,0.003464186,0.003080365816765877,0.010076439856059872,low_vol,high_vol,post_covid
2025-12-22,98.29000092,4444.600098,67.90599823,4.169000149,14.07999992,-0.003148944,0.018896814,0.002282978,0.007672193,-0.000810619,0.00596576,0.003049111041101279,0.009869166952501559,low_vol,high_vol,post_covid
2025-12-23,97.94000244,4482.799805,70.48500061,4.169000149,14.0,-0.003567231,0.008557909,0.002339746,0.007726435,-0.001298455,0.006356927,0.0030665820685231637,0.010576852447373187,low_vol,high_vol,post_covid
2025-12-24,97.98000336,4480.600098,71.03099823,4.136000156,13.47000027,0.000408339,-0.00049082,0.002358007,0.007802556,-0.000823298,0.006553,0.003100842300149451,0.010466497984797006,low_vol,high_vol,post_covid
2025-12-26,98.01999664,4529.100098,76.48600006,4.136000156,13.60000038,0.000408095,0.010766278,0.00221152,0.007770696,-0.000336102,0.005528603,0.0030525788863836655,0.010175091437507344,low_vol,high_vol,post_covid
2025-12-29,98.04000092,4325.100098,69.85600281,4.116000175,14.19999981,0.000204063,-0.046087982,0.00222192,0.01343667,-0.000366525,0.000579698,0.003005696814281827,0.01020728230301921,low_vol,high_vol,post_covid
2025-12-30,98.23999786,4370.100098,77.37400055,4.130000114,14.32999992,0.002037875,0.01035063,0.002297028,0.013352157,9.17e-05,0.001461392,0.002959549126459416,0.014802195478006042,low_vol,high_vol,post_covid
2025-12-31,98.27999878,4325.600098,70.13400269,4.163000107,14.94999981,0.000407093,-0.010235033,0.002307268,0.013575485,0.00013236,0.000488989,0.0029397709151052337,0.014506945021077033,low_vol,high_vol,post_covid
2026-01-02,98.41999817,4314.399902,70.55599976,4.186999798,14.51000023,0.001423482,-0.002592639,0.002346954,0.013252176,5.08e-05,-0.000764272,0.002896155630226246,0.014242639023150675,low_vol,high_vol,post_covid
2026-01-05,98.26999664,4436.899902,76.16400146,4.164999962,14.89999962,-0.001525259,0.02799767,0.002105488,0.014467043,-0.000162688,0.002219678,0.002865245859386735,0.013788741290655458,low_vol,high_vol,post_covid
2026-01-06,98.58000183,4482.200195,80.52999878,4.178999901,14.75,0.003149662,0.010158129,0.002206896,0.014560451,-2.03e-05,0.002732096,0.0028401649504646727,0.014875033851012022,low_vol,high_vol,post_covid
2026-01-07,98.68000031,4449.299805,77.13500214,4.138000011,15.38000011,0.001013875,-0.007367304,0.002222471,0.014725454,0.000395999,0.000105684,0.0028624373412548753,0.014568152543444193,low_vol,high_vol,post_covid
2026-01-08,98.93000031,4449.700195,74.71600342,4.183000088,15.44999981,0.002530238,9e-05,0.002285982,0.014603471,0.001005746,-0.000741109,0.0028263323880196515,0.014198106550531307,low_vol,high_vol,post_covid
2026-01-09,99.12999725,4490.299805,78.88400269,4.171000004,14.48999977,0.00201956,0.009082749,0.002312563,0.014662038,0.001166868,0.000216248,0.002826315420617713,0.013730023245547222,low_vol,high_vol,post_covid
2026-01-12,98.86000061,4604.299805,84.61000061,4.186999798,15.11999989,-0.002727378,0.025071136,0.002185741,0.015354116,0.000853321,0.001646734,0.0028111046674721106,0.013447837876691683,low_vol,high_vol,post_covid
2026-01-13,99.12999725,4589.200195,85.8769989,4.171000004,15.97999954,0.002727378,-0.003284848,0.002001426,0.014951369,0.001105652,0.005927048,0.0028237481731871812,0.01428418798539428,low_vol,high_vol,post_covid
2026-01-14,99.12999725,4626.299805,90.8690033,4.139999866,16.75,0.0,0.008051611,0.002002821,0.014987953,0.000901865,0.005697146,0.0028306308147322407,0.013837286397644808,low_vol,high_vol,post_covid
2026-01-15,99.31999969,4616.299805,91.87599945,4.159999847,15.84000015,0.001914865,-0.002163894,0.001914888,0.015033634,0.001052642,0.006504259,0.0027894996495437326,0.013513290283523757,low_vol,high_vol,post_covid
2026-01-16,99.38999939,4588.399902,88.09100342,4.230999947,15.85999966,0.000704541,-0.006062118,0.001910674,0.015152434,0.000980748,0.006157312,0.0027729904667334894,0.013088399300272452,low_vol,high_vol,post_covid
2026-01-20,98.63999939,4759.600098,94.20600128,4.295000076,20.09000015,-0.007574646,0.036632293,0.002574137,0.016790999,0.000375809,0.007020774,0.002736334469674256,0.01275808029514577,low_vol,high_vol,post_covid
2026-01-21,98.76000214,4831.799805,92.20999908,4.252999783,16.89999962,0.001215833,0.015055377,0.00258316,0.016885926,0.000182427,0.007510499,0.0030826287939074177,0.015070998431409736,low_vol,high_vol,post_covid
2026-01-22,98.36000061,4908.799805,95.97599792,4.249000072,15.64000034,-0.004058463,0.015810444,0.002712917,0.01704626,-0.000324807,0.009828274,0.0030423841887474512,0.014982144503995437,low_vol,high_vol,post_covid
2026-01-23,97.59999847,4976.200195,100.9250031,4.238999844,16.09000015,-0.007756746,0.013637114,0.003125453,0.016879412,-0.001353505,0.011182986,0.0031014503069343984,0.014942844897803832,low_vol,high_vol,post_covid
2026-01-26,97.04000092,5079.700195,115.0800018,4.212999821,16.14999962,-0.005754204,0.020585656,0.003271543,0.017193777,-0.002130882,0.012333277,0.003412944620655475,0.01478720971950339,low_vol,high_vol,post_covid
2026-01-27,96.22000122,5079.899902,105.5230026,4.22300005,16.35000038,-0.008486025,3.93e-05,0.003703502,0.01718423,-0.002706747,0.009830095,0.0035424221241240643,0.015085531004063204,low_vol,high_vol,post_covid
2026-01-28,96.44999695,5301.600098,113.1110001,4.250999928,16.35000038,0.002387459,0.042717123,0.003762196,0.018952821,-0.002740738,0.014430292,0.0038606452799060985,0.014577951768662627,low_vol,high_vol,post_covid
2026-01-29,96.27999878,5318.399902,114.0370026,4.227000237,16.87999916,-0.001764107,0.003163808,0.003761261,0.014518741,-0.002917149,0.013941512,0.0038179256359843717,0.017322259924983294,low_vol,high_vol,post_covid
2026-01-30,96.98999786,4713.899902,78.29000092,4.241000175,17.44000053,0.007347258,-0.120656918,0.004126672,0.031960123,-0.00237391,0.002092209,0.003766515255783926,0.016731709111281044,low_vol,high_vol,post_covid
2026-02-02,97.61000061,4622.5,76.77799988,4.275000095,16.34000015,0.006372095,-0.019579886,0.004396628,0.032226422,-0.001807155,0.000740433,0.003962348949400152,0.03289528295542747,low_vol,high_vol,post_covid
2026-02-03,97.44000244,4903.700195,83.04199982,4.274000168,18.0,-0.001743124,0.059054378,0.004387929,0.034409896,-0.001224002,0.002982641,0.004079700075876992,0.03199724863925853,low_vol,high_vol,post_covid
2026-02-04,97.62000275,4920.399902,84.16500092,4.275000095,18.63999939,0.00184559,0.003399746,0.004409251,0.034043818,-0.001161027,0.001817078,0.004020056672515799,0.033799704292113014,low_vol,high_vol,post_covid
2026-02-05,97.81999969,4861.399902,76.52899933,4.210000038,21.77000046,0.002046633,-0.012063366,0.004372317,0.034217944,-0.000550517,-0.000970303,0.0039615172595670895,0.03252773577748969,low_vol,high_vol,post_covid
2026-02-06,97.62999725,4951.200195,76.73500061,4.205999851,20.37000084,-0.001944257,0.018303569,0.004373204,0.034255047,3.07e-05,-0.000503658,0.0039083852056334915,0.03143335192421541,low_vol,high_vol,post_covid
2026-02-09,96.81999969,5050.899902,82.06500244,4.197999954,17.36000061,-0.008331214,0.019936415,0.004630453,0.034383745,-0.000226969,-0.000568582,0.0038576443804914985,0.030549541635909644,low_vol,high_vol,post_covid
2026-02-10,96.80000305,5003.799805,80.21800232,4.146999836,17.79000092,-0.000206556,-0.009368841,0.004582462,0.034537375,0.000600978,-0.001509397,0.0041274113951401,0.02976817831986012,low_vol,high_vol,post_covid
2026-02-11,96.83000183,5071.600098,83.7539978,4.171999931,17.64999962,0.000309857,0.013458784,0.00457754,0.034294686,0.000393217,-0.004435231,0.004051312154784896,0.028739553910171845,low_vol,high_vol,post_covid
2026-02-12,96.93000031,4923.700195,75.54599762,4.104000092,20.81999969,0.001032189,-0.029596049,0.004523371,0.035069152,0.000672847,-0.007711217,0.003977081062846343,0.027839497543823515,low_vol,high_vol,post_covid
2026-02-13,96.87999725,5022.0,77.85099792,4.056000233,20.60000038,-0.000516001,0.019767941,0.004518674,0.035240467,-0.000113479,0.006331269,0.003908995805330439,0.02771553484116245,low_vol,high_vol,post_covid
2026-02-17,97.16000366,4882.899902,73.4469986,4.052000046,20.29000092,0.002886071,-0.028088975,0.004555819,0.035911524,-0.000462081,0.00548036,0.003839877013001187,0.027078789857302308,low_vol,high_vol,post_covid
2026-02-18,97.69999695,4986.5,77.50900269,4.078999996,19.62000084,0.005542386,0.020994975,0.004766276,0.036067471,0.00026647,0.00167442,0.0038106396442928077,0.026919152804938253,low_vol,high_vol,post_covid
2026-02-19,97.93000031,4975.899902,77.56500244,4.074999809,20.22999954,0.002351413,-0.002128022,0.004549848,0.035295503,0.000317052,0.001121643,0.003891602524416758,0.026379031353846026,low_vol,high_vol,post_covid
2026-02-20,97.80000305,5059.299805,82.28299713,4.085999966,19.09000015,-0.001328333,0.016621856,0.004540099,0.035325859,-2.04e-05,0.003990165,0.0038470457124525296,0.025403560739848983,low_vol,high_vol,post_covid
2026-02-23,97.69999695,5204.700195,86.52300262,4.028999805,21.01000023,-0.00102308,0.028334006,0.004467721,0.035671296,7.17e-05,0.004993209,0.0037876767015802403,0.024768481990109056,low_vol,high_vol,post_covid
2026-02-24,97.87999725,5155.799805,87.45700073,4.032999992,19.54999924,0.001840683,-0.009439844,0.00414849,0.035675798,0.001088863,0.002055583,0.0037261344127528027,0.02476564175230294,low_vol,high_vol,post_covid
2026-02-25,97.69999695,5206.399902,90.93900299,4.047999859,17.93000031,-0.001840683,0.009766363,0.003953983,0.035466761,0.00092545,0.003969103,0.0036763551345785207,0.02395970752175985,low_vol,high_vol,post_covid
2026-02-26,97.79000092,5176.5,86.9980011,4.017000198,18.62999916,0.000920804,-0.005759467,0.00340021,0.03549859,0.000986545,0.002047278,0.003630826822630181,0.023187444116399492,low_vol,high_vol,post_covid
2026-02-27,97.61000061,5230.5,92.68199921,3.961999893,19.86000061,-0.001842378,0.010377724,0.003424843,0.034274013,0.000699088,0.006044656,0.003571178427910654,0.02238147406378179,low_vol,high_vol,post_covid
2026-03-02,98.37999725,5294.399902,88.28399658,4.047999859,21.44000053,0.00785755,0.012142764,0.003727308,0.03437972,0.001536443,0.005282138,0.0035290452442769565,0.0216975289046477,low_vol,high_vol,post_covid
2026-03-03,99.05000305,5107.399902,82.92299652,4.056000233,23.56999969,0.006787301,-0.03595919,0.003681558,0.022437862,0.001926566,0.004495116,0.003786266761661962,0.02109801565311837,low_vol,high_vol,post_covid
2026-03-04,98.76999664,5120.200195,82.63300323,4.079999924,21.14999962,-0.002830923,0.00250309,0.00355581,0.02179473,0.001089235,0.002645928,0.0039426857162693065,0.022069024563629545,low_vol,high_vol,post_covid
2026-03-05,99.31999969,5065.299805,81.68699646,4.145999908,23.75,0.005553077,-0.010780212,0.003673756,0.01813405,0.001409402,0.001780709,0.0039121326873430475,0.02127103026003928,low_vol,high_vol,post_covid
2026-03-06,98.98999786,5146.100098,83.81600189,4.132999897,29.48999977,-0.003328144,0.015825838,0.003779826,0.018398438,0.001209421,0.001701107,0.003987306235651127,0.020664758611791435,low_vol,high_vol,post_covid
2026-03-09,99.18000031,5091.5,84.03199768,4.136000156,25.5,0.001917571,-0.010666683,0.003777569,0.018346996,0.001503486,-0.002198962,0.003970181480352965,0.020258620307096385,low_vol,high_vol,post_covid
2026-03-10,98.83000183,5229.700195,89.08300018,4.136000156,24.93000031,-0.003535163,0.02678147,0.003847657,0.018806527,0.000965901,0.00142317,0.003914386750716552,0.019699206749569428,low_vol,high_vol,post_covid
2026-03-11,99.23000336,5167.399902,85.06500244,4.208000183,24.22999954,0.004039201,-0.011984311,0.003326528,0.018624871,0.001553889,-0.000751898,0.003907233422134104,0.020009147742931877,low_vol,high_vol,post_covid
2026-03-12,99.73999786,5115.799805,84.66999817,4.272999763,27.29000092,0.005126357,-0.01003589,0.003418411,0.018644151,0.001974445,-0.00117954,0.0039137751947010795,0.019506185982173282,low_vol,high_vol,post_covid
2026-03-13,100.3600006,5061.700195,81.34300232,4.284999847,27.19000053,0.006196949,-0.010631318,0.003560837,0.018583764,0.002778377,-0.003280444,0.003967344350958865,0.01896506075442919,low_vol,high_vol,post_covid
